customer_id,customer_name,loyalty_tier,state,total_orders,lifetime_value,avg_order_value,first_order_date,last_order_date,customer_tenure_days,clv_segment
5215,David Colon,Bronze,MD,11,1392277.72,39779.36,2022-10-04,2024-12-07,795.0,VIP
473,Samuel Garcia,Silver,MI,7,1377774.2,47509.46,2022-04-03,2024-06-29,818.0,VIP
5169,Christopher Moore,Bronze,FL,10,1332370.02,42979.68,2022-11-05,2024-11-19,745.0,VIP
9965,Melissa Oliver,Silver,TX,11,1292293.71,34007.73,2022-01-21,2024-07-03,894.0,VIP
6324,Maria Snyder,Gold,CA,7,1265873.27,42195.78,2022-08-31,2024-11-11,803.0,VIP
5549,Christopher Hicks,Silver,IN,8,1227533.51,43840.48,2022-05-18,2024-12-02,929.0,VIP
1755,Paula Hurst,Silver,MD,10,1215194.44,28260.34,2022-03-16,2024-09-28,927.0,VIP
4215,Brianna Bryan,Bronze,TX,11,1214744.16,34706.98,2022-02-27,2024-11-23,1000.0,VIP
2031,Sandra Elliott,Gold,AZ,9,1211085.94,37846.44,2022-10-28,2024-09-04,677.0,VIP
6302,Samantha Hardy,Platinum,NJ,8,1206084.68,40202.82,2022-07-01,2024-09-15,807.0,VIP
9527,Daniel Bush,Silver,GA,7,1199882.67,70581.33,2022-04-12,2024-10-01,903.0,VIP
893,Daniel Livingston,Silver,PA,9,1199835.8,44438.36,2022-06-29,2024-09-24,818.0,VIP
5441,Jason Finley,Bronze,NC,9,1199314.84,37478.59,2022-03-08,2024-12-05,1003.0,VIP
3025,Christian Lambert,Gold,NY,6,1197351.18,59867.56,2022-06-05,2024-09-05,823.0,VIP
9390,Katherine Dominguez,Bronze,PA,7,1196986.48,85499.03,2022-05-04,2024-07-12,800.0,VIP
2584,Tamara Williams,Bronze,AZ,4,1140468.57,81462.04,2022-02-06,2023-05-04,452.0,VIP
3197,Tommy Wilcox,Gold,MI,6,1104503.38,78893.1,2022-12-31,2024-11-16,686.0,VIP
4114,Rodney Foster,Bronze,NC,13,1057818.28,22996.05,2022-03-31,2024-07-08,830.0,VIP
6113,Amanda Brooks,Silver,NC,6,1023977.37,31999.29,2022-01-28,2024-04-22,815.0,VIP
5462,Carlos Delgado,Gold,NJ,10,1021274.84,26875.65,2022-01-16,2024-01-06,720.0,VIP
8508,Jeanette Bailey,Silver,OH,5,1019798.34,92708.94,2023-04-18,2024-10-19,550.0,VIP
648,Tracy Adams,Bronze,IN,10,1017833.45,36351.19,2022-03-08,2024-10-03,940.0,VIP
4704,Bianca Moody,Silver,NJ,11,1016103.55,28225.1,2022-02-09,2024-12-09,1034.0,VIP
9387,Danielle Benitez,Bronze,IL,7,1015682.29,53456.96,2022-01-21,2024-11-25,1039.0,VIP
171,Ryan Mcdaniel,Silver,TX,10,1015011.49,33833.72,2022-05-07,2024-12-15,953.0,VIP
1935,Dale Martinez,Silver,MA,3,1012705.08,112522.79,2022-01-30,2024-09-02,946.0,VIP
8257,Ronald Bailey,Silver,GA,4,1010222.42,84185.2,2022-01-02,2024-02-27,786.0,VIP
763,Andrea Graham,Silver,MO,6,1008000.14,43826.09,2022-05-01,2024-12-21,965.0,VIP
2586,Billy Wiggins,Silver,TN,9,1007236.08,50361.8,2022-02-04,2024-07-15,892.0,VIP
6519,Angelica Henderson,Bronze,AZ,8,1006570.16,45753.19,2022-03-16,2024-12-02,992.0,VIP
6275,George Gonzales,Silver,IN,9,1006463.81,41935.99,2022-10-05,2024-12-21,808.0,VIP
2992,Paul Dixon,Silver,AZ,12,1004074.22,25101.86,2022-01-18,2024-12-01,1048.0,VIP
2247,Donna Bowen,Silver,WA,11,999668.88,37024.77,2022-03-22,2024-10-09,932.0,VIP
8388,Elizabeth Green,Silver,PA,8,998231.43,47534.83,2022-04-16,2024-06-18,794.0,VIP
9706,Amanda James,Silver,VA,6,997618.72,58683.45,2022-08-05,2024-07-16,711.0,VIP
5380,Zachary Figueroa,Silver,NJ,11,971611.98,33503.86,2022-01-13,2024-10-09,1000.0,VIP
3266,Louis Mcdaniel,Silver,NC,13,954810.87,28082.67,2022-02-15,2024-10-04,962.0,VIP
5750,Shannon Harris,Silver,WA,7,941573.0,52309.61,2022-02-23,2024-01-24,700.0,VIP
7389,Frances Calderon,Gold,IL,10,938511.04,27603.27,2022-05-27,2024-07-28,793.0,VIP
996,Haley Hernandez,Platinum,AZ,8,895591.32,42647.21,2022-03-23,2024-12-09,992.0,VIP
1898,Benjamin Murphy,Silver,FL,8,891947.61,34305.68,2022-02-17,2024-07-07,871.0,VIP
1566,Kelly Lewis,Silver,PA,8,870780.84,25611.2,2022-06-25,2024-08-28,795.0,VIP
7760,Charles Hansen,Gold,FL,10,867336.78,25509.91,2022-01-11,2024-09-25,988.0,VIP
4809,Tonya Macias,Gold,NY,10,860046.32,26062.01,2022-04-23,2024-12-15,967.0,VIP
7426,Zachary Roy,Silver,NY,12,857585.71,18643.17,2022-02-06,2024-06-16,861.0,VIP
1100,Marco Hines,Platinum,FL,11,853520.18,20321.91,2022-05-10,2024-09-30,874.0,VIP
1938,Patricia Khan,Gold,AZ,13,850615.4,18491.64,2022-01-20,2024-12-12,1057.0,VIP
4086,Robert Campbell,Platinum,MA,9,849524.6,29293.95,2022-11-07,2024-12-15,769.0,VIP
2482,Roberta Castaneda,Bronze,MO,7,844577.44,31280.65,2022-01-07,2024-05-10,854.0,VIP
9733,Tammy Gross,Bronze,WA,9,844167.76,30148.85,2022-02-23,2024-12-15,1026.0,VIP
8579,Jose Lee,Bronze,FL,10,843247.22,32432.59,2022-08-23,2024-12-23,853.0,VIP
8283,Sandy Nguyen,Silver,MO,8,842730.56,35113.77,2022-07-05,2024-12-02,881.0,VIP
7092,Joseph Smith,Gold,MI,7,832805.74,36208.95,2022-01-04,2023-09-12,616.0,VIP
6280,Colin Acosta,Silver,WA,10,823576.19,29413.44,2022-01-27,2024-09-04,951.0,VIP
6999,Luis Bass,Bronze,OH,10,822473.51,23499.24,2022-02-26,2024-12-23,1031.0,VIP
1473,Marcus Brown,Bronze,PA,11,821200.71,21056.43,2022-07-06,2024-09-09,796.0,VIP
7470,Jessica Miller,Silver,TX,12,816835.67,18564.45,2022-04-19,2024-11-30,956.0,VIP
817,Robert Garcia,Bronze,OH,7,816567.04,30243.22,2022-04-25,2024-12-06,956.0,VIP
4426,Chelsea Williams,Silver,IN,9,815754.73,24719.84,2022-04-18,2024-06-13,787.0,VIP
3652,Teresa Braun,Silver,NJ,8,813973.46,32558.94,2022-04-14,2024-09-05,875.0,VIP
1465,Cindy Dixon,Bronze,WI,13,813960.64,19852.7,2022-06-02,2024-10-02,853.0,VIP
6099,Corey Flores,Bronze,MD,8,813959.61,31306.14,2022-01-04,2024-12-18,1079.0,VIP
8231,Stephen Henderson,Bronze,CA,9,813774.28,27125.81,2022-06-09,2024-12-24,929.0,VIP
6292,Sara Mcdonald,Bronze,GA,12,812087.0,21370.71,2022-04-28,2024-10-03,889.0,VIP
8355,Richard Martin,Gold,WI,11,811201.63,24581.87,2022-04-02,2024-11-22,965.0,VIP
904,Michele Knight,Silver,PA,7,809776.01,44987.56,2022-01-09,2024-12-19,1075.0,VIP
1868,Kenneth Black,Platinum,NC,11,809207.27,20230.18,2022-02-19,2024-12-31,1046.0,VIP
577,Laura Kaufman,Platinum,WA,10,809088.22,33712.01,2022-01-21,2024-03-14,783.0,VIP
6314,William Dougherty,Bronze,TN,6,806809.72,29881.84,2022-01-02,2024-03-24,812.0,VIP
5269,Michelle Allen,Silver,MD,9,806221.46,28793.62,2022-05-09,2024-08-31,845.0,VIP
6068,Michael Baker,Silver,GA,7,805599.52,33566.65,2022-05-29,2024-08-22,816.0,VIP
9841,Gary Barnett,Gold,WI,5,804552.66,47326.63,2022-02-14,2024-02-02,718.0,VIP
2591,Lisa Lee,Gold,NJ,11,804210.52,22977.44,2022-01-19,2024-09-21,976.0,VIP
5806,Alison Conrad,Bronze,NJ,3,804195.86,67016.32,2023-08-31,2024-02-05,158.0,VIP
6801,Laura Scott,Bronze,NJ,10,803400.87,22954.31,2022-02-22,2024-12-10,1022.0,VIP
5050,Tyler Paul,Silver,WI,6,802583.41,47210.79,2022-04-22,2024-12-16,969.0,VIP
9571,Michael Powers,Bronze,TX,6,802063.48,47180.2,2022-07-13,2024-11-24,865.0,VIP
2929,Brittany Cabrera,Bronze,IN,6,801925.22,44551.4,2022-07-21,2024-07-02,712.0,VIP
2548,Kristin Johnston,Bronze,NJ,9,801689.16,34856.05,2022-05-06,2024-08-15,832.0,VIP
567,Andres Nguyen,Bronze,MD,8,800143.23,38102.06,2022-03-05,2024-11-25,996.0,VIP
6116,Steven Lopez,Silver,MI,4,798976.62,88775.18,2022-08-30,2024-08-29,730.0,VIP
2752,Christian Spears,Silver,MA,2,796908.37,88545.37,2022-07-23,2024-04-10,627.0,VIP
717,Eric Lee,Bronze,WI,9,791638.84,25536.74,2022-05-13,2024-11-25,927.0,VIP
8978,Richard Houston,Silver,TX,5,788949.46,32872.89,2022-12-24,2024-12-22,729.0,VIP
6977,Lori Dougherty,Bronze,TX,9,787998.9,23878.75,2022-04-18,2024-10-11,907.0,VIP
1763,Robert Collins,Bronze,TX,7,782227.04,26973.35,2022-01-24,2024-12-14,1055.0,VIP
8797,Trevor Taylor,Silver,FL,9,779581.69,22273.76,2022-02-15,2024-12-26,1045.0,VIP
2261,Ashley Bridges,Gold,NY,10,774081.26,24190.04,2022-04-04,2024-12-09,980.0,VIP
1795,Jenna Mccoy,Silver,WI,12,773718.97,17193.75,2022-01-27,2024-08-01,917.0,VIP
6743,Kevin Pacheco,Silver,NJ,5,768578.76,40451.51,2022-11-14,2023-11-23,374.0,VIP
5811,Johnny Wallace,Gold,WA,10,762891.31,23117.92,2022-03-31,2024-07-02,824.0,VIP
9721,Adrian Parsons,Silver,WA,5,740966.93,56997.46,2022-03-25,2024-02-04,681.0,VIP
1799,James Allen,Bronze,IN,13,739186.77,18953.51,2022-09-17,2024-12-13,818.0,VIP
2308,Denise Jackson,Bronze,WI,7,730462.86,30435.95,2022-08-28,2024-11-19,814.0,VIP
3589,Paul Willis,Bronze,TN,10,723139.34,28925.57,2022-01-27,2023-11-29,671.0,VIP
4772,Stephanie Smith,Silver,AZ,5,722729.43,55594.57,2022-03-26,2023-12-27,641.0,VIP
5823,Brent Benton,Bronze,MI,8,715554.79,28622.19,2022-03-04,2024-11-09,981.0,VIP
1668,Jillian Fuller,Bronze,PA,12,710379.76,23679.33,2022-01-29,2024-12-23,1059.0,VIP
9412,Crystal Johnson,Gold,NY,5,707373.02,39298.5,2022-05-23,2023-11-27,553.0,VIP
7673,Michele Hall,Platinum,NY,4,702597.47,35129.87,2022-01-04,2024-04-18,835.0,VIP
7645,Shelly Smith,Gold,VA,13,699750.86,12495.55,2022-02-08,2024-10-28,993.0,VIP
2431,Andrew Ball,Platinum,NJ,6,699286.39,41134.49,2022-05-10,2024-04-15,706.0,VIP
4326,Thomas Smith,Bronze,VA,12,699039.35,18892.96,2022-09-06,2024-07-22,685.0,VIP
1045,Mary Holland,Platinum,MA,12,697468.47,21135.41,2022-07-09,2024-12-20,895.0,VIP
6443,Hannah Allen,Bronze,VA,9,695849.66,23194.99,2022-05-03,2024-08-07,827.0,VIP
1640,Megan Williams,Silver,NY,5,691525.15,43220.32,2023-10-14,2024-07-16,276.0,VIP
1526,Michael Rice,Bronze,MD,8,687109.65,25448.51,2022-01-30,2024-09-05,949.0,VIP
1949,Nathan Hubbard,Bronze,AZ,10,685724.08,21428.88,2022-04-28,2024-04-25,728.0,VIP
9339,Wendy Martinez,Silver,VA,6,683081.72,28461.74,2022-05-15,2024-11-27,927.0,VIP
4419,Adam Pacheco,Silver,MA,11,682023.05,19486.37,2022-03-30,2024-12-28,1004.0,VIP
5115,April Taylor,Bronze,OH,7,679804.6,25177.95,2022-04-06,2024-11-10,949.0,VIP
9974,Martha Gray,Silver,MA,8,679591.19,24271.11,2022-04-08,2024-09-21,897.0,VIP
2418,James Stein,Silver,IL,5,677502.95,52115.61,2022-06-26,2024-07-30,765.0,VIP
9852,Susan Ortiz,Bronze,IL,5,676641.26,67664.13,2022-02-25,2023-09-13,565.0,VIP
2164,Brandi Hudson,Bronze,MI,4,675528.28,48252.02,2022-01-26,2024-10-16,994.0,VIP
7953,Corey Brewer,Silver,MI,4,675089.75,42193.11,2023-04-01,2024-11-06,585.0,VIP
4482,Tara Scott,Bronze,IL,6,674810.83,29339.6,2022-05-23,2024-07-06,775.0,VIP
7425,Michael Thomas,Silver,NC,8,674517.77,35500.94,2022-02-22,2024-08-08,898.0,VIP
8423,Alexis Edwards,Bronze,PA,7,674014.27,37445.24,2023-07-11,2024-07-13,368.0,VIP
9993,Erin Norman,Platinum,MD,9,672927.41,25881.82,2022-04-11,2024-05-31,781.0,VIP
5184,Kelly Salazar,Platinum,OH,12,666256.62,18006.94,2022-03-10,2024-12-11,1007.0,VIP
6386,Richard Acosta,Bronze,MA,6,661185.23,44079.02,2022-01-29,2023-12-09,679.0,VIP
6812,Thomas Summers,Silver,FL,9,654641.52,31173.41,2022-01-28,2024-12-07,1044.0,VIP
3605,Kathryn Martinez,Bronze,TN,6,648315.35,32415.77,2022-01-31,2024-06-16,867.0,VIP
4164,Miguel Smith,Bronze,OH,8,640006.51,26666.94,2022-03-17,2024-10-08,936.0,VIP
2846,Crystal Nguyen,Silver,WI,11,626440.29,16930.82,2022-01-20,2024-12-18,1063.0,VIP
4639,Jasmine Hickman,Silver,IL,12,624788.42,15238.74,2022-04-17,2024-09-27,894.0,VIP
8379,Sean Herrera,Platinum,VA,7,623639.21,25984.97,2022-07-10,2024-11-26,870.0,VIP
3274,Riley Stanley,Bronze,MD,13,618360.87,15855.41,2022-02-01,2024-06-08,858.0,VIP
1523,Rose Wise,Silver,VA,4,616002.47,51333.54,2023-04-02,2024-05-01,395.0,VIP
1485,Jasmine Delgado,Bronze,AZ,13,615949.4,11621.69,2022-09-16,2024-12-04,810.0,VIP
2922,Martin Tucker,Bronze,PA,11,614566.27,13657.03,2022-06-20,2024-07-03,744.0,VIP
914,Manuel Williams,Gold,TN,10,614294.85,24571.79,2022-02-21,2024-06-19,849.0,VIP
8809,Ann Salinas,Bronze,AZ,5,613814.31,30690.72,2022-04-10,2024-03-16,706.0,VIP
7031,Ryan Gonzalez,Bronze,VA,8,613549.48,36091.15,2022-03-30,2024-11-09,955.0,VIP
4022,Jason Peters,Silver,NC,8,613133.3,22708.64,2022-09-14,2024-12-06,814.0,VIP
129,Zachary Ramirez,Platinum,TX,8,612977.79,20432.59,2022-05-29,2024-04-28,700.0,VIP
2637,Sarah Watts,Gold,MD,10,611978.76,20399.29,2022-01-13,2024-07-09,908.0,VIP
2719,Christopher Hudson,Bronze,CA,11,611926.73,16103.33,2022-11-16,2024-12-30,775.0,VIP
7699,Nicole Nguyen,Silver,MA,15,611396.86,13291.24,2022-03-16,2024-10-22,951.0,VIP
806,David White,Platinum,WA,6,611141.41,30557.07,2022-02-15,2024-08-14,911.0,VIP
4356,Carl Osborn,Bronze,MO,13,610894.1,13883.96,2022-01-14,2024-12-22,1073.0,VIP
9328,Cody Simon,Silver,WI,12,610213.75,17434.68,2022-05-21,2024-12-24,948.0,VIP
9482,John Martinez,Silver,OH,9,609912.69,21782.6,2022-01-12,2024-07-05,905.0,VIP
5404,Joseph Blackwell,Bronze,NY,9,609893.37,19059.17,2022-02-20,2024-07-09,870.0,VIP
6166,Peter Mann,Gold,NY,8,609383.17,25390.97,2022-03-17,2024-05-14,789.0,VIP
2179,Joann Ayers,Gold,WI,8,607628.57,26418.63,2023-02-28,2024-10-21,601.0,VIP
487,Shawn Moore,Bronze,MD,8,606816.96,22474.7,2022-12-30,2024-05-03,490.0,VIP
6058,Andrea Patrick,Silver,TX,7,605951.98,25248.0,2022-12-15,2024-09-03,628.0,VIP
3655,Gina Humphrey,Bronze,MA,7,605721.95,35630.7,2022-03-29,2024-08-11,866.0,VIP
1178,Patrick Flowers,Silver,WA,12,605393.01,18918.53,2022-01-14,2024-09-16,976.0,VIP
3965,Rachel Turner,Gold,WI,6,603947.16,43139.08,2022-05-07,2024-08-27,843.0,VIP
8201,Samantha Herring,Silver,NY,7,599205.69,23968.23,2022-04-27,2024-07-31,826.0,VIP
8841,Amy Case,Gold,VA,5,597512.97,59751.3,2022-03-01,2024-12-22,1027.0,VIP
1957,David Woods,Platinum,GA,7,595654.18,22061.27,2022-06-29,2024-07-29,761.0,VIP
4928,Andrew Douglas,Bronze,CA,8,592056.95,31160.89,2022-07-02,2024-10-11,832.0,VIP
6661,Martin Thompson,Silver,IN,7,590910.14,31100.53,2022-07-14,2024-12-05,875.0,VIP
7750,Brent Miles,Silver,NC,6,590627.59,36914.22,2022-05-16,2023-11-01,534.0,VIP
2121,Colleen Clark,Gold,PA,6,590102.01,39340.13,2022-02-13,2024-08-06,905.0,VIP
7553,Christopher Johnson,Bronze,TX,9,586946.43,14315.77,2022-01-17,2024-12-20,1068.0,VIP
7516,Desiree Cisneros,Silver,FL,5,584944.16,44995.7,2022-02-21,2024-10-01,953.0,VIP
2357,Monique Coleman,Gold,NY,10,582699.44,14941.01,2022-02-16,2024-11-28,1016.0,VIP
6990,Joanna Ochoa,Bronze,NJ,11,581869.5,12122.28,2022-02-03,2024-04-10,797.0,VIP
6233,Phillip Fitzgerald,Silver,WI,10,580300.97,17584.88,2022-09-02,2024-09-29,758.0,VIP
9115,Michael Gutierrez,Bronze,VA,5,576128.39,33889.91,2022-06-06,2024-05-02,696.0,VIP
4239,Kristi Kennedy,Platinum,IN,7,575932.53,35995.78,2023-02-24,2024-08-12,535.0,VIP
5425,Julie Evans,Gold,TN,5,573893.15,33758.42,2023-02-28,2024-12-27,668.0,VIP
5370,Patricia Adkins,Bronze,IN,8,571009.79,21961.92,2022-03-13,2024-07-01,841.0,VIP
1439,Nathan Nguyen,Platinum,IL,12,570460.96,13582.4,2022-06-17,2024-11-30,897.0,VIP
3650,Alan Nichols,Silver,GA,10,569737.72,15398.32,2022-02-28,2024-10-18,963.0,VIP
8681,John Erickson,Gold,WI,10,567704.7,14939.6,2022-01-27,2024-10-11,988.0,VIP
987,Amber Rodriguez,Gold,PA,5,563674.65,33157.33,2022-03-19,2024-10-29,955.0,VIP
3545,Brianna Ramsey,Bronze,MA,9,560217.45,24357.28,2022-01-07,2024-11-22,1050.0,VIP
760,Alyssa Cooper,Bronze,MO,8,552646.32,26316.49,2022-07-12,2024-04-15,643.0,VIP
7221,Calvin Ruiz,Silver,WI,7,542366.61,27118.33,2022-01-03,2024-01-30,757.0,VIP
5160,Lori Thompson,Gold,MI,12,538393.64,13131.55,2022-02-22,2024-12-28,1040.0,VIP
3433,Dustin Smith,Platinum,IN,8,537796.24,17926.54,2022-09-21,2024-06-15,633.0,VIP
6454,Christina Fox,Bronze,IN,8,536813.22,18510.8,2022-01-09,2024-10-17,1012.0,VIP
6683,April Garcia,Gold,VA,11,530200.11,16066.67,2022-03-10,2024-12-03,999.0,VIP
4830,Brett Santiago,Bronze,NY,12,525040.99,13462.59,2022-01-06,2024-12-20,1079.0,VIP
7823,Austin Roberts,Silver,TN,13,522421.63,14511.71,2022-03-21,2024-12-26,1011.0,VIP
7950,Matthew Callahan,Silver,MO,9,522140.77,16316.9,2022-02-25,2024-09-16,934.0,VIP
241,Alexander Benson,Bronze,NC,10,520262.27,15301.83,2022-01-23,2024-04-06,804.0,VIP
4136,Rebecca Guerrero,Silver,PA,10,520160.26,18577.15,2022-01-25,2024-11-25,1035.0,VIP
5675,William Smith,Bronze,NC,8,518685.06,13299.62,2022-03-20,2024-10-13,938.0,VIP
221,Justin Sims,Bronze,TN,6,516862.62,27203.3,2022-09-10,2024-12-12,824.0,VIP
4254,Angela Harvey,Bronze,OH,9,516574.99,18449.11,2022-03-04,2024-10-30,971.0,VIP
5981,Amy Wang,Bronze,MO,5,515347.3,46849.75,2022-05-23,2024-10-03,864.0,VIP
2876,Lori Brown,Gold,OH,8,515197.55,23418.07,2022-02-22,2024-11-16,998.0,VIP
4789,Hannah Graham,Gold,WI,9,515187.18,15152.56,2022-02-10,2024-11-04,998.0,VIP
5843,Michelle Espinoza,Bronze,VA,11,515117.19,12877.93,2022-04-03,2024-11-14,956.0,VIP
6272,Mandy Kennedy,Gold,MD,9,514578.85,22372.99,2022-04-11,2024-07-08,819.0,VIP
8227,Catherine Garcia,Silver,NY,9,513150.81,19005.59,2022-01-05,2024-11-20,1050.0,VIP
3072,Stephen Ortiz,Platinum,OH,10,513114.29,14253.17,2022-03-20,2024-08-31,895.0,VIP
9942,Alicia Gonzalez,Bronze,TN,8,513044.65,22306.29,2022-04-07,2024-12-04,972.0,VIP
6159,Timothy Stephens,Silver,OH,10,512886.98,16544.74,2022-10-05,2024-09-06,702.0,VIP
6119,Brian Pearson,Bronze,NJ,9,512776.85,21365.7,2022-02-07,2024-09-23,959.0,VIP
3779,Alyssa Clark,Gold,GA,7,512506.78,36607.63,2022-03-06,2024-12-15,1015.0,VIP
579,Robin Pope,Silver,MI,6,512409.01,34160.6,2022-03-18,2023-11-24,616.0,VIP
307,Loretta Brooks,Silver,WI,9,511821.69,17649.02,2022-06-08,2024-12-19,925.0,VIP
7622,Melissa Sanchez,Bronze,CA,7,511818.61,20472.74,2022-02-05,2023-03-08,396.0,VIP
5492,Michelle Garcia,Bronze,PA,8,511618.29,24362.78,2022-10-26,2024-10-06,711.0,VIP
6078,Anthony Thomas,Gold,IN,6,510908.29,23223.1,2022-04-05,2024-12-19,989.0,VIP
7702,Michael Martin,Silver,NC,7,510407.87,20416.31,2022-01-15,2024-06-20,887.0,VIP
6798,Catherine Gutierrez,Bronze,VA,10,509642.99,17573.9,2022-03-11,2024-11-28,993.0,VIP
913,Vicki Scott,Gold,PA,5,509359.87,33957.32,2022-04-13,2023-10-18,553.0,VIP
3555,Jennifer Lee,Platinum,WA,7,508983.58,20359.34,2022-05-17,2024-12-29,957.0,VIP
4838,Eric Butler,Bronze,AZ,5,508673.83,33911.59,2022-11-01,2024-07-26,633.0,VIP
854,Kathleen Jordan,Gold,OH,9,508083.6,18817.91,2022-02-10,2024-05-24,834.0,VIP
8828,Paul Shaw,Bronze,IL,9,507583.37,18127.98,2022-07-26,2024-09-04,771.0,VIP
9003,Marcus Williams,Bronze,CA,7,506324.81,36166.06,2023-03-30,2024-12-23,634.0,VIP
7073,Eric Andrews,Bronze,OH,9,505726.88,18061.67,2022-02-25,2024-11-21,1000.0,VIP
334,Keith Snyder,Bronze,PA,11,505399.9,14440.0,2022-04-21,2024-12-02,956.0,VIP
3964,Diana James,Bronze,NC,7,503447.82,19363.38,2022-03-08,2023-05-04,422.0,VIP
2759,Rebecca Bender,Gold,TX,1,503162.04,83860.34,2022-01-04,2022-01-04,0.0,VIP
4987,Eugene Jones,Bronze,WA,4,503031.15,41919.26,2022-02-01,2024-09-04,946.0,VIP
6042,Dennis Morales,Bronze,PA,13,502166.93,13214.92,2022-10-25,2024-10-03,709.0,VIP
9609,Thomas Adams,Bronze,CA,10,502109.7,16197.09,2022-03-26,2024-09-12,901.0,VIP
4234,Michael Simmons,Platinum,IN,4,501800.08,55755.56,2022-04-18,2022-12-31,257.0,VIP
9368,Jody Wright,Silver,IL,8,497855.48,21645.89,2022-08-15,2024-07-19,704.0,High Value
3077,Brad Lee,Bronze,NC,10,496325.42,19853.02,2022-01-02,2023-12-10,707.0,High Value
6267,Virginia Wood,Platinum,VA,11,494649.89,10992.22,2022-02-02,2024-10-03,974.0,High Value
9264,Michael Weber,Bronze,PA,10,494615.17,12063.78,2022-07-06,2024-06-12,707.0,High Value
1277,Nicole Gay,Bronze,WA,8,488844.3,16856.7,2022-01-28,2024-09-04,950.0,High Value
5887,Judith Stewart,Silver,FL,5,487784.69,44344.06,2022-05-05,2024-09-03,852.0,High Value
3408,Chad Simmons,Bronze,FL,10,487640.78,18755.41,2022-02-01,2024-11-25,1028.0,High Value
4713,Alexander Chen,Silver,VA,15,486507.7,10811.28,2022-02-19,2024-12-18,1033.0,High Value
6524,Isabel Walls,Gold,OH,10,478860.5,15962.02,2022-01-01,2024-11-04,1038.0,High Value
1347,Michelle Jones,Bronze,WA,13,472560.38,14320.01,2022-02-11,2024-11-26,1019.0,High Value
4458,Robert Cortez,Bronze,CA,12,456366.06,12334.22,2022-01-25,2024-12-28,1068.0,High Value
9683,Donna Cruz,Platinum,WI,7,450609.76,19591.73,2023-05-05,2024-12-05,580.0,High Value
322,Nicholas Myers,Bronze,IL,10,447127.03,17197.19,2022-03-23,2024-09-02,894.0,High Value
27,Tina Ferguson,Bronze,TX,5,444363.56,26139.03,2022-02-02,2024-09-18,959.0,High Value
4165,Lori Houston,Silver,FL,5,444332.81,21158.71,2023-05-20,2024-05-18,364.0,High Value
1678,Stephanie Carroll,Gold,WA,8,441549.22,13380.28,2022-02-01,2024-09-22,964.0,High Value
1713,Brianna King,Gold,PA,6,435133.41,25596.08,2022-05-12,2024-03-16,674.0,High Value
2232,Julia Davis,Platinum,NY,8,432692.71,13957.83,2022-01-28,2024-10-11,987.0,High Value
7451,Johnathan Berry,Gold,GA,8,427316.2,21365.81,2022-03-31,2024-12-15,990.0,High Value
2088,Antonio Costa,Bronze,WA,7,427157.71,15820.66,2022-02-02,2024-03-04,761.0,High Value
3803,Robert Johnson,Gold,OH,9,426780.16,12552.36,2022-08-04,2024-12-13,862.0,High Value
4846,Isabella Anderson,Bronze,NJ,9,426291.78,9688.45,2022-01-09,2024-07-21,924.0,High Value
558,Erik Alvarez,Gold,PA,9,426188.44,13748.01,2022-02-01,2024-08-16,927.0,High Value
4552,Kenneth Haynes,Bronze,IL,12,424911.22,10363.69,2022-01-06,2024-10-04,1002.0,High Value
9576,Caitlin Guerrero,Silver,IL,13,423063.01,9401.4,2022-01-10,2024-09-13,977.0,High Value
2797,Andrea Brown,Bronze,MO,10,423036.5,11751.01,2022-01-19,2024-05-18,850.0,High Value
7047,Kelly Rodriguez,Gold,OH,10,422719.3,15097.12,2022-04-25,2024-02-02,648.0,High Value
8648,Emily Sanchez,Bronze,OH,13,421805.67,8270.7,2022-05-07,2024-11-08,916.0,High Value
7079,Nancy Gutierrez,Gold,MI,8,420498.9,20023.76,2022-10-24,2024-11-01,739.0,High Value
4737,Justin Anderson,Gold,MI,10,420381.11,11361.65,2022-04-02,2024-06-29,819.0,High Value
136,Jennifer Wang,Bronze,IN,14,418951.07,8728.15,2022-05-01,2024-10-13,896.0,High Value
3427,Kevin Smith,Silver,WI,7,418940.76,19949.56,2022-01-08,2024-07-21,925.0,High Value
6421,Karen Miranda,Bronze,TN,9,417583.11,14913.68,2022-02-27,2024-10-26,972.0,High Value
7224,Dustin Krueger,Silver,NJ,10,416730.59,11906.59,2022-12-10,2024-03-23,469.0,High Value
6528,Kim Wright,Bronze,TX,7,416665.63,16025.6,2022-01-30,2024-04-01,792.0,High Value
2691,Haley Best,Bronze,MI,7,416143.86,18915.63,2022-05-14,2024-09-12,852.0,High Value
668,Mark Joyce,Bronze,MO,13,416079.27,11557.76,2022-03-06,2024-11-15,985.0,High Value
7933,Donald Davis,Gold,GA,11,415931.54,11883.76,2022-01-22,2024-11-23,1036.0,High Value
791,Crystal Quinn,Bronze,PA,9,415489.14,15980.35,2022-05-17,2024-12-02,930.0,High Value
2001,Bryan Valenzuela,Platinum,TN,6,415146.95,17297.79,2022-10-23,2023-06-23,243.0,High Value
7898,Carrie Mills,Silver,VA,12,415133.3,9884.13,2022-01-08,2024-12-06,1063.0,High Value
4076,Jonathan Clark,Silver,FL,7,414970.89,14820.39,2022-01-09,2024-12-03,1059.0,High Value
5901,Jill Warner,Silver,WI,10,414931.84,12573.69,2022-03-06,2024-08-21,899.0,High Value
2230,Jasmine Hoover,Silver,MI,10,414930.85,13831.03,2022-04-02,2024-11-01,944.0,High Value
3761,Donna Knight,Bronze,GA,7,414758.07,14302.0,2022-06-10,2024-10-02,845.0,High Value
6234,Rebecca Le,Gold,NJ,9,414711.85,12567.03,2022-01-18,2024-05-12,845.0,High Value
6976,Christopher Hernandez,Silver,IL,11,414333.84,8631.95,2022-01-26,2024-11-06,1015.0,High Value
7207,John Smith,Silver,TX,10,414056.59,15335.43,2022-05-12,2024-12-03,936.0,High Value
4380,Kimberly Hunter,Platinum,AZ,9,414028.18,12938.38,2022-02-26,2024-08-18,904.0,High Value
6791,Eric Miller,Gold,AZ,10,413584.68,15317.95,2022-05-20,2024-08-29,832.0,High Value
8751,Christopher Weber,Silver,NJ,11,413433.74,11812.39,2022-03-31,2024-12-29,1004.0,High Value
7237,Donald Gray,Silver,MO,10,413209.24,12912.79,2022-04-12,2024-12-26,989.0,High Value
4578,Rodney Patel,Bronze,TX,7,413132.76,14754.74,2022-02-10,2024-12-11,1035.0,High Value
442,Jennifer Williams,Silver,IN,8,412839.96,13317.42,2022-08-27,2024-12-16,842.0,High Value
1715,Wyatt Dalton,Bronze,NY,8,412398.79,15861.49,2022-02-15,2024-03-12,756.0,High Value
9263,David Scott,Bronze,IL,6,411346.64,17884.64,2022-04-11,2024-09-30,903.0,High Value
9179,Brett Clark,Silver,GA,11,411313.62,12853.55,2022-03-08,2024-10-25,962.0,High Value
1483,Lisa Clark,Silver,OH,9,410931.65,12841.61,2022-01-29,2024-12-20,1056.0,High Value
9239,Mckenzie Montoya,Bronze,FL,11,410873.07,12450.7,2022-04-24,2024-12-19,970.0,High Value
4580,Robin Reed,Silver,MA,6,410500.09,21605.27,2022-07-01,2024-12-21,904.0,High Value
6692,Eric Kane,Gold,TN,6,410175.79,16407.03,2022-03-24,2024-07-23,852.0,High Value
3994,Larry Monroe,Gold,MI,13,410138.95,12428.45,2022-06-05,2024-09-23,841.0,High Value
6927,Jessica Crawford,Bronze,MI,5,410108.59,27340.57,2022-10-21,2023-09-01,315.0,High Value
4060,Zachary Smith,Platinum,MD,6,409857.62,17819.9,2022-10-27,2024-09-06,680.0,High Value
5691,Joshua Taylor,Bronze,TX,9,409344.25,13644.81,2022-01-01,2024-09-14,987.0,High Value
4890,Danielle Calderon,Silver,CA,10,409175.09,11365.97,2022-03-26,2024-12-28,1008.0,High Value
6149,Kevin Patrick,Bronze,VA,5,409139.47,27275.96,2022-03-02,2023-05-07,431.0,High Value
5603,Katie Green,Platinum,IN,10,409047.21,12030.8,2022-02-08,2024-09-23,958.0,High Value
3895,Miguel Jones,Bronze,PA,6,408874.5,29205.32,2022-02-28,2024-03-07,738.0,High Value
6520,Anthony Wilson,Silver,NC,7,408874.21,17036.43,2022-02-21,2024-11-19,1002.0,High Value
4402,Angela Mclean,Bronze,MD,7,408624.4,16344.98,2022-04-12,2024-11-25,958.0,High Value
8026,Colleen Scott,Platinum,IL,7,408586.83,17024.45,2022-04-14,2024-12-31,992.0,High Value
7639,Jacob Smith,Bronze,CA,7,408132.82,19434.9,2022-03-27,2024-01-02,646.0,High Value
2131,David Schwartz,Silver,PA,8,407783.1,16990.96,2022-01-29,2024-12-20,1056.0,High Value
4302,Chelsea Greene,Bronze,TN,10,407698.04,10192.45,2022-01-06,2024-11-14,1043.0,High Value
9658,Justin Simpson,Silver,NY,6,406830.6,16273.22,2022-07-08,2024-04-01,633.0,High Value
555,Christopher Stewart,Silver,MI,7,406821.13,19372.43,2023-02-22,2024-04-25,428.0,High Value
8468,Susan Morales,Gold,AZ,7,406756.09,18488.91,2022-11-21,2024-01-06,411.0,High Value
5734,Daniel Weber,Bronze,AZ,6,406433.97,19354.0,2022-07-19,2024-03-24,614.0,High Value
8599,Roy Andrews,Gold,CA,4,406278.38,25392.4,2022-10-10,2023-10-29,384.0,High Value
9934,Tracy Perkins,Gold,IN,14,405698.3,10402.52,2022-01-19,2024-05-06,838.0,High Value
3938,Alec Contreras,Platinum,NJ,6,405618.66,18437.21,2022-10-23,2024-07-07,623.0,High Value
1989,Matthew Mathis,Silver,MA,6,404991.08,18408.69,2023-07-07,2024-08-22,412.0,High Value
9226,William Walker,Silver,PA,7,404963.33,16198.53,2022-01-11,2024-01-25,744.0,High Value
271,Roger Wilkins,Silver,IL,6,404081.62,16836.73,2022-11-18,2024-10-09,691.0,High Value
7549,Danielle Griffin,Silver,AZ,5,403876.97,19232.24,2023-08-03,2024-06-18,320.0,High Value
5892,John Patterson,Gold,CA,8,403571.82,20178.59,2022-10-16,2024-09-13,698.0,High Value
7520,Ronald Mcdaniel,Silver,WA,11,403314.12,17535.4,2022-02-12,2024-12-10,1032.0,High Value
7557,Kristen Hill,Gold,MI,6,403307.58,19205.12,2022-10-23,2024-10-09,717.0,High Value
9903,Edward Mooney,Platinum,IN,5,400099.54,33341.63,2022-01-14,2024-11-25,1046.0,High Value
4677,Paul Palmer,Platinum,AZ,13,400042.04,8696.57,2022-02-05,2024-10-21,989.0,High Value
4692,Kim Griffin,Gold,AZ,12,396083.95,10704.97,2022-03-25,2024-12-20,1001.0,High Value
153,Jonathan Rodriguez,Bronze,VA,10,394500.3,11954.55,2022-04-07,2024-04-18,742.0,High Value
6854,Micheal Lamb,Silver,WA,12,392712.66,11550.37,2022-02-12,2024-11-09,1001.0,High Value
1771,Patricia Vargas,Silver,IN,6,391539.57,26102.64,2022-05-25,2023-06-12,383.0,High Value
8791,Kevin Long,Bronze,TX,1,391488.83,97872.21,2022-01-07,2022-01-07,0.0,High Value
8243,Billy Black,Gold,WA,5,391060.8,30081.6,2022-05-26,2024-10-03,861.0,High Value
5126,Christopher Ward,Platinum,NJ,11,389276.01,10813.22,2022-01-21,2024-11-24,1038.0,High Value
8688,Alexander Bass,Bronze,FL,9,388365.62,11422.52,2022-02-25,2024-06-29,855.0,High Value
8303,Jonathan Griffin,Bronze,WI,6,388240.42,17647.29,2022-05-11,2023-03-03,296.0,High Value
2996,Grace Pacheco,Gold,IL,7,386432.93,16801.43,2022-02-06,2024-06-07,852.0,High Value
4665,Nicholas Campbell,Silver,MI,16,383753.7,7994.87,2022-01-28,2024-09-17,963.0,High Value
9150,Stanley Nelson,Bronze,WA,10,381827.19,10319.65,2022-05-11,2024-11-05,909.0,High Value
291,Paul Taylor,Silver,MA,5,380742.72,23796.42,2022-05-03,2024-12-06,948.0,High Value
1046,Brandon Hanna,Silver,GA,6,379405.4,18066.92,2023-05-14,2024-11-19,555.0,High Value
1349,James Hall,Platinum,OH,6,378218.77,21012.15,2022-01-16,2024-08-22,949.0,High Value
7758,Alexandra Lewis,Gold,MO,6,377009.02,22177.0,2022-07-20,2024-10-09,812.0,High Value
1222,Brandi Armstrong,Gold,PA,8,372642.8,15526.78,2023-01-09,2024-08-30,599.0,High Value
9844,Amber Riley,Bronze,MI,11,372266.86,9306.67,2022-02-19,2024-11-02,987.0,High Value
8931,Kayla Gutierrez,Bronze,PA,8,370378.58,10893.49,2022-06-10,2024-07-13,764.0,High Value
274,Johnathan Gilbert,Silver,IN,5,369845.45,26417.53,2023-02-25,2024-12-23,667.0,High Value
924,James Smith,Bronze,GA,8,364825.76,15861.99,2022-02-10,2024-09-24,957.0,High Value
5212,Nicholas Raymond,Gold,AZ,10,364686.78,10419.62,2022-01-09,2024-06-10,883.0,High Value
3483,Sarah Keller,Silver,TN,10,362876.19,10079.89,2022-04-02,2024-07-28,848.0,High Value
9347,Julie Rojas,Bronze,FL,10,362107.65,10650.23,2022-03-07,2024-12-01,1000.0,High Value
8941,Tammy Morris,Silver,MI,9,361567.82,12052.26,2022-09-04,2024-09-22,749.0,High Value
1644,William Bush,Silver,NJ,9,356884.91,11896.16,2022-01-27,2024-11-28,1036.0,High Value
6360,Catherine Scott,Bronze,AZ,10,355908.23,8680.69,2022-10-10,2024-11-29,781.0,High Value
2956,Kevin Weaver,Bronze,GA,7,354990.61,11833.02,2022-03-02,2024-12-28,1032.0,High Value
1953,Kyle Gonzales,Gold,MI,11,354544.42,9330.12,2022-01-08,2024-11-20,1047.0,High Value
2989,Crystal Mcguire,Gold,VA,9,354250.6,18644.77,2022-01-07,2024-11-21,1049.0,High Value
3162,Kirsten King,Silver,WI,9,354096.77,14163.87,2022-09-14,2024-10-26,773.0,High Value
4963,Alexa Bird,Bronze,VA,11,354062.48,7697.01,2022-01-04,2024-09-25,995.0,High Value
5788,David Graham,Bronze,WA,12,353456.26,9818.23,2022-02-11,2024-12-15,1038.0,High Value
8656,Amy Bryant,Platinum,VA,5,353361.6,16826.74,2022-09-05,2024-10-10,766.0,High Value
6313,Preston Meyer,Silver,NJ,15,353141.16,6663.04,2022-05-15,2024-09-03,842.0,High Value
3731,Laura Parrish,Bronze,TN,10,352887.3,9802.42,2022-02-02,2024-10-24,995.0,High Value
8700,Jacqueline Nichols,Silver,MA,6,352378.72,16779.94,2022-02-10,2024-10-05,968.0,High Value
3241,Amanda Miles,Bronze,MD,11,351239.72,8780.99,2022-03-06,2024-09-24,933.0,High Value
2060,Marcus Washington,Platinum,WI,12,350484.29,8344.86,2022-07-04,2024-09-11,800.0,High Value
1588,Eric Cox,Gold,GA,18,350338.15,6610.15,2022-04-30,2024-08-27,850.0,High Value
2870,Katrina Mahoney,Silver,WA,8,350164.28,12074.63,2022-01-01,2023-12-29,727.0,High Value
8116,Tammy Collier,Silver,NC,7,349693.99,11656.47,2022-10-19,2023-10-28,374.0,High Value
75,Tina Mendoza,Bronze,NC,10,349059.87,10577.57,2022-03-05,2024-10-27,967.0,High Value
2270,Kathleen Mccoy,Bronze,NC,6,348661.52,15848.25,2022-02-05,2024-09-19,957.0,High Value
8166,Sherri Wilcox,Bronze,TX,11,348437.83,9955.37,2022-04-21,2024-11-28,952.0,High Value
1230,Ashley Terry,Bronze,IN,12,348396.12,12013.66,2022-01-03,2024-12-27,1089.0,High Value
2005,Maria Edwards,Silver,MA,7,346941.5,11564.72,2022-02-14,2024-03-05,750.0,High Value
3118,Michael Romero,Gold,CA,9,346570.1,12835.93,2022-09-26,2024-11-04,770.0,High Value
761,Christopher Peck,Gold,TN,7,346470.01,18235.26,2022-03-06,2024-11-21,991.0,High Value
3921,Brianna Austin,Silver,CA,9,345497.75,13819.91,2022-06-30,2024-11-06,860.0,High Value
6645,Sean Morrison,Bronze,IN,8,345252.38,14385.52,2022-07-20,2024-10-29,832.0,High Value
858,Carrie Woods,Bronze,OH,6,344904.52,16424.02,2022-02-10,2024-05-20,830.0,High Value
721,Jeffrey Underwood,Bronze,MD,6,344802.1,17240.1,2022-05-22,2024-12-21,944.0,High Value
8745,Hannah Taylor,Silver,MO,11,344674.93,11118.55,2022-04-08,2024-12-19,986.0,High Value
630,Brian Bryan,Bronze,TN,9,344644.9,13255.57,2022-02-09,2023-12-27,686.0,High Value
3584,Andre Shelton,Bronze,TN,7,344516.13,15659.82,2022-05-12,2024-06-24,774.0,High Value
3574,Ashley King,Bronze,NC,4,344040.79,24574.34,2022-01-31,2024-09-10,953.0,High Value
6858,Sarah Cabrera,Bronze,TX,7,343976.1,12739.86,2022-04-01,2024-09-25,908.0,High Value
9633,Melanie Gilmore,Bronze,CA,8,343955.3,12739.09,2022-03-17,2024-10-22,950.0,High Value
1403,Barbara Gibbs,Platinum,NY,9,343517.88,12722.88,2022-04-04,2024-10-31,941.0,High Value
5023,Leonard Esparza,Bronze,IL,9,343340.74,14927.86,2022-08-08,2024-06-24,686.0,High Value
2375,Katherine Sanchez,Gold,MI,7,343013.45,14292.23,2022-03-25,2024-11-26,977.0,High Value
2659,Madison Koch,Bronze,GA,7,342969.63,16331.89,2022-05-02,2024-12-04,947.0,High Value
6396,Ashley Keith,Bronze,WA,8,342630.08,12236.79,2022-02-04,2024-08-22,930.0,High Value
9406,Whitney Jackson,Silver,IL,8,342443.68,14888.86,2022-01-04,2024-10-19,1019.0,High Value
9427,Andrew Brown,Bronze,PA,7,342090.01,19005.0,2022-04-14,2024-11-27,958.0,High Value
7982,Aaron Henson,Gold,OH,10,341981.85,12213.64,2022-03-26,2024-12-23,1003.0,High Value
8252,Michael Roberts,Bronze,GA,8,341573.28,17977.54,2022-04-10,2024-01-22,652.0,High Value
5973,Jonathan Landry,Bronze,MA,6,341445.31,15520.24,2022-03-15,2024-01-10,666.0,High Value
4662,Robert Thompson,Gold,VA,11,341361.86,11771.1,2022-02-25,2024-09-22,940.0,High Value
5673,Amanda Rich,Silver,MA,7,341181.18,17956.9,2022-05-25,2024-11-27,917.0,High Value
2978,Katherine Yang,Bronze,IN,8,340791.48,13631.66,2022-01-29,2024-04-28,820.0,High Value
7744,Laura Diaz,Silver,IN,8,339731.61,11714.88,2022-03-15,2024-10-09,939.0,High Value
8538,Brian Mclean,Gold,MI,7,339458.05,22630.54,2022-04-07,2024-10-29,936.0,High Value
2821,Robert Gonzales,Silver,TN,4,339267.25,22617.82,2023-06-04,2024-09-03,457.0,High Value
4792,Matthew Austin,Silver,CA,6,339124.78,19948.52,2022-12-20,2024-12-01,712.0,High Value
5545,Erin Jones,Gold,WI,4,338919.58,22594.64,2022-02-13,2024-09-12,942.0,High Value
5255,Michael Gonzales,Platinum,CA,6,338233.69,18790.76,2022-03-09,2024-01-05,667.0,High Value
179,Shane Gates,Bronze,OH,5,338137.74,19890.46,2022-02-22,2024-02-27,735.0,High Value
9655,Matthew Perry,Silver,NY,10,337905.12,9938.39,2022-03-07,2024-07-11,857.0,High Value
5636,Patricia Delgado,Platinum,FL,5,337540.7,28128.39,2022-11-11,2023-11-08,362.0,High Value
856,Angie Salas,Platinum,MI,4,337532.83,30684.8,2023-02-23,2024-05-25,457.0,High Value
4409,Evan Tyler,Silver,FL,4,337173.62,25936.43,2022-01-07,2023-09-18,619.0,High Value
4266,Troy Moore,Silver,FL,4,336768.37,42096.05,2022-02-06,2023-06-01,480.0,High Value
3551,Tammy Martin,Bronze,PA,11,336003.65,8842.2,2022-01-25,2024-12-24,1064.0,High Value
5100,Randy White,Bronze,MO,5,335680.2,19745.89,2022-05-31,2024-11-24,908.0,High Value
7811,James Gillespie,Gold,CA,5,335625.22,33562.52,2022-05-10,2024-08-01,814.0,High Value
6111,Amanda Holmes,Silver,IN,3,335048.08,55841.35,2022-09-15,2024-03-12,544.0,High Value
8806,Jonathon Daniel,Silver,NJ,5,334696.13,25745.86,2023-01-10,2024-10-14,643.0,High Value
6373,James Shelton,Bronze,MI,12,333397.0,11907.04,2022-02-07,2024-12-04,1031.0,High Value
600,Allen James,Bronze,TX,8,332447.19,11463.7,2022-02-06,2024-12-29,1057.0,High Value
4764,Keith Gonzalez,Silver,TN,9,330922.72,12256.4,2022-05-18,2024-11-17,914.0,High Value
2868,Lisa Lynch,Silver,WI,6,330583.3,20661.46,2023-01-16,2024-02-19,399.0,High Value
955,Amanda Edwards,Silver,IL,13,329032.57,7834.11,2022-05-21,2024-11-17,911.0,High Value
2106,Alexander Oneill,Silver,FL,8,328335.94,13680.66,2023-04-06,2024-08-29,511.0,High Value
9386,Dakota Hobbs,Bronze,WA,10,327867.04,12143.22,2022-02-26,2024-09-09,926.0,High Value
7128,Alexis Smith,Silver,IN,9,322351.7,8265.43,2022-01-02,2024-12-26,1089.0,High Value
4216,Johnny Wall,Silver,VA,10,320039.95,10668.0,2022-02-10,2024-05-13,823.0,High Value
8125,Ann Leonard,Bronze,WA,7,318876.6,15943.83,2022-11-03,2024-12-28,786.0,High Value
6218,Melissa Butler,Silver,MO,9,318850.32,11809.27,2022-03-26,2024-11-21,971.0,High Value
7080,Scott Durham,Bronze,IL,12,317032.85,6470.06,2022-04-19,2024-11-30,956.0,High Value
5237,Christopher Booker,Bronze,PA,13,316660.55,5459.66,2022-06-06,2024-11-07,885.0,High Value
8233,Christina Mccarthy,Bronze,TN,9,311772.62,10057.18,2022-01-15,2024-04-08,814.0,High Value
233,Alicia Wright,Bronze,MA,5,311230.18,23940.78,2022-01-26,2024-08-17,934.0,High Value
2016,Rebecca Brown,Silver,NC,8,302476.71,11633.72,2022-03-29,2024-09-02,888.0,High Value
8819,Tonya Solis,Bronze,TN,9,302298.66,10424.09,2022-01-01,2024-07-09,920.0,High Value
3936,Mia Patrick,Bronze,MO,3,301207.56,33467.51,2022-04-09,2023-11-08,578.0,High Value
2763,Melinda Oneill,Silver,OH,8,299629.5,15769.97,2022-10-08,2024-12-31,815.0,High Value
6407,Katherine Benjamin,Silver,NC,7,294121.76,11312.38,2022-10-29,2024-07-16,626.0,High Value
7703,Valerie Campbell,Silver,TN,6,293482.88,15446.47,2022-02-10,2024-12-21,1045.0,High Value
3909,Mark Lewis,Silver,WA,8,288729.96,11549.2,2022-01-10,2024-04-30,841.0,High Value
2832,Kendra Robinson,Bronze,PA,8,288062.22,10668.97,2022-06-10,2024-11-28,902.0,High Value
3985,Miranda Walker,Gold,AZ,4,287749.98,12510.87,2022-04-03,2024-09-21,902.0,High Value
547,Colleen Wheeler,Bronze,NJ,5,287447.67,20531.98,2022-10-10,2024-08-08,668.0,High Value
6364,Lawrence Willis,Bronze,IL,6,285441.85,15857.88,2022-09-21,2024-05-15,602.0,High Value
1826,Krystal Gregory,Bronze,MA,9,284603.85,7692.0,2022-03-04,2024-11-12,984.0,High Value
1506,Abigail Brown,Gold,WA,6,283116.03,12868.91,2022-07-02,2024-11-17,869.0,High Value
4577,Douglas Sanchez,Bronze,PA,9,281007.2,9366.91,2022-10-11,2024-10-14,734.0,High Value
4241,Joseph Harris,Silver,IN,11,280645.56,6682.04,2022-08-15,2024-12-22,860.0,High Value
1550,Alexis Hughes,Silver,MA,6,279530.58,11181.22,2022-02-15,2024-02-21,736.0,High Value
3983,Kevin Hughes,Bronze,FL,5,278403.66,12654.71,2022-07-25,2024-03-18,602.0,High Value
7615,Jamie Jackson,Platinum,MD,8,277076.58,12594.39,2022-07-31,2024-10-28,820.0,High Value
4167,Michelle Hudson,Silver,WA,6,276910.63,14574.24,2022-05-16,2024-08-12,819.0,High Value
5337,Louis Gray,Platinum,FL,11,276717.82,9541.99,2022-05-18,2024-12-22,949.0,High Value
4150,Bryan Roberts,Bronze,NJ,4,276490.11,19749.29,2022-06-23,2023-09-24,458.0,High Value
1305,John Howard,Bronze,NY,4,276157.71,13807.89,2022-04-26,2024-11-24,943.0,High Value
5661,Randall Simmons,Bronze,OH,9,275521.24,11020.85,2022-01-22,2024-11-14,1027.0,High Value
7427,Steven Romero,Silver,NY,7,274849.18,8328.76,2022-02-18,2024-02-09,721.0,High Value
7378,Michael Baker,Silver,MO,6,274779.48,11946.93,2022-05-18,2024-09-06,842.0,High Value
6017,Amy Rodriguez,Silver,MD,8,271794.3,11817.14,2022-02-20,2024-11-13,997.0,High Value
6050,Michael Miller,Bronze,PA,7,269769.39,6917.16,2022-01-28,2024-09-10,956.0,High Value
729,Sarah Collins,Platinum,IL,8,265700.77,11552.21,2022-03-20,2024-04-15,757.0,High Value
9394,Danny Barnett,Gold,FL,9,265276.53,9147.47,2022-01-13,2024-11-23,1045.0,High Value
3475,Tiffany Mcfarland,Silver,FL,8,264006.01,13200.3,2022-03-15,2024-11-30,991.0,High Value
591,James Bates,Platinum,NY,6,263502.94,12547.76,2022-10-27,2024-06-03,585.0,High Value
6789,Eric Anderson,Silver,CA,10,262932.73,8216.65,2022-07-28,2024-11-26,852.0,High Value
6592,Aaron Barnes,Bronze,WA,9,261573.9,9019.79,2022-04-29,2024-04-21,723.0,High Value
3336,April Burns,Silver,OH,7,260344.23,10847.68,2022-06-05,2024-12-08,917.0,High Value
2651,Matthew Evans,Bronze,MI,13,259861.31,6187.17,2022-01-22,2024-10-04,986.0,High Value
1695,Michael Carey,Bronze,MD,7,258172.2,11735.1,2022-03-28,2024-05-23,787.0,High Value
545,Reginald Phillips,Platinum,TX,12,257166.27,5844.69,2022-03-13,2024-08-05,876.0,High Value
5065,Vernon Suarez,Platinum,CA,9,255917.63,10663.23,2022-01-04,2024-11-09,1040.0,High Value
9344,Michael Sims,Gold,MD,9,255039.18,8227.07,2022-01-03,2024-01-22,749.0,High Value
5735,Bonnie Walker,Bronze,MI,5,254418.23,18172.73,2022-12-19,2024-12-02,714.0,High Value
1052,Emily Williams,Bronze,MO,13,249950.89,5433.72,2022-01-17,2024-09-20,977.0,High Value
4741,James Rios,Gold,NJ,11,243433.74,5409.64,2022-05-07,2024-10-15,892.0,High Value
5826,Jacob Reyes,Bronze,MI,6,242020.22,15126.26,2022-07-01,2024-12-22,905.0,High Value
6301,Nancy Ashley,Platinum,MO,5,240515.05,11453.1,2022-02-02,2024-11-26,1028.0,High Value
6167,Aaron Gibson,Bronze,TX,7,238172.36,9526.89,2022-01-03,2024-11-17,1049.0,High Value
3577,Jason Hartman,Gold,WI,12,237387.27,7418.35,2022-01-01,2024-12-09,1073.0,High Value
1893,Christine Lambert,Gold,MA,7,235973.7,12419.67,2022-04-08,2024-03-05,697.0,High Value
6928,Andrea Snyder,Silver,TN,11,234746.18,6707.03,2022-09-17,2024-12-18,823.0,High Value
4493,Linda Diaz,Silver,IL,9,232794.7,7054.38,2022-05-24,2024-01-31,617.0,High Value
6633,Melissa Stone,Silver,MA,9,232136.56,7737.89,2022-02-01,2024-11-24,1027.0,High Value
3711,Elijah Wright,Bronze,AZ,10,229200.31,5093.34,2022-02-15,2024-08-02,899.0,High Value
1504,Cynthia Peterson,Bronze,PA,12,228582.34,5195.05,2022-02-16,2024-06-02,837.0,High Value
2577,Katie Heath,Bronze,WA,10,228156.27,7359.88,2022-02-13,2024-10-06,966.0,High Value
873,Pamela Robinson,Bronze,FL,8,227883.4,7351.08,2022-07-15,2024-07-28,744.0,High Value
2649,Bill Ochoa,Bronze,PA,10,224875.47,6246.54,2022-05-03,2024-11-27,939.0,High Value
5924,Shannon Lee,Bronze,TN,10,224853.52,5484.23,2022-05-27,2024-11-19,907.0,High Value
4468,Mary Smith,Bronze,NJ,13,223734.78,4971.88,2022-02-19,2024-07-24,886.0,High Value
7313,Sharon Taylor,Bronze,OH,12,222866.01,6023.41,2022-02-11,2024-09-18,950.0,High Value
8795,Rebecca Mcdaniel,Silver,NY,8,222614.77,5858.28,2022-07-13,2024-11-30,871.0,High Value
1214,Katie Ramirez,Platinum,OH,7,222265.45,7664.33,2022-02-06,2024-12-19,1047.0,High Value
8557,Jason Aguirre,Silver,MA,10,222223.39,8230.5,2022-04-21,2024-07-12,813.0,High Value
2249,Kathy Solis,Silver,WA,13,221326.79,6916.46,2022-01-30,2024-12-03,1038.0,High Value
6009,Erin Clark,Gold,IL,11,220775.97,6493.41,2022-05-13,2024-08-31,841.0,High Value
5965,John Morgan,Silver,MI,13,220773.02,5256.5,2022-03-04,2024-11-09,981.0,High Value
4003,Brian Bass,Bronze,PA,4,220294.64,15735.33,2022-07-26,2024-12-24,882.0,High Value
8655,David Moore,Gold,FL,9,220218.44,7864.94,2022-03-08,2024-07-04,849.0,High Value
3087,Bradley Thomas,Silver,NJ,11,220218.26,6673.28,2022-04-21,2024-12-23,977.0,High Value
1170,Alicia Howard,Silver,TX,9,220129.97,6670.61,2022-01-12,2024-07-16,916.0,High Value
495,Samantha Gray,Bronze,TX,10,220081.25,5118.17,2022-07-14,2024-12-01,871.0,High Value
6869,Katrina Rivera,Bronze,MD,8,219858.08,7092.2,2022-02-25,2024-09-08,926.0,High Value
3859,Jessica Lamb,Platinum,TN,9,219720.58,9155.02,2022-01-07,2024-12-30,1088.0,High Value
9469,Trevor Wright,Bronze,MD,6,219485.66,9976.62,2022-02-12,2024-11-29,1021.0,High Value
3749,Crystal Atkins,Gold,TN,7,219126.12,7825.93,2022-02-09,2024-12-13,1038.0,High Value
6563,Angel Lawrence,Bronze,NY,11,218572.1,7285.74,2022-12-20,2024-08-12,601.0,High Value
4547,Dustin Soto,Bronze,IL,7,218259.13,7040.62,2023-02-14,2024-09-16,580.0,High Value
8730,Jennifer Edwards,Platinum,IL,12,217878.65,5888.61,2022-05-24,2024-03-25,671.0,High Value
7501,Lori Mcknight,Gold,WI,11,217585.12,6044.03,2022-04-07,2024-09-06,883.0,High Value
6462,Tiffany Walker,Silver,VA,8,216934.39,7480.5,2022-01-11,2024-08-06,938.0,High Value
7270,Andrew Simpson,Bronze,WA,10,216333.38,9833.34,2022-05-18,2024-09-08,844.0,High Value
3163,Michaela Moore,Platinum,MA,11,216214.88,7207.16,2022-02-04,2024-06-08,855.0,High Value
3572,Ricardo Stokes,Platinum,NY,11,216121.6,6003.38,2022-01-07,2024-11-27,1055.0,High Value
6124,Wendy Cruz,Bronze,TN,9,215884.22,7444.28,2022-05-12,2024-12-24,957.0,High Value
3358,Deborah Lynch,Bronze,IN,12,215527.23,5131.6,2022-02-21,2024-12-22,1035.0,High Value
533,Kimberly Mann,Gold,TN,6,215526.33,13470.4,2022-10-17,2024-08-04,657.0,High Value
7816,Frank Blankenship,Gold,IL,9,215340.05,7178.0,2022-01-10,2024-05-04,845.0,High Value
7619,Dawn King,Silver,NY,5,214912.95,15350.93,2023-04-30,2024-10-20,539.0,High Value
3673,Katherine Hamilton,Silver,PA,6,214779.82,11304.2,2022-06-14,2024-04-24,680.0,High Value
3959,Laura Miller,Bronze,TX,9,214627.15,7665.26,2022-01-24,2024-11-03,1014.0,High Value
2398,Andrew Smith,Platinum,FL,7,213978.84,11262.04,2022-06-19,2023-11-11,510.0,High Value
3458,Jennifer Guzman,Silver,FL,6,213864.07,14257.6,2022-08-15,2024-05-04,628.0,High Value
23,Jennifer Cruz,Gold,IN,11,213856.9,5091.83,2022-04-04,2024-12-12,983.0,High Value
8845,Walter Mcintosh,Gold,OH,5,213556.88,12562.17,2023-03-20,2024-11-24,615.0,High Value
8758,George Murphy,Gold,IN,7,213293.22,10664.66,2022-02-17,2024-12-19,1036.0,High Value
5993,Jose Cummings,Gold,TN,8,212374.91,8848.95,2022-07-13,2024-07-14,732.0,High Value
2377,Jonathan Fisher,Silver,MO,9,212101.51,7313.85,2022-01-21,2024-07-25,916.0,High Value
1612,Shannon Cole,Bronze,NC,8,212080.17,8156.93,2022-01-04,2024-04-18,835.0,High Value
9271,Kristopher Mitchell,Gold,WI,12,211969.01,5888.03,2022-01-19,2024-12-02,1048.0,High Value
9299,Andrew Hill,Silver,MO,6,211967.91,7570.28,2022-01-11,2024-08-02,934.0,High Value
6066,Kim Nguyen,Silver,MA,9,211901.35,6835.53,2023-03-15,2024-09-03,538.0,High Value
4814,Matthew Allen,Platinum,AZ,7,211893.5,9631.52,2022-04-18,2024-05-23,766.0,High Value
8302,Nathaniel Jordan,Bronze,IL,9,211826.71,8826.11,2022-07-27,2024-11-21,848.0,High Value
8420,Karen Allison,Silver,VA,8,211405.08,8130.96,2022-11-03,2024-11-14,742.0,High Value
9265,Juan Reyes,Silver,CA,9,211245.33,8124.82,2022-04-15,2024-09-20,889.0,High Value
3635,Elizabeth Taylor,Gold,AZ,5,211211.31,19201.03,2022-11-20,2023-12-29,404.0,High Value
4092,Wendy White,Bronze,AZ,10,210813.89,6800.45,2022-02-06,2024-08-09,915.0,High Value
8354,Tracy Warren,Bronze,NJ,7,210812.63,10038.7,2022-07-19,2024-05-15,666.0,High Value
5263,Kim Gould,Silver,NJ,6,210634.04,11086.0,2022-03-08,2024-09-25,932.0,High Value
7104,Amy Rivers,Gold,PA,7,210381.41,7254.53,2022-10-24,2024-12-28,796.0,High Value
1442,Stephen Greene,Bronze,CA,8,210250.89,8410.04,2022-02-06,2024-07-01,876.0,High Value
4052,Tamara Benson,Silver,MI,3,209986.21,20998.62,2022-09-17,2024-10-06,750.0,High Value
7177,Lawrence Keller,Gold,MD,6,209769.12,10488.46,2022-06-11,2024-04-26,685.0,High Value
6943,Robert Martin,Silver,WI,6,209648.29,11034.12,2022-12-11,2024-08-14,612.0,High Value
7949,Audrey Alexander,Gold,TN,9,209578.55,6549.33,2022-04-24,2024-11-18,939.0,High Value
5861,Danielle Miller,Bronze,WI,9,209268.16,8048.78,2022-07-25,2024-11-19,848.0,High Value
1292,Teresa Spencer,Bronze,MO,7,209152.25,11008.01,2022-04-15,2024-10-30,929.0,High Value
1560,Charles Reed,Silver,TX,11,209003.59,5648.75,2022-05-06,2024-09-09,857.0,High Value
4108,Elizabeth Fernandez,Silver,TN,6,208679.41,9937.11,2022-01-01,2023-11-16,684.0,High Value
8322,Samantha Murray,Platinum,NY,9,208644.87,6520.15,2022-06-24,2023-10-01,464.0,High Value
245,Susan Salazar,Gold,NC,7,208594.99,10978.68,2022-12-27,2024-10-10,653.0,High Value
6586,Elizabeth Simon,Silver,AZ,14,208533.86,5086.19,2022-02-06,2024-12-23,1051.0,High Value
9623,Keith Haas,Silver,TX,13,208435.96,6130.47,2022-11-27,2024-08-14,626.0,High Value
2834,Robert Charles,Bronze,GA,7,208359.58,11575.53,2022-05-06,2024-07-04,790.0,High Value
3954,Brittney Wheeler,Silver,MD,10,208183.72,7710.51,2022-05-22,2024-10-24,886.0,High Value
4575,Tiffany Castillo,Silver,FL,8,207954.4,6498.57,2022-01-12,2024-08-17,948.0,High Value
7773,Mario Johnson,Gold,TX,6,207754.53,9443.39,2022-03-21,2024-10-25,949.0,High Value
3412,Jennifer Salazar,Bronze,IL,4,207653.24,10929.12,2022-02-11,2024-08-10,911.0,High Value
6766,Heather Hernandez,Bronze,WA,4,207491.37,12205.37,2022-04-24,2024-07-18,816.0,High Value
9037,Steve Baker,Bronze,MO,6,207415.44,13827.7,2022-08-04,2024-10-04,792.0,High Value
7830,Mary Johnson,Bronze,PA,8,207109.13,6680.94,2022-02-05,2024-11-01,1000.0,High Value
4842,Bradley Freeman,Gold,OH,6,207102.49,7670.46,2022-05-05,2024-06-03,760.0,High Value
2399,Crystal Brown,Gold,TN,5,207062.28,8627.59,2023-03-08,2024-11-04,607.0,High Value
2161,Amy Meadows,Silver,VA,5,207045.84,12940.36,2022-02-06,2024-09-06,943.0,High Value
3016,Katherine Johnston,Bronze,OH,12,206119.81,7634.07,2022-02-06,2023-12-09,671.0,High Value
9348,Brianna Frazier,Gold,NC,4,205587.3,12093.37,2023-05-03,2023-07-15,73.0,High Value
6118,Christine Perez,Bronze,IN,13,205075.14,5396.71,2022-02-24,2024-11-09,989.0,High Value
8796,Ruth Hines,Gold,NY,8,205029.74,8201.19,2022-02-06,2024-11-17,1015.0,High Value
1513,James Hall,Silver,IL,6,204535.86,9297.08,2022-02-24,2023-12-31,675.0,High Value
2509,Steve Price,Bronze,IN,5,204369.03,10756.26,2023-03-26,2024-08-08,501.0,High Value
6315,Dana Hughes,Gold,IN,6,204344.98,10217.25,2022-08-21,2024-10-17,788.0,High Value
5877,Kaitlyn Cole,Bronze,GA,8,204313.62,7858.22,2022-10-25,2024-06-18,602.0,High Value
6303,Jeffrey Becker,Silver,AZ,7,204168.54,8876.89,2022-05-23,2024-07-21,790.0,High Value
5778,Diana Ross,Platinum,NJ,5,204058.71,10202.94,2022-09-27,2024-04-18,569.0,High Value
3287,Tyler Pittman,Silver,MO,6,203861.19,10729.54,2022-05-14,2024-07-13,791.0,High Value
6861,John Taylor,Silver,MD,3,203507.84,33917.97,2022-09-20,2023-03-10,171.0,High Value
676,Mary Woodard,Gold,NY,3,203108.93,16925.74,2022-01-06,2023-07-23,563.0,High Value
2165,Dawn Saunders,Gold,WA,6,203078.34,10688.33,2022-04-12,2024-10-25,927.0,High Value
4693,Samantha Tate,Gold,TX,8,202931.3,9663.4,2022-03-03,2024-08-23,904.0,High Value
3113,Jennifer Lewis,Gold,WI,6,202839.72,15603.06,2022-01-20,2024-10-12,996.0,High Value
6154,Alexis Hood,Bronze,WA,6,202726.22,11262.57,2022-07-10,2024-02-01,571.0,High Value
4010,Rebecca Matthews,Silver,MO,11,202627.95,4712.28,2022-07-06,2024-12-04,882.0,High Value
303,Carrie Hunt,Silver,MD,7,202594.81,10662.88,2022-04-28,2024-12-02,949.0,High Value
4926,Daniel Alexander,Gold,NJ,4,202588.61,25323.58,2022-12-03,2024-12-18,746.0,High Value
4543,Robert Gray,Bronze,NY,5,202506.74,13500.45,2022-02-27,2024-03-29,761.0,High Value
5572,Gail Kaiser,Silver,VA,13,202333.35,4598.49,2022-01-13,2024-11-16,1038.0,High Value
797,Sheri Nguyen,Silver,PA,12,201919.1,6962.73,2022-04-17,2024-11-02,930.0,High Value
6236,Joseph Doyle,Bronze,IL,4,201817.92,15524.46,2022-05-17,2024-06-16,761.0,High Value
9955,Peter Walker,Gold,PA,5,201780.78,12611.3,2022-01-06,2024-07-13,919.0,High Value
8554,Jennifer Copeland,Silver,GA,5,200714.05,16726.17,2022-05-30,2024-10-04,858.0,High Value
3515,John Patel,Bronze,NJ,8,199766.77,7398.77,2022-02-17,2024-10-31,987.0,High Value
945,Tara Barnes,Silver,TN,7,198701.7,7642.37,2022-12-13,2024-07-22,587.0,High Value
5555,Carlos Schmidt,Bronze,NY,8,198180.29,9437.16,2022-06-05,2024-10-19,867.0,High Value
4656,Philip Gordon,Silver,MA,11,197460.15,4816.1,2022-01-05,2024-09-24,993.0,High Value
6037,Shannon Allen,Bronze,MO,13,197258.96,4811.19,2022-04-07,2024-10-22,929.0,High Value
8241,Robert Bowman,Platinum,TX,10,197004.15,7577.08,2022-08-09,2024-11-18,832.0,High Value
7817,Susan Sparks,Gold,NC,13,193878.24,4846.96,2022-03-16,2024-12-28,1018.0,High Value
3626,Michelle Lee,Bronze,TN,6,193789.21,10199.43,2022-05-26,2024-07-10,776.0,High Value
9534,Brenda Johnson,Bronze,IN,11,193750.02,5871.21,2022-05-03,2024-10-17,898.0,High Value
8664,Jason Bridges,Gold,GA,8,192253.82,6866.21,2022-02-02,2024-04-28,816.0,High Value
3215,Sara Reynolds,Bronze,FL,7,192048.1,9602.41,2022-03-27,2024-10-31,949.0,High Value
275,Sarah Moore,Silver,NJ,7,191111.52,8309.2,2022-06-04,2023-06-12,373.0,High Value
3516,Nathaniel Small,Platinum,TN,8,190538.23,7939.09,2022-01-21,2024-05-27,857.0,High Value
8722,Jamie Hayes,Bronze,OH,11,190314.94,5437.57,2022-02-18,2024-05-15,817.0,High Value
2494,Jennifer Martinez,Gold,OH,14,190263.06,4136.15,2022-03-06,2024-12-13,1013.0,High Value
3530,Megan Gordon,Silver,IL,12,190196.03,4876.82,2022-02-23,2024-12-14,1025.0,High Value
7088,Cheryl Rodgers,Bronze,OH,8,190146.84,7042.48,2022-03-21,2024-10-07,931.0,High Value
5539,Belinda Rivera,Gold,WI,7,190017.17,9500.86,2022-03-06,2024-01-01,666.0,High Value
1808,Cynthia Johnson,Bronze,MI,10,189600.49,4624.4,2022-01-27,2024-01-31,734.0,High Value
173,Abigail Dean,Gold,TN,10,189397.17,6764.18,2022-03-07,2024-08-06,883.0,High Value
2450,Dalton Byrd,Platinum,TN,13,189101.22,4727.53,2022-01-22,2024-11-23,1036.0,High Value
1661,Kimberly Schwartz,Silver,MO,6,188783.78,8581.08,2022-05-24,2024-12-13,934.0,High Value
7382,Zachary Hopkins,Gold,NC,9,188053.82,5530.99,2022-02-12,2024-12-12,1034.0,High Value
2857,Devon Vaughan,Silver,WA,9,187932.85,6480.44,2022-05-06,2024-03-17,681.0,High Value
2066,Kaitlyn Ray,Bronze,NJ,16,187654.88,4264.88,2022-01-07,2024-12-30,1088.0,High Value
2130,Nicholas Chapman,Gold,OH,6,187543.88,7814.33,2022-01-22,2024-03-12,780.0,High Value
2367,Diane Johnson,Gold,IL,6,187428.97,9864.68,2023-06-21,2024-11-11,509.0,High Value
4039,Jennifer Anderson,Silver,VA,9,187137.71,5198.27,2022-06-02,2024-08-04,794.0,High Value
2953,Sharon Patterson,Bronze,TN,8,186895.55,6444.67,2022-04-03,2024-12-19,991.0,High Value
4491,Joseph Leblanc,Silver,FL,9,186594.11,5654.37,2022-01-21,2024-07-20,911.0,High Value
3460,Debra Avery,Gold,TX,7,186164.43,7446.58,2022-01-17,2024-10-19,1006.0,High Value
7922,Jamie Hunt,Silver,MD,10,186150.86,6419.0,2022-02-21,2024-11-30,1013.0,High Value
6300,Michael Williams,Platinum,TN,7,186060.03,8860.0,2022-12-21,2024-05-02,498.0,High Value
7851,Eric Munoz,Bronze,CA,12,185570.98,4217.52,2022-04-26,2024-08-24,851.0,High Value
1723,Evelyn Mcdonald,Platinum,NY,8,185422.25,8061.84,2022-01-10,2024-11-07,1032.0,High Value
4788,Ashley Garcia,Bronze,AZ,13,185159.52,4114.66,2022-06-11,2024-09-30,842.0,High Value
4406,Christopher Castillo,Silver,MD,9,185040.64,5607.29,2022-04-15,2024-02-26,682.0,High Value
2175,Juan Lucero,Bronze,MD,12,184837.31,4864.14,2022-02-01,2024-09-23,965.0,High Value
2348,Douglas Perez,Bronze,MI,8,184720.09,6597.15,2022-03-13,2024-09-06,908.0,High Value
7710,James Roberts,Gold,AZ,7,184514.4,9711.28,2022-02-16,2024-12-08,1026.0,High Value
6143,Catherine Austin,Bronze,TN,8,184472.82,5950.74,2022-01-18,2024-06-26,890.0,High Value
8701,Thomas Hayes,Bronze,TN,11,184326.74,4850.7,2022-01-08,2024-12-24,1081.0,High Value
5716,Abigail Young,Bronze,MA,10,184227.56,5942.82,2022-01-26,2024-12-06,1045.0,High Value
1895,Calvin Anderson,Silver,CA,8,184174.68,7366.99,2022-03-09,2024-08-26,901.0,High Value
2458,Nathan Green,Bronze,IN,6,183769.74,6336.89,2022-02-11,2023-09-27,593.0,High Value
7410,Karen Huber,Platinum,CA,8,183499.14,6327.56,2022-05-31,2024-10-18,871.0,High Value
1507,Michelle Peck,Gold,TX,9,183195.34,7045.97,2022-06-14,2024-10-16,855.0,High Value
6472,Robert Erickson,Gold,AZ,10,183180.78,5550.93,2022-01-25,2024-10-04,983.0,High Value
4428,Scott Williams,Silver,IN,7,183108.15,6103.6,2022-10-10,2024-10-23,744.0,High Value
3273,Joseph Frazier,Bronze,IN,11,182763.05,5538.27,2022-07-12,2024-09-11,792.0,High Value
1242,Kimberly Wilson,Bronze,AZ,11,182755.17,4457.44,2022-01-07,2024-06-27,902.0,High Value
4117,Jennifer Hines,Platinum,MO,9,182714.31,6767.2,2022-03-27,2024-05-17,782.0,High Value
6441,Danielle Brewer,Gold,CA,6,182411.49,10730.09,2023-02-13,2024-12-24,680.0,High Value
2505,Matthew Johnson,Bronze,NJ,8,182332.22,6287.32,2022-04-06,2024-12-26,995.0,High Value
7562,Mary Smith,Gold,GA,8,182222.1,6748.97,2022-02-05,2024-05-19,834.0,High Value
4077,Tiffany Holden,Bronze,MI,10,181952.39,5513.71,2022-01-18,2024-11-30,1047.0,High Value
7127,Jennifer Williamson,Gold,WA,9,181759.21,7270.37,2022-01-07,2024-03-10,793.0,High Value
5586,Jared Barton,Silver,MI,10,181621.8,7896.6,2022-09-12,2024-12-11,821.0,High Value
6978,David Smith,Silver,MA,7,181585.41,8253.88,2022-12-18,2024-10-27,679.0,High Value
4012,Katherine Wheeler,Bronze,TN,10,181567.74,9556.2,2022-09-19,2024-08-27,708.0,High Value
7779,Edwin Garcia,Silver,CA,6,181268.44,10070.47,2022-10-12,2024-09-14,703.0,High Value
272,Christopher Cross,Platinum,AZ,7,181186.14,7549.42,2022-10-27,2024-12-01,766.0,High Value
4798,Jacob Morales,Bronze,AZ,8,181070.8,6466.81,2022-01-25,2024-05-16,842.0,High Value
6269,Crystal Fox,Platinum,IN,9,181014.75,6033.82,2022-02-21,2024-09-19,941.0,High Value
6570,James Anderson,Bronze,NC,6,180914.92,6958.27,2022-01-21,2024-08-20,942.0,High Value
6914,James Nixon,Gold,NC,7,180907.46,7865.54,2022-02-07,2024-12-04,1031.0,High Value
7456,Kelli Chambers,Gold,IN,12,180688.66,5162.53,2022-03-18,2024-06-03,808.0,High Value
7462,Meredith Carrillo,Silver,GA,7,180182.7,6930.1,2022-05-10,2024-07-25,807.0,High Value
9860,Jonathan Henderson,Bronze,MI,5,180104.79,15008.73,2022-09-21,2024-09-15,725.0,High Value
1815,Charles Christensen,Bronze,IN,10,179996.3,6428.44,2022-02-04,2024-07-29,906.0,High Value
5785,Joshua Figueroa,Silver,MI,7,179682.92,7187.32,2023-04-10,2024-12-16,616.0,High Value
7680,Angela Leblanc,Platinum,FL,10,179460.33,5438.19,2022-02-27,2024-11-11,988.0,High Value
7403,Bonnie Butler,Bronze,TX,10,179410.7,4600.27,2022-01-20,2024-11-20,1035.0,High Value
7311,Jessica Wood,Gold,OH,8,179380.41,8153.65,2022-03-29,2024-11-13,960.0,High Value
1024,Janet Johnson,Silver,GA,12,179284.97,4268.69,2022-03-29,2024-11-29,976.0,High Value
3604,Courtney Ward,Bronze,MD,10,179282.6,6895.48,2022-03-24,2024-08-13,873.0,High Value
7019,John Horton,Silver,WI,8,179270.81,6639.66,2022-05-05,2024-10-19,898.0,High Value
4748,George Chambers,Platinum,MA,10,179266.38,5782.79,2022-03-27,2024-10-22,940.0,High Value
2144,Elizabeth Williams,Gold,NY,10,179002.05,7458.42,2022-01-18,2024-09-08,964.0,High Value
3712,Traci White,Silver,NY,9,178944.86,7780.21,2022-01-29,2024-11-21,1027.0,High Value
9033,Tyler Berger,Silver,MO,6,178907.82,8519.42,2023-04-06,2024-12-18,622.0,High Value
2117,John Figueroa,Bronze,CA,12,178758.26,5107.38,2022-08-09,2024-09-09,762.0,High Value
959,Christopher Cobb,Platinum,PA,7,178469.83,8112.26,2022-07-21,2023-10-03,439.0,High Value
5070,Scott Jackson,Gold,TN,6,178007.59,8476.55,2022-06-25,2024-10-12,840.0,High Value
7113,Veronica Ashley,Gold,IN,7,177837.72,7732.07,2022-03-06,2024-12-01,1001.0,High Value
5152,Emily White,Bronze,TN,7,177831.51,6351.13,2022-10-15,2024-02-05,478.0,High Value
9324,Jessica Sherman,Gold,VA,12,177766.43,5079.04,2022-05-05,2024-09-10,859.0,High Value
9764,Jacob Griffin,Platinum,MI,12,177706.67,4442.67,2022-01-08,2024-05-10,853.0,High Value
8606,Carol Delacruz,Platinum,WI,7,177627.65,6343.84,2022-01-21,2024-12-09,1053.0,High Value
9542,Mary Pena,Bronze,MI,7,177574.46,6341.94,2022-06-02,2024-08-04,794.0,High Value
8150,Cody Gordon,Gold,VA,7,177516.71,8875.84,2022-07-14,2024-09-11,790.0,High Value
5327,Monica Beck,Bronze,FL,7,177431.72,8871.59,2022-07-14,2024-10-08,817.0,High Value
3704,Debra Turner,Bronze,NJ,10,177360.35,5912.01,2022-01-01,2024-12-27,1091.0,High Value
6268,Dana Adams,Silver,FL,7,176911.55,11056.97,2022-09-17,2024-08-01,684.0,High Value
8684,Matthew Scott,Bronze,OH,8,176829.35,7073.17,2022-04-12,2024-02-12,671.0,High Value
4564,Christine Clayton,Bronze,MA,6,176456.62,8020.76,2023-02-22,2024-11-04,621.0,High Value
6128,Laura Cobb,Bronze,MI,8,176415.36,8400.73,2022-04-30,2024-09-25,879.0,High Value
9526,Cynthia Vega,Platinum,WI,16,176379.26,3149.63,2022-01-20,2024-11-01,1016.0,High Value
135,Brittney Rice,Silver,TX,4,176306.38,12593.31,2022-04-09,2024-10-29,934.0,High Value
702,Steven Holland,Gold,NJ,9,176176.27,5033.61,2022-04-22,2024-10-18,910.0,High Value
4155,Robin Mitchell,Silver,TX,7,175787.01,7642.91,2022-04-24,2024-09-06,866.0,High Value
6677,Jason Jefferson,Bronze,MD,8,175711.0,6275.39,2022-01-13,2024-12-16,1068.0,High Value
1276,Maria Barnes,Silver,OH,8,175662.36,10333.08,2022-06-23,2024-08-11,780.0,High Value
507,Colin Rodriguez,Bronze,NY,7,175339.43,8349.5,2022-02-12,2024-11-30,1022.0,High Value
7111,Raven Pace,Gold,PA,7,174952.49,7952.39,2022-07-04,2024-11-22,872.0,High Value
386,Robert Ballard,Gold,TN,9,174741.18,7942.78,2022-01-31,2024-04-07,797.0,High Value
1950,Shelley Sherman,Platinum,WA,6,174594.87,9189.2,2022-08-08,2024-07-28,720.0,High Value
9755,Cory Johnson,Silver,IL,5,174548.95,12467.78,2022-03-23,2024-09-01,893.0,High Value
1412,Cassidy Stone,Silver,MA,7,174118.53,8705.93,2022-02-28,2024-02-05,707.0,High Value
4624,Emily White,Bronze,MD,6,174058.05,9160.95,2022-02-22,2024-08-11,901.0,High Value
9191,Kelly Cannon,Bronze,FL,7,174008.55,7909.48,2023-01-08,2024-08-27,597.0,High Value
382,Renee Smith,Gold,IL,6,173940.74,8697.04,2022-03-12,2024-09-29,932.0,High Value
4738,William Peterson,Gold,WA,6,173922.88,8696.14,2022-07-20,2024-10-06,809.0,High Value
5283,Carl Luna,Platinum,NJ,6,173810.39,14484.2,2022-01-08,2024-12-23,1080.0,High Value
7468,Brian Scott,Bronze,MA,6,173495.04,9638.61,2022-08-05,2024-01-05,518.0,High Value
831,Karen Simpson,Gold,MD,4,173333.24,11555.55,2022-10-06,2023-10-21,380.0,High Value
4263,Andre Krueger,Silver,WA,3,173181.67,14431.81,2023-09-15,2024-06-23,282.0,High Value
4513,Jacqueline Ward,Bronze,GA,5,172928.33,9101.49,2022-05-15,2024-10-04,873.0,High Value
3656,Kevin Jackson,Silver,TX,5,172911.53,9606.2,2023-04-28,2024-04-29,367.0,High Value
128,Mario Padilla,Platinum,MD,3,172900.6,15718.24,2022-09-19,2024-10-31,773.0,High Value
7855,Douglas Olson,Bronze,AZ,6,172884.95,10169.7,2022-06-28,2024-08-06,770.0,High Value
6613,Walter Jackson,Silver,MA,4,172473.07,10779.57,2022-04-24,2024-09-03,863.0,High Value
9142,Tina Schmidt,Platinum,NC,5,172454.21,17245.42,2022-01-20,2023-06-26,522.0,High Value
7570,Vicki Lee,Bronze,MD,6,172205.08,10762.82,2022-04-08,2024-07-30,844.0,High Value
9261,Tyler Brock,Platinum,NC,6,172180.12,8609.01,2022-11-01,2024-08-03,641.0,High Value
5598,Daniel Cox,Bronze,OH,6,171834.81,12273.91,2022-06-04,2024-10-16,865.0,High Value
2465,Phillip Lewis,Platinum,IL,6,171450.7,13188.52,2023-02-20,2024-04-04,409.0,High Value
9213,Tyler Hurley,Bronze,MO,12,170824.75,4166.46,2022-01-10,2024-11-18,1043.0,High Value
7125,Alison Black,Gold,MA,7,170773.08,10045.48,2022-12-03,2024-12-21,749.0,High Value
1124,Joseph Hunt,Bronze,NC,7,170616.64,8124.6,2022-03-14,2024-11-14,976.0,High Value
7755,Jennifer Fernandez,Bronze,GA,3,170585.2,24369.31,2023-07-29,2024-09-14,413.0,High Value
2898,David Espinoza,Bronze,WI,7,170263.03,6810.52,2022-01-20,2024-07-27,919.0,High Value
3590,Corey Buckley,Bronze,OH,9,170072.02,5486.19,2022-01-15,2024-12-06,1056.0,High Value
7463,Amber Colon,Bronze,NY,6,170041.53,8502.08,2022-08-13,2024-12-14,854.0,High Value
3198,Gabriel Hernandez,Gold,IL,4,169413.58,14117.8,2022-07-06,2024-06-07,702.0,High Value
4366,Carolyn Thompson,Bronze,OH,3,168876.51,18764.06,2022-06-17,2023-03-31,287.0,High Value
6137,Brent Jordan,Bronze,NC,10,168373.26,4550.63,2022-06-08,2024-11-24,900.0,High Value
2046,Adam Andrews,Platinum,NC,5,168143.97,14012.0,2023-06-01,2024-12-09,557.0,High Value
2852,Brian Williams,Bronze,TX,8,167901.97,5996.5,2022-01-26,2024-08-17,934.0,High Value
804,Rachel Dillon,Platinum,CA,3,167896.01,27982.67,2022-02-24,2024-05-11,807.0,High Value
1447,Laura Thomas,Bronze,TX,6,167231.46,7601.43,2023-05-19,2024-08-23,462.0,High Value
8586,John Sawyer,Gold,MA,8,166634.0,5746.0,2022-04-02,2024-06-22,812.0,High Value
7220,Sarah Ford,Gold,AZ,11,166207.39,3957.32,2022-01-04,2024-01-28,754.0,High Value
6082,Alicia Jennings,Gold,NC,15,166100.99,3775.02,2022-04-10,2024-11-26,961.0,High Value
4262,Maria Hunt,Gold,GA,9,165852.61,4482.5,2022-06-21,2024-12-25,918.0,High Value
7901,Peter Dodson,Bronze,NC,7,165847.26,7538.51,2022-01-07,2024-09-04,971.0,High Value
5688,Cynthia Smith,Silver,CA,6,164017.92,4686.23,2022-04-07,2024-12-29,997.0,High Value
3715,Ashley Rodriguez,Bronze,MA,10,162915.41,6516.62,2022-03-14,2024-09-04,905.0,High Value
6450,Theodore Phillips,Bronze,MO,6,162822.48,6784.27,2022-05-16,2024-11-26,925.0,High Value
313,George Webster,Gold,IN,13,162803.55,4070.09,2022-03-29,2024-11-10,957.0,High Value
3591,Jennifer Norman,Silver,IL,17,162590.89,3067.75,2022-04-10,2024-12-07,972.0,High Value
6252,Daniel Woodward,Bronze,VA,5,162570.88,14779.17,2022-02-07,2024-01-03,695.0,High Value
5068,Crystal Harvey,Silver,TX,11,162360.29,3382.51,2022-03-15,2024-12-21,1012.0,High Value
7737,Brittany Jones,Platinum,PA,5,162349.97,7379.54,2022-06-04,2024-09-13,832.0,High Value
1355,Alison Collins,Silver,MI,11,161865.23,4259.61,2022-06-05,2024-10-22,870.0,High Value
3620,Linda Warren,Silver,MO,9,161067.19,6442.69,2022-01-21,2024-07-17,908.0,High Value
8862,Jennifer Johnson,Bronze,NY,5,160697.37,11478.38,2022-12-20,2024-12-28,739.0,High Value
9949,Christina Castro,Platinum,MD,11,160452.22,3731.45,2022-04-09,2024-12-26,992.0,High Value
1117,Maria Juarez,Bronze,IL,5,160337.08,9431.59,2022-07-09,2024-10-27,841.0,High Value
7888,Christina James,Bronze,CA,10,159318.63,5139.31,2022-03-08,2024-09-03,910.0,High Value
5076,Mark Bryant,Bronze,WA,9,158099.66,4940.61,2022-04-15,2024-08-03,841.0,High Value
8229,Daryl Park,Gold,TX,13,157527.06,4257.49,2022-02-16,2024-12-10,1028.0,High Value
7107,Shannon Galloway,Bronze,AZ,7,157439.79,7497.13,2022-07-14,2024-06-12,699.0,High Value
4353,Christopher Cochran,Silver,WA,7,157257.92,7488.47,2023-08-01,2024-11-29,486.0,High Value
5707,Jon Phillips,Platinum,TN,7,157105.53,5818.72,2022-01-11,2024-09-11,974.0,High Value
1636,Susan Myers,Silver,TN,4,156686.3,14244.21,2022-12-16,2024-11-22,707.0,High Value
7887,Monica Freeman,Gold,TN,5,156347.76,7445.13,2022-05-17,2023-08-31,471.0,High Value
4849,Ernest Burns,Silver,NJ,7,153111.13,5468.25,2022-02-19,2024-07-03,865.0,High Value
6538,Adam Schultz,Silver,TX,9,153107.98,4374.51,2022-01-15,2024-09-11,970.0,High Value
5001,Daniel Perry,Bronze,NJ,8,153095.47,9005.62,2022-04-03,2024-11-21,963.0,High Value
3851,Patricia Miller,Silver,IL,5,152992.36,13908.4,2022-01-09,2024-03-11,792.0,High Value
5944,Michael Brewer,Platinum,NC,8,152773.52,5268.05,2022-03-09,2024-12-27,1024.0,High Value
6909,Gary Flynn,Bronze,NC,10,150988.63,4718.39,2022-03-05,2024-06-24,842.0,High Value
1987,Jennifer Baldwin,Silver,WI,8,150936.93,7546.85,2022-01-29,2023-10-28,637.0,High Value
562,Phillip Jones,Bronze,AZ,11,150917.25,4078.84,2022-04-10,2024-11-18,953.0,High Value
6514,Kimberly Lewis,Bronze,VA,9,150553.82,7923.89,2022-03-16,2024-05-18,794.0,High Value
546,Jennifer Phelps,Bronze,IL,9,150018.78,4167.19,2022-01-01,2024-11-08,1042.0,High Value
1521,Shannon Elliott,Silver,NC,10,149977.79,5554.73,2023-05-02,2024-12-17,595.0,High Value
6557,Mary Martinez,Bronze,IN,5,149317.8,8783.4,2022-03-07,2023-05-23,442.0,High Value
464,Daniel Moyer,Bronze,AZ,6,149050.13,8280.56,2022-07-19,2024-06-13,695.0,High Value
2176,Ashley Acevedo,Silver,VA,10,148951.81,4965.06,2022-06-25,2024-12-31,920.0,High Value
9490,Melissa Fleming,Bronze,WA,8,148693.62,4796.57,2022-06-06,2024-11-21,899.0,High Value
3724,Kelly Schroeder,Platinum,GA,11,148207.35,4234.5,2022-01-26,2024-12-01,1040.0,High Value
1399,Victoria Ramirez,Bronze,PA,9,148024.73,6435.86,2022-02-23,2024-07-24,882.0,High Value
8126,Gregory Allen,Gold,VA,9,146566.56,4187.62,2022-01-04,2024-11-20,1051.0,High Value
1352,Alyssa Yu,Bronze,AZ,5,146270.79,8126.16,2022-06-23,2024-10-17,847.0,High Value
4924,Anna Vasquez,Silver,NC,11,146147.77,3747.38,2022-03-09,2024-10-03,939.0,High Value
7777,John Ferguson,Gold,NC,5,145719.39,10408.53,2022-05-01,2024-08-18,840.0,High Value
297,Walter Gallegos,Bronze,FL,6,144505.9,9633.73,2022-11-16,2024-10-07,691.0,High Value
3328,Suzanne Cook,Bronze,NY,11,144291.49,3899.77,2022-01-11,2024-12-25,1079.0,High Value
9029,Sarah Monroe,Silver,MD,6,144247.43,8013.75,2022-07-23,2024-10-28,828.0,High Value
6702,Jennifer Powell,Bronze,NC,10,143612.68,5983.86,2022-10-01,2024-07-05,643.0,High Value
612,Kelly Mills,Gold,GA,7,142824.05,7934.67,2022-02-24,2024-11-26,1006.0,High Value
9451,David Hall,Gold,WI,6,142030.07,7475.27,2022-11-07,2024-08-29,661.0,High Value
610,Kathy Roman,Gold,VA,7,141848.72,8344.04,2022-07-23,2024-12-13,874.0,High Value
5309,Joseph Howard,Bronze,VA,8,141568.2,6741.34,2022-01-08,2024-09-10,976.0,High Value
4566,Amy Weaver,Bronze,TN,8,141535.14,5661.41,2022-01-04,2024-11-28,1059.0,High Value
148,Roberta Shaw,Bronze,MD,13,141089.59,4275.44,2022-01-28,2024-08-01,916.0,High Value
5847,Penny Delgado,Bronze,CA,4,140842.81,10060.2,2022-07-19,2024-07-31,743.0,High Value
1158,Antonio Blanchard,Gold,WI,7,139565.34,4984.48,2022-03-08,2023-11-28,630.0,High Value
3388,Derek Murray,Bronze,NC,5,139371.75,7335.36,2022-02-26,2023-11-26,638.0,High Value
9170,Matthew Davis,Silver,WI,6,137997.97,5519.92,2022-03-28,2024-06-29,824.0,High Value
8167,Jesse Schwartz,Bronze,MO,8,137531.62,4584.39,2022-04-08,2024-10-15,921.0,High Value
4463,Theresa Crawford,Bronze,OH,6,136907.83,8556.74,2022-05-15,2024-07-09,786.0,High Value
8416,Stacey Santiago,Bronze,CA,6,136730.49,5258.86,2023-01-05,2024-05-09,490.0,High Value
2983,Marco Blankenship,Platinum,AZ,7,135639.6,6165.44,2022-12-16,2024-07-14,576.0,High Value
1896,Timothy Smith,Platinum,TX,10,135259.8,3655.67,2022-07-24,2024-12-10,870.0,High Value
894,Shelley Velasquez,Bronze,OH,6,134458.36,6722.92,2022-03-29,2024-11-07,954.0,High Value
427,Nicholas Maynard,Silver,VA,12,134355.29,3198.94,2022-04-08,2024-11-16,953.0,High Value
2118,Sarah Palmer,Bronze,AZ,7,134351.53,5374.06,2023-07-02,2024-11-02,489.0,High Value
5546,Daniel Hickman,Bronze,GA,12,134343.27,3630.9,2022-02-10,2024-11-12,1006.0,High Value
7163,Tiffany Owens,Gold,GA,6,133271.76,7014.3,2022-01-14,2023-04-14,455.0,High Value
2664,Brenda Clayton,Gold,MD,10,131969.64,3665.82,2022-01-20,2024-03-14,784.0,High Value
7183,Eric Mcdonald,Bronze,OH,6,131674.99,6930.26,2022-01-25,2024-12-15,1055.0,High Value
7280,Jessica Glenn,Silver,NY,12,131420.55,3458.44,2022-10-20,2024-12-05,777.0,High Value
9423,Anna Beck,Bronze,MI,6,129521.72,8095.11,2022-02-02,2024-08-02,912.0,High Value
101,Joshua Pineda,Gold,NY,7,129326.94,4310.9,2022-03-03,2024-08-30,911.0,High Value
6135,Amber Charles,Silver,IL,11,128277.73,3563.27,2022-01-02,2024-11-10,1043.0,High Value
1752,Vicki Miller,Silver,MO,6,127236.66,7952.29,2022-09-23,2024-05-20,605.0,High Value
4091,Rachel Morse,Bronze,OH,10,126774.61,3961.71,2022-10-02,2024-08-10,678.0,High Value
8783,Vanessa Hill,Bronze,TX,7,126618.07,5505.13,2022-11-30,2024-10-05,675.0,High Value
5923,Theresa Liu,Bronze,TN,9,125311.36,4819.67,2022-06-07,2024-03-10,642.0,High Value
6258,Paula Turner,Bronze,MI,8,125035.79,5683.44,2022-03-19,2024-05-26,799.0,High Value
7495,Lisa Watkins,Silver,NJ,11,124954.95,4627.96,2022-02-28,2024-12-06,1012.0,High Value
1864,Shaun Beck,Bronze,CA,11,124053.35,3648.63,2022-03-14,2024-11-29,991.0,High Value
6481,Carolyn Glover,Bronze,WI,4,123517.11,12351.71,2023-01-06,2024-08-31,603.0,High Value
1165,Gary Morris,Silver,WA,3,123199.35,11199.94,2022-11-01,2024-11-26,756.0,High Value
9722,Ryan Nelson,Silver,WA,10,121514.11,4190.14,2022-08-10,2024-10-03,785.0,High Value
2142,Sherry Molina,Bronze,GA,7,118928.06,4955.34,2022-05-11,2023-07-29,444.0,High Value
7072,Ashlee Medina,Bronze,IN,7,118870.01,6256.32,2022-05-03,2024-06-25,784.0,High Value
7352,Lydia Smith,Bronze,GA,7,118572.34,4391.57,2022-01-30,2024-11-19,1024.0,High Value
4811,Zachary Diaz,Gold,NC,7,118555.73,6586.43,2022-06-20,2024-03-30,649.0,High Value
8570,Thomas Jenkins,Silver,OH,9,117231.52,4884.65,2022-03-31,2023-12-24,633.0,High Value
8144,Cody Sims,Bronze,MD,9,116626.25,3887.54,2022-02-24,2024-12-14,1024.0,High Value
6172,Dennis Richardson,Gold,VA,3,116534.83,8964.22,2022-03-23,2023-08-03,498.0,High Value
3713,Kimberly Braun,Bronze,NC,11,115928.91,3622.78,2022-01-24,2024-06-10,868.0,High Value
5004,Michael Romero,Silver,GA,5,115049.02,7190.56,2022-05-27,2024-09-22,849.0,High Value
2319,Bridget Hunter,Platinum,MA,9,113893.8,3349.82,2022-03-05,2024-06-21,839.0,High Value
2400,Chris Lopez,Silver,IL,7,113274.56,8091.04,2022-02-17,2024-11-11,998.0,High Value
359,Donald Gray,Bronze,MA,7,113173.73,4920.6,2022-05-18,2024-10-25,891.0,High Value
8970,Melinda Grant,Bronze,MA,5,112816.1,7521.07,2022-10-01,2024-05-01,578.0,High Value
13,Rodney Bernard,Platinum,WA,10,111647.99,3101.33,2022-05-18,2024-04-09,692.0,High Value
8301,Alison Robinson,Platinum,GA,6,110703.75,4257.84,2022-04-02,2024-12-13,986.0,High Value
188,Amanda Davis,Platinum,NY,6,110444.06,6496.71,2022-03-12,2024-12-25,1019.0,High Value
3856,Heather Cox,Silver,TX,8,106994.1,3451.42,2022-06-27,2023-12-11,532.0,High Value
4457,Roberto Meyer,Bronze,TX,11,104969.16,2837.0,2022-02-13,2024-11-12,1003.0,High Value
8404,Katie Day,Gold,IL,7,102905.69,4474.16,2022-02-22,2023-11-13,629.0,High Value
3413,Jenna Moon,Gold,PA,6,100123.32,4353.19,2022-02-22,2024-09-06,927.0,High Value
6578,Amanda Livingston,Platinum,MA,7,99932.5,5878.38,2022-03-12,2024-10-20,953.0,Mid Value
2514,Jessica Clayton,Bronze,MO,8,96362.08,4588.67,2022-05-31,2024-05-30,730.0,Mid Value
8396,William Mcclain,Bronze,TN,5,95929.4,5048.92,2022-07-10,2024-10-06,819.0,Mid Value
6888,Nicole Contreras,Silver,IN,8,95488.38,3819.54,2022-02-23,2024-11-06,987.0,Mid Value
3853,Margaret Dean,Silver,MD,11,94459.08,1852.14,2022-02-10,2024-12-03,1027.0,Mid Value
3907,Jeffrey Garcia,Silver,TN,8,94215.55,4486.45,2022-01-16,2023-11-18,671.0,Mid Value
8155,Jennifer Clayton,Silver,AZ,8,93354.77,3734.19,2022-06-16,2024-05-04,688.0,Mid Value
96,Adam Reyes,Silver,CA,5,92999.98,6200.0,2022-03-02,2024-12-21,1025.0,Mid Value
7684,Mindy Moreno,Gold,GA,5,92737.75,7728.15,2022-04-04,2023-12-04,609.0,Mid Value
1948,Jason Richards,Bronze,AZ,11,92313.68,3183.23,2022-04-29,2024-08-08,832.0,Mid Value
9747,James Davis,Platinum,MI,10,92265.72,3075.52,2022-03-17,2024-07-13,849.0,Mid Value
3900,Dustin Hall,Bronze,TN,11,88526.22,2529.32,2022-01-23,2024-11-15,1027.0,Mid Value
6757,Donald Johnson,Bronze,IL,12,86220.25,1874.35,2022-01-28,2024-06-26,880.0,Mid Value
4149,Ashley Hill,Silver,TN,7,85139.45,4481.02,2022-04-03,2024-09-19,900.0,Mid Value
1653,Jesse Choi,Bronze,MI,8,83026.18,3953.63,2022-03-12,2024-10-31,964.0,Mid Value
3905,Brian Underwood,Silver,TX,10,82672.45,2666.85,2022-08-05,2024-10-29,816.0,Mid Value
5986,Gina Clark,Silver,WA,13,82625.6,2582.05,2022-02-23,2024-10-08,958.0,Mid Value
6332,Jennifer Russo,Bronze,FL,11,82191.77,1956.95,2022-08-16,2024-11-19,826.0,Mid Value
6735,Gregory Vargas,Platinum,NC,10,82165.15,2567.66,2023-04-03,2024-12-27,634.0,Mid Value
2286,Andrew Tucker,Silver,IN,8,81733.06,3892.05,2022-11-22,2024-12-22,761.0,Mid Value
1108,John Smith,Silver,FL,6,80941.18,4761.25,2022-04-18,2024-10-14,910.0,Mid Value
2855,Katelyn James,Platinum,IL,8,79694.66,3464.99,2022-02-27,2024-11-23,1000.0,Mid Value
9628,Mark Stevens,Gold,PA,9,79547.24,3314.47,2022-01-08,2024-03-28,810.0,Mid Value
6768,Nicole Ruiz,Silver,AZ,8,79392.56,2737.67,2022-05-29,2024-06-06,739.0,Mid Value
8316,Christopher Schwartz,Silver,IN,16,78934.17,1793.96,2022-02-23,2024-08-01,890.0,Mid Value
7216,Jacqueline Jones,Silver,NC,9,78370.68,3918.53,2022-05-19,2024-12-30,956.0,Mid Value
7666,Benjamin Lewis,Gold,MI,7,78204.16,4344.68,2022-01-03,2023-06-22,535.0,Mid Value
8972,Jennifer Ramirez,Silver,CA,8,78171.87,3908.59,2022-01-02,2024-07-09,919.0,Mid Value
6875,Jillian Meyers,Gold,TN,7,77599.26,3103.97,2022-01-31,2024-11-16,1020.0,Mid Value
6486,William Campbell,Bronze,GA,8,76433.28,2830.86,2022-01-20,2024-11-28,1043.0,Mid Value
4230,Julia Knapp,Bronze,NJ,5,74921.84,4162.32,2022-04-16,2024-10-18,916.0,Mid Value
2554,Emily Alvarez,Bronze,WI,13,73591.2,1936.61,2022-02-10,2024-12-08,1032.0,Mid Value
711,Christopher Martin,Gold,NC,8,73588.43,2830.32,2022-04-05,2024-10-09,918.0,Mid Value
163,Brooke Thompson,Gold,CA,7,73230.19,4068.34,2022-05-03,2024-05-11,739.0,Mid Value
6097,Joanne Howard,Bronze,NY,9,73011.94,2517.65,2022-02-25,2024-12-12,1021.0,Mid Value
3267,Kevin Schmitt,Silver,WI,8,72917.51,2700.65,2022-03-02,2024-07-01,852.0,Mid Value
2116,Robert Chang,Bronze,WI,9,72854.93,1917.23,2022-01-25,2024-08-24,942.0,Mid Value
4244,Micheal Mclaughlin,Silver,CA,9,71158.3,2846.33,2022-04-04,2024-12-30,1001.0,Mid Value
1368,Dustin Gordon,Silver,TN,7,70354.35,3197.93,2022-02-23,2024-09-09,929.0,Mid Value
7832,Christie Smith,Bronze,TN,4,70092.47,4672.83,2022-10-31,2024-12-09,770.0,Mid Value
6371,Joseph Howell,Silver,PA,9,69601.65,2109.14,2022-04-27,2024-04-01,705.0,Mid Value
4525,Patrick Tapia,Bronze,MA,9,68581.76,2143.18,2022-05-28,2024-11-27,914.0,Mid Value
2944,Mark Walker,Gold,TN,9,68344.34,1752.42,2022-02-17,2024-11-17,1004.0,Mid Value
6901,Eduardo Santiago,Gold,WA,7,68150.96,2963.09,2022-10-29,2024-09-07,679.0,Mid Value
8009,Chloe James,Bronze,OH,8,66892.75,2908.38,2022-04-03,2024-12-03,975.0,Mid Value
2032,Joan Pittman,Bronze,VA,5,66683.17,3334.16,2022-08-13,2024-12-20,860.0,Mid Value
3904,William Joseph,Bronze,TN,8,66344.58,3491.82,2022-04-24,2024-12-25,976.0,Mid Value
5071,Michelle Alvarez,Platinum,OH,5,66324.0,4421.6,2022-12-27,2024-10-03,646.0,Mid Value
1149,Scott Mcguire,Bronze,TN,6,66031.17,2641.25,2022-09-13,2024-12-01,810.0,Mid Value
9665,Sonia Phillips,Platinum,GA,8,65831.2,1687.98,2022-07-27,2024-08-11,746.0,Mid Value
4722,Paul Snow,Gold,MI,7,65749.49,2528.83,2022-08-07,2024-11-10,826.0,Mid Value
2025,Rodney Mason,Silver,CA,14,65381.95,1421.35,2022-09-20,2024-11-12,784.0,Mid Value
3135,Andrew Griffith,Bronze,TN,9,65000.08,2600.0,2022-09-28,2024-09-10,713.0,Mid Value
2443,Jason Beck,Bronze,WA,8,64622.98,2809.69,2022-03-13,2024-11-08,971.0,Mid Value
5495,Gabriella Kelly,Gold,IN,15,64609.49,1266.85,2022-02-27,2024-11-21,998.0,Mid Value
7637,Robert Keller,Silver,VA,7,64100.43,2913.66,2022-07-26,2024-07-12,717.0,Mid Value
8458,Shawn Gould,Gold,NY,7,63635.86,2651.49,2022-10-03,2024-10-20,748.0,Mid Value
571,Jeffrey Smith,Gold,CA,7,63215.76,2748.51,2022-05-09,2024-04-09,701.0,Mid Value
7567,Elizabeth Weaver,Bronze,PA,10,62889.51,2168.6,2022-08-27,2024-12-15,841.0,Mid Value
1434,Mary Owens,Silver,OH,6,62761.27,3922.58,2022-02-25,2024-01-18,692.0,Mid Value
5543,Jasmine Anderson,Gold,WI,11,62571.94,2018.45,2022-01-13,2024-10-25,1016.0,Mid Value
4107,Brady Bennett,Silver,WA,9,62315.06,2077.17,2022-04-10,2024-10-02,906.0,Mid Value
9273,Helen Carpenter,Silver,WI,8,62041.97,2386.23,2022-02-11,2024-03-29,777.0,Mid Value
5368,Mark Hunter,Bronze,TX,10,61744.74,2129.13,2022-01-31,2024-12-08,1042.0,Mid Value
9831,Michele Williams,Platinum,CA,13,61631.23,1232.62,2022-07-16,2024-11-15,853.0,Mid Value
8757,Donald Harrison,Silver,NJ,9,61547.03,2122.31,2022-12-31,2024-07-20,567.0,Mid Value
1889,Riley Heath,Bronze,OH,10,61492.49,1808.6,2022-05-12,2024-09-04,846.0,Mid Value
2360,Mike Trujillo,Silver,GA,8,61488.68,2459.55,2022-04-14,2024-10-30,930.0,Mid Value
5814,Regina Carter,Silver,WI,13,61387.34,1252.8,2022-02-08,2024-10-09,974.0,Mid Value
3400,Jesse Navarro,Bronze,MD,7,61337.77,2920.85,2022-08-06,2024-06-30,694.0,Mid Value
419,Isabella Williams,Silver,MO,7,61233.44,3401.86,2022-02-09,2024-12-29,1054.0,Mid Value
7962,Sarah Garrison,Silver,IN,11,60813.36,2027.11,2022-01-01,2024-08-16,958.0,Mid Value
7701,Kelsey Taylor,Bronze,IL,13,60488.63,1832.99,2022-06-02,2024-12-03,915.0,Mid Value
9410,Miranda Bell,Silver,MI,6,60484.65,3360.26,2022-07-26,2024-05-23,667.0,Mid Value
8607,Rachel Jones,Silver,FL,7,60028.59,2728.57,2022-08-12,2024-11-20,831.0,Mid Value
2736,Julia Smith,Silver,CA,5,59847.35,3740.46,2022-01-05,2024-06-21,898.0,Mid Value
5139,Dana Guzman,Silver,IN,9,59612.33,2207.86,2022-02-06,2024-12-07,1035.0,Mid Value
6871,John Lawson,Gold,NC,8,59208.49,2574.28,2022-01-10,2024-06-19,891.0,Mid Value
3823,William Moore,Bronze,GA,9,59024.98,1639.58,2022-01-30,2024-11-28,1033.0,Mid Value
9833,Lori Davidson,Bronze,NC,9,58365.28,1716.63,2022-04-11,2024-09-18,891.0,Mid Value
7217,Tammy Parks,Silver,MD,6,58186.22,3422.72,2022-08-21,2024-08-19,729.0,Mid Value
5286,Roy Kelly,Gold,TX,7,57982.41,2899.12,2022-02-04,2024-06-16,863.0,Mid Value
6994,Richard Fitzgerald,Gold,WI,7,57832.3,2514.45,2022-04-13,2024-07-11,820.0,Mid Value
3307,Rachel Anderson,Bronze,MI,10,57727.3,1443.18,2023-03-02,2024-12-25,664.0,Mid Value
3417,David Glass,Bronze,MA,10,57441.26,1641.18,2022-11-16,2024-07-15,607.0,Mid Value
3377,Phillip Rodriguez,Platinum,TN,9,57061.18,1840.68,2022-09-02,2024-05-07,613.0,Mid Value
1954,Renee Ramirez,Gold,NC,9,56674.34,2361.43,2022-06-29,2024-11-17,872.0,Mid Value
9911,Troy Murphy,Silver,WA,7,56517.9,2974.63,2022-04-01,2024-10-30,943.0,Mid Value
7852,Jacob Lee,Bronze,AZ,7,55654.8,2419.77,2022-08-22,2024-08-23,732.0,Mid Value
7008,Christopher Lewis,Bronze,WA,8,55516.61,1982.74,2022-01-10,2024-12-20,1075.0,Mid Value
3213,Samuel Morris,Silver,CA,14,54950.43,1169.16,2022-11-06,2024-12-22,777.0,Mid Value
3930,Patricia Butler,Silver,NJ,7,54898.51,2495.39,2022-08-02,2024-11-10,831.0,Mid Value
3132,Susan Mcgee,Silver,IN,7,54817.64,2491.71,2022-06-26,2024-09-23,820.0,Mid Value
2974,Noah Price,Gold,NY,15,54784.74,1274.06,2022-03-10,2024-11-30,996.0,Mid Value
8869,Ryan Avery,Bronze,MD,12,54052.4,1385.96,2022-04-23,2024-11-11,933.0,Mid Value
9700,Chelsea Johnson,Gold,AZ,11,53961.91,1284.81,2022-01-17,2024-12-21,1069.0,Mid Value
1147,David Farrell,Bronze,OH,8,53943.73,1798.12,2022-08-12,2024-10-18,798.0,Mid Value
4016,Rachel Johnson,Bronze,PA,8,53354.51,2134.18,2022-03-09,2024-12-31,1028.0,Mid Value
6141,Leslie Crawford,Silver,VA,10,53154.73,1328.87,2022-02-05,2024-09-07,945.0,Mid Value
574,Keith Hancock,Bronze,FL,12,53017.9,1000.34,2022-05-28,2024-12-09,926.0,Mid Value
423,Zoe Park,Gold,MO,16,52867.58,1174.84,2022-05-10,2024-12-01,936.0,Mid Value
2425,Kelly Estrada,Bronze,TX,11,52322.41,1414.12,2022-01-18,2024-11-09,1026.0,Mid Value
35,Barbara Parks,Silver,MD,9,52230.08,1801.04,2022-01-20,2023-11-07,656.0,Mid Value
8674,William Shah,Bronze,PA,7,51639.3,2459.01,2022-12-05,2024-10-10,675.0,Mid Value
1084,Jennifer Cooper,Gold,PA,6,51173.3,2693.33,2022-03-05,2024-11-06,977.0,Mid Value
8118,Justin Medina,Bronze,NC,11,51165.91,1279.15,2022-09-04,2024-10-28,785.0,Mid Value
6232,Heidi Stewart,Gold,IL,6,51088.48,2838.25,2022-12-19,2024-11-26,708.0,Mid Value
428,Regina Strickland,Gold,WI,8,51059.97,2042.4,2022-04-28,2024-05-11,744.0,Mid Value
9098,Mary Wilkinson,Silver,GA,7,50821.17,2541.06,2022-04-11,2024-12-05,969.0,Mid Value
5454,Elizabeth Giles,Platinum,FL,13,50736.97,1492.26,2022-01-29,2024-11-25,1031.0,Mid Value
980,Megan Leon,Silver,IL,6,50363.85,2098.49,2023-01-12,2024-05-18,492.0,Mid Value
8003,Erik Monroe,Platinum,WI,8,50066.57,2086.11,2022-03-21,2024-10-12,936.0,Mid Value
2101,Leonard Melendez,Bronze,VA,3,50023.42,2779.08,2022-01-13,2024-01-25,742.0,Mid Value
1471,Molly Stevens,Gold,WI,11,49959.68,1218.53,2022-01-05,2024-10-07,1006.0,Mid Value
3494,Katherine Scott,Gold,AZ,4,49866.93,3116.68,2022-07-04,2024-11-07,857.0,Mid Value
644,Vanessa Cox,Platinum,AZ,10,49862.59,1466.55,2022-04-26,2024-10-21,909.0,Mid Value
9046,Philip Landry,Bronze,NJ,12,49285.83,1408.17,2022-04-22,2024-10-25,917.0,Mid Value
6026,Kathryn Griffith,Silver,MO,10,48929.65,1957.19,2022-02-19,2024-06-20,852.0,Mid Value
2765,Mary Leon,Silver,MO,2,48377.26,8062.88,2022-12-24,2024-06-30,554.0,Mid Value
4984,Christopher Johnson,Bronze,IN,7,48363.17,1612.11,2023-02-26,2024-09-23,575.0,Mid Value
6718,Rachel Hamilton,Bronze,OH,13,48317.32,1464.16,2022-01-02,2024-05-01,850.0,Mid Value
6074,Jennifer Duncan,Platinum,AZ,7,48278.0,2839.88,2022-02-14,2024-01-17,702.0,Mid Value
7648,Matthew Smith,Gold,PA,9,48008.67,1600.29,2022-03-26,2024-10-02,921.0,Mid Value
6270,Raymond Mullen,Bronze,WI,8,47989.49,1297.01,2022-03-19,2024-09-27,923.0,Mid Value
1984,Timothy Jimenez,Bronze,NJ,8,47805.17,1912.21,2022-02-26,2024-02-07,711.0,Mid Value
68,Stacey Tucker,Silver,AZ,12,47649.23,1013.81,2022-02-07,2024-10-20,986.0,Mid Value
1497,Justin Curry,Bronze,CA,8,47581.89,1903.28,2022-01-30,2024-12-01,1036.0,Mid Value
8185,Donald Davies,Bronze,OH,9,47219.19,1430.88,2022-01-14,2024-10-17,1007.0,Mid Value
2496,Michelle Ali,Bronze,MA,7,47122.41,1884.9,2022-06-02,2024-05-23,721.0,Mid Value
2787,Bethany Goodman,Silver,NJ,2,47052.89,9410.58,2024-07-02,2024-11-26,147.0,Mid Value
9675,Robin Williams,Bronze,WI,5,46968.27,2935.52,2022-12-04,2024-09-19,655.0,Mid Value
1101,Barbara King,Silver,MA,11,46812.46,1200.32,2022-02-16,2024-12-04,1022.0,Mid Value
400,Mark Mccoy,Bronze,MD,10,46749.67,1298.6,2022-01-17,2024-10-10,997.0,Mid Value
3165,William Hernandez,Gold,TX,8,46658.22,1608.9,2022-09-10,2024-12-23,835.0,Mid Value
2968,Sue Lee,Silver,MA,10,46644.16,1295.67,2022-05-28,2024-11-04,891.0,Mid Value
3337,Penny Davis,Bronze,PA,11,46325.92,1052.86,2022-08-06,2024-06-13,677.0,Mid Value
2018,Andrea Williams,Silver,NY,12,46319.37,1157.98,2022-06-02,2024-11-26,908.0,Mid Value
8901,Kyle Crawford,Silver,TX,5,46300.87,2315.04,2022-12-21,2024-02-03,409.0,Mid Value
5267,Austin Russo,Silver,MA,9,46092.5,1843.7,2022-02-21,2024-09-05,927.0,Mid Value
979,Stephanie Mclean,Silver,WA,10,45750.48,1386.38,2022-01-22,2024-10-04,986.0,Mid Value
6309,Megan Watson,Platinum,AZ,12,45458.69,1196.28,2022-01-10,2024-10-16,1010.0,Mid Value
1103,Victoria Hardy,Silver,WA,5,45395.01,1973.7,2022-07-18,2024-12-03,869.0,Mid Value
3728,Jeffrey Hodge,Bronze,MA,9,45266.71,1741.03,2022-08-19,2024-08-13,725.0,Mid Value
3670,Taylor Roberts,Bronze,OH,9,44964.75,1665.36,2022-01-27,2024-11-28,1036.0,Mid Value
4283,Thomas Burke,Gold,MI,11,44916.11,1361.09,2022-01-20,2024-03-12,782.0,Mid Value
2089,Danielle Mueller,Gold,MO,8,44872.11,2243.61,2022-03-25,2024-08-04,863.0,Mid Value
2196,Sarah House,Bronze,TN,12,44829.84,1245.27,2022-09-10,2024-09-03,724.0,Mid Value
2783,Andrew Mitchell,Bronze,WI,9,44721.6,1490.72,2022-03-08,2024-11-28,996.0,Mid Value
2487,Ethan Jackson,Bronze,VA,4,44214.35,2105.45,2022-01-16,2023-06-08,508.0,Mid Value
8165,Shannon Rivera,Bronze,NJ,5,44194.84,2209.74,2022-06-02,2024-03-20,657.0,Mid Value
2820,Jeffery Page,Platinum,IN,12,44018.16,1073.61,2022-03-01,2024-12-30,1035.0,Mid Value
8380,Jessica Carpenter,Bronze,NY,7,43987.47,1759.5,2022-06-04,2024-11-07,887.0,Mid Value
8347,Jeremy Brock,Bronze,AZ,9,43910.52,1186.77,2023-05-12,2024-09-09,486.0,Mid Value
886,Jesus Long,Bronze,NY,11,43727.1,1325.06,2022-01-03,2024-07-22,931.0,Mid Value
728,Jennifer Kane,Silver,WI,8,43625.59,1817.73,2022-02-09,2024-07-09,881.0,Mid Value
9574,Richard Tucker,Bronze,NC,11,43560.8,1361.28,2022-01-15,2024-09-23,982.0,Mid Value
7147,Tammy Chang,Silver,FL,9,43529.07,1319.06,2022-02-28,2024-04-06,768.0,Mid Value
133,Casey Elliott,Gold,NJ,10,43345.52,1083.64,2022-07-05,2024-09-14,802.0,Mid Value
6075,Leslie Stephenson,Silver,VA,11,43308.94,984.29,2022-01-24,2024-11-12,1023.0,Mid Value
6941,Jason Henry,Bronze,IN,9,43290.57,1492.78,2022-05-29,2024-12-31,947.0,Mid Value
2246,Sarah Ortiz,Gold,OH,12,43088.36,828.62,2022-01-18,2024-07-09,903.0,Mid Value
3183,Sarah Stephenson,Bronze,WI,9,43085.35,1436.18,2022-02-14,2024-11-12,1002.0,Mid Value
3827,Bonnie Smith,Bronze,OH,5,42935.18,2683.45,2023-05-13,2024-08-14,459.0,Mid Value
8842,Joseph Nelson,Silver,NC,10,42817.11,1646.81,2022-02-10,2024-12-20,1044.0,Mid Value
2338,Jaclyn Mack,Bronze,IL,11,42796.59,1296.87,2022-01-20,2024-12-27,1072.0,Mid Value
5025,Jasmine Duncan,Bronze,AZ,7,42695.86,1856.34,2022-01-15,2024-12-12,1062.0,Mid Value
8263,Kristy Castillo,Silver,WI,7,42639.81,1579.25,2022-01-28,2024-09-08,954.0,Mid Value
1802,Claudia Odonnell,Bronze,TX,14,42633.3,735.06,2022-02-11,2024-11-16,1009.0,Mid Value
6562,Matthew Collins,Silver,NY,5,42336.52,2822.43,2022-03-18,2023-06-05,444.0,Mid Value
5925,Andrew Simmons,Bronze,NC,8,42317.49,1627.6,2022-03-05,2024-12-12,1013.0,Mid Value
6512,Laura Howell,Bronze,GA,12,42155.55,936.79,2022-05-28,2024-10-31,887.0,Mid Value
5198,Mark Kerr,Bronze,TN,5,42148.45,2107.42,2022-06-15,2023-11-01,504.0,Mid Value
9605,Tom Sharp,Silver,OH,6,41782.82,2457.81,2022-01-26,2024-05-13,838.0,Mid Value
906,Kelsey Delgado,Silver,MI,4,41764.51,4640.5,2024-03-20,2024-11-15,240.0,Mid Value
3009,Briana Reyes,Gold,WA,11,41502.32,1431.11,2022-04-02,2024-10-16,928.0,Mid Value
4868,Gregory Bell,Bronze,OH,7,41464.96,1802.82,2022-02-14,2024-05-03,809.0,Mid Value
6679,Sarah Scott,Bronze,PA,3,40994.94,3416.25,2022-05-12,2024-12-30,963.0,Mid Value
6005,Sandra Lawson,Gold,NY,11,40882.2,851.71,2022-01-05,2024-10-04,1003.0,Mid Value
3491,Lisa Kim,Bronze,TN,6,40748.62,1771.68,2022-06-08,2024-12-15,921.0,Mid Value
4483,Peter Carter,Bronze,TX,14,40661.77,865.14,2022-04-19,2024-12-20,976.0,Mid Value
8188,Glen Munoz,Gold,AZ,15,40364.82,877.5,2022-03-09,2024-12-17,1014.0,Mid Value
4013,Shari Herrera,Silver,IL,11,40340.34,896.45,2022-02-28,2024-10-20,965.0,Mid Value
500,Steven White,Bronze,GA,11,40308.16,1007.7,2022-05-11,2024-12-05,939.0,Mid Value
5922,Andrea Whitaker,Bronze,VA,10,40285.44,1220.77,2022-01-31,2024-08-02,914.0,Mid Value
4829,Jade Sharp,Bronze,NJ,7,40271.78,1548.91,2022-05-16,2024-01-02,596.0,Mid Value
4501,Danielle Martinez,Platinum,NJ,7,40161.37,2362.43,2022-04-21,2024-02-28,678.0,Mid Value
9720,Kathleen Copeland,Bronze,FL,5,40150.65,2361.8,2022-02-19,2024-03-13,753.0,Mid Value
5708,Robert Anderson,Bronze,PA,7,40075.49,2109.24,2022-02-07,2024-03-09,761.0,Mid Value
2555,Christopher Fields,Bronze,MD,9,40063.99,1252.0,2022-01-31,2024-12-02,1036.0,Mid Value
1357,Kelly Daniels,Bronze,PA,14,39956.54,1024.53,2022-01-08,2024-07-22,926.0,Mid Value
6667,David Wood,Bronze,PA,13,39823.25,780.85,2022-01-16,2024-12-19,1068.0,Mid Value
9807,John Hunt,Silver,TX,6,39655.56,2643.7,2022-04-17,2024-12-07,965.0,Mid Value
5455,Brianna Mitchell,Silver,CA,9,39622.78,990.57,2022-04-24,2024-12-29,980.0,Mid Value
5816,Corey Murphy,Bronze,IL,17,39613.47,660.22,2022-01-24,2024-10-26,1006.0,Mid Value
6351,Crystal Lawrence,Silver,MD,7,39408.96,1876.62,2022-09-03,2024-10-12,770.0,Mid Value
3597,Lisa Flores,Silver,IL,11,39392.07,960.78,2022-01-26,2024-07-03,889.0,Mid Value
2242,Charles Benjamin,Silver,NY,7,39153.78,1779.72,2022-05-04,2024-03-17,683.0,Mid Value
6338,James Allen,Bronze,NC,11,39115.27,1150.45,2023-02-27,2024-07-11,500.0,Mid Value
5977,Amanda Oliver,Silver,IL,4,39075.66,3005.82,2022-06-28,2024-03-25,636.0,Mid Value
5645,Scott Chen,Platinum,MD,5,38889.54,2046.82,2022-01-11,2024-09-30,993.0,Mid Value
7010,Tammy Vasquez,Platinum,NJ,14,38855.35,809.49,2022-01-03,2024-10-06,1007.0,Mid Value
953,Carolyn Hurley,Silver,CA,9,38804.36,1552.17,2022-01-29,2024-09-30,975.0,Mid Value
5640,Lisa Brock,Bronze,PA,10,38737.71,842.12,2022-07-26,2024-12-08,866.0,Mid Value
1009,Mark Diaz,Bronze,NC,9,38639.45,1679.98,2022-10-27,2024-11-07,742.0,Mid Value
3631,Mark Elliott,Gold,IN,15,38625.22,965.63,2022-02-19,2024-11-24,1009.0,Mid Value
6642,Olivia Holloway,Silver,GA,12,38491.53,785.54,2022-01-17,2024-11-06,1024.0,Mid Value
5147,Chelsea Henderson,Bronze,NJ,10,38374.18,983.95,2022-03-16,2024-08-14,882.0,Mid Value
5648,Jodi Hendricks,Bronze,CA,15,38339.51,958.49,2022-02-27,2024-11-28,1005.0,Mid Value
5561,Bill Terrell,Gold,CA,9,38330.52,1095.16,2023-01-15,2024-11-12,667.0,Mid Value
8694,Anthony Roman,Platinum,MO,12,38305.85,815.02,2022-01-14,2024-08-14,943.0,Mid Value
8173,Tanya Burns,Bronze,PA,8,38126.21,1030.44,2022-02-08,2024-11-27,1023.0,Mid Value
8277,Michael Murphy,Platinum,VA,10,38099.09,1587.46,2022-05-28,2024-12-20,937.0,Mid Value
1806,John Garrett,Silver,NJ,8,38051.94,1268.4,2022-01-29,2024-07-17,900.0,Mid Value
1648,Scott Fleming,Bronze,WA,3,37950.31,3795.03,2023-12-16,2024-09-05,264.0,Mid Value
7556,Heather Rogers,Bronze,TX,11,37929.47,882.08,2022-02-06,2024-12-08,1036.0,Mid Value
2364,Scott Nguyen,Bronze,GA,14,37445.63,1040.16,2022-01-11,2024-08-23,955.0,Mid Value
777,Nancy Ryan,Bronze,TN,9,37418.53,1290.29,2022-08-11,2024-05-02,630.0,Mid Value
9886,Colin Romero,Gold,MA,7,37276.6,1863.83,2022-05-27,2024-10-24,881.0,Mid Value
9580,Angela Ellison,Bronze,NJ,8,37156.05,1486.24,2022-07-30,2024-12-13,867.0,Mid Value
2961,Jacqueline Mitchell,Platinum,MD,17,37055.33,771.99,2022-01-17,2024-12-26,1074.0,Mid Value
5885,Richard Lozano,Silver,IL,15,37035.93,823.02,2022-01-12,2024-12-10,1063.0,Mid Value
1725,Melissa Proctor,Gold,TX,10,36997.71,999.94,2022-05-31,2024-05-30,730.0,Mid Value
3680,Misty George,Silver,NY,5,36950.02,3695.0,2022-11-18,2024-10-08,690.0,Mid Value
5202,Mckenzie Smith,Bronze,PA,10,36861.82,1117.02,2022-04-05,2024-10-19,928.0,Mid Value
5166,James Johnson,Gold,PA,12,36693.02,833.93,2022-03-02,2024-12-05,1009.0,Mid Value
2389,Daniel Vargas,Gold,OH,11,36656.24,852.47,2022-01-08,2024-12-02,1059.0,Mid Value
6954,Amber Farrell,Bronze,WI,16,36481.38,912.03,2022-01-23,2024-09-15,966.0,Mid Value
621,Deanna Spencer,Platinum,WI,11,36473.46,1013.15,2022-01-30,2024-04-21,812.0,Mid Value
6435,Heather Martin,Gold,AZ,16,36361.87,686.07,2022-08-14,2024-12-09,848.0,Mid Value
9005,Jennifer Ware,Gold,NY,7,36316.95,1579.0,2022-01-10,2024-11-25,1050.0,Mid Value
8101,Randy Beard,Bronze,PA,12,36276.67,843.64,2022-08-05,2024-11-07,825.0,Mid Value
6903,Carl Harris,Platinum,CA,10,36072.01,1568.35,2022-08-16,2024-12-19,856.0,Mid Value
7740,Matthew Garner,Bronze,MI,15,36038.31,858.05,2022-01-03,2024-12-23,1085.0,Mid Value
1409,David Cruz,Gold,IL,14,36004.28,766.05,2022-03-11,2024-10-27,961.0,Mid Value
9185,Robert Clark,Bronze,WI,12,35999.23,799.98,2022-01-19,2024-10-08,993.0,Mid Value
8801,Paul Clayton,Bronze,GA,10,35934.73,945.65,2022-10-01,2024-12-14,805.0,Mid Value
1642,Debra Black,Gold,OH,11,35858.34,969.14,2022-02-17,2024-05-30,833.0,Mid Value
251,Jessica Davis,Silver,IN,8,35783.37,1233.91,2022-01-03,2024-10-14,1015.0,Mid Value
4893,Brandon Pacheco,Gold,GA,18,35776.26,777.74,2022-02-03,2024-12-09,1040.0,Mid Value
6339,James Green,Gold,GA,9,35743.67,1021.25,2022-03-19,2024-03-20,732.0,Mid Value
2013,Anthony Barber,Gold,TN,6,35723.92,1488.5,2022-04-02,2024-12-21,994.0,Mid Value
8969,William Weaver,Silver,NY,8,35716.06,1082.3,2022-11-19,2024-08-07,627.0,Mid Value
6802,Rachel Blake,Silver,AZ,8,35644.96,1320.18,2022-02-02,2024-09-20,961.0,Mid Value
2510,Gabriel Wells,Silver,AZ,8,35562.63,1422.51,2022-03-16,2024-09-20,919.0,Mid Value
5876,Laurie Maldonado,Bronze,MA,14,35550.7,807.97,2022-02-07,2024-11-05,1002.0,Mid Value
2946,Rachel Jordan,Bronze,OH,10,35526.53,1076.56,2022-05-14,2024-06-16,764.0,Mid Value
8361,Philip Mcclain,Bronze,MA,11,35449.38,805.67,2022-04-06,2024-11-09,948.0,Mid Value
709,Christina Krause,Gold,IL,5,35444.9,1687.85,2022-10-15,2024-11-12,759.0,Mid Value
6109,James Howard,Platinum,MD,13,35421.1,908.23,2022-02-08,2024-11-08,1004.0,Mid Value
7602,Carla Blair,Silver,WA,5,35394.0,2359.6,2022-01-26,2024-09-20,968.0,Mid Value
2653,Dawn White,Bronze,CA,6,35381.96,2358.8,2022-05-11,2023-12-31,599.0,Mid Value
1592,Elizabeth Fisher,Gold,NJ,14,35331.63,905.94,2022-01-09,2024-02-06,758.0,Mid Value
6445,Nathan Kelly,Silver,MD,9,35302.6,929.02,2022-01-01,2024-10-20,1023.0,Mid Value
8908,Kevin Rhodes,Bronze,WI,10,35299.5,928.93,2022-07-20,2024-05-19,669.0,Mid Value
2878,Brenda Little,Bronze,OH,10,35271.65,1068.84,2022-01-23,2024-11-19,1031.0,Mid Value
4456,Nicholas Rogers,Bronze,CA,12,35261.27,1007.46,2022-03-16,2024-12-20,1010.0,Mid Value
8397,Sarah Rogers,Gold,TN,6,35156.07,1598.0,2022-01-30,2024-10-17,991.0,Mid Value
276,Julie Goodwin,Silver,PA,16,35004.1,636.44,2022-06-19,2024-09-08,812.0,Mid Value
8612,Thomas Nicholson,Bronze,NJ,6,34945.18,1205.01,2022-06-15,2024-06-02,718.0,Mid Value
2581,Dakota Franco,Bronze,WA,10,34889.54,969.15,2022-03-22,2024-12-08,992.0,Mid Value
4383,Mark Gomez,Bronze,WI,11,34788.76,773.08,2022-02-25,2024-12-10,1019.0,Mid Value
3503,Keith Delgado,Silver,NC,12,34766.85,939.64,2022-02-27,2024-11-21,998.0,Mid Value
8860,Matthew Casey,Bronze,CA,11,34764.72,891.4,2022-10-05,2024-12-29,816.0,Mid Value
497,Jeff Petersen,Silver,GA,12,34756.56,655.78,2022-01-10,2024-12-26,1081.0,Mid Value
1463,Christina Stone,Bronze,WI,14,34750.57,965.29,2022-02-13,2024-11-27,1018.0,Mid Value
9642,Justin Silva,Gold,MD,8,34698.36,1387.93,2022-01-15,2023-11-03,657.0,Mid Value
6491,Carolyn Miller,Bronze,MO,9,34686.27,1508.1,2022-01-25,2024-10-21,1000.0,Mid Value
1714,Sandra Flores,Bronze,CA,11,34685.96,754.04,2022-06-11,2024-11-28,901.0,Mid Value
174,Renee Watts,Gold,IL,12,34675.83,912.52,2022-01-05,2024-12-06,1066.0,Mid Value
7327,Philip Lindsey,Bronze,NJ,11,34636.58,736.95,2022-01-17,2024-06-01,866.0,Mid Value
6409,Adam Brock,Bronze,MD,15,34613.51,549.42,2022-01-13,2024-10-09,1000.0,Mid Value
7051,Marcia Carney,Bronze,VA,13,34520.88,958.91,2022-03-03,2024-12-14,1017.0,Mid Value
2784,James Mccarthy,Bronze,CA,10,34425.3,1110.49,2022-06-21,2024-10-16,848.0,Mid Value
6832,Tammy Morton,Silver,FL,13,34338.42,858.46,2022-02-17,2024-10-02,958.0,Mid Value
4540,Mark Myers,Silver,GA,10,34262.59,761.39,2022-08-12,2024-11-24,835.0,Mid Value
122,Mark Simmons,Silver,FL,8,34187.01,1220.96,2022-07-28,2024-08-06,740.0,Mid Value
9931,Ryan Frederick,Platinum,MI,14,34175.23,759.45,2022-02-04,2024-12-14,1044.0,Mid Value
9520,William Dixon,Gold,NJ,11,34090.73,852.27,2022-05-12,2024-12-16,949.0,Mid Value
165,Curtis Hunt,Platinum,CA,11,34060.47,896.33,2022-03-25,2024-03-13,719.0,Mid Value
5703,Megan Miles,Bronze,FL,14,34057.87,973.08,2022-01-10,2024-12-21,1076.0,Mid Value
7264,Paul Boone,Gold,FL,11,34039.15,830.22,2022-04-27,2024-09-24,881.0,Mid Value
2881,Melanie Thompson,Gold,NJ,6,34008.3,1889.35,2022-08-13,2024-07-22,709.0,Mid Value
7862,Kyle Mathews,Platinum,VA,11,33985.99,723.11,2022-01-19,2024-11-21,1037.0,Mid Value
2549,Matthew Mejia,Bronze,NC,10,33953.53,1061.05,2022-04-25,2024-10-09,898.0,Mid Value
5797,Mary Williamson,Gold,NC,12,33916.71,807.54,2022-04-22,2024-10-02,894.0,Mid Value
2724,Austin Anderson,Bronze,IL,9,33875.72,1058.62,2022-06-07,2024-02-10,613.0,Mid Value
7208,Lisa Ortega,Silver,MD,14,33867.99,769.73,2022-04-22,2024-06-13,783.0,Mid Value
8269,John Lopez,Gold,NC,11,33865.15,1026.22,2022-01-06,2024-12-27,1086.0,Mid Value
7138,Heidi Andrews,Gold,OH,11,33831.73,786.78,2022-04-25,2024-12-18,968.0,Mid Value
3356,Sandra Martinez,Gold,IN,8,33786.24,993.71,2022-03-04,2024-04-15,773.0,Mid Value
8196,Sabrina Gibson,Bronze,IN,7,33744.54,1533.84,2023-02-03,2024-06-08,491.0,Mid Value
2534,Joseph Weeks,Silver,WA,10,33637.97,1121.27,2022-05-20,2024-07-21,793.0,Mid Value
4381,Julie Villa,Gold,PA,8,33532.21,986.24,2022-05-01,2024-08-31,853.0,Mid Value
9454,Sheila Cordova,Bronze,VA,9,33469.54,1014.23,2022-08-11,2024-11-30,842.0,Mid Value
1698,George Serrano,Bronze,MD,11,33297.37,723.86,2022-01-14,2024-09-14,974.0,Mid Value
4832,Melissa Le,Gold,NY,10,33276.01,899.35,2022-03-03,2024-08-27,908.0,Mid Value
3246,Timothy Campbell,Gold,MO,12,33241.22,738.69,2022-04-04,2024-12-22,993.0,Mid Value
2267,Mark Foley,Bronze,WI,13,33224.14,755.09,2022-06-01,2024-11-30,913.0,Mid Value
1772,Kevin Moore,Bronze,TX,11,33214.97,772.44,2022-03-08,2024-10-13,950.0,Mid Value
2239,Tyler Peters,Gold,MO,9,33195.32,948.44,2022-02-02,2024-12-02,1034.0,Mid Value
4362,Ryan Melton,Bronze,TN,11,33163.69,975.4,2022-03-01,2024-09-17,931.0,Mid Value
6260,Diane Turner,Silver,WA,8,33099.54,1182.13,2022-08-01,2024-09-29,790.0,Mid Value
3844,Lisa Peters,Silver,MA,12,33033.82,734.08,2022-02-03,2024-12-14,1045.0,Mid Value
2880,Andrew Cruz,Platinum,FL,19,33003.61,579.01,2022-02-12,2024-10-18,979.0,Mid Value
9380,Jennifer Morris,Silver,TX,12,32932.38,765.87,2022-02-28,2024-12-31,1037.0,Mid Value
231,Alexandra Jones,Silver,IL,11,32918.31,940.52,2022-06-24,2024-12-23,913.0,Mid Value
4839,Scott Wright,Platinum,IL,13,32826.01,596.84,2022-05-15,2024-12-03,933.0,Mid Value
56,Amy Nguyen,Bronze,GA,12,32812.01,841.33,2022-01-29,2024-10-31,1006.0,Mid Value
436,Donald Burgess,Silver,TX,7,32732.0,1128.69,2022-06-21,2024-10-07,839.0,Mid Value
3094,Michael Oneal,Gold,IL,17,32712.27,667.6,2022-01-29,2024-12-04,1040.0,Mid Value
5331,Beverly Moody,Gold,NY,8,32711.66,1022.24,2022-06-11,2024-12-18,921.0,Mid Value
3727,Angela Wheeler,Bronze,TX,7,32642.08,1165.79,2022-01-27,2024-10-12,989.0,Mid Value
5094,Joshua Smith,Gold,NY,15,32601.28,626.95,2022-01-11,2024-05-31,871.0,Mid Value
7054,Maria Jones,Silver,CA,3,32571.7,4071.46,2022-01-16,2023-10-14,636.0,Mid Value
4629,Robert Newman,Gold,MD,7,32550.25,1085.01,2022-09-11,2024-12-10,821.0,Mid Value
9795,Gregory Page,Silver,AZ,13,32521.83,739.13,2022-06-10,2024-12-26,930.0,Mid Value
9513,Laura Arias,Platinum,GA,12,32432.3,772.2,2022-06-09,2024-10-28,872.0,Mid Value
7396,Johnny Santos,Silver,AZ,8,32397.89,1542.76,2022-04-05,2024-12-28,998.0,Mid Value
7192,Mark Abbott,Silver,TN,8,32310.2,1292.41,2022-10-04,2024-11-04,762.0,Mid Value
3653,Franklin Young,Silver,MO,9,32308.04,1114.07,2022-04-20,2024-12-23,978.0,Mid Value
9266,Alexander Carter,Silver,NJ,9,32281.41,1041.34,2022-05-10,2024-10-29,903.0,Mid Value
2611,Aaron Gardner,Platinum,IN,10,32225.03,870.95,2022-05-03,2024-10-20,901.0,Mid Value
3537,Ricky Wood,Bronze,WA,15,32124.87,629.9,2022-04-30,2024-10-14,898.0,Mid Value
2748,James Conner,Silver,OH,12,32121.7,868.15,2022-07-15,2024-12-23,892.0,Mid Value
7799,Christine Sharp,Silver,FL,12,31993.45,864.69,2022-02-04,2024-08-14,922.0,Mid Value
7444,Alicia Thomas,Silver,CA,7,31981.46,1332.56,2022-03-31,2024-07-21,843.0,Mid Value
6761,Laura Franklin,Bronze,MA,6,31939.76,1774.43,2022-02-02,2024-12-22,1054.0,Mid Value
8237,Bradley Oconnor,Gold,MA,11,31936.05,887.11,2023-01-21,2024-11-03,652.0,Mid Value
4557,Brandon Hall,Bronze,MO,10,31825.06,1326.04,2022-10-09,2024-11-25,778.0,Mid Value
9816,Cindy Sherman,Bronze,NC,14,31785.71,662.2,2022-06-14,2024-11-16,886.0,Mid Value
2315,Lisa Lee,Platinum,MO,10,31765.25,1095.35,2022-01-03,2024-12-29,1091.0,Mid Value
8094,Carl Chase,Platinum,NY,7,31748.64,1322.86,2022-02-21,2024-05-14,813.0,Mid Value
4291,Troy Curry,Bronze,MO,5,31724.23,1220.16,2023-05-22,2024-11-27,555.0,Mid Value
5058,Alec Brown,Silver,AZ,10,31712.96,1093.55,2022-04-13,2024-11-29,961.0,Mid Value
5171,Micheal Anderson,Silver,VA,8,31700.87,1174.11,2022-10-22,2024-07-15,632.0,Mid Value
5758,Thomas Brown,Silver,TN,11,31684.51,754.39,2022-01-19,2023-10-20,639.0,Mid Value
4700,Dale Silva,Bronze,IL,11,31643.22,930.68,2022-03-15,2024-10-23,953.0,Mid Value
875,Melissa Jones,Silver,OH,10,31641.53,1318.4,2022-01-06,2024-03-09,793.0,Mid Value
1980,Eric Murray,Silver,OH,10,31638.56,1129.95,2022-04-13,2024-10-04,905.0,Mid Value
8444,Megan Smith,Bronze,VA,11,31628.43,988.39,2022-03-11,2024-04-15,766.0,Mid Value
2502,Edward Dillon,Silver,MO,11,31603.35,957.68,2022-01-10,2024-08-03,936.0,Mid Value
9477,Christopher Morales,Silver,CA,12,31565.18,644.19,2022-06-08,2024-07-27,780.0,Mid Value
3769,Chad Walker,Bronze,MA,12,31559.3,657.49,2022-04-10,2024-04-29,750.0,Mid Value
2827,Connor Stevens,Silver,CA,12,31539.51,876.1,2022-01-08,2024-12-14,1071.0,Mid Value
4900,Stephen Newman,Platinum,TX,10,31491.82,787.3,2022-05-02,2024-09-07,859.0,Mid Value
6151,Michael Jones,Gold,FL,12,31431.32,952.46,2022-05-12,2024-12-23,956.0,Mid Value
5014,Noah Martinez,Bronze,MA,12,31322.86,803.15,2022-01-22,2024-10-27,1009.0,Mid Value
460,Lindsey Pena,Bronze,NY,8,31306.21,1118.08,2022-02-10,2024-08-29,931.0,Mid Value
3005,Sheri Jordan,Gold,FL,9,31291.81,869.22,2022-10-05,2024-11-29,786.0,Mid Value
4640,John Gutierrez,Platinum,MD,9,31284.65,727.55,2022-01-19,2024-10-28,1013.0,Mid Value
2644,Carrie Scott,Bronze,MI,17,31207.21,557.27,2022-02-10,2024-10-25,988.0,Mid Value
8728,Alexander Huynh,Platinum,VA,12,31143.71,692.08,2022-01-14,2024-07-19,917.0,Mid Value
3721,Dawn Bishop,Gold,TX,8,31088.23,1413.1,2022-04-07,2024-12-10,978.0,Mid Value
5432,Gerald Johnson,Silver,CA,10,31086.37,1036.21,2022-03-09,2024-11-15,982.0,Mid Value
6034,Leslie Conley,Silver,NY,9,31071.7,941.57,2022-04-10,2024-06-12,794.0,Mid Value
946,William Cunningham,Gold,NY,9,31060.27,1071.04,2022-01-29,2024-09-30,975.0,Mid Value
8016,Michael Hughes,Silver,WI,9,31011.42,886.04,2022-03-09,2024-12-06,1003.0,Mid Value
406,Tara Brooks,Platinum,NJ,13,30994.89,584.81,2022-01-26,2024-07-20,906.0,Mid Value
5110,Bethany Jones,Platinum,AZ,10,30993.99,885.54,2022-05-02,2024-08-10,831.0,Mid Value
2483,Joseph Russell,Bronze,MD,12,30987.78,755.8,2022-04-22,2024-12-09,962.0,Mid Value
2829,Kenneth Robinson,Silver,NJ,8,30966.14,998.91,2022-02-23,2024-03-01,737.0,Mid Value
7869,Tammy Hernandez,Platinum,TX,10,30872.43,791.6,2022-03-29,2024-12-23,1000.0,Mid Value
1511,Timothy Chen,Silver,PA,6,30868.54,1469.93,2022-10-11,2024-07-17,645.0,Mid Value
4950,Adam Erickson,Silver,MO,12,30791.32,751.01,2022-07-05,2024-05-30,695.0,Mid Value
6974,Jesse Buckley,Bronze,MA,9,30765.42,1281.89,2022-11-06,2024-08-13,646.0,Mid Value
3498,Brian Harvey,Silver,VA,8,30761.12,1139.3,2022-01-28,2024-02-27,760.0,Mid Value
6654,Lisa Price,Bronze,MA,11,30731.57,1138.21,2022-10-20,2024-11-02,744.0,Mid Value
7129,Christopher Harrington,Silver,WA,12,30679.95,697.27,2022-07-21,2024-12-28,891.0,Mid Value
6876,Christina Winters,Bronze,MA,12,30677.82,876.51,2022-07-30,2024-09-25,788.0,Mid Value
4948,Brian Roberts,Bronze,IN,9,30667.48,876.21,2022-02-04,2024-11-28,1028.0,Mid Value
8855,Shelly Mccoy,Silver,VA,9,30628.26,1093.87,2022-01-10,2024-07-12,914.0,Mid Value
4462,Veronica Bryant,Gold,CA,6,30624.3,1801.43,2022-01-08,2024-09-06,972.0,Mid Value
5361,Jillian Arnold,Bronze,NC,5,30605.83,1275.24,2022-01-20,2023-02-02,378.0,Mid Value
6598,Christopher Walsh,Gold,MD,12,30604.06,874.4,2022-01-03,2024-12-30,1092.0,Mid Value
8539,Lorraine Neal,Silver,TX,9,30571.79,1054.2,2022-04-26,2024-03-30,704.0,Mid Value
2875,Brandy Ortiz,Silver,WA,10,30518.8,726.64,2022-04-12,2024-04-27,746.0,Mid Value
7346,Ryan Wright,Gold,WI,10,30488.19,709.03,2022-03-27,2024-10-14,932.0,Mid Value
4236,Mark Cruz,Platinum,MI,8,30483.11,1270.13,2022-02-14,2024-09-22,951.0,Mid Value
1197,Barbara Johnson,Silver,TN,15,30474.09,648.38,2022-03-18,2024-04-12,756.0,Mid Value
7759,Martha Green,Bronze,TN,11,30447.58,708.08,2022-05-23,2024-10-12,873.0,Mid Value
2567,Chris Novak,Gold,NJ,14,30409.74,647.02,2022-02-25,2024-12-01,1010.0,Mid Value
4848,Eugene Mitchell,Bronze,CA,15,30372.86,562.46,2022-01-10,2024-09-15,979.0,Mid Value
4119,Mary Hamilton,Bronze,GA,11,30372.28,843.67,2022-05-26,2024-12-19,938.0,Mid Value
9719,Brian Lynch,Bronze,IL,17,30329.17,522.92,2022-05-23,2024-11-25,917.0,Mid Value
3792,Dana Ramirez,Platinum,MI,11,30294.01,757.35,2022-03-12,2024-11-14,978.0,Mid Value
3316,Richard Grimes,Silver,GA,13,30258.68,687.7,2022-02-04,2024-09-29,968.0,Mid Value
3609,Charles Williams,Silver,NC,8,30254.92,1080.53,2022-07-28,2024-10-07,802.0,Mid Value
2892,Anthony Luna,Gold,WI,10,30226.21,863.61,2022-02-04,2024-08-06,914.0,Mid Value
4270,Jason Walter,Gold,GA,12,30150.33,837.51,2022-02-12,2024-12-14,1036.0,Mid Value
9365,Carol Cannon,Bronze,NC,12,30123.31,772.39,2022-07-09,2024-12-28,903.0,Mid Value
7538,Matthew Calderon,Bronze,IL,11,30062.96,812.51,2022-01-20,2024-01-02,712.0,Mid Value
8130,Christine Chavez,Bronze,GA,12,30025.4,698.27,2022-01-01,2024-12-10,1074.0,Mid Value
6844,Katherine Williams,Bronze,MD,8,30022.47,857.78,2022-05-12,2024-06-30,780.0,Mid Value
8172,Christopher Jones,Bronze,IL,10,29997.05,967.65,2022-03-08,2024-10-10,947.0,Mid Value
3743,Scott Morton,Bronze,NY,11,29979.61,832.77,2022-05-14,2024-09-05,845.0,Mid Value
6101,Carol Williams,Bronze,NC,16,29965.87,544.83,2022-01-08,2024-12-27,1084.0,Mid Value
166,Anthony Jimenez,Gold,PA,6,29952.06,1198.08,2022-01-08,2024-09-21,987.0,Mid Value
3913,Jon Watkins,Platinum,IL,13,29938.02,587.02,2022-01-18,2024-10-06,992.0,Mid Value
7568,Anthony Dixon,Gold,MI,10,29922.96,748.07,2022-02-03,2024-11-21,1022.0,Mid Value
200,Jerry Robertson,Silver,MI,8,29922.76,1068.67,2022-04-02,2024-07-19,839.0,Mid Value
6751,Lisa Adams,Platinum,FL,8,29878.91,878.79,2022-04-09,2024-12-20,986.0,Mid Value
3130,Randall Pham,Silver,MA,11,29868.71,694.62,2022-02-01,2024-12-10,1043.0,Mid Value
6610,Ronald Ewing,Platinum,CA,14,29859.2,678.62,2022-01-25,2024-07-29,916.0,Mid Value
929,Lindsay Newton,Gold,PA,14,29803.82,496.73,2022-02-12,2024-12-20,1042.0,Mid Value
4917,Christina May,Gold,NC,10,29798.28,709.48,2022-03-16,2024-12-03,993.0,Mid Value
7765,Jean Berger,Gold,CA,10,29711.9,742.8,2022-09-14,2024-09-05,722.0,Mid Value
7797,Joshua Bryant,Bronze,MD,11,29676.4,1059.87,2022-03-12,2024-12-28,1022.0,Mid Value
1379,Eric Lee,Silver,TN,13,29671.0,559.83,2022-03-24,2024-11-09,961.0,Mid Value
1462,Carrie Rodriguez,Bronze,NJ,8,29542.49,1136.25,2022-06-23,2024-11-20,881.0,Mid Value
780,David Sellers,Platinum,NY,11,29514.05,894.37,2022-05-08,2024-10-02,878.0,Mid Value
9377,David Washington,Silver,WI,7,29473.65,1178.95,2022-10-06,2024-09-22,717.0,Mid Value
9909,Debbie Cannon,Bronze,MO,10,29471.89,736.8,2022-03-27,2024-07-04,830.0,Mid Value
7023,Lisa Weiss,Platinum,OH,11,29451.26,775.03,2022-05-04,2024-10-20,900.0,Mid Value
6814,Jessica Abbott,Gold,GA,14,29434.58,613.22,2022-01-31,2024-12-07,1041.0,Mid Value
5301,Jason Jimenez,Gold,FL,6,29424.98,2101.78,2022-02-15,2024-09-27,955.0,Mid Value
4272,Laura Sharp,Silver,MI,8,29423.47,980.78,2022-01-10,2023-10-16,644.0,Mid Value
81,Cheryl Miller,Silver,TX,12,29405.99,625.66,2022-03-12,2024-12-07,1001.0,Mid Value
9010,Matthew Evans,Silver,FL,6,29405.23,1089.08,2022-08-16,2024-06-11,665.0,Mid Value
4211,Elizabeth Whitaker,Silver,AZ,9,29400.34,1013.8,2022-02-17,2024-05-23,826.0,Mid Value
5431,Christopher Sims,Bronze,MD,11,29394.68,948.22,2022-03-29,2024-11-29,976.0,Mid Value
733,Jennifer Floyd,Bronze,AZ,15,29366.69,587.33,2022-02-20,2024-12-21,1035.0,Mid Value
4455,Andrea Ramirez,Bronze,GA,8,29365.76,1398.37,2022-05-18,2024-12-20,947.0,Mid Value
7796,Chelsea Berry,Silver,NJ,14,29364.56,599.28,2022-03-21,2024-12-01,986.0,Mid Value
6012,Alexander Gonzalez,Silver,OH,11,29348.25,815.23,2022-02-11,2024-12-07,1030.0,Mid Value
3982,Debra Franklin,Silver,MA,14,29326.14,771.74,2022-01-01,2024-12-19,1083.0,Mid Value
3618,Nathan Hampton,Silver,MA,10,29309.8,697.85,2022-05-10,2024-11-10,915.0,Mid Value
9502,Anthony Mcgee,Bronze,IL,10,29307.49,945.4,2022-02-19,2024-12-23,1038.0,Mid Value
7042,Herbert Sanchez,Silver,NC,11,29243.9,769.58,2022-01-01,2024-11-18,1052.0,Mid Value
2579,Matthew Thompson,Gold,NC,11,29235.66,790.15,2022-03-02,2024-02-21,721.0,Mid Value
7789,Amanda Jones,Platinum,NJ,7,29233.62,1392.08,2022-05-06,2024-09-25,873.0,Mid Value
568,Cody Acosta,Bronze,MA,15,29207.01,540.87,2022-03-06,2024-11-24,994.0,Mid Value
5024,Robert Pace,Bronze,NY,7,29157.07,1267.7,2022-10-03,2024-07-19,655.0,Mid Value
2986,Jessica Perez,Bronze,CA,16,29156.09,520.64,2022-03-04,2024-10-26,967.0,Mid Value
410,Scott Durham,Platinum,AZ,7,29126.8,1120.26,2022-02-13,2023-08-15,548.0,Mid Value
855,Charles Johnson,Silver,FL,7,29123.69,1213.49,2022-01-07,2024-10-29,1026.0,Mid Value
330,Renee Long,Bronze,TN,10,29119.72,882.42,2022-01-18,2024-04-01,804.0,Mid Value
9849,Taylor Perry,Gold,MA,11,29076.64,692.3,2022-01-21,2024-12-20,1064.0,Mid Value
7554,Chloe Jacobs,Gold,GA,14,29075.79,519.21,2022-01-24,2024-12-03,1044.0,Mid Value
4006,Jennifer Rogers,Gold,GA,9,29069.52,908.42,2022-01-01,2024-08-01,943.0,Mid Value
6719,Jessica Martin,Gold,FL,9,29062.19,785.46,2022-03-09,2024-07-04,848.0,Mid Value
8075,Kevin Wagner,Bronze,MO,11,28967.49,724.19,2022-01-19,2024-10-03,988.0,Mid Value
2521,Nicholas Crawford,Bronze,PA,10,28853.87,739.84,2022-01-08,2024-12-24,1081.0,Mid Value
3840,Sara Rivera,Silver,WA,12,28822.21,655.05,2022-01-13,2024-07-21,920.0,Mid Value
3116,Michelle Hall,Bronze,MI,8,28808.9,1108.03,2022-03-04,2024-11-12,984.0,Mid Value
1848,Christina Nichols,Bronze,FL,11,28795.25,738.34,2022-01-23,2024-09-30,981.0,Mid Value
4779,Joseph Foster,Bronze,WI,10,28793.64,822.68,2022-03-19,2024-09-21,917.0,Mid Value
3760,Jessica Rojas,Gold,TN,14,28792.12,685.53,2022-05-10,2024-09-21,865.0,Mid Value
4670,Selena Ford,Gold,IN,7,28778.79,1199.12,2022-02-26,2024-03-10,743.0,Mid Value
5844,Julie Peters,Silver,FL,13,28759.35,668.82,2022-01-01,2024-10-15,1018.0,Mid Value
5336,Cassidy Vaughan,Bronze,FL,7,28744.27,1596.9,2022-04-09,2024-12-05,971.0,Mid Value
1093,Juan Mitchell,Bronze,MO,13,28699.46,699.99,2022-01-06,2024-12-21,1080.0,Mid Value
196,Andrea Thompson,Bronze,MA,10,28682.51,896.33,2022-01-08,2024-12-29,1086.0,Mid Value
5261,John Murray,Gold,PA,12,28633.66,698.38,2022-03-08,2024-08-06,882.0,Mid Value
7254,Alex Holland,Platinum,GA,11,28568.64,696.8,2022-07-13,2024-12-17,888.0,Mid Value
7175,Ronald Foster,Platinum,MD,12,28531.33,713.28,2022-02-26,2024-12-02,1010.0,Mid Value
5634,Nicholas Dawson,Bronze,NJ,12,28496.27,712.41,2022-01-16,2024-07-26,922.0,Mid Value
9276,Julie Maddox,Gold,GA,9,28433.07,710.83,2022-03-07,2023-01-16,315.0,Mid Value
9388,Austin Thomas,Bronze,MD,13,28432.2,729.03,2022-01-12,2024-04-04,813.0,Mid Value
6001,Anna Sims,Silver,TN,10,28420.25,1184.18,2022-05-03,2024-10-20,901.0,Mid Value
8056,Audrey Hernandez,Gold,WI,10,28374.84,766.89,2022-04-26,2024-09-25,883.0,Mid Value
8106,Caitlin Williams,Silver,NC,9,28370.16,1289.55,2022-03-04,2024-03-09,736.0,Mid Value
2156,David Brown,Platinum,NY,10,28365.34,1050.57,2022-01-13,2024-07-23,922.0,Mid Value
8104,Richard Fowler,Bronze,AZ,11,28362.25,659.59,2022-03-14,2023-12-30,656.0,Mid Value
4672,Roberta Peterson,Silver,VA,12,28350.47,726.94,2022-01-18,2024-07-12,906.0,Mid Value
9062,Cassandra Thornton,Bronze,MO,8,28348.32,1090.32,2022-04-11,2024-12-16,980.0,Mid Value
3103,Colin Reid,Bronze,NJ,9,28338.34,858.74,2022-02-07,2024-09-24,960.0,Mid Value
1900,Christopher Wong,Bronze,CA,12,28331.46,726.45,2022-02-24,2024-06-23,850.0,Mid Value
8187,Alexander Johnson,Silver,AZ,10,28316.96,726.08,2022-05-10,2024-11-06,911.0,Mid Value
7377,James Gallagher,Silver,NJ,7,28299.77,1347.61,2022-04-17,2024-09-19,886.0,Mid Value
8729,Morgan Williams,Silver,MO,12,28298.15,786.06,2022-03-03,2024-05-02,791.0,Mid Value
5456,Henry Moss,Silver,WA,10,28296.39,884.26,2022-04-12,2024-11-08,941.0,Mid Value
1269,Kara Wheeler,Silver,WI,6,28289.89,1664.11,2022-07-07,2024-03-27,629.0,Mid Value
6907,Lisa Lopez,Gold,WI,12,28286.63,673.49,2022-02-12,2024-09-11,942.0,Mid Value
5745,Barry Cook,Platinum,WA,12,28264.57,831.31,2022-06-29,2024-11-15,870.0,Mid Value
2614,Andrea Barnett,Silver,TN,7,28262.7,1345.84,2022-04-27,2024-05-19,753.0,Mid Value
3869,James Parks,Gold,TX,13,28256.64,743.6,2022-09-07,2024-10-23,777.0,Mid Value
4448,Cristian Carter,Silver,OH,13,28236.34,688.69,2022-01-25,2024-08-03,921.0,Mid Value
2011,Beth Kane,Silver,NC,8,28217.04,881.78,2022-02-04,2024-11-21,1021.0,Mid Value
1232,Christian Griffith,Silver,NY,7,28209.2,1175.38,2022-06-08,2024-11-06,882.0,Mid Value
3169,Daniel Hampton,Bronze,GA,10,28185.65,761.77,2022-05-27,2024-12-08,926.0,Mid Value
9035,Jordan Harris,Platinum,OH,5,28171.17,2012.23,2022-06-22,2024-01-17,574.0,Mid Value
7246,Gary Hernandez,Bronze,CA,11,28154.75,1126.19,2022-07-24,2024-12-12,872.0,Mid Value
5585,Lauren Chavez,Bronze,NC,11,28130.48,760.28,2022-01-20,2024-03-26,796.0,Mid Value
6827,Cheryl Luna,Silver,MA,12,28106.82,653.65,2022-01-23,2024-08-10,930.0,Mid Value
2550,Linda Henson,Silver,IL,7,28087.34,936.24,2022-05-03,2024-11-22,934.0,Mid Value
2226,Danny Oconnell,Platinum,GA,12,28079.36,701.98,2022-05-20,2024-09-29,863.0,Mid Value
5376,Tammy Thompson,Bronze,OH,8,28077.06,1220.74,2022-04-19,2024-10-17,912.0,Mid Value
6995,Kelly Phillips,Gold,OH,9,28062.95,825.38,2022-09-28,2024-12-21,815.0,Mid Value
5616,Jennifer Barnes,Platinum,NJ,14,28052.63,758.18,2022-02-13,2024-06-25,863.0,Mid Value
6899,Kyle Hayes,Gold,MA,11,28050.15,667.86,2022-02-11,2024-08-13,914.0,Mid Value
8424,Jessica Williams,Bronze,TN,11,28033.66,718.81,2022-01-04,2024-06-27,905.0,Mid Value
1794,Patricia Parks,Bronze,TN,10,28031.24,934.37,2022-01-09,2024-12-22,1078.0,Mid Value
6922,Roberto Sanchez,Bronze,OH,10,28010.53,757.04,2022-03-07,2024-10-22,960.0,Mid Value
5731,Shawn Nichols,Bronze,TX,12,27966.32,776.84,2022-01-03,2024-10-25,1026.0,Mid Value
1845,Sarah Willis,Gold,TX,8,27924.95,1269.32,2022-03-31,2024-11-11,956.0,Mid Value
7695,Joanna Cook,Bronze,IN,9,27881.99,820.06,2022-09-03,2024-04-07,582.0,Mid Value
6967,Hunter Nelson,Silver,MO,12,27878.53,899.31,2022-05-22,2024-11-21,914.0,Mid Value
7412,Christopher Ruiz,Silver,MA,11,27818.32,794.81,2022-03-22,2024-05-02,772.0,Mid Value
930,Troy Thompson,Silver,CA,6,27812.48,1209.24,2022-04-09,2024-12-24,990.0,Mid Value
4651,Amy Floyd,Silver,IL,13,27792.26,646.33,2022-06-28,2024-11-09,865.0,Mid Value
9243,William Cohen,Bronze,AZ,11,27788.74,694.72,2022-06-06,2024-12-15,923.0,Mid Value
3432,Christina Anderson,Silver,WI,12,27755.82,645.48,2022-03-15,2024-10-30,960.0,Mid Value
9034,Vanessa Mcknight,Bronze,VA,11,27736.04,729.9,2022-05-30,2024-10-22,876.0,Mid Value
6169,Gregory Adams,Silver,NJ,11,27730.36,729.75,2022-01-18,2024-07-23,917.0,Mid Value
1827,James Harrison,Bronze,MA,10,27729.06,894.49,2022-04-27,2024-06-30,795.0,Mid Value
6342,Justin Charles,Gold,WI,9,27658.01,892.19,2022-02-20,2024-09-10,933.0,Mid Value
7060,Linda Glenn,Gold,WI,16,27654.87,502.82,2022-01-11,2024-11-21,1045.0,Mid Value
679,Sandra Gibson,Gold,FL,10,27615.63,1062.14,2022-01-18,2024-11-09,1026.0,Mid Value
6297,Dawn Phelps,Gold,OH,7,27613.9,1453.36,2022-09-09,2024-04-13,582.0,Mid Value
9729,Jacob Franco,Silver,TX,13,27609.12,890.62,2022-01-29,2024-11-20,1026.0,Mid Value
7199,Manuel Cline,Gold,VA,10,27599.27,836.34,2022-06-17,2024-12-17,914.0,Mid Value
7992,Jessica Harrington,Silver,TX,10,27598.51,985.66,2022-02-27,2024-08-20,905.0,Mid Value
25,Patricia Miller,Bronze,IN,11,27583.09,788.09,2022-05-19,2024-08-30,834.0,Mid Value
7152,Leah Best,Gold,CA,9,27562.63,918.75,2022-08-19,2024-11-18,822.0,Mid Value
3461,Jacqueline Lewis,Bronze,NY,10,27540.48,834.56,2022-01-14,2024-10-03,993.0,Mid Value
7098,Robert Mcconnell,Bronze,GA,8,27520.2,1058.47,2022-01-02,2024-12-01,1064.0,Mid Value
776,Charles Flowers,Bronze,NY,13,27462.98,686.57,2022-02-23,2024-12-21,1032.0,Mid Value
7867,Kimberly Gonzalez,Bronze,PA,9,27423.45,703.17,2022-04-11,2024-06-30,811.0,Mid Value
3698,Joseph Thompson,Silver,MD,7,27422.59,1443.29,2022-05-26,2024-07-22,788.0,Mid Value
3997,Briana Allen,Gold,OH,9,27410.51,830.62,2022-02-26,2024-02-22,726.0,Mid Value
9303,Angela Dunlap,Gold,IL,9,27379.11,782.26,2022-03-18,2024-10-10,937.0,Mid Value
2148,Tasha Wagner,Bronze,MA,11,27332.4,700.83,2022-04-27,2024-10-19,906.0,Mid Value
9143,Ricky Smith,Silver,MI,6,27288.73,1605.22,2022-06-08,2024-12-25,931.0,Mid Value
3283,Peter Aguirre,Silver,NY,10,27286.99,940.93,2022-03-13,2024-06-18,828.0,Mid Value
9169,Brittany Mcbride,Bronze,FL,15,27271.98,665.17,2022-02-21,2024-07-26,886.0,Mid Value
4508,Rebecca Perez,Bronze,TX,11,27249.97,681.25,2022-11-01,2024-06-29,606.0,Mid Value
1173,Tina Hansen,Bronze,IN,10,27244.8,801.32,2022-02-22,2024-02-22,730.0,Mid Value
9617,Ronnie Kim,Bronze,IN,10,27234.88,878.54,2022-06-20,2024-12-15,909.0,Mid Value
9391,Kelly Davis,Gold,CA,11,27226.74,735.86,2022-12-06,2024-06-22,564.0,Mid Value
7484,Nicole Sanders,Silver,PA,13,27208.67,755.8,2022-02-13,2024-11-23,1014.0,Mid Value
9247,Benjamin Smith,Bronze,IL,14,27204.04,697.54,2022-05-03,2024-05-31,759.0,Mid Value
6834,Sean Hahn,Silver,MI,12,27142.99,521.98,2022-05-01,2024-11-10,924.0,Mid Value
9077,Leah Good,Silver,PA,14,27132.92,646.02,2022-03-08,2024-11-28,996.0,Mid Value
1738,Laurie Ball,Bronze,MO,9,27125.48,1043.29,2022-03-27,2024-11-09,958.0,Mid Value
9732,Crystal Castillo,Gold,TX,8,27115.04,1004.26,2022-01-30,2024-07-03,885.0,Mid Value
2328,Amy Maynard,Bronze,WI,11,27111.22,774.61,2022-01-23,2024-10-07,988.0,Mid Value
737,Kirk Duran,Gold,PA,8,27085.02,902.83,2022-04-19,2023-07-18,455.0,Mid Value
9868,Richard Reynolds,Platinum,VA,11,27083.74,773.82,2022-05-09,2024-12-05,941.0,Mid Value
1944,Lisa Griffith,Bronze,FL,11,27053.81,644.14,2022-01-28,2024-03-18,780.0,Mid Value
4560,Diana Holder,Bronze,AZ,15,27000.39,562.51,2022-01-27,2024-11-13,1021.0,Mid Value
4041,Edwin Meyers,Silver,FL,14,26993.95,550.9,2022-05-01,2024-12-20,964.0,Mid Value
5485,Darren Hooper,Gold,MI,10,26978.6,870.28,2022-01-27,2024-09-07,954.0,Mid Value
522,Gabrielle Valencia,Gold,WA,9,26978.2,770.81,2022-02-16,2024-06-22,857.0,Mid Value
3302,Lindsey Moore,Bronze,OH,13,26975.77,518.76,2022-01-27,2024-09-03,950.0,Mid Value
5998,Donald Thomas,Silver,MI,15,26961.99,508.72,2022-03-05,2024-12-08,1009.0,Mid Value
3223,Adam Baldwin,Gold,IN,11,26957.16,709.4,2022-01-02,2024-12-20,1083.0,Mid Value
9030,Matthew Brock,Gold,NY,10,26954.24,709.32,2022-01-11,2024-03-04,783.0,Mid Value
2947,Christopher Richardson,Platinum,CA,9,26953.77,792.76,2022-08-05,2024-11-24,842.0,Mid Value
4389,Mariah Fitzgerald,Bronze,AZ,11,26953.48,816.77,2022-03-28,2024-09-22,909.0,Mid Value
2047,Rebecca Tyler,Bronze,CA,7,26952.04,1078.08,2022-01-24,2024-03-04,770.0,Mid Value
5174,Monica Fernandez,Platinum,PA,7,26949.99,1347.5,2022-09-07,2024-12-14,829.0,Mid Value
8517,Rebecca Rivas,Bronze,WA,12,26937.73,626.46,2022-07-15,2024-09-04,782.0,Mid Value
50,Nancy Diaz,Gold,TN,12,26933.98,626.37,2022-03-22,2024-08-10,872.0,Mid Value
45,Tammie Martinez,Gold,WA,10,26933.18,769.52,2022-02-05,2024-09-17,955.0,Mid Value
9044,Christopher Steele,Silver,GA,14,26883.42,640.08,2023-05-20,2024-11-29,559.0,Mid Value
3442,Shawn Erickson,Bronze,NJ,11,26882.71,896.09,2022-03-29,2024-07-18,842.0,Mid Value
2896,Taylor Ross,Platinum,MD,5,26876.71,1919.76,2022-08-29,2023-09-28,395.0,Mid Value
9936,David Dunn,Silver,WI,7,26864.72,1221.12,2022-02-01,2023-09-25,601.0,Mid Value
1857,Haley Taylor,Platinum,MO,12,26847.26,745.76,2022-02-01,2024-12-22,1055.0,Mid Value
5272,Michaela Green,Bronze,IL,11,26846.12,813.52,2022-03-08,2024-12-06,1004.0,Mid Value
948,April Soto,Gold,VA,12,26844.35,571.16,2022-03-27,2024-09-07,895.0,Mid Value
1618,Michael Dominguez,Gold,IN,8,26831.74,993.77,2022-02-07,2024-10-09,975.0,Mid Value
6634,Erika Smith,Silver,GA,12,26808.41,924.43,2022-03-11,2024-11-05,970.0,Mid Value
1273,Becky Reed,Bronze,PA,14,26786.93,525.23,2022-04-07,2024-11-30,968.0,Mid Value
1264,Steven Soto,Bronze,IN,6,26784.43,1275.45,2022-04-20,2024-08-12,845.0,Mid Value
5478,Kyle Landry,Platinum,PA,11,26782.83,743.97,2022-03-09,2024-12-27,1024.0,Mid Value
5821,Gina Berg,Silver,TN,12,26768.71,704.44,2022-01-31,2024-09-29,972.0,Mid Value
7059,Brian Jackson,Bronze,MO,13,26768.29,637.34,2022-03-22,2024-10-18,941.0,Mid Value
9425,Tammy Brown,Silver,IL,11,26766.07,863.42,2022-02-15,2024-12-12,1031.0,Mid Value
4198,Michelle Sanchez,Bronze,PA,10,26763.59,1115.15,2022-05-08,2024-06-03,757.0,Mid Value
4445,Katherine Lopez,Bronze,NC,10,26738.71,763.96,2022-01-03,2024-03-24,811.0,Mid Value
5642,Daniel Kirby,Bronze,MO,16,26728.58,504.31,2022-04-24,2024-12-07,958.0,Mid Value
4298,Joseph Johnson,Bronze,WI,9,26723.85,835.12,2022-01-01,2024-08-17,959.0,Mid Value
3379,Kevin Arnold,Gold,NJ,10,26721.42,989.68,2022-06-05,2024-08-23,810.0,Mid Value
2994,Emily Schwartz,Bronze,NY,9,26719.77,890.66,2022-02-20,2024-12-08,1022.0,Mid Value
9662,Jason Brown,Platinum,TN,11,26706.14,651.37,2022-01-10,2024-11-13,1038.0,Mid Value
361,Sandra Wilson,Bronze,NY,8,26701.23,1068.05,2022-05-06,2024-07-15,801.0,Mid Value
7581,Andrea Santiago,Bronze,MO,13,26698.19,580.4,2022-03-11,2024-10-09,943.0,Mid Value
6478,Emily Pena,Bronze,MO,9,26692.25,889.74,2022-04-10,2024-11-16,951.0,Mid Value
1071,Stacy Carroll,Silver,TX,9,26679.65,919.99,2022-06-29,2024-12-25,910.0,Mid Value
9952,Rebecca Miller,Platinum,WI,6,26679.0,1482.17,2022-01-24,2024-11-20,1031.0,Mid Value
9284,Carolyn Wilson,Bronze,AZ,7,26676.62,1111.53,2022-03-16,2024-12-24,1014.0,Mid Value
606,Shannon Lewis,Silver,WA,11,26668.84,634.97,2022-06-06,2024-12-26,934.0,Mid Value
6630,John Barker,Gold,IN,9,26651.27,634.55,2022-04-22,2024-11-01,924.0,Mid Value
5343,Deborah Williams,Bronze,MI,4,26630.44,2420.95,2022-11-28,2024-09-05,647.0,Mid Value
2626,Jason Hunt,Gold,GA,13,26619.11,604.98,2022-03-26,2024-12-19,999.0,Mid Value
1336,Audrey Lopez,Silver,CA,11,26617.91,739.39,2022-02-28,2024-09-06,921.0,Mid Value
7000,Patrick Glover,Bronze,MO,8,26600.41,917.26,2022-03-01,2024-06-07,829.0,Mid Value
1621,Heidi Mcclain,Bronze,NJ,14,26573.78,450.4,2022-02-14,2024-10-08,967.0,Mid Value
1750,Richard Evans,Platinum,OH,11,26549.02,632.12,2022-01-07,2024-08-16,952.0,Mid Value
5567,Heather Boyer,Bronze,OH,6,26535.1,915.0,2023-12-17,2024-08-19,246.0,Mid Value
9504,Ralph Wells,Gold,PA,11,26531.76,663.29,2023-01-18,2024-12-23,705.0,Mid Value
9058,Lisa Peters,Silver,GA,13,26531.33,617.01,2022-02-25,2024-08-31,918.0,Mid Value
6885,Pamela Tran,Bronze,IL,13,26528.74,647.04,2022-01-10,2024-11-28,1053.0,Mid Value
5339,Brandon Gonzalez,Gold,IL,13,26513.38,602.58,2022-02-24,2024-01-05,680.0,Mid Value
1138,Angela Vance,Gold,IN,9,26512.76,883.76,2022-03-22,2024-11-02,956.0,Mid Value
6442,Renee Smith,Silver,TX,11,26504.45,854.98,2022-04-10,2023-12-03,602.0,Mid Value
8537,Nicole Ramirez,Silver,IL,10,26498.59,716.18,2022-01-21,2024-05-01,831.0,Mid Value
2479,Tyler Blankenship,Silver,FL,11,26495.49,827.98,2022-10-17,2024-09-07,691.0,Mid Value
681,Lindsay Whitehead,Bronze,NC,9,26479.76,802.42,2022-01-19,2024-10-12,997.0,Mid Value
2838,Johnny Davis,Bronze,PA,8,26458.7,1322.93,2022-04-03,2024-09-29,910.0,Mid Value
5411,Michelle Saunders,Silver,NJ,15,26456.26,601.28,2022-06-10,2024-10-05,848.0,Mid Value
2214,Austin Perry,Silver,IN,9,26446.04,801.4,2022-02-08,2024-06-09,852.0,Mid Value
1710,Brian May,Platinum,TX,11,26367.9,799.03,2022-04-22,2024-09-22,884.0,Mid Value
3781,Stephanie Cooper,Gold,WI,5,26315.18,1754.35,2022-04-13,2024-10-04,905.0,Mid Value
3086,Gina Lewis,Gold,OH,15,26291.73,445.62,2022-02-23,2024-12-09,1020.0,Mid Value
8247,Michael Howard,Bronze,TX,9,26291.67,657.29,2022-06-14,2024-02-14,610.0,Mid Value
8780,Melissa Bond,Bronze,AZ,11,26289.31,848.04,2022-05-15,2024-06-12,759.0,Mid Value
6920,Andrew Johnson,Bronze,AZ,11,26286.39,730.18,2022-11-04,2024-04-06,519.0,Mid Value
6987,Aaron Peterson,Silver,TX,5,26279.51,1142.59,2022-07-08,2024-12-19,895.0,Mid Value
4246,Leslie Bowers,Gold,MO,7,26268.47,1094.52,2022-03-14,2024-08-12,882.0,Mid Value
5173,Troy Jackson,Platinum,VA,10,26244.59,846.6,2022-02-09,2024-06-06,848.0,Mid Value
5842,Jennifer Moore,Bronze,IL,8,26222.61,1248.7,2022-03-29,2024-08-06,861.0,Mid Value
6648,Christopher Johnson,Gold,IL,11,26206.34,708.28,2022-01-11,2024-10-26,1019.0,Mid Value
1430,Phillip Williams,Gold,AZ,8,26204.5,818.89,2022-04-11,2024-12-22,986.0,Mid Value
2108,Sara Cain,Bronze,VA,7,26199.56,1139.11,2022-01-30,2024-11-03,1008.0,Mid Value
9242,Jason Nolan,Bronze,TN,8,26190.27,818.45,2023-02-28,2024-09-28,578.0,Mid Value
1289,Kyle Dillon,Silver,TN,8,26153.94,817.31,2022-07-13,2024-12-17,888.0,Mid Value
6348,Laura Roberts,Bronze,MD,11,26139.97,726.11,2022-04-25,2024-12-01,951.0,Mid Value
9603,Carlos Smith,Bronze,CA,11,26124.01,816.38,2022-02-21,2024-12-28,1041.0,Mid Value
4233,Amanda Ochoa,Gold,TN,9,26112.33,580.27,2022-01-20,2024-04-14,815.0,Mid Value
9783,Jessica Chavez,Silver,FL,13,26110.81,593.43,2022-01-26,2024-12-19,1058.0,Mid Value
2612,Michele Booker,Silver,TN,8,26107.91,725.22,2022-07-17,2024-12-12,879.0,Mid Value
4852,Christopher York,Bronze,FL,12,26094.09,606.84,2022-02-20,2024-11-20,1004.0,Mid Value
9894,Christina Mcdaniel,Silver,TX,13,26082.3,686.38,2022-03-26,2024-12-15,995.0,Mid Value
2193,Jennifer Miller,Gold,TX,11,26077.73,724.38,2022-09-12,2024-12-11,821.0,Mid Value
195,Todd Murphy,Silver,MI,12,26068.28,554.64,2022-01-26,2024-10-02,980.0,Mid Value
7186,David Brennan,Silver,TN,8,26064.12,840.78,2022-03-05,2024-11-12,983.0,Mid Value
1607,Robert Bentley,Bronze,NJ,7,26060.94,868.7,2022-06-05,2024-06-01,727.0,Mid Value
8676,Benjamin Johnson,Bronze,MD,7,26043.22,1627.7,2022-01-02,2024-03-27,815.0,Mid Value
6674,Leon Carrillo,Bronze,TX,11,26031.48,685.04,2022-07-23,2024-07-24,732.0,Mid Value
9199,Manuel Williams,Gold,PA,8,26027.81,667.38,2022-02-05,2024-11-11,1010.0,Mid Value
9295,Karen Jones,Gold,MA,13,26015.93,591.27,2022-05-06,2024-12-14,953.0,Mid Value
2686,Russell Snyder,Bronze,TN,12,25986.13,683.85,2022-04-25,2024-12-01,951.0,Mid Value
7499,Robert Perez,Bronze,IN,9,25980.69,702.18,2022-07-08,2024-11-03,849.0,Mid Value
7365,Jennifer Smith,Platinum,VA,12,25921.89,589.13,2022-01-21,2024-10-05,988.0,Mid Value
9629,Elizabeth Miller,Bronze,VA,9,25879.98,995.38,2022-04-11,2024-10-29,932.0,Mid Value
8324,Elizabeth King,Bronze,IN,8,25839.23,861.31,2022-06-04,2024-12-26,936.0,Mid Value
5962,Angela Jones,Silver,TN,6,25836.84,1359.83,2023-05-21,2024-11-15,544.0,Mid Value
3796,Deborah Long,Bronze,OH,6,25819.31,1173.61,2022-07-04,2024-09-11,800.0,Mid Value
1753,Joseph Miles,Bronze,VA,8,25801.57,1121.81,2022-09-15,2024-04-17,580.0,Mid Value
6993,Elizabeth Sanchez,Silver,NJ,9,25794.64,661.4,2022-03-28,2024-09-26,913.0,Mid Value
2432,Paul Spence,Bronze,MI,6,25785.26,889.15,2022-05-30,2023-10-09,497.0,Mid Value
7512,Nicole Villanueva,Platinum,WA,8,25783.43,1121.02,2022-01-25,2024-10-22,1001.0,Mid Value
4714,Kenneth Black,Silver,PA,7,25757.96,830.9,2022-07-29,2024-08-02,735.0,Mid Value
243,Tina Romero,Bronze,PA,8,25756.56,643.91,2022-05-26,2024-09-27,855.0,Mid Value
7386,Christopher Nunez,Bronze,WA,12,25743.78,547.74,2022-02-19,2024-05-30,831.0,Mid Value
7162,Aaron Duran,Silver,CA,9,25742.77,612.92,2022-11-30,2024-10-12,682.0,Mid Value
4828,Jocelyn Mccall,Platinum,AZ,11,25730.55,804.08,2022-03-04,2024-06-29,848.0,Mid Value
4447,Christina Simmons,Bronze,FL,20,25727.74,402.0,2022-02-11,2024-11-22,1015.0,Mid Value
4352,Malik Harper,Silver,IL,9,25724.19,676.95,2022-03-04,2024-11-26,998.0,Mid Value
9959,Amy Taylor,Bronze,MA,11,25708.45,627.04,2022-10-01,2024-07-23,661.0,Mid Value
1201,Pamela Tyler,Gold,IL,8,25704.76,1028.19,2022-09-14,2024-12-19,827.0,Mid Value
4550,Andrew Knight,Platinum,GA,9,25697.37,951.75,2022-02-09,2024-12-26,1051.0,Mid Value
9097,Melissa Lee,Platinum,TX,13,25677.4,658.39,2022-07-03,2024-10-24,844.0,Mid Value
3309,James Wilson,Gold,TX,11,25673.94,855.8,2022-02-02,2024-11-20,1022.0,Mid Value
7515,Roy Bernard,Bronze,IL,8,25672.44,1026.9,2022-06-17,2024-12-05,902.0,Mid Value
727,Larry Short,Bronze,TX,11,25664.75,570.33,2022-02-20,2024-08-07,899.0,Mid Value
9434,Dawn Lang,Bronze,WA,11,25660.54,733.16,2023-01-01,2024-10-04,642.0,Mid Value
8171,Amanda Rice,Silver,MI,8,25654.48,827.56,2022-10-21,2024-08-17,666.0,Mid Value
3050,Aaron Watson,Bronze,IL,9,25651.69,801.62,2022-11-07,2024-12-23,777.0,Mid Value
572,Steven Newton,Gold,MA,6,25618.77,853.96,2022-11-21,2024-05-18,544.0,Mid Value
2527,Michelle Martinez,Silver,CA,8,25592.78,775.54,2022-01-03,2024-12-21,1083.0,Mid Value
999,Stephen Johnson,Bronze,GA,6,25574.23,1278.71,2022-03-06,2024-10-14,953.0,Mid Value
8036,James Kim,Bronze,CA,9,25563.94,798.87,2022-03-21,2024-11-14,969.0,Mid Value
5906,Alan Hall,Bronze,WI,8,25554.61,774.38,2022-03-27,2024-08-31,888.0,Mid Value
9132,Veronica Cooper,Silver,AZ,9,25551.2,824.23,2022-04-13,2023-12-11,607.0,Mid Value
8327,Vanessa Dominguez,Bronze,MI,11,25537.32,690.2,2022-01-19,2024-10-23,1008.0,Mid Value
881,Francisco Brown,Gold,FL,9,25533.65,773.75,2022-01-25,2024-10-01,980.0,Mid Value
5299,Denise Cook,Silver,AZ,7,25529.78,1160.44,2022-04-11,2024-04-13,733.0,Mid Value
6379,Christine Dennis,Silver,NJ,8,25526.7,654.53,2022-02-10,2024-08-29,931.0,Mid Value
8204,Monica Kline,Bronze,CA,12,25523.78,607.71,2022-08-27,2024-08-15,719.0,Mid Value
5499,Peter Serrano,Silver,CA,9,25517.19,750.51,2022-03-28,2024-10-22,939.0,Mid Value
6572,Austin Nelson,Platinum,IN,12,25510.18,728.86,2022-02-02,2024-09-06,947.0,Mid Value
5250,Katherine English,Gold,WA,5,25504.28,1275.21,2022-09-02,2024-11-26,816.0,Mid Value
2068,Amy Horton,Bronze,NJ,7,25485.06,1019.4,2022-03-20,2023-09-17,546.0,Mid Value
3409,Anthony Mclaughlin,Silver,FL,13,25451.46,636.29,2022-04-10,2024-09-25,899.0,Mid Value
4678,Jonathon Brown,Bronze,IN,15,25447.98,565.51,2022-01-12,2024-12-23,1076.0,Mid Value
4301,Amy Anderson,Gold,FL,9,25447.21,848.24,2022-02-09,2024-12-08,1033.0,Mid Value
1406,Traci Smith,Silver,NC,8,25435.64,748.11,2022-05-10,2024-10-19,893.0,Mid Value
5091,Devin Moreno,Silver,PA,13,25430.18,446.14,2022-01-24,2024-09-28,978.0,Mid Value
9136,Jeffrey Wagner,Gold,GA,10,25422.09,726.35,2022-01-20,2024-09-26,980.0,Mid Value
9463,Justin Clark,Bronze,IN,14,25416.23,577.64,2022-02-22,2024-07-20,879.0,Mid Value
3059,Jose Wilson,Bronze,NY,7,25406.09,940.97,2022-05-13,2024-11-25,927.0,Mid Value
2675,John Spencer,Gold,CA,13,25386.16,576.96,2022-07-01,2024-11-29,882.0,Mid Value
8157,Jeremiah Carlson,Bronze,NY,12,25385.74,604.42,2022-09-06,2024-08-09,703.0,Mid Value
4433,Patricia Reed,Gold,AZ,12,25373.39,724.95,2022-04-12,2024-12-26,989.0,Mid Value
1094,Eric Jackson,Bronze,GA,14,25345.92,589.44,2022-03-05,2024-11-09,980.0,Mid Value
9285,Megan Townsend,Bronze,NJ,6,25341.74,1151.9,2022-07-19,2024-11-13,848.0,Mid Value
4139,Ashley Terry,Silver,NC,5,25300.71,1488.28,2022-05-09,2024-12-16,952.0,Mid Value
1189,Charles Thomas,Platinum,PA,12,25294.1,648.57,2022-02-10,2024-07-30,901.0,Mid Value
2225,Tammy Howard,Gold,CA,11,25271.92,665.05,2022-01-12,2024-11-14,1037.0,Mid Value
4095,Lisa Lin,Silver,CA,9,25252.98,1010.12,2022-01-30,2024-11-11,1016.0,Mid Value
8398,Jerry Armstrong,Silver,WA,7,25242.42,934.9,2022-04-04,2024-06-02,790.0,Mid Value
4276,Jesus Smith,Bronze,MA,8,25239.34,1051.64,2022-07-19,2024-08-18,761.0,Mid Value
1161,Wayne Newton,Silver,AZ,9,25237.0,934.7,2022-03-27,2024-08-06,863.0,Mid Value
1571,Rebecca Gonzalez,Silver,MI,10,25227.67,764.47,2022-02-05,2024-03-10,764.0,Mid Value
542,Jennifer Chavez,Silver,IN,8,25218.25,788.07,2022-08-17,2024-10-23,798.0,Mid Value
413,Allen Ward,Platinum,NC,7,25200.95,900.03,2022-05-05,2024-11-24,934.0,Mid Value
3558,Jose Nicholson,Silver,TN,11,25200.82,700.02,2022-05-05,2024-11-14,924.0,Mid Value
8105,Brent Taylor,Bronze,WI,7,25181.47,1144.61,2022-02-18,2024-08-23,917.0,Mid Value
1788,Joy Flores,Silver,AZ,15,25167.62,513.62,2022-10-18,2024-11-06,750.0,Mid Value
3469,Carolyn Martinez,Gold,PA,6,25160.63,1480.04,2022-04-01,2024-09-15,898.0,Mid Value
3550,Raymond Gibbs,Bronze,PA,12,25135.76,661.47,2022-01-13,2024-12-22,1074.0,Mid Value
8744,Robert Dawson,Bronze,VA,12,25135.4,661.46,2022-03-26,2024-11-17,967.0,Mid Value
412,Morgan Drake,Silver,NC,9,25134.7,966.72,2022-03-17,2024-10-22,950.0,Mid Value
7840,David Marshall,Gold,MD,9,25132.3,679.25,2022-01-03,2024-11-05,1037.0,Mid Value
3629,Kyle Johnson,Bronze,WI,13,25130.55,661.33,2022-02-03,2024-12-30,1061.0,Mid Value
2882,Matthew Perez,Platinum,IL,6,25127.16,1046.96,2022-09-29,2024-12-10,803.0,Mid Value
158,Erica Oliver,Gold,NC,6,25104.72,1046.03,2022-05-05,2024-10-09,888.0,Mid Value
7500,Victor Cohen,Silver,WA,11,25102.76,809.77,2022-01-27,2024-11-04,1012.0,Mid Value
5980,April Young,Bronze,MA,13,25096.21,570.37,2022-07-22,2024-11-23,855.0,Mid Value
250,Maria Hayes,Bronze,TX,8,25089.63,836.32,2022-06-22,2024-10-10,841.0,Mid Value
4000,Tammy Guzman,Platinum,MO,17,25071.09,455.84,2022-02-09,2024-10-16,980.0,Mid Value
5464,Linda Koch,Gold,WA,8,25063.97,895.14,2022-02-24,2024-08-03,891.0,Mid Value
9784,Robert Howell,Bronze,OH,19,25061.45,417.69,2022-07-25,2024-10-29,827.0,Mid Value
4650,Martha Randall,Platinum,MD,7,25061.2,895.04,2022-11-08,2024-05-28,567.0,Mid Value
7697,Sarah Mcguire,Bronze,TX,10,25019.87,735.88,2022-09-05,2024-12-22,839.0,Mid Value
5817,Kimberly Richards,Bronze,FL,7,25010.29,862.42,2022-03-01,2024-10-04,948.0,Mid Value
1712,Jacob Thompson,Bronze,CA,5,25009.54,1316.29,2023-02-25,2024-09-24,577.0,Mid Value
1646,Candice Jimenez,Platinum,FL,14,25007.02,532.06,2022-05-10,2024-12-19,954.0,Mid Value
2800,Matthew Bond,Silver,FL,13,25004.2,581.49,2022-11-27,2024-11-19,723.0,Mid Value
7018,Denise Jones,Gold,MA,9,25001.78,925.99,2022-04-04,2024-07-02,820.0,Mid Value
3067,Hannah Lee,Bronze,WA,10,24977.11,675.06,2022-06-28,2024-10-04,829.0,Mid Value
9847,Rebekah Washington,Bronze,WA,7,24968.27,998.73,2023-05-09,2024-09-20,500.0,Mid Value
3357,Stephanie Beck,Bronze,GA,9,24962.04,713.2,2023-01-17,2024-12-09,692.0,Mid Value
7834,Shawn King,Gold,PA,12,24915.62,541.64,2022-07-26,2024-09-15,782.0,Mid Value
5757,Carlos Frank,Silver,IN,11,24912.49,673.31,2022-01-07,2024-11-23,1051.0,Mid Value
9355,Jennifer Proctor,Silver,MI,10,24911.69,622.79,2022-07-23,2024-09-06,776.0,Mid Value
7212,Kathleen West,Silver,WI,11,24854.12,753.16,2022-03-25,2024-10-19,939.0,Mid Value
280,Christina Rodriguez,Silver,CA,4,24828.98,2482.9,2023-04-13,2024-10-19,555.0,Mid Value
1054,Megan Smith,Gold,MD,12,24821.93,709.2,2022-03-30,2024-12-16,992.0,Mid Value
9768,Luis Mercado,Silver,WA,9,24806.85,992.27,2022-01-10,2024-11-04,1029.0,Mid Value
9024,John Cook,Bronze,AZ,8,24803.83,800.12,2022-02-09,2024-05-25,836.0,Mid Value
2109,Julie Smith,Platinum,WI,11,24781.46,635.42,2022-06-08,2024-09-23,838.0,Mid Value
8834,Richard Rivers,Silver,MO,10,24777.33,799.27,2022-01-04,2024-11-10,1041.0,Mid Value
6800,Cheryl Becker,Bronze,MD,6,24772.53,990.9,2022-04-09,2024-07-01,814.0,Mid Value
6668,Jessica Ramos,Gold,IN,13,24747.03,589.21,2022-08-09,2024-10-22,805.0,Mid Value
4727,Robert Patel,Bronze,TX,15,24742.21,515.46,2022-01-02,2024-11-04,1037.0,Mid Value
3249,Andrew Fry,Bronze,PA,10,24740.24,618.51,2022-04-15,2024-08-22,860.0,Mid Value
1351,Daniel Nixon,Bronze,OH,12,24740.1,634.36,2022-05-28,2024-11-18,905.0,Mid Value
8176,Linda Jones,Bronze,AZ,8,24725.52,749.26,2022-05-18,2024-05-14,727.0,Mid Value
5373,Angela Mcpherson,Bronze,MI,12,24710.81,602.7,2022-01-11,2024-04-15,825.0,Mid Value
3614,Matthew Johnston,Bronze,WI,9,24702.53,771.95,2022-05-08,2024-06-13,767.0,Mid Value
1601,Ryan Wright,Platinum,NY,14,24690.93,548.69,2022-01-13,2024-12-20,1072.0,Mid Value
9104,Sarah Stein,Bronze,FL,12,24690.67,548.68,2022-03-23,2024-10-31,953.0,Mid Value
5912,David Johnson,Silver,TX,13,24659.1,573.47,2022-05-14,2024-10-03,873.0,Mid Value
2965,Juan Wall,Silver,NC,13,24648.31,535.83,2022-04-07,2024-10-14,921.0,Mid Value
922,Eric Ballard,Gold,CA,8,24638.54,1071.24,2022-04-10,2023-11-02,571.0,Mid Value
3566,Tyler Hartman,Silver,TX,13,24630.92,631.56,2022-02-04,2024-11-29,1029.0,Mid Value
3928,Lisa Case,Silver,MI,7,24594.35,1069.32,2022-01-18,2024-08-14,939.0,Mid Value
6284,Bethany Tucker,Platinum,AZ,7,24573.28,1535.83,2022-05-12,2024-08-08,819.0,Mid Value
5098,Ralph Brooks,Bronze,MI,9,24572.45,847.33,2022-07-29,2024-07-22,724.0,Mid Value
9716,Timothy Walker,Bronze,GA,10,24544.28,1022.68,2022-01-09,2023-09-06,605.0,Mid Value
7997,Matthew Jimenez,Silver,WA,6,24542.57,1022.61,2022-07-12,2024-07-25,744.0,Mid Value
7998,Gerald Smith,Bronze,MO,10,24509.0,700.26,2022-11-06,2024-10-31,725.0,Mid Value
7488,Edward Johnson,Bronze,NJ,7,24500.67,1361.15,2022-05-15,2024-07-18,795.0,Mid Value
3970,Patricia Graves,Bronze,PA,13,24498.9,569.74,2022-01-02,2024-12-03,1066.0,Mid Value
4582,Chad Wise,Bronze,MO,15,24488.96,445.25,2022-03-01,2024-05-24,815.0,Mid Value
9089,Dustin Mercer,Bronze,VA,12,24483.02,532.24,2022-02-14,2024-08-17,915.0,Mid Value
4053,Roger Miller,Gold,NC,11,24475.85,596.97,2022-01-20,2024-11-10,1025.0,Mid Value
3949,Maria Smith,Silver,MO,8,24465.92,661.24,2022-02-03,2024-03-13,769.0,Mid Value
5412,Nicholas Romero,Gold,FL,11,24396.35,625.55,2023-03-01,2024-11-18,628.0,Mid Value
8502,Penny Ramos,Silver,CA,8,24393.96,813.13,2022-07-27,2024-12-25,882.0,Mid Value
3319,Annette Alexander,Silver,FL,11,24385.4,738.95,2022-04-05,2024-11-30,970.0,Mid Value
9458,Danielle Rodriguez,Gold,MI,8,24382.91,1161.09,2022-06-23,2024-10-22,852.0,Mid Value
3382,Justin Vargas,Bronze,IN,6,24362.45,1107.38,2022-02-08,2024-06-10,853.0,Mid Value
9320,Elizabeth Morrow,Bronze,NY,13,24359.95,529.56,2022-02-25,2024-10-29,977.0,Mid Value
4344,Nicholas Soto,Silver,MI,11,24338.1,624.05,2022-04-17,2024-12-19,977.0,Mid Value
7195,Jasmine Simmons,Silver,TN,9,24331.9,593.46,2022-06-21,2024-10-05,837.0,Mid Value
2500,Emily Williamson,Silver,WI,9,24308.07,639.69,2022-04-24,2024-11-07,928.0,Mid Value
3093,Michael Anderson,Bronze,IL,12,24305.34,656.9,2022-05-15,2024-10-30,899.0,Mid Value
6416,Justin Barrera,Silver,WA,10,24284.32,656.33,2022-01-14,2024-10-31,1021.0,Mid Value
4460,Emily Preston,Bronze,GA,10,24266.99,836.79,2022-02-09,2024-12-15,1040.0,Mid Value
4327,Christine Wilson,Bronze,NC,10,24264.07,970.56,2022-03-12,2024-05-08,788.0,Mid Value
2865,Kayla Nunez,Bronze,WA,12,24261.68,655.72,2022-03-05,2024-09-29,939.0,Mid Value
9688,Henry Gibson,Gold,WA,13,24256.89,551.29,2022-02-08,2024-11-30,1026.0,Mid Value
2240,Kathryn Espinoza,Gold,OH,9,24255.52,836.4,2022-01-02,2024-06-11,891.0,Mid Value
2409,Cynthia Valentine,Silver,NJ,10,24251.5,692.9,2022-02-13,2024-11-14,1005.0,Mid Value
967,Courtney Sandoval,Bronze,WA,10,24219.93,672.78,2022-03-12,2024-11-14,978.0,Mid Value
9045,Jonathan Whitehead,Gold,MA,12,24212.97,672.58,2022-05-01,2024-12-20,964.0,Mid Value
5972,Christine Hill,Bronze,VA,7,24208.54,806.95,2022-03-26,2024-09-02,891.0,Mid Value
4964,Connie Torres,Bronze,CA,12,24166.79,514.19,2022-04-24,2024-11-15,936.0,Mid Value
7655,Jennifer Morrison,Platinum,NJ,10,24166.31,562.01,2022-02-03,2024-12-16,1047.0,Mid Value
8731,Johnny Campbell,Platinum,PA,11,24164.88,653.1,2022-02-13,2024-11-11,1002.0,Mid Value
7450,Daniel Massey,Bronze,OH,11,24159.3,710.57,2022-03-27,2024-12-15,994.0,Mid Value
2872,Kristy Richards,Gold,NJ,9,24147.79,862.42,2022-04-11,2024-10-13,916.0,Mid Value
2414,Sara Kelly,Gold,NC,14,24109.82,512.97,2022-01-10,2024-11-01,1026.0,Mid Value
1374,Lee Crawford,Platinum,GA,5,24106.88,964.28,2023-08-13,2024-05-05,266.0,Mid Value
5145,Brad Powell,Bronze,NY,8,24105.05,1048.05,2022-04-14,2024-12-04,965.0,Mid Value
6330,Tracy Crawford,Silver,IL,10,24103.84,669.55,2022-07-26,2024-10-15,812.0,Mid Value
2159,Adam Stewart,Silver,GA,9,24087.44,802.91,2022-06-25,2024-05-16,691.0,Mid Value
7566,Miranda Flores,Bronze,NY,9,24080.98,860.03,2022-01-07,2024-08-13,949.0,Mid Value
474,Crystal Howard,Silver,OH,11,24064.38,546.92,2022-03-03,2024-10-02,944.0,Mid Value
3734,Jonathan Brown,Gold,FL,7,24061.16,1145.77,2022-03-28,2024-07-10,835.0,Mid Value
5157,Michael Turner,Silver,PA,9,24049.05,728.76,2022-06-05,2024-07-07,763.0,Mid Value
5774,Melissa Thomas,Bronze,TX,14,24047.62,522.77,2022-03-26,2024-11-13,963.0,Mid Value
9573,Richard Flores,Gold,PA,10,24043.9,632.73,2022-01-24,2024-12-28,1069.0,Mid Value
1877,John Chang,Gold,AZ,9,24035.7,858.42,2022-01-26,2023-12-30,703.0,Mid Value
1524,Donna Price,Bronze,IN,8,24034.11,828.76,2022-04-07,2024-09-18,895.0,Mid Value
1853,Julie Wood,Gold,MA,12,24029.15,558.82,2022-02-11,2024-11-28,1021.0,Mid Value
7981,Kevin Callahan,Silver,MD,9,24026.52,828.5,2022-02-12,2024-10-12,973.0,Mid Value
6561,Ashley Moore,Bronze,PA,14,24026.16,546.05,2022-05-18,2024-07-10,784.0,Mid Value
878,Jennifer Pierce,Bronze,CA,8,24022.61,750.71,2022-01-28,2024-09-26,972.0,Mid Value
3161,James Johns,Bronze,CA,13,24011.16,533.58,2022-01-21,2024-12-20,1064.0,Mid Value
7694,Patrick Reynolds,Gold,NJ,5,23988.48,1332.69,2022-10-29,2024-05-10,559.0,Mid Value
7281,Jennifer Howard,Silver,MO,5,23982.1,1410.71,2022-01-02,2024-11-02,1035.0,Mid Value
5988,Craig Thompson,Bronze,NC,10,23978.62,922.25,2022-03-09,2024-10-30,966.0,Mid Value
5685,Sarah Roberts,Silver,IL,10,23975.54,749.24,2022-11-13,2024-12-31,779.0,Mid Value
3926,Jason Smith,Bronze,GA,7,23970.03,998.75,2022-10-02,2024-05-10,586.0,Mid Value
3987,Elizabeth Griffin,Silver,NC,6,23961.97,1198.1,2022-02-25,2024-11-27,1006.0,Mid Value
8084,Jerry Reilly,Gold,TX,12,23948.88,647.27,2022-01-08,2024-07-06,910.0,Mid Value
3554,Diane Bauer,Platinum,WI,10,23946.84,798.23,2022-07-21,2024-03-18,606.0,Mid Value
8472,Erin Anderson,Silver,OH,9,23918.24,885.86,2022-02-02,2024-12-04,1036.0,Mid Value
7784,Jamie Charles,Platinum,GA,10,23916.54,613.24,2022-08-08,2024-12-23,868.0,Mid Value
216,Thomas Smith,Silver,NY,7,23914.93,996.46,2022-03-04,2024-10-16,957.0,Mid Value
1625,Michael Shaw,Silver,MD,15,23911.14,583.2,2022-05-30,2024-10-20,874.0,Mid Value
9262,Tracy Harper,Platinum,IN,8,23910.2,629.22,2022-01-22,2024-08-10,931.0,Mid Value
9789,Kimberly Camacho,Gold,IL,9,23895.08,628.82,2022-01-02,2024-06-22,902.0,Mid Value
3719,Natalie Hunter,Bronze,WI,11,23884.0,582.54,2023-06-02,2024-12-24,571.0,Mid Value
8403,Noah White,Platinum,NJ,9,23873.42,746.04,2022-07-19,2024-08-27,770.0,Mid Value
9627,Joseph Dominguez,Bronze,MD,8,23862.43,994.27,2022-05-22,2024-11-25,918.0,Mid Value
9537,Jaime Ward,Silver,GA,12,23850.35,681.44,2022-01-29,2024-11-08,1014.0,Mid Value
1371,Henry Hall,Gold,NC,11,23817.16,744.29,2022-04-07,2024-10-28,935.0,Mid Value
1340,Trevor Vasquez,Silver,TX,16,23810.44,432.92,2022-01-08,2024-11-07,1034.0,Mid Value
225,Edward Snyder,Bronze,TN,13,23795.98,610.15,2022-01-04,2024-09-25,995.0,Mid Value
9584,Christian Hancock,Gold,IN,11,23783.12,553.1,2022-12-17,2024-11-26,710.0,Mid Value
451,Alyssa Greene,Platinum,IN,9,23777.41,880.64,2022-01-31,2024-11-28,1032.0,Mid Value
6090,Kaylee Clark,Silver,AZ,10,23757.07,742.41,2022-03-31,2024-07-11,833.0,Mid Value
3644,Angela Ford,Bronze,FL,13,23754.94,579.39,2022-03-30,2024-12-11,987.0,Mid Value
4706,Rebecca Norman,Silver,NJ,13,23750.43,608.99,2022-03-07,2024-08-20,897.0,Mid Value
5028,Catherine Peterson,Bronze,OH,12,23747.71,608.92,2022-02-05,2024-12-07,1036.0,Mid Value
6245,Ashley Dominguez,Bronze,WA,6,23737.28,847.76,2022-05-04,2024-12-29,970.0,Mid Value
2972,Bethany Morrow,Platinum,MA,14,23706.72,455.9,2022-06-02,2024-11-08,890.0,Mid Value
4034,Erika Morrison,Silver,MD,10,23697.06,607.62,2022-06-27,2024-12-21,908.0,Mid Value
3776,Carolyn Mclaughlin,Gold,CA,9,23692.91,717.97,2023-05-27,2024-10-10,502.0,Mid Value
1477,Kevin Velez,Bronze,NJ,9,23692.17,764.26,2022-01-16,2024-10-25,1013.0,Mid Value
5084,Jenna Cook,Silver,NJ,13,23692.04,526.49,2022-02-20,2024-12-23,1037.0,Mid Value
3636,Veronica White,Bronze,CA,6,23691.75,911.22,2022-01-13,2024-06-02,871.0,Mid Value
4805,Janet Cox,Bronze,NJ,15,23687.46,503.99,2022-02-19,2024-12-15,1030.0,Mid Value
3669,Jason Sutton,Bronze,CA,12,23670.62,537.97,2022-03-04,2024-10-28,969.0,Mid Value
2751,Michelle Blackburn,Bronze,WA,7,23662.52,717.05,2022-10-23,2024-12-14,783.0,Mid Value
9559,Kim Walker,Bronze,OH,13,23659.14,503.39,2023-02-25,2024-12-18,662.0,Mid Value
3096,Jeffery Thomas,Silver,VA,7,23641.21,945.65,2022-02-28,2023-11-18,628.0,Mid Value
9351,Allen Barnes,Silver,NY,13,23629.07,513.68,2022-03-07,2024-09-25,933.0,Mid Value
2415,Nicholas Villanueva,Bronze,GA,10,23626.86,605.82,2022-03-19,2024-12-15,1002.0,Mid Value
2285,David Gibson,Gold,MA,9,23625.11,814.66,2022-03-09,2024-10-07,943.0,Mid Value
9047,Luis Hill,Bronze,NY,16,23589.54,453.65,2022-03-05,2024-11-14,985.0,Mid Value
3672,Christina Williams,Platinum,TN,13,23582.36,524.05,2022-02-02,2024-11-05,1007.0,Mid Value
1968,Kaitlyn Castro,Bronze,PA,8,23581.16,604.65,2022-04-14,2024-12-22,983.0,Mid Value
2211,Sarah Norman,Silver,NJ,13,23577.59,512.56,2022-01-09,2024-07-01,904.0,Mid Value
8697,Veronica Diaz,Bronze,NJ,10,23556.75,574.55,2022-01-26,2024-03-16,780.0,Mid Value
861,Helen Rush,Gold,IN,10,23549.05,872.19,2022-02-01,2024-09-06,948.0,Mid Value
5308,Matthew Moody,Silver,WA,12,23534.96,941.4,2022-04-14,2024-10-02,902.0,Mid Value
964,Brandy Simon,Silver,IN,10,23526.49,784.22,2022-01-13,2024-10-05,996.0,Mid Value
8519,Lucas Cook,Bronze,FL,12,23525.21,635.82,2022-01-06,2024-11-25,1054.0,Mid Value
8169,Pamela Thomas,Gold,MI,5,23515.88,1469.74,2022-07-05,2024-08-16,773.0,Mid Value
4833,Jonathan Rogers,Bronze,VA,10,23515.52,810.88,2022-06-30,2024-11-05,859.0,Mid Value
9551,Beth Brown,Bronze,IN,9,23512.76,870.84,2022-01-12,2024-03-30,808.0,Mid Value
4481,Eric Rios,Bronze,MA,6,23507.74,734.62,2022-04-18,2024-05-10,753.0,Mid Value
1703,Mary Washington,Silver,OH,9,23507.62,635.34,2023-01-25,2024-11-23,668.0,Mid Value
4630,Jonathan Flores,Silver,OH,11,23501.51,691.22,2022-06-05,2024-12-07,916.0,Mid Value
4708,Sandra Cox,Silver,VA,12,23498.81,573.14,2022-11-05,2024-12-03,759.0,Mid Value
4740,Carol Garcia,Bronze,NY,8,23497.1,734.28,2022-01-06,2024-07-27,933.0,Mid Value
8985,Lauren Montes,Gold,NJ,13,23489.63,489.37,2022-03-11,2024-08-10,883.0,Mid Value
1581,Michelle Burton,Silver,WI,7,23479.94,978.33,2022-10-08,2024-05-06,576.0,Mid Value
8018,Brittany White,Silver,PA,8,23477.86,546.0,2022-01-21,2024-11-25,1039.0,Mid Value
1876,Briana Jacobs,Silver,OH,12,23475.48,690.46,2022-01-31,2024-12-02,1036.0,Mid Value
4337,Jason White,Bronze,IL,10,23473.15,586.83,2022-06-19,2024-10-27,861.0,Mid Value
7356,William Gomez,Bronze,PA,9,23472.5,809.4,2022-01-27,2024-11-16,1024.0,Mid Value
5400,Ethan Smith,Platinum,WA,10,23459.95,837.86,2022-05-04,2024-09-20,870.0,Mid Value
3684,Jose Jones,Gold,NY,8,23449.28,617.09,2022-02-13,2024-08-24,923.0,Mid Value
3167,Seth Chen,Bronze,GA,9,23436.93,633.43,2022-04-11,2024-06-12,793.0,Mid Value
3811,Stephanie Campbell,Platinum,AZ,13,23421.95,532.32,2022-01-02,2024-12-28,1091.0,Mid Value
3998,Aaron Lynn,Silver,NY,9,23420.28,780.68,2022-02-22,2024-08-24,914.0,Mid Value
4062,Erik Martinez,Bronze,MO,10,23403.49,754.95,2022-05-21,2024-11-26,920.0,Mid Value
5107,Jack Mcclain,Bronze,TN,10,23403.46,615.88,2022-01-17,2024-04-13,817.0,Mid Value
4784,Eric Cox,Silver,NC,9,23403.06,936.12,2022-03-10,2024-12-12,1008.0,Mid Value
2740,William Wade,Silver,IL,7,23394.56,708.93,2022-06-21,2024-05-19,698.0,Mid Value
675,Veronica Stephens,Bronze,PA,13,23386.14,441.25,2022-01-11,2024-12-10,1064.0,Mid Value
8709,Tracy Collier,Gold,CA,8,23377.61,631.83,2022-02-21,2024-09-18,940.0,Mid Value
1917,Bethany Miller,Platinum,FL,7,23356.96,1061.68,2022-05-14,2024-12-19,950.0,Mid Value
9270,Adrian Smith,Silver,VA,10,23330.92,752.61,2022-03-13,2024-07-20,860.0,Mid Value
8464,Brooke Gregory,Platinum,GA,9,23325.91,613.84,2022-11-06,2024-03-18,498.0,Mid Value
2538,Justin Frank,Silver,MO,10,23307.41,665.93,2022-05-17,2024-11-02,900.0,Mid Value
8216,Margaret Chung,Bronze,MA,11,23302.8,629.81,2022-04-02,2024-06-01,791.0,Mid Value
7511,Christopher Phillips,Silver,GA,9,23299.09,862.93,2022-02-23,2024-09-01,921.0,Mid Value
468,Victor Stewart,Bronze,CA,10,23292.03,751.36,2022-06-22,2024-08-20,790.0,Mid Value
2397,Adam Garrison,Bronze,IL,7,23279.89,895.38,2022-04-01,2024-06-12,803.0,Mid Value
2593,Jason Blevins,Platinum,NC,8,23268.04,802.35,2022-02-10,2023-11-30,658.0,Mid Value
9992,Dennis Jones,Gold,PA,11,23266.68,528.79,2022-03-12,2024-12-28,1022.0,Mid Value
3501,Christina Hunter,Silver,CA,10,23253.84,750.12,2022-01-11,2024-07-13,914.0,Mid Value
5324,Troy Nelson,Silver,GA,12,23246.98,540.63,2022-01-12,2024-06-03,873.0,Mid Value
8788,Brian Hawkins,Silver,GA,16,23242.65,505.28,2022-02-12,2024-09-07,938.0,Mid Value
8562,Jennifer Jackson,Bronze,VA,9,23225.62,663.59,2022-05-28,2024-05-01,704.0,Mid Value
2237,William Harmon,Silver,FL,8,23209.01,773.63,2022-03-01,2024-12-03,1008.0,Mid Value
7890,Nicholas Thomas,Bronze,IL,8,23204.38,892.48,2022-04-20,2024-01-08,628.0,Mid Value
1280,Katherine Williams,Bronze,CA,6,23199.0,1364.65,2022-01-09,2024-12-28,1084.0,Mid Value
4498,Brian Moses,Silver,MD,11,23185.45,927.42,2022-02-11,2024-06-30,870.0,Mid Value
1454,Rachel Cowan,Silver,CA,7,23185.08,828.04,2022-08-04,2024-08-12,739.0,Mid Value
6087,John Sloan,Bronze,WA,12,23182.61,565.43,2022-01-11,2024-11-28,1052.0,Mid Value
8733,Alan Grimes,Silver,MO,9,23178.58,702.38,2022-03-01,2024-08-19,902.0,Mid Value
8020,Kirsten Gonzalez,Bronze,NY,10,23174.8,643.74,2022-01-26,2024-06-10,866.0,Mid Value
1315,Tim Hunt,Bronze,NY,8,23171.13,965.46,2022-03-18,2024-12-20,1008.0,Mid Value
2683,Brianna Martin,Platinum,NC,10,23170.29,643.62,2022-06-03,2023-12-21,566.0,Mid Value
1590,Laurie Mullen,Gold,MI,7,23169.7,1158.49,2022-01-30,2024-07-19,901.0,Mid Value
8439,Nathan Elliott,Platinum,MI,13,23168.58,643.57,2022-04-30,2024-09-25,879.0,Mid Value
5584,Anna Stephens,Gold,PA,13,23161.12,564.91,2022-02-13,2024-05-31,838.0,Mid Value
1425,Monica Gonzalez,Silver,MD,11,23159.19,625.92,2022-02-03,2024-11-21,1022.0,Mid Value
283,Kyle Ferguson,Bronze,VA,9,23148.6,746.73,2022-01-07,2024-09-10,977.0,Mid Value
2083,Nicholas Wilson,Silver,CA,10,23148.53,771.62,2022-02-17,2024-12-07,1024.0,Mid Value
9135,Michelle Bird,Gold,MO,13,23130.0,550.71,2022-03-25,2024-09-03,893.0,Mid Value
6487,Carmen Liu,Platinum,PA,12,23128.12,856.6,2022-06-19,2024-11-09,874.0,Mid Value
3824,Daniel Daugherty,Bronze,TX,6,23127.59,770.92,2022-07-23,2024-11-20,851.0,Mid Value
1656,Nancy Ballard,Silver,FL,9,23116.77,963.2,2023-02-02,2024-11-17,654.0,Mid Value
6014,Troy Dunn,Gold,WA,7,23116.09,856.15,2022-05-29,2024-10-27,882.0,Mid Value
3438,Stanley Larson,Bronze,PA,12,23115.89,513.69,2022-02-27,2024-10-09,955.0,Mid Value
669,Debbie Maddox,Gold,MO,7,23108.14,825.29,2022-07-08,2024-10-06,821.0,Mid Value
718,Eddie Henson,Gold,IN,11,23097.28,721.79,2022-03-09,2024-06-11,825.0,Mid Value
664,Andrew Day,Silver,CA,9,23085.89,721.43,2022-01-03,2024-12-06,1068.0,Mid Value
7931,William Page,Platinum,OH,12,23084.47,623.9,2022-01-03,2024-09-13,984.0,Mid Value
9448,Mariah Rodriguez,Gold,PA,12,23077.1,659.35,2022-01-02,2024-12-30,1093.0,Mid Value
8290,Michael Adams,Bronze,PA,5,23060.52,960.86,2023-06-27,2024-06-07,346.0,Mid Value
9703,James Jones,Silver,WA,10,23057.64,698.72,2022-05-25,2024-03-09,654.0,Mid Value
7550,Peter Waters,Silver,WA,8,23041.48,698.23,2022-04-14,2024-10-18,918.0,Mid Value
4994,Shane Ramirez,Bronze,MD,11,23028.66,622.4,2022-01-27,2024-08-10,926.0,Mid Value
5700,Yolanda Winters,Silver,MI,9,23022.62,742.67,2022-04-15,2024-08-26,864.0,Mid Value
8431,Chelsea Greene,Bronze,MO,8,23010.88,793.48,2022-03-04,2024-09-10,921.0,Mid Value
6690,Wanda Daniels,Bronze,IN,10,23010.27,639.17,2022-05-30,2024-11-26,911.0,Mid Value
4401,Mike Cook,Bronze,MD,9,23005.13,742.1,2022-03-04,2024-09-26,937.0,Mid Value
8528,Aaron Stephens,Platinum,MI,7,23002.51,1000.11,2022-04-22,2024-05-18,757.0,Mid Value
3601,David Moore,Gold,MI,13,22994.14,534.75,2022-02-16,2024-11-24,1012.0,Mid Value
1330,Jason Brooks,Gold,TX,10,22993.45,605.09,2022-01-16,2024-12-11,1060.0,Mid Value
3689,Albert Clarke,Bronze,NJ,11,22986.96,604.92,2022-11-21,2024-10-28,707.0,Mid Value
629,Andrew Garcia,Gold,MD,11,22952.65,604.02,2022-05-22,2024-11-05,898.0,Mid Value
9468,Jessica Hall,Silver,CA,11,22952.38,620.33,2022-04-19,2024-12-12,968.0,Mid Value
2229,Anthony Larson,Silver,GA,10,22941.52,655.47,2022-04-28,2024-12-24,971.0,Mid Value
4370,Charles Anderson,Gold,GA,9,22940.02,955.83,2022-06-01,2024-11-22,905.0,Mid Value
4078,Marcus Fischer,Silver,GA,11,22933.02,559.34,2022-02-02,2024-12-29,1061.0,Mid Value
1804,Megan Munoz,Bronze,MA,9,22923.71,636.77,2022-03-03,2024-08-30,911.0,Mid Value
3835,Amanda Anderson,Gold,OH,7,22922.35,1091.54,2022-04-03,2024-04-19,747.0,Mid Value
3832,Raymond Hunter,Silver,NC,12,22920.64,716.27,2022-04-16,2024-05-08,753.0,Mid Value
207,Sara Graham,Silver,MI,8,22918.67,818.52,2022-04-23,2024-08-21,851.0,Mid Value
15,Charles Lewis,Silver,NC,8,22912.86,619.27,2022-06-14,2024-04-10,666.0,Mid Value
3291,Rebecca Bennett,Platinum,NY,7,22889.93,953.75,2022-05-23,2024-11-05,897.0,Mid Value
9825,Christopher Gross,Gold,IL,10,22889.03,847.74,2022-01-22,2023-10-22,638.0,Mid Value
2523,Teresa Bryant,Gold,NJ,8,22884.18,673.06,2022-02-10,2024-04-27,807.0,Mid Value
5870,Pamela Weber,Gold,IL,13,22880.25,762.67,2022-01-22,2024-11-19,1032.0,Mid Value
5219,Anna Holder,Silver,PA,13,22873.88,601.94,2022-08-02,2024-07-12,710.0,Mid Value
6216,Tommy Nixon,Silver,WI,11,22865.29,601.72,2022-02-13,2024-12-10,1031.0,Mid Value
9354,John Baker,Platinum,MO,6,22864.65,1429.04,2022-02-02,2024-04-30,818.0,Mid Value
2771,Bonnie Rodgers,Bronze,IL,11,22863.29,617.93,2022-01-08,2024-11-20,1047.0,Mid Value
7271,Bridget Martin,Gold,NY,9,22847.52,913.9,2022-01-11,2024-11-24,1048.0,Mid Value
5633,Jeffrey Lewis,Platinum,GA,13,22845.72,466.24,2022-04-04,2024-07-09,827.0,Mid Value
1883,Russell Stafford,Gold,MO,12,22836.86,570.92,2022-04-28,2024-12-02,949.0,Mid Value
4453,Jacob Adams,Bronze,TN,12,22825.94,600.68,2022-01-17,2024-09-08,965.0,Mid Value
2652,Melissa Henderson,Bronze,IN,11,22808.41,760.28,2022-05-17,2024-12-18,946.0,Mid Value
583,Gary Fox,Silver,MI,8,22807.21,670.8,2022-04-20,2024-10-01,895.0,Mid Value
3490,Tara Stokes,Bronze,TX,10,22784.58,876.33,2022-05-20,2024-06-01,743.0,Mid Value
6091,Kristen Sims,Gold,AZ,9,22776.95,911.08,2022-01-15,2024-12-23,1073.0,Mid Value
4615,Samuel Quinn,Silver,WI,7,22770.67,785.2,2022-10-25,2024-12-31,798.0,Mid Value
2150,Monica Beck,Gold,OH,14,22768.39,569.21,2022-01-29,2024-10-24,999.0,Mid Value
1708,Joe Murphy,Silver,WI,7,22763.59,875.52,2022-02-26,2023-08-13,533.0,Mid Value
7662,Dennis Baker,Silver,TN,9,22758.86,598.92,2022-05-06,2024-12-12,951.0,Mid Value
3739,Kevin Webb,Silver,IN,7,22732.4,988.37,2022-01-04,2024-08-02,941.0,Mid Value
8686,Christopher Moore,Silver,VA,5,22699.48,1513.3,2023-01-23,2024-10-31,647.0,Mid Value
5509,Kimberly Thompson,Gold,MA,11,22695.43,504.34,2022-03-12,2024-12-31,1025.0,Mid Value
8134,Benjamin Carter,Gold,WA,8,22693.92,709.18,2022-04-24,2024-11-07,928.0,Mid Value
8689,Julie Kane,Bronze,VA,12,22693.5,527.76,2022-02-09,2024-10-08,972.0,Mid Value
2794,Michael Fletcher,Bronze,TN,9,22688.91,731.9,2022-02-22,2024-05-10,808.0,Mid Value
2476,Anthony Hartman,Bronze,MO,8,22685.7,907.43,2022-03-19,2024-11-23,980.0,Mid Value
4043,Garrett Young,Silver,MD,8,22682.42,1134.12,2022-03-23,2024-04-18,757.0,Mid Value
4631,Holly Ibarra,Gold,MO,11,22675.26,809.83,2022-11-22,2024-12-13,752.0,Mid Value
7189,Carolyn Clark,Silver,VA,9,22661.19,1079.1,2022-02-07,2024-02-15,738.0,Mid Value
9323,Lauren Harris,Gold,WI,12,22652.42,526.8,2022-01-14,2024-12-12,1063.0,Mid Value
3256,Jessica Simpson,Bronze,AZ,9,22643.21,611.98,2022-03-21,2024-08-13,876.0,Mid Value
1455,Carol Williams,Silver,MO,9,22642.46,808.66,2022-04-16,2024-11-05,934.0,Mid Value
6247,Sara Dean,Silver,FL,8,22629.49,983.89,2023-09-21,2024-12-08,444.0,Mid Value
1811,Amy James,Bronze,MO,7,22627.44,780.26,2023-03-11,2024-12-22,652.0,Mid Value
97,David Hendricks,Bronze,NJ,7,22624.98,729.84,2022-03-27,2024-06-03,799.0,Mid Value
4140,Holly Perez,Silver,IN,6,22612.01,1507.47,2022-01-27,2024-09-20,967.0,Mid Value
1484,John Harris,Bronze,MA,8,22610.37,685.16,2022-09-09,2024-09-17,739.0,Mid Value
6264,Heather Sherman,Silver,WA,8,22592.63,806.88,2022-03-07,2024-12-21,1020.0,Mid Value
7150,Victoria Mata,Bronze,OH,10,22588.75,982.12,2022-02-08,2024-10-02,967.0,Mid Value
65,Charles Murray,Gold,TX,9,22583.96,705.75,2022-02-12,2023-11-26,652.0,Mid Value
7411,Sylvia Castillo,Bronze,WA,12,22583.24,564.58,2022-05-05,2024-06-20,777.0,Mid Value
6795,Elizabeth Coleman,Silver,IL,13,22578.69,610.23,2022-08-02,2024-08-11,740.0,Mid Value
6013,Brandon Patel,Gold,TX,9,22571.33,835.98,2022-10-17,2024-10-06,720.0,Mid Value
694,Stephen Martin,Bronze,NY,11,22568.23,609.95,2022-01-23,2024-12-18,1060.0,Mid Value
1012,Nancy Maynard,Gold,WI,10,22566.63,752.22,2022-05-14,2024-12-17,948.0,Mid Value
426,Brittany Ramirez,Silver,TN,9,22564.86,778.1,2022-03-15,2024-11-13,974.0,Mid Value
6259,Heather Stephens,Bronze,IL,10,22564.81,644.71,2022-04-25,2024-12-09,959.0,Mid Value
8043,Becky Williams,Silver,IN,6,22560.94,940.04,2022-05-15,2024-08-25,833.0,Mid Value
8390,Marc Irwin,Platinum,WA,12,22545.34,536.79,2022-03-28,2024-12-26,1004.0,Mid Value
6205,Nicholas Fuller,Bronze,MD,10,22534.67,577.81,2022-06-01,2024-11-07,890.0,Mid Value
2933,Christopher Freeman,Silver,WI,8,22533.57,834.58,2022-03-09,2024-11-18,985.0,Mid Value
4518,Kelly Smith,Gold,PA,9,22531.51,682.77,2022-03-09,2024-10-12,948.0,Mid Value
9122,Tonya Galloway,Gold,MI,12,22515.3,523.61,2022-04-16,2024-12-24,983.0,Mid Value
3496,Cindy Dickerson,Silver,GA,10,22514.03,703.56,2022-03-29,2024-12-18,995.0,Mid Value
770,Marissa Martin,Silver,GA,5,22513.22,1608.09,2022-10-11,2023-11-18,403.0,Mid Value
9899,Mark Walker,Silver,IL,9,22509.31,865.74,2022-03-05,2024-11-24,995.0,Mid Value
1360,Megan Pham,Bronze,IN,9,22508.95,662.03,2022-09-13,2024-08-27,714.0,Mid Value
1554,Jessica Johns,Bronze,VA,7,22503.92,1184.42,2022-02-01,2024-03-31,789.0,Mid Value
9752,Andrea Smith,Bronze,MO,13,22499.71,624.99,2022-01-27,2024-12-26,1064.0,Mid Value
940,Jill Smith,Platinum,AZ,10,22477.23,725.07,2022-02-02,2024-07-20,899.0,Mid Value
6290,Holly Compton,Silver,MD,12,22471.68,642.05,2022-06-09,2024-11-02,877.0,Mid Value
1156,Tiffany Werner,Bronze,WA,14,22457.69,641.65,2022-01-16,2024-10-31,1019.0,Mid Value
5414,Courtney Russell,Silver,NJ,9,22454.57,606.88,2022-09-25,2024-10-31,767.0,Mid Value
7361,Jillian Gonzalez,Platinum,IN,9,22444.23,641.26,2022-03-09,2024-11-24,991.0,Mid Value
8991,Kristen Walker,Silver,FL,9,22442.68,723.96,2022-03-31,2024-12-16,991.0,Mid Value
5217,Isabel Wilkins,Platinum,TX,14,22441.23,590.56,2022-05-21,2024-11-01,895.0,Mid Value
9678,Shelley Jones,Bronze,CA,11,22428.24,640.81,2022-03-04,2024-09-11,922.0,Mid Value
7480,Nathaniel Vasquez,Bronze,WI,6,22419.67,773.09,2022-01-22,2024-07-12,902.0,Mid Value
4033,Janice Ramirez,Gold,TN,9,22410.4,830.01,2022-02-14,2024-08-08,906.0,Mid Value
9612,Amanda Mcbride,Bronze,MA,7,22410.04,830.0,2022-06-28,2024-07-25,758.0,Mid Value
5426,Mary Carpenter,Bronze,TN,7,22404.85,1120.24,2022-06-02,2024-10-07,858.0,Mid Value
1476,Nancy Krueger,Gold,AZ,9,22396.21,973.75,2022-01-12,2024-11-02,1025.0,Mid Value
6609,Alex Thompson,Silver,OH,9,22392.79,861.26,2022-01-19,2024-12-19,1065.0,Mid Value
8466,Tiffany Jensen,Silver,NJ,6,22382.15,1492.14,2022-04-18,2024-05-11,754.0,Mid Value
531,Mary Fischer,Bronze,FL,14,22366.27,559.16,2022-04-21,2024-10-20,913.0,Mid Value
7590,Lindsay Anderson,Platinum,WI,13,22358.88,465.81,2022-02-08,2024-09-17,952.0,Mid Value
4793,Kelly Davis,Gold,TX,16,22348.16,392.07,2022-01-22,2024-10-06,988.0,Mid Value
1325,Amanda Lewis,Bronze,NC,14,22326.65,465.14,2022-02-19,2024-12-27,1042.0,Mid Value
3602,Jacqueline Valdez,Platinum,MI,15,22325.21,429.33,2022-03-03,2024-09-18,930.0,Mid Value
7052,David Berger,Silver,GA,13,22324.35,429.31,2022-07-28,2024-09-08,773.0,Mid Value
5960,Mario Skinner,Silver,VA,9,22318.9,676.33,2022-10-30,2024-12-29,791.0,Mid Value
8668,Richard Moore,Platinum,IN,9,22314.99,929.79,2022-06-07,2024-12-13,920.0,Mid Value
8281,Stephen Reed,Bronze,PA,9,22314.38,603.09,2022-09-29,2024-08-01,672.0,Mid Value
2208,Danielle Huff,Bronze,OH,14,22313.1,455.37,2022-01-20,2024-10-01,985.0,Mid Value
9738,Michael White,Bronze,PA,11,22305.2,602.84,2022-05-26,2024-09-30,858.0,Mid Value
2786,Christine Montgomery,Silver,PA,13,22303.61,557.59,2022-01-11,2024-12-04,1058.0,Mid Value
7486,Kurt Brown,Bronze,WI,13,22298.53,518.57,2022-11-19,2024-12-23,765.0,Mid Value
3049,Lori Castro,Silver,WA,7,22282.8,768.37,2022-01-01,2024-01-21,750.0,Mid Value
2255,Thomas Mendoza,Bronze,FL,7,22277.34,1310.43,2022-10-30,2024-11-04,736.0,Mid Value
5213,Pamela Burns,Silver,PA,8,22275.81,718.57,2022-04-02,2024-06-19,809.0,Mid Value
7711,Andres Ruiz,Platinum,TX,7,22262.18,1171.69,2022-04-01,2024-05-02,762.0,Mid Value
656,Lance Montgomery,Bronze,NY,9,22260.03,570.77,2022-02-13,2024-08-14,913.0,Mid Value
5580,Heather Brewer,Silver,CA,3,22253.68,1711.82,2022-03-08,2024-12-01,999.0,Mid Value
3967,Cindy Green,Bronze,GA,12,22242.35,695.07,2022-08-20,2024-12-11,844.0,Mid Value
2806,Jose Taylor,Silver,CA,14,22236.19,555.9,2022-02-08,2024-10-31,996.0,Mid Value
9677,Jamie Oliver,Silver,MO,11,22229.73,635.14,2022-05-25,2024-09-09,838.0,Mid Value
3419,Brenda Sampson,Bronze,MA,9,22225.72,766.4,2022-09-20,2024-12-25,827.0,Mid Value
8248,Patrick Morgan,Gold,MD,11,22215.91,569.64,2022-01-03,2024-11-25,1057.0,Mid Value
975,Kathy Pitts,Silver,MA,7,22210.46,1009.57,2022-05-11,2024-03-24,683.0,Mid Value
7416,Brittany Collins,Bronze,OH,13,22205.79,516.41,2022-02-12,2024-09-14,945.0,Mid Value
538,Andrew Gray,Gold,OH,4,22201.64,1305.98,2022-04-02,2023-02-25,329.0,Mid Value
8115,William Garcia,Gold,NC,11,22198.21,599.95,2022-03-26,2024-02-22,698.0,Mid Value
8546,Amanda Garcia,Bronze,NY,14,22193.84,528.42,2022-01-09,2024-12-28,1084.0,Mid Value
4759,Julie Ball,Gold,TX,6,22172.37,1166.97,2022-01-04,2024-09-17,987.0,Mid Value
5582,Jose Wilson,Silver,AZ,14,22164.81,452.34,2022-05-22,2024-11-12,905.0,Mid Value
1925,Steven Johnson,Bronze,MO,8,22163.75,1166.51,2022-06-02,2024-10-03,854.0,Mid Value
543,Alexandra Franco,Bronze,AZ,8,22141.93,670.97,2022-02-27,2024-08-13,898.0,Mid Value
3418,Rodney Sutton,Silver,AZ,8,22130.73,691.59,2022-03-10,2024-10-29,964.0,Mid Value
9086,Steven Baker,Bronze,NY,8,22112.06,737.07,2022-01-25,2024-11-05,1015.0,Mid Value
839,Amanda Holmes,Bronze,TX,13,22104.98,442.1,2022-05-26,2024-09-29,857.0,Mid Value
6603,Amy Christian,Gold,WA,8,22104.38,669.83,2022-09-22,2024-12-04,804.0,Mid Value
5864,Erin Chan,Platinum,MO,7,22103.88,850.15,2022-06-18,2024-10-17,852.0,Mid Value
9664,Vanessa Mcmillan,Gold,AZ,12,22094.75,552.37,2022-01-20,2024-09-20,974.0,Mid Value
5246,Diane Rivera,Bronze,IL,7,22094.66,883.79,2023-08-05,2024-10-23,445.0,Mid Value
9583,Andrea Adams,Silver,VA,11,22077.75,479.95,2022-02-25,2024-12-20,1029.0,Mid Value
2322,Adam Moss,Gold,MI,9,22060.03,596.22,2022-01-04,2024-12-28,1089.0,Mid Value
631,Adam Allen,Bronze,WI,6,22056.52,1102.83,2022-05-01,2023-07-24,449.0,Mid Value
7531,Vanessa Flynn,Silver,WA,12,22039.1,524.74,2022-01-26,2024-11-13,1022.0,Mid Value
7445,Mary Williams,Silver,OH,9,22034.83,918.12,2022-01-21,2024-11-07,1021.0,Mid Value
8057,Eric Garner,Bronze,TN,10,22034.03,537.42,2022-01-14,2024-11-28,1049.0,Mid Value
3825,Michael Davis,Silver,MD,11,22013.52,628.96,2022-02-06,2024-12-30,1058.0,Mid Value
818,Aaron Wright,Silver,VA,8,22011.64,710.05,2022-02-19,2024-10-10,964.0,Mid Value
1580,James Smith,Platinum,AZ,11,22001.46,666.71,2022-04-29,2024-12-23,969.0,Mid Value
3271,Mary Garcia,Silver,MI,12,21995.56,594.47,2022-06-12,2024-12-16,918.0,Mid Value
9108,Rhonda Griffin,Silver,GA,7,21992.6,814.54,2023-05-04,2024-12-24,600.0,Mid Value
3767,Sheryl Kramer,Silver,OH,8,21990.61,610.85,2023-02-15,2024-11-19,643.0,Mid Value
2687,Chase Miller,Silver,NC,4,21986.54,1570.47,2022-05-23,2024-04-14,692.0,Mid Value
6872,Matthew Weber,Bronze,NC,6,21986.54,1099.33,2022-01-14,2023-10-12,636.0,Mid Value
5668,Kimberly Morris,Silver,PA,8,21977.87,757.86,2022-05-27,2024-07-10,775.0,Mid Value
5236,Anthony Palmer,Bronze,NJ,8,21976.41,879.06,2022-11-08,2024-12-18,771.0,Mid Value
3385,Jeanette Ramirez,Bronze,VA,7,21974.87,878.99,2022-01-19,2024-10-10,995.0,Mid Value
9988,Jason Lewis,Silver,MO,11,21936.16,476.87,2022-03-28,2024-10-15,932.0,Mid Value
4999,Samantha Gomez,Bronze,IL,10,21935.77,548.39,2022-10-17,2024-12-02,777.0,Mid Value
9740,Caitlin White,Bronze,VA,9,21929.02,609.14,2022-11-26,2024-11-27,732.0,Mid Value
883,Nancy Sanchez,Silver,MD,8,21921.61,996.44,2022-05-31,2024-03-19,658.0,Mid Value
8306,Garrett Lewis,Bronze,GA,12,21914.45,684.83,2022-04-19,2024-12-26,982.0,Mid Value
7990,Jennifer Dominguez,Silver,AZ,6,21906.36,912.76,2022-07-28,2024-09-21,786.0,Mid Value
7151,Tamara Owens,Silver,TN,6,21902.32,1216.8,2022-03-09,2024-08-30,905.0,Mid Value
5281,Rachel Peterson,Platinum,AZ,10,21901.6,952.24,2022-07-29,2024-03-04,584.0,Mid Value
305,Gregory Murray,Gold,TN,7,21892.39,810.83,2022-06-12,2024-09-19,830.0,Mid Value
1153,Kenneth Morgan,Silver,IL,10,21890.07,951.74,2022-01-11,2024-06-20,891.0,Mid Value
1902,Michael Wise,Gold,NC,6,21886.84,1151.94,2022-09-18,2024-09-20,733.0,Mid Value
748,Thomas Henry,Bronze,VA,12,21884.45,497.37,2022-10-24,2024-12-01,769.0,Mid Value
1530,Christopher Brooks,Silver,NY,7,21883.02,911.79,2022-12-13,2024-07-01,566.0,Mid Value
2744,Michelle Rogers,Gold,MO,9,21881.75,1041.99,2022-05-13,2024-11-29,931.0,Mid Value
4061,Joseph Harris,Bronze,CA,6,21877.6,994.44,2022-08-20,2024-12-02,835.0,Mid Value
7877,Kenneth Contreras,Bronze,WI,2,21876.99,2187.7,2024-03-09,2024-04-22,44.0,Mid Value
9123,Pamela Reynolds,Gold,MI,8,21869.26,683.41,2022-05-12,2024-12-30,963.0,Mid Value
9376,Eric Harris,Silver,FL,13,21869.11,520.69,2022-01-14,2024-12-05,1056.0,Mid Value
9307,Christopher Shelton,Bronze,CA,11,21851.55,508.18,2022-03-02,2024-10-30,973.0,Mid Value
2015,Grace Cox,Bronze,OH,11,21848.15,590.49,2022-01-14,2024-12-04,1055.0,Mid Value
9067,James Bailey,Platinum,MI,11,21830.68,545.77,2022-04-11,2024-10-24,927.0,Mid Value
3925,Kimberly Richardson,Silver,WA,12,21830.03,545.75,2022-04-12,2024-10-02,904.0,Mid Value
6824,Adrian Juarez,Bronze,PA,13,21827.07,545.68,2022-01-08,2024-10-29,1025.0,Mid Value
7112,James Banks,Gold,VA,12,21826.21,474.48,2022-01-20,2024-12-31,1076.0,Mid Value
2766,Chad Ray,Silver,OH,10,21825.81,623.59,2022-02-01,2024-07-02,882.0,Mid Value
6484,Alicia Kim,Silver,WA,10,21824.65,682.02,2023-10-19,2024-10-17,364.0,Mid Value
7783,Jeffrey Garza,Silver,CA,12,21818.24,606.06,2022-02-25,2024-12-20,1029.0,Mid Value
9341,Kayla Smith,Bronze,MI,14,21817.62,623.36,2022-01-05,2024-12-15,1075.0,Mid Value
6636,James Warren,Gold,OH,11,21816.16,641.65,2022-06-11,2024-12-16,919.0,Mid Value
5939,Brandy Floyd,Bronze,NJ,12,21809.4,531.94,2022-01-25,2024-08-25,943.0,Mid Value
9063,Melissa Oneal,Silver,TN,14,21797.26,558.9,2022-04-02,2024-09-22,904.0,Mid Value
7171,Heidi Caldwell,Gold,WA,6,21792.03,1362.0,2022-05-08,2024-11-20,927.0,Mid Value
6742,Robert Adams,Bronze,CA,10,21790.49,605.29,2022-09-20,2024-08-25,705.0,Mid Value
8615,Shannon Evans,Gold,WA,11,21790.2,558.72,2022-05-17,2024-08-06,812.0,Mid Value
5124,Brandon Brown,Bronze,IL,10,21784.3,518.67,2023-01-09,2024-05-31,508.0,Mid Value
7110,Robert Khan,Silver,NJ,10,21783.18,605.09,2022-03-18,2024-10-27,954.0,Mid Value
3099,Wesley Jones,Silver,VA,9,21771.14,659.73,2022-01-26,2024-10-03,981.0,Mid Value
2180,Brooke Sweeney,Gold,MA,9,21769.61,621.99,2022-01-12,2024-09-22,984.0,Mid Value
1964,John Morgan,Gold,VA,11,21768.2,572.85,2022-01-20,2024-04-22,823.0,Mid Value
5589,Ryan Dunn,Bronze,IL,9,21750.99,679.72,2022-01-05,2024-11-24,1054.0,Mid Value
7587,Roger Parker,Gold,IL,8,21745.35,749.84,2022-01-30,2024-08-21,934.0,Mid Value
8980,Jessica Castro,Silver,NY,15,21731.42,417.91,2022-01-31,2024-03-11,770.0,Mid Value
7941,Linda Luna,Silver,MO,6,21720.15,1357.51,2022-01-26,2024-10-03,981.0,Mid Value
6753,Amanda Mclean,Gold,AZ,10,21713.26,504.96,2022-04-27,2024-08-05,831.0,Mid Value
5211,Latoya Barrera,Bronze,IL,11,21711.72,516.95,2022-01-24,2024-12-15,1056.0,Mid Value
8666,Rachel Miller,Silver,WI,12,21698.98,571.03,2022-03-27,2024-12-28,1007.0,Mid Value
5916,David Chung,Silver,TN,6,21693.92,774.78,2023-01-22,2024-12-19,697.0,Mid Value
557,Matthew Schmitt,Bronze,TN,6,21678.85,833.8,2023-04-07,2024-09-16,528.0,Mid Value
3570,Brenda Alvarez,Platinum,WA,11,21674.78,722.49,2022-02-07,2024-08-09,914.0,Mid Value
6040,Gregory Thomas,Silver,FL,11,21667.56,619.07,2022-01-01,2024-03-07,796.0,Mid Value
6700,Amanda Wilson,Bronze,CA,11,21658.66,618.82,2022-06-06,2024-10-11,858.0,Mid Value
8079,Christian Johnson,Bronze,FL,8,21657.9,721.93,2022-05-19,2024-07-02,775.0,Mid Value
5835,Jackson Riddle,Bronze,MO,10,21654.49,585.26,2022-06-15,2024-06-20,736.0,Mid Value
7971,Brandon Rivera,Gold,TN,10,21653.19,902.22,2022-01-12,2024-07-23,923.0,Mid Value
8625,Steven Arellano,Gold,MI,7,21646.13,941.14,2022-05-06,2024-07-15,801.0,Mid Value
957,Carl Rogers,Bronze,MO,9,21643.08,618.37,2022-01-27,2023-12-31,703.0,Mid Value
8913,William Taylor,Bronze,MO,9,21640.19,655.76,2022-02-09,2024-11-24,1019.0,Mid Value
4953,Brittany Weber,Silver,WI,8,21634.22,772.65,2022-06-28,2024-11-28,884.0,Mid Value
3244,Suzanne Santos,Platinum,MI,10,21625.79,831.76,2022-06-15,2024-10-20,858.0,Mid Value
889,Paige Cortez,Silver,TN,11,21616.65,469.93,2022-07-21,2024-07-12,722.0,Mid Value
3159,Benjamin Anderson,Silver,CA,10,21609.07,720.3,2023-02-24,2024-12-31,676.0,Mid Value
4990,Abigail Washington,Bronze,NY,13,21604.93,514.4,2022-01-18,2024-10-04,990.0,Mid Value
6811,Carrie Oneal,Silver,WA,8,21591.39,719.71,2022-03-05,2024-10-29,969.0,Mid Value
486,Mary Sanchez,Bronze,TN,6,21591.37,981.43,2022-01-01,2024-07-22,933.0,Mid Value
9599,Christina Smith,Bronze,GA,10,21590.14,654.25,2022-04-20,2024-12-16,971.0,Mid Value
9691,Dawn Sanchez,Bronze,NY,10,21586.63,616.76,2022-08-02,2024-09-02,762.0,Mid Value
6694,Alexander Welch,Bronze,MD,7,21569.18,862.77,2023-01-30,2024-12-28,698.0,Mid Value
9883,Tiffany Long,Silver,GA,8,21564.48,829.4,2022-02-16,2024-11-22,1010.0,Mid Value
8923,Billy Lang,Bronze,IL,12,21563.8,552.92,2022-01-17,2024-10-20,1007.0,Mid Value
4082,Heather Mccarthy,Silver,NY,10,21560.74,743.47,2022-07-02,2024-10-07,828.0,Mid Value
5080,Shannon Williams,Platinum,AZ,10,21551.23,615.75,2022-06-10,2024-11-29,903.0,Mid Value
5909,William Rice,Bronze,NJ,6,21550.95,1134.26,2022-11-29,2024-11-20,722.0,Mid Value
7200,Harry Jarvis,Silver,TX,9,21540.71,633.55,2022-02-07,2024-12-10,1037.0,Mid Value
6333,Jasmin Lynch,Bronze,PA,9,21540.23,652.73,2022-01-29,2024-10-30,1005.0,Mid Value
4340,Nicole Jackson,Bronze,IN,8,21528.13,936.01,2022-01-30,2024-11-11,1016.0,Mid Value
4729,Daryl Li,Silver,MD,9,21519.13,742.04,2022-06-25,2024-07-09,745.0,Mid Value
3340,John Meadows,Silver,MA,10,21517.85,768.49,2022-03-13,2024-08-15,886.0,Mid Value
3611,Joseph Obrien,Gold,MD,5,21511.19,1434.08,2023-12-26,2024-09-10,259.0,Mid Value
2575,Jennifer Rivera,Silver,NY,4,21506.55,768.09,2022-02-05,2024-08-30,937.0,Mid Value
9124,Joshua Williams,Platinum,CA,8,21496.44,934.63,2022-04-23,2024-07-19,818.0,Mid Value
9772,Joshua Gonzalez,Bronze,FL,9,21490.09,551.03,2022-01-04,2024-09-09,979.0,Mid Value
4318,Katherine Clark,Gold,AZ,8,21489.26,632.04,2022-03-16,2024-09-16,915.0,Mid Value
641,Danielle Andrews,Bronze,WI,8,21487.09,651.12,2022-02-20,2024-07-28,889.0,Mid Value
3918,Dorothy Martin,Bronze,MO,7,21481.72,933.99,2022-05-26,2024-11-28,917.0,Mid Value
370,John Bird,Gold,FL,4,21468.68,1192.7,2022-10-13,2023-07-23,283.0,Mid Value
4290,Melissa Calderon,Bronze,OH,14,21462.64,487.79,2022-01-21,2024-12-25,1069.0,Mid Value
4307,Matthew Hill,Silver,IN,10,21453.07,612.94,2022-02-25,2024-05-22,817.0,Mid Value
9634,Daniel Daniels,Bronze,MO,11,21447.12,579.65,2022-06-08,2024-09-01,816.0,Mid Value
2273,Autumn Harvey,Gold,MD,7,21444.89,824.8,2022-02-03,2024-12-07,1038.0,Mid Value
8251,Christina Walker,Platinum,AZ,9,21444.59,765.88,2022-01-31,2024-12-07,1041.0,Mid Value
2310,Ellen Jones,Bronze,IL,15,21441.54,487.31,2022-09-10,2024-12-01,813.0,Mid Value
2959,Ryan Johnson,Bronze,NJ,13,21435.36,456.07,2022-05-06,2024-04-02,697.0,Mid Value
9369,Timothy Harrison,Bronze,MD,11,21431.38,563.98,2022-06-11,2024-09-13,825.0,Mid Value
7917,Evan Paul,Silver,TX,11,21431.37,579.23,2022-06-27,2024-12-25,912.0,Mid Value
248,James Thompson,Gold,MD,9,21404.29,823.24,2022-01-30,2024-09-15,959.0,Mid Value
9915,David Butler,Gold,IL,11,21397.62,648.41,2022-02-25,2024-12-08,1017.0,Mid Value
8258,Dennis Marks,Silver,PA,6,21388.02,1125.69,2022-01-28,2024-07-29,913.0,Mid Value
5134,Julie Hunter,Silver,CA,6,21384.19,929.75,2022-02-26,2024-07-19,874.0,Mid Value
8818,Stefanie Davis,Bronze,MO,8,21381.55,929.63,2022-04-02,2024-04-06,735.0,Mid Value
6601,Austin Johnson,Bronze,TX,6,21373.95,1017.81,2023-04-06,2024-04-03,363.0,Mid Value
8285,Monica Mcguire,Bronze,NY,8,21372.23,763.29,2022-10-06,2024-07-30,663.0,Mid Value
2973,David Clark,Bronze,VA,12,21369.34,689.33,2022-09-12,2024-11-04,784.0,Mid Value
6296,Ashley Valentine,Silver,NC,10,21338.72,561.55,2022-04-21,2024-11-08,932.0,Mid Value
624,Patrick Wells,Silver,WI,8,21338.31,820.7,2022-07-23,2024-09-20,790.0,Mid Value
2578,Nicole Collins,Bronze,NJ,14,21337.63,463.86,2022-03-02,2024-10-24,967.0,Mid Value
5581,Bryan Clark,Bronze,NY,11,21326.97,627.26,2022-03-12,2024-08-02,874.0,Mid Value
356,Sandra Hernandez,Bronze,FL,6,21326.68,969.39,2022-01-07,2023-04-30,478.0,Mid Value
5783,Matthew Ellison,Bronze,MI,5,21324.97,735.34,2022-01-18,2024-12-09,1056.0,Mid Value
198,Donna Faulkner,Silver,IL,13,21303.86,463.13,2022-07-11,2024-10-17,829.0,Mid Value
6759,Kim Todd,Gold,FL,10,21303.19,560.61,2022-01-15,2024-09-06,965.0,Mid Value
5913,Wanda Brown,Gold,TN,11,21302.01,608.63,2022-04-04,2023-09-12,526.0,Mid Value
9851,Todd Howard,Bronze,GA,7,21295.15,819.04,2022-03-21,2024-10-07,931.0,Mid Value
4431,Stephen Stewart,Bronze,OH,8,21293.03,686.87,2022-02-27,2023-08-01,520.0,Mid Value
5161,Andrea Daniels,Silver,IN,8,21271.52,787.83,2022-01-24,2024-07-20,908.0,Mid Value
4184,Anthony Harrison,Gold,GA,9,21267.55,708.92,2022-05-08,2024-11-25,932.0,Mid Value
1026,Julie Cooley,Platinum,MO,11,21261.0,607.46,2022-01-03,2024-06-13,892.0,Mid Value
6288,Heather Norris,Bronze,NJ,8,21257.73,664.3,2022-01-10,2024-06-16,888.0,Mid Value
7205,Cody Liu,Silver,FL,10,21252.24,559.27,2022-03-02,2024-12-28,1032.0,Mid Value
1711,Marie Morrison,Bronze,NY,12,21247.2,505.89,2022-01-04,2024-09-03,973.0,Mid Value
8214,Erin Hoffman,Bronze,NY,9,21223.87,731.86,2022-03-17,2024-11-27,986.0,Mid Value
1829,Tracy Powers,Platinum,TX,8,21199.02,706.63,2022-04-10,2024-09-16,890.0,Mid Value
6468,Julie Gutierrez,Bronze,AZ,10,21189.34,588.59,2022-02-01,2024-12-14,1047.0,Mid Value
7364,Regina Miller,Silver,WA,7,21171.26,814.28,2022-10-25,2024-10-17,723.0,Mid Value
7911,Michelle Carter,Gold,CA,10,21171.16,730.04,2022-02-22,2023-11-08,624.0,Mid Value
4029,Betty Torres,Silver,MI,5,21169.58,1764.13,2022-08-01,2024-10-15,806.0,Mid Value
6426,John James,Gold,MO,7,21168.6,784.02,2022-02-05,2024-10-18,986.0,Mid Value
2386,Kelly Hanson,Silver,IL,12,21157.72,587.71,2022-05-24,2024-12-06,927.0,Mid Value
9138,Kim Torres,Bronze,IN,6,21155.56,919.81,2022-07-13,2024-08-24,773.0,Mid Value
3367,Wendy Garcia,Bronze,MO,11,21152.64,587.57,2022-01-05,2024-07-14,921.0,Mid Value
3380,Scott Cooper,Bronze,CA,13,21142.33,459.62,2022-06-09,2024-09-22,836.0,Mid Value
8513,Kathleen Jones,Silver,NY,9,21136.13,754.86,2022-01-11,2024-12-28,1082.0,Mid Value
5698,Kevin Craig,Silver,WI,9,21123.75,586.77,2022-07-02,2024-11-28,880.0,Mid Value
4410,William Chambers,Bronze,VA,6,21106.6,917.68,2022-03-28,2024-09-08,895.0,Mid Value
4619,Michael Kelley,Gold,GA,10,21106.26,570.44,2022-03-14,2024-06-04,813.0,Mid Value
5159,Joseph Hickman,Platinum,MO,8,21095.0,639.24,2022-01-21,2024-12-23,1067.0,Mid Value
9800,Gregory Patel,Silver,IN,9,21088.88,602.54,2022-02-17,2024-09-24,950.0,Mid Value
4331,Nathan Taylor,Silver,MI,8,21087.97,781.04,2022-07-29,2024-02-11,562.0,Mid Value
9757,Eugene Lowe,Platinum,CA,8,21080.52,843.22,2022-07-23,2024-08-20,759.0,Mid Value
6733,Brandon Turner,Bronze,PA,10,21073.7,526.84,2022-01-23,2024-07-05,894.0,Mid Value
1236,Rodney Young,Bronze,MI,13,21069.2,458.03,2022-01-09,2024-12-13,1069.0,Mid Value
653,Amy Mcgee,Bronze,VA,9,21059.83,877.49,2022-09-27,2024-09-10,714.0,Mid Value
5820,Scott Thomas,Bronze,WA,12,21057.49,457.77,2022-04-03,2024-12-06,978.0,Mid Value
3957,Jeremy Valentine,Silver,PA,7,21056.08,779.85,2022-09-08,2024-10-09,762.0,Mid Value
6614,Betty Smith,Bronze,TN,8,21052.07,725.93,2022-01-01,2024-09-23,996.0,Mid Value
4831,Joseph Banks,Silver,FL,10,21050.24,725.87,2022-01-14,2024-08-07,936.0,Mid Value
4277,Denise Collins,Silver,PA,7,21047.31,876.97,2022-05-05,2024-12-30,970.0,Mid Value
5313,Bridget Duarte,Bronze,MO,7,21045.46,1169.19,2022-02-24,2023-11-28,642.0,Mid Value
5639,Raven Stanley,Platinum,GA,8,21038.57,601.1,2022-05-27,2024-08-25,821.0,Mid Value
4375,Jennifer Lopez,Silver,WA,8,21036.39,725.39,2022-02-18,2024-03-11,752.0,Mid Value
8934,Amanda Gonzales,Silver,IL,8,21036.17,701.21,2022-01-23,2024-11-10,1022.0,Mid Value
6035,Alexander Brown,Silver,NJ,12,21025.77,568.26,2022-04-14,2024-08-09,848.0,Mid Value
7679,Joseph Atkins,Bronze,TN,17,21020.12,412.16,2022-01-16,2024-08-23,950.0,Mid Value
7849,Mikayla Brown,Bronze,TX,9,21017.73,750.63,2022-01-06,2024-11-23,1052.0,Mid Value
5899,Larry Roach,Gold,WA,10,21009.2,700.31,2022-02-28,2024-10-06,951.0,Mid Value
1609,Michael Flynn,Platinum,MD,8,21003.39,552.72,2022-03-01,2024-12-23,1028.0,Mid Value
2663,Jonathan Williams,Silver,MD,8,21002.84,807.8,2022-01-22,2024-11-20,1033.0,Mid Value
5287,Joseph Hall,Bronze,MD,9,20995.8,777.62,2022-02-22,2024-08-19,909.0,Mid Value
252,Robert Collins,Bronze,TN,11,20987.32,582.98,2022-03-18,2024-07-02,837.0,Mid Value
6835,Kimberly Lyons,Bronze,MA,11,20987.23,617.27,2022-01-27,2024-11-28,1036.0,Mid Value
8859,Nicholas Stevens,Bronze,VA,13,20985.82,411.49,2022-02-22,2024-10-31,982.0,Mid Value
1617,Steven Henry,Bronze,FL,6,20981.17,806.97,2022-02-18,2024-04-03,775.0,Mid Value
8523,Adam Jenkins,Silver,GA,7,20979.61,839.18,2022-01-28,2024-11-07,1014.0,Mid Value
8072,Mario George,Bronze,TX,5,20976.54,839.06,2023-02-28,2024-08-29,548.0,Mid Value
8886,Paul Jones,Gold,IL,7,20975.98,839.04,2023-01-03,2024-09-17,623.0,Mid Value
1615,Adam Green,Bronze,CA,8,20975.08,998.81,2022-07-22,2024-12-11,873.0,Mid Value
8918,Becky Miller,Platinum,NC,10,20973.17,655.41,2022-06-24,2024-11-15,875.0,Mid Value
7863,Misty Lane,Bronze,TX,13,20960.96,551.6,2022-06-01,2024-09-01,823.0,Mid Value
6318,Christina Thompson,Gold,NJ,10,20950.72,523.77,2022-07-22,2024-06-09,688.0,Mid Value
526,Kristie Hall,Gold,IL,10,20946.81,698.23,2023-03-31,2024-11-12,592.0,Mid Value
5890,Alexa Valentine,Bronze,OH,7,20939.45,747.84,2022-02-03,2023-10-18,622.0,Mid Value
5637,Mary Morgan,Gold,WI,13,20925.66,597.88,2022-02-23,2024-12-10,1021.0,Mid Value
4032,Brandy Pratt,Silver,NC,10,20925.31,697.51,2022-01-26,2024-11-25,1034.0,Mid Value
5359,Robert Munoz,Bronze,CA,10,20921.91,697.4,2022-02-04,2024-11-18,1018.0,Mid Value
5490,Todd Jenkins,Silver,MI,8,20902.66,696.76,2022-04-12,2024-12-24,987.0,Mid Value
7963,Claire Greene,Bronze,OH,6,20898.74,995.18,2022-05-04,2023-09-04,488.0,Mid Value
8443,Pamela Turner,Bronze,IL,10,20894.49,614.54,2022-05-16,2024-11-09,908.0,Mid Value
6915,Christopher Smith,Gold,IN,10,20893.51,522.34,2022-03-27,2024-08-26,883.0,Mid Value
1971,Laura Fisher,Gold,NJ,10,20892.82,485.88,2022-04-17,2024-08-25,861.0,Mid Value
8453,Barbara Bell,Bronze,GA,13,20884.22,497.24,2022-01-31,2024-08-03,915.0,Mid Value
8064,Michael Jones,Silver,WI,11,20878.2,803.01,2022-04-27,2024-10-21,908.0,Mid Value
4073,Mark Reed,Silver,AZ,10,20870.89,496.93,2022-02-19,2024-10-15,969.0,Mid Value
4282,Michelle Strickland,Bronze,GA,5,20855.55,947.98,2023-01-13,2024-08-21,586.0,Mid Value
9357,Carla Hernandez,Silver,IN,8,20833.61,672.05,2022-09-11,2024-12-19,830.0,Mid Value
7910,Jo Bell,Gold,CA,9,20833.11,612.74,2022-05-14,2024-06-02,750.0,Mid Value
7024,Donna Black,Bronze,PA,16,20830.02,400.58,2022-03-13,2024-11-05,968.0,Mid Value
5875,James Green,Gold,AZ,8,20823.41,718.05,2022-10-04,2024-11-18,776.0,Mid Value
775,William Dudley,Silver,CA,9,20818.39,671.56,2022-11-14,2024-10-21,707.0,Mid Value
4801,Laura Davis,Gold,IN,8,20817.95,946.27,2022-06-25,2024-09-23,821.0,Mid Value
1341,Crystal Garza,Bronze,VA,14,20810.0,472.95,2022-06-18,2024-12-05,901.0,Mid Value
5647,David Cruz,Bronze,NY,9,20809.06,867.04,2022-04-20,2024-04-13,724.0,Mid Value
4087,Amber Garcia,Bronze,TX,9,20804.04,904.52,2022-04-08,2024-07-21,835.0,Mid Value
2674,Kenneth Cruz,Gold,NJ,8,20802.88,717.34,2022-03-19,2024-11-21,978.0,Mid Value
3003,Leslie Wiley,Gold,WI,9,20794.03,799.77,2022-05-31,2024-12-14,928.0,Mid Value
4796,Emily Hawkins,Bronze,MD,11,20793.55,519.84,2022-04-02,2024-07-23,843.0,Mid Value
2747,Larry Thomas,Silver,MI,11,20791.01,472.52,2022-04-20,2024-08-29,862.0,Mid Value
6102,Nathan Smith,Bronze,WA,8,20784.37,692.81,2022-11-01,2024-06-10,587.0,Mid Value
4941,Timothy Campbell,Platinum,WI,7,20783.33,944.7,2022-07-21,2024-08-21,762.0,Mid Value
1085,David Lyons,Platinum,TN,7,20767.34,798.74,2022-06-19,2024-11-09,874.0,Mid Value
5407,Theresa Watson,Gold,OH,6,20766.99,988.9,2022-01-17,2023-11-09,661.0,Mid Value
9607,Sara Moore,Bronze,AZ,7,20764.98,1297.81,2022-02-12,2024-12-18,1040.0,Mid Value
3546,Christopher Schmidt,Bronze,MO,13,20757.34,482.73,2022-04-22,2024-12-11,964.0,Mid Value
6447,James Hamilton,Silver,MO,11,20755.02,546.18,2022-01-04,2024-12-22,1083.0,Mid Value
2648,Ryan Quinn,Bronze,IN,7,20751.14,830.05,2022-02-27,2024-11-20,997.0,Mid Value
8265,Calvin Sloan,Silver,MO,7,20748.78,648.4,2022-04-19,2024-01-30,651.0,Mid Value
2040,Isabella Pearson,Bronze,NC,12,20744.18,669.17,2022-03-26,2024-08-27,885.0,Mid Value
7795,Sara Rodriguez,Silver,WA,9,20742.34,901.84,2022-04-30,2024-09-02,856.0,Mid Value
7764,Randall Schultz,Platinum,GA,4,20742.03,1220.12,2022-05-07,2024-09-27,874.0,Mid Value
973,Joseph Tucker,Silver,MO,7,20737.08,942.59,2022-01-18,2024-11-19,1036.0,Mid Value
1775,Samantha Chung,Silver,TN,7,20727.79,797.22,2022-02-01,2024-05-10,829.0,Mid Value
2372,Alexis Casey,Gold,PA,10,20726.83,668.61,2022-02-06,2024-12-15,1043.0,Mid Value
6567,Shannon Scott,Bronze,CA,9,20726.54,560.18,2022-02-03,2024-10-31,1001.0,Mid Value
6781,Aaron Mcdonald,Silver,FL,8,20724.59,668.54,2022-01-03,2024-02-06,764.0,Mid Value
8483,Valerie Garrison,Silver,NC,7,20723.6,690.79,2022-04-25,2024-11-22,942.0,Mid Value
764,Roberta Doyle,Silver,VA,5,20715.6,1150.87,2023-03-17,2024-09-09,542.0,Mid Value
6810,Matthew Leonard,Bronze,NJ,9,20702.85,667.83,2022-02-22,2024-11-01,983.0,Mid Value
935,Elizabeth Finley,Bronze,WI,7,20700.21,1089.48,2022-03-07,2024-02-01,696.0,Mid Value
5686,Christina Williams,Bronze,NJ,12,20695.82,559.35,2022-03-12,2024-12-23,1017.0,Mid Value
5089,Donald Reid,Gold,GA,9,20691.57,559.23,2022-05-17,2024-11-30,928.0,Mid Value
8103,Marisa Anderson,Silver,PA,11,20691.44,608.57,2022-01-01,2024-10-19,1022.0,Mid Value
688,Amanda Jensen,Gold,IL,12,20691.34,608.57,2022-01-21,2024-07-10,901.0,Mid Value
9925,Brianna Drake,Bronze,MA,10,20689.93,667.42,2022-02-23,2024-06-07,835.0,Mid Value
6470,Stacy Garcia,Gold,CA,9,20676.54,712.98,2022-02-11,2024-10-14,976.0,Mid Value
3265,Alexander Watts,Gold,GA,6,20675.45,712.95,2023-01-04,2024-10-23,658.0,Mid Value
8161,Wesley Flowers,Silver,PA,7,20663.7,765.32,2022-01-16,2024-12-12,1061.0,Mid Value
4322,David Owens,Gold,TX,10,20657.56,543.62,2022-01-28,2024-11-08,1015.0,Mid Value
4778,Valerie Morris,Gold,PA,8,20656.19,666.33,2022-05-13,2024-11-09,911.0,Mid Value
7114,Leslie Wong,Gold,AZ,7,20651.68,860.49,2022-06-11,2024-12-17,920.0,Mid Value
695,Jocelyn Cruz,Silver,MD,6,20651.32,1214.78,2022-10-28,2024-07-08,619.0,Mid Value
8120,James Brown,Silver,NY,12,20642.05,665.87,2022-06-19,2024-12-22,917.0,Mid Value
9645,Suzanne Barker,Silver,MA,9,20640.25,764.45,2022-06-13,2024-09-02,812.0,Mid Value
352,Kayla Carrillo,Bronze,TN,11,20634.94,736.96,2022-03-04,2024-12-25,1027.0,Mid Value
9523,Lauren Duncan,Silver,TX,7,20634.63,711.54,2022-03-06,2024-12-26,1026.0,Mid Value
2034,Courtney Sparks,Bronze,IN,10,20629.22,542.87,2022-04-11,2024-09-09,882.0,Mid Value
3595,Timothy Evans,Platinum,AZ,9,20621.83,687.39,2022-04-06,2024-08-24,871.0,Mid Value
8746,Corey Blair,Bronze,PA,8,20600.5,735.73,2022-01-17,2024-07-28,923.0,Mid Value
8367,Connie Garrett,Bronze,MO,11,20588.74,490.21,2022-04-16,2024-08-01,838.0,Mid Value
1688,Valerie Yoder,Silver,TX,9,20579.22,709.63,2022-07-26,2024-09-18,785.0,Mid Value
9990,Nicole Burke,Silver,NY,6,20575.01,857.29,2022-03-18,2023-11-20,612.0,Mid Value
1724,Katherine Francis,Gold,IN,12,20569.61,527.43,2022-01-25,2024-12-20,1060.0,Mid Value
8611,Alexandra Haynes,Gold,TX,10,20561.08,527.21,2022-05-10,2024-10-16,890.0,Mid Value
295,Sierra Leonard,Silver,CA,5,20553.86,1581.07,2023-01-24,2024-10-28,643.0,Mid Value
6499,Bryan Ryan,Gold,PA,7,20544.3,760.9,2022-05-22,2024-07-03,773.0,Mid Value
7306,Brooke Burton,Silver,IN,9,20544.04,604.24,2022-01-14,2024-12-21,1072.0,Mid Value
4922,Janice Sanders,Bronze,MI,12,20542.44,760.83,2022-01-10,2024-10-31,1025.0,Mid Value
5034,Meghan Howard,Silver,VA,7,20542.34,821.69,2022-11-06,2024-12-30,785.0,Mid Value
9012,James Jordan,Bronze,WI,8,20542.04,641.94,2022-02-28,2024-04-08,770.0,Mid Value
9511,Guy Allen,Gold,TN,10,20538.78,662.54,2022-03-04,2024-09-28,939.0,Mid Value
3404,Katie Reed,Bronze,MA,11,20537.48,604.04,2022-03-22,2024-12-31,1015.0,Mid Value
1797,Margaret Edwards,Bronze,GA,15,20536.26,402.67,2022-02-19,2024-12-29,1044.0,Mid Value
2464,Heather Ramirez,Bronze,OH,6,20532.48,977.74,2022-06-02,2023-02-10,253.0,Mid Value
9384,Elizabeth Armstrong,Platinum,FL,8,20530.04,760.37,2022-04-27,2024-11-14,932.0,Mid Value
7293,Christopher Rodriguez,Silver,VA,10,20517.31,641.17,2022-03-19,2024-10-15,941.0,Mid Value
8387,Jeremy Scott,Bronze,MI,9,20507.9,476.93,2022-01-28,2024-11-12,1019.0,Mid Value
1639,Paul Collins,Bronze,MI,12,20501.44,554.09,2022-01-09,2024-07-13,916.0,Mid Value
3323,Keith Hernandez,Bronze,TN,9,20499.83,640.62,2022-04-03,2024-12-18,990.0,Mid Value
2006,Mark Olson,Gold,MD,9,20499.24,525.62,2022-12-01,2024-12-26,756.0,Mid Value
4224,Megan Cox,Bronze,MI,5,20486.58,1138.14,2022-01-28,2024-09-15,961.0,Mid Value
2416,Stephen Perez,Gold,TN,8,20477.35,1023.87,2022-05-19,2024-10-30,895.0,Mid Value
2819,Tracy Nguyen,Silver,GA,9,20474.6,682.49,2022-06-08,2024-11-14,890.0,Mid Value
4724,Kimberly Kelley,Platinum,VA,9,20474.23,758.3,2022-01-21,2024-11-12,1026.0,Mid Value
5063,Jonathan Valencia,Bronze,GA,13,20473.43,511.84,2022-03-24,2024-03-05,712.0,Mid Value
4106,Deborah Mcguire,Silver,GA,10,20465.99,639.56,2022-02-21,2024-07-15,875.0,Mid Value
9737,Abigail Jenkins,Bronze,MI,11,20463.3,511.58,2022-03-29,2024-12-14,991.0,Mid Value
3423,Patricia Short,Bronze,MI,12,20446.85,538.07,2022-01-07,2024-09-08,975.0,Mid Value
398,Lori Frazier,Bronze,MD,11,20435.87,567.66,2022-04-29,2024-11-24,940.0,Mid Value
107,Ashley Sanchez,Bronze,WA,9,20426.08,658.91,2022-03-09,2024-10-23,959.0,Mid Value
6211,Joshua Carter,Bronze,TN,9,20423.85,729.42,2022-01-01,2024-02-27,787.0,Mid Value
5112,Emily Rich,Silver,NY,10,20415.82,785.22,2022-09-10,2024-04-28,596.0,Mid Value
8135,Scott Collins,Gold,MO,8,20415.27,658.56,2022-09-06,2024-11-19,805.0,Mid Value
4989,Rebecca Barajas,Bronze,TN,9,20406.53,816.26,2022-03-20,2024-04-22,764.0,Mid Value
9625,Damon Andrews,Gold,WI,10,20405.6,551.5,2023-09-09,2024-08-19,345.0,Mid Value
9593,Manuel Smith,Bronze,CA,10,20398.94,523.05,2022-10-17,2024-10-30,744.0,Mid Value
2061,Cynthia Mcdonald,Platinum,GA,11,20372.43,599.19,2022-03-23,2024-10-10,932.0,Mid Value
5429,Casey Bryant,Gold,NJ,10,20370.87,814.83,2022-03-08,2024-06-18,833.0,Mid Value
3762,Natasha Macias,Platinum,TX,11,20370.39,754.46,2022-06-04,2024-10-11,860.0,Mid Value
282,Maureen Hodges,Gold,TX,6,20360.44,814.42,2022-01-13,2024-08-05,935.0,Mid Value
9442,Edward Saunders,Bronze,MI,11,20352.17,616.73,2022-04-06,2024-11-26,965.0,Mid Value
8808,Angela Robinson,Bronze,MA,8,20343.78,782.45,2022-01-04,2024-12-29,1090.0,Mid Value
509,Susan Davis,Bronze,TN,6,20342.03,968.67,2022-05-12,2024-12-16,949.0,Mid Value
6107,Andrew Oliver,Bronze,NJ,14,20335.53,432.67,2022-01-09,2024-04-02,814.0,Mid Value
2449,Jeremy Rosales,Bronze,WA,6,20329.87,968.09,2022-02-12,2024-11-16,1008.0,Mid Value
1391,Kristin Munoz,Bronze,PA,10,20326.99,483.98,2022-02-09,2024-05-27,838.0,Mid Value
145,Angela Pierce,Silver,WI,10,20326.93,725.96,2022-01-21,2024-12-26,1070.0,Mid Value
2369,Mark Barnett,Silver,MO,5,20321.84,846.74,2022-05-30,2024-11-17,902.0,Mid Value
6908,Elizabeth Spencer,Silver,MA,8,20312.43,655.24,2022-05-30,2024-04-09,680.0,Mid Value
7255,Michael Hickman,Bronze,GA,4,20310.57,1692.55,2022-09-24,2024-05-07,591.0,Mid Value
1331,Dawn Garcia,Silver,CA,7,20309.82,1068.94,2022-01-16,2024-10-12,1000.0,Mid Value
8820,Anna Collins,Silver,WA,11,20307.88,520.71,2022-08-12,2024-05-25,652.0,Mid Value
3681,Christopher Owens,Bronze,VA,7,20307.2,846.13,2023-12-22,2024-05-25,155.0,Mid Value
960,Alec Wilcox,Bronze,CA,14,20306.74,451.26,2022-01-10,2024-12-14,1069.0,Mid Value
7716,Bradley King,Gold,FL,9,20298.54,811.94,2022-08-29,2024-12-25,849.0,Mid Value
4070,Chloe Mcclain,Bronze,WA,12,20295.75,507.39,2022-01-21,2024-11-12,1026.0,Mid Value
9830,Stacy Quinn,Bronze,TX,15,20293.76,431.78,2022-01-01,2024-12-04,1068.0,Mid Value
1500,Kristin Eaton,Gold,IL,9,20285.82,676.19,2022-01-05,2024-07-07,914.0,Mid Value
2079,Michelle Jackson,Gold,MD,5,20272.42,1448.03,2022-02-28,2024-10-18,963.0,Mid Value
8308,Alexander Davis,Gold,VA,7,20271.77,750.81,2022-02-13,2024-11-12,1003.0,Mid Value
602,Anthony Harris,Bronze,GA,9,20256.44,723.44,2022-08-07,2024-12-07,853.0,Mid Value
5238,Sally Duncan,Silver,VA,7,20248.23,809.93,2022-02-28,2024-07-09,862.0,Mid Value
7734,Jamie Anderson,Silver,WA,10,20245.92,632.69,2023-04-11,2024-11-15,584.0,Mid Value
6029,Kyle Barrett,Gold,NY,11,20232.69,578.08,2022-02-17,2024-08-22,917.0,Mid Value
7718,Michael Mann,Bronze,IN,13,20232.14,749.34,2022-01-12,2024-06-12,882.0,Mid Value
8719,Candice Ball,Gold,GA,16,20228.28,439.75,2022-01-19,2024-08-27,951.0,Mid Value
6555,Troy Schwartz,Bronze,NC,9,20222.56,612.8,2022-02-14,2024-07-27,894.0,Mid Value
1792,Austin Green,Silver,NY,13,20219.81,449.33,2022-02-25,2024-10-28,976.0,Mid Value
7632,Amy Gutierrez,Bronze,NC,13,20200.1,469.77,2022-01-27,2024-10-24,1001.0,Mid Value
2616,Susan Villarreal,Silver,GA,12,20196.96,545.86,2022-07-19,2024-12-09,874.0,Mid Value
8760,Krista Joseph,Bronze,NC,10,20193.84,651.41,2022-06-24,2024-12-02,892.0,Mid Value
5978,Tracy Wood,Bronze,NC,11,20179.85,448.44,2022-12-26,2024-05-26,517.0,Mid Value
6576,Wesley Clark,Bronze,FL,4,20174.37,1260.9,2022-07-16,2024-07-31,746.0,Mid Value
532,Jennifer Calhoun,Bronze,MD,11,20154.17,479.86,2022-06-13,2024-07-05,753.0,Mid Value
3378,Natalie Haney,Silver,NJ,5,20148.79,1549.91,2022-02-27,2024-01-19,691.0,Mid Value
753,Steven Williams,Bronze,MA,6,20145.44,805.82,2022-08-13,2024-03-09,574.0,Mid Value
4490,Natalie Dixon,Silver,PA,11,20140.18,575.43,2022-03-17,2024-12-06,995.0,Mid Value
743,Holly Martin,Bronze,VA,3,20140.09,4028.02,2023-05-09,2024-09-29,509.0,Mid Value
712,Jason Jordan,Gold,WI,12,20138.11,529.95,2022-10-03,2024-05-15,590.0,Mid Value
8206,Stephanie Johnson,Platinum,WI,8,20120.27,773.86,2022-06-20,2023-10-06,473.0,Mid Value
1611,Peter Diaz,Bronze,NJ,13,20112.01,515.69,2022-01-07,2024-11-26,1054.0,Mid Value
315,Billy Murphy,Bronze,MD,5,20099.41,1435.67,2022-09-07,2024-02-23,534.0,Mid Value
2244,Robert Glover,Platinum,GA,9,20097.92,628.06,2022-01-17,2024-09-03,960.0,Mid Value
9061,Matthew Nelson,Platinum,WI,9,20096.85,717.74,2022-02-23,2024-11-13,994.0,Mid Value
947,Christine Washington,Gold,OH,9,20095.41,591.04,2022-10-26,2024-11-01,737.0,Mid Value
6680,Leslie Torres,Platinum,IL,8,20089.02,803.56,2022-04-11,2024-09-03,876.0,Mid Value
1102,Megan Vaughn,Bronze,TX,8,20081.48,873.11,2022-01-03,2024-08-02,942.0,Mid Value
5895,Victoria Hansen,Bronze,MD,10,20076.23,446.14,2022-06-10,2024-12-15,919.0,Mid Value
1846,Sean Crane,Platinum,PA,10,20069.37,514.6,2022-01-09,2024-10-14,1009.0,Mid Value
7984,Chelsea Young,Platinum,CA,11,20068.02,692.0,2022-03-08,2024-09-17,924.0,Mid Value
9200,Melissa Cunningham,Bronze,NJ,11,20053.35,589.8,2022-05-26,2024-12-29,948.0,Mid Value
3945,Adam Park,Platinum,PA,9,20046.13,835.26,2022-01-19,2024-08-22,946.0,Mid Value
1852,Michael Mills,Gold,AZ,5,20045.35,1179.14,2022-02-16,2023-11-12,634.0,Mid Value
4374,Thomas Davis,Gold,MI,15,20045.05,393.04,2022-03-04,2024-12-15,1017.0,Mid Value
2329,Tina Avila,Bronze,WI,14,20044.48,477.25,2022-03-01,2024-09-29,943.0,Mid Value
4588,Garrett Cruz,Platinum,TN,12,20043.42,527.46,2022-01-30,2024-12-14,1049.0,Mid Value
9996,Kelly Orozco,Gold,TN,8,20043.33,715.83,2022-07-06,2024-12-20,898.0,Mid Value
9976,Taylor Williams,Gold,TN,9,20043.06,715.82,2022-03-18,2024-08-08,874.0,Mid Value
8046,Miguel Hughes,Silver,IL,8,20042.7,770.87,2022-01-20,2024-12-31,1076.0,Mid Value
8914,Andrea Baldwin,Bronze,NY,7,20039.88,835.0,2022-03-14,2024-05-22,800.0,Mid Value
3817,Laurie Martinez,Bronze,MD,9,20035.41,667.85,2022-01-11,2024-10-31,1024.0,Mid Value
5194,Kimberly Mckenzie,Gold,IL,10,20031.46,455.26,2022-01-30,2024-10-20,994.0,Mid Value
3191,Rhonda Brown,Silver,FL,9,20029.87,715.35,2022-03-07,2024-12-16,1015.0,Mid Value
7086,Ryan Molina,Bronze,IL,7,20029.78,801.19,2022-04-21,2024-09-19,882.0,Mid Value
2540,Jeremy Miller,Bronze,IL,8,20027.18,606.88,2022-05-07,2024-11-20,928.0,Mid Value
9637,Riley Maxwell,Silver,MA,7,20022.52,770.1,2022-03-21,2024-10-22,946.0,Mid Value
4278,Travis Mitchell,Silver,NC,12,20020.58,541.1,2022-01-21,2024-08-05,927.0,Mid Value
521,Dana Hawkins,Bronze,IL,13,20018.59,541.04,2022-05-26,2024-12-27,946.0,Mid Value
8642,Nathaniel Cardenas,Silver,CA,8,20006.17,869.83,2022-01-13,2024-10-30,1021.0,Mid Value
9778,Larry Harper,Silver,MI,9,20002.06,740.82,2022-01-08,2024-09-20,986.0,Mid Value
916,Jeremy Ibarra,Gold,GA,9,19989.13,571.12,2022-07-22,2024-12-12,874.0,Low Value
2323,Brandi Miller,Bronze,MO,6,19982.99,951.57,2022-04-20,2024-11-27,952.0,Low Value
1238,Kelly Hernandez,Silver,OH,10,19968.08,605.09,2022-05-26,2024-12-26,945.0,Low Value
4603,Jeffrey Brock,Bronze,PA,11,19967.55,665.58,2022-01-26,2024-11-28,1037.0,Low Value
7961,Kendra Cook,Bronze,WI,12,19966.4,525.43,2022-05-03,2024-12-21,963.0,Low Value
3896,Makayla Bennett,Platinum,CA,11,19965.86,539.62,2022-05-04,2024-12-22,963.0,Low Value
3976,Nicole Allen,Bronze,IN,7,19959.74,997.99,2023-01-07,2024-10-06,638.0,Low Value
9235,Cassandra Young,Silver,GA,16,19958.34,443.52,2022-02-11,2024-11-01,994.0,Low Value
4050,Caroline Garcia,Bronze,FL,5,19954.06,950.19,2023-03-06,2024-12-09,644.0,Low Value
2107,William Cowan,Bronze,WA,10,19949.43,586.75,2022-03-09,2024-12-02,999.0,Low Value
619,Deborah Robinson,Platinum,MD,6,19947.48,1108.19,2022-02-02,2024-03-07,764.0,Low Value
3389,Timothy Munoz,Bronze,WA,11,19942.0,623.19,2022-01-06,2024-07-28,934.0,Low Value
3606,Frank Lang,Bronze,GA,10,19941.12,643.26,2022-01-08,2024-12-26,1083.0,Low Value
4945,Julia Barker,Bronze,WI,10,19927.35,797.09,2022-05-10,2024-10-29,903.0,Low Value
8679,Michael Briggs,Silver,AZ,8,19917.18,766.05,2022-01-06,2024-06-20,896.0,Low Value
1696,Samantha Fuentes,Bronze,TN,12,19911.43,510.55,2022-02-08,2024-10-29,994.0,Low Value
857,Christopher Adkins,Gold,NJ,7,19907.68,1171.04,2022-01-04,2024-11-09,1040.0,Low Value
5804,Shelly Trujillo,Bronze,IN,11,19899.6,523.67,2022-01-26,2024-05-31,856.0,Low Value
6971,Susan Adkins,Gold,MI,14,19892.09,432.44,2022-06-12,2023-09-30,475.0,Low Value
9698,Jeanette Riggs,Silver,TN,8,19874.48,662.48,2022-04-27,2024-11-28,946.0,Low Value
4997,Matthew Freeman,Bronze,PA,8,19872.42,794.9,2022-02-04,2024-10-21,990.0,Low Value
3397,Elizabeth Thomas,Silver,IL,6,19870.72,827.95,2022-05-21,2024-04-04,684.0,Low Value
8984,Joseph Daniels,Silver,TX,9,19866.05,522.79,2022-01-11,2024-11-25,1049.0,Low Value
119,Danielle Miller,Gold,AZ,9,19850.84,735.22,2022-01-14,2024-10-27,1017.0,Low Value
2716,Nicole Porter,Silver,WA,12,19848.62,601.47,2022-01-18,2024-12-29,1076.0,Low Value
6246,Frank Hawkins,Silver,OH,12,19844.39,583.66,2022-02-22,2024-11-23,1005.0,Low Value
3532,Megan Green,Bronze,PA,9,19844.04,708.72,2022-04-14,2024-12-31,992.0,Low Value
5570,Rhonda Moore,Bronze,TX,9,19842.55,684.23,2022-05-10,2024-11-06,911.0,Low Value
2624,Jennifer Osborn,Silver,GA,9,19840.1,661.34,2022-03-25,2024-07-31,859.0,Low Value
5268,James Olson,Platinum,MO,12,19837.41,388.97,2022-02-25,2024-10-23,971.0,Low Value
6501,Aaron Williams,Gold,NY,9,19835.91,619.87,2022-02-15,2024-06-26,862.0,Low Value
7178,Sarah Bell,Platinum,FL,8,19825.58,793.02,2022-06-18,2024-12-20,916.0,Low Value
1891,Brandon Frederick,Platinum,MD,10,19824.2,619.51,2022-03-21,2024-09-09,903.0,Low Value
2404,Christina Santana,Bronze,MI,7,19820.2,900.92,2022-07-18,2024-12-06,872.0,Low Value
3411,Pamela Smith,Bronze,FL,10,19815.63,707.7,2022-03-19,2024-10-12,938.0,Low Value
6152,Gary Andrews,Gold,IN,7,19801.61,600.05,2022-03-28,2024-09-18,905.0,Low Value
9228,Seth Murray,Platinum,NJ,10,19798.28,582.3,2022-04-07,2024-11-24,962.0,Low Value
6388,Sandra Thomas,Silver,NY,9,19794.49,565.56,2022-02-16,2024-07-01,866.0,Low Value
7623,Andrea Potter,Silver,AZ,12,19782.76,534.67,2022-03-05,2024-12-23,1024.0,Low Value
3083,Kim Thompson,Bronze,NJ,8,19777.56,824.07,2022-03-09,2024-12-10,1007.0,Low Value
3513,Holly Brown,Bronze,MA,10,19768.96,732.18,2022-02-06,2024-12-23,1051.0,Low Value
3344,Kristina Glass,Silver,TN,10,19755.7,519.89,2022-06-12,2024-09-29,840.0,Low Value
1490,Jonathan Diaz,Silver,NY,10,19749.08,564.26,2022-01-11,2024-06-14,885.0,Low Value
2485,William Collins,Bronze,IL,9,19747.05,940.34,2022-03-06,2024-06-03,820.0,Low Value
5819,Erica Adams,Silver,TX,11,19743.08,493.58,2022-08-08,2024-11-14,829.0,Low Value
8212,Mark Spence,Gold,WI,11,19740.92,789.64,2022-03-07,2024-10-11,949.0,Low Value
1849,Amber Watkins,Platinum,WA,6,19735.14,858.05,2022-03-21,2024-11-07,962.0,Low Value
6226,Steven Byrd,Silver,TN,11,19727.5,458.78,2022-08-08,2024-12-27,872.0,Low Value
7533,Nancy Watkins,Silver,WA,10,19726.72,547.96,2022-04-14,2024-11-06,937.0,Low Value
279,Heather Contreras,Bronze,AZ,15,19724.18,533.09,2022-07-15,2024-11-06,845.0,Low Value
1039,Donald Owens,Bronze,NY,9,19723.05,597.67,2022-02-10,2024-05-13,823.0,Low Value
9836,Lee Wilson,Bronze,CA,6,19721.5,821.73,2023-02-16,2024-10-25,617.0,Low Value
9439,Amanda Andrade,Gold,AZ,5,19715.12,1516.55,2022-07-14,2024-11-13,853.0,Low Value
4765,Mitchell Thompson,Silver,PA,9,19705.85,703.78,2022-04-20,2024-07-27,829.0,Low Value
6986,Kevin Wilcox,Bronze,NY,7,19698.09,820.75,2022-03-24,2024-09-22,913.0,Low Value
6704,Angela Thomas,Silver,TN,13,19696.19,518.32,2022-01-16,2024-04-09,814.0,Low Value
4584,Anne Nichols,Bronze,WA,8,19695.91,984.8,2022-04-16,2024-10-04,902.0,Low Value
6215,Miguel Santiago,Platinum,MI,6,19686.78,1230.42,2022-03-04,2024-09-18,929.0,Low Value
7058,Rebecca Davis,Silver,AZ,5,19684.09,1157.89,2022-01-16,2024-10-28,1016.0,Low Value
6168,Robert Stewart,Silver,NY,10,19683.0,634.94,2022-01-04,2024-06-14,892.0,Low Value
3392,Jonathan Wolfe,Platinum,NC,10,19682.98,615.09,2022-06-25,2024-07-05,741.0,Low Value
5436,Alexis Pierce,Silver,NJ,10,19676.76,596.27,2022-03-16,2024-09-17,916.0,Low Value
1758,Vincent Anderson,Silver,CA,10,19670.86,614.71,2022-06-17,2024-11-07,874.0,Low Value
4220,Michael Wright,Bronze,VA,10,19668.22,457.4,2022-02-22,2024-12-12,1024.0,Low Value
5113,Thomas Burton,Platinum,MO,8,19666.92,819.46,2022-01-11,2024-12-05,1059.0,Low Value
1466,Bridget Espinoza,Silver,CA,11,19660.32,578.24,2022-06-30,2024-11-28,882.0,Low Value
3592,Kristin Carr,Bronze,NC,12,19639.64,467.61,2022-06-04,2024-05-23,719.0,Low Value
1966,William Knapp,Bronze,TX,9,19634.69,654.49,2022-06-25,2024-07-13,749.0,Low Value
3369,Ryan Chen,Bronze,NJ,9,19627.74,530.48,2022-08-02,2024-05-28,665.0,Low Value
3007,Heather Reed,Silver,TX,12,19626.92,436.15,2022-09-26,2024-12-06,802.0,Low Value
8640,Michael Hanson,Platinum,NC,12,19606.01,529.89,2022-02-19,2024-12-09,1024.0,Low Value
8246,Ashley Howard,Bronze,MA,7,19604.61,1508.05,2022-05-09,2024-12-27,963.0,Low Value
2589,Judy Mueller,Bronze,MI,9,19601.91,675.93,2022-02-17,2024-11-12,999.0,Low Value
450,Jeremy Cruz,Bronze,NC,9,19594.18,593.76,2022-01-03,2024-05-20,868.0,Low Value
7875,Charles Atkinson,Platinum,NY,5,19591.41,1306.09,2022-06-03,2024-08-05,794.0,Low Value
8019,Kevin Fleming,Silver,MA,10,19581.96,652.73,2022-06-29,2024-05-23,694.0,Low Value
6591,Travis Myers,Bronze,MA,9,19576.12,611.75,2022-01-09,2024-09-09,974.0,Low Value
2666,Lisa Page,Bronze,MO,13,19568.28,501.75,2022-07-04,2024-07-29,756.0,Low Value
4743,Cathy Villarreal,Silver,PA,8,19563.72,631.09,2022-01-20,2024-04-12,813.0,Low Value
4313,Joshua Christensen,Bronze,GA,9,19561.96,611.31,2022-04-02,2024-09-27,909.0,Low Value
6278,Ethan Clark,Bronze,VA,11,19539.58,592.11,2022-01-23,2024-11-12,1024.0,Low Value
1918,Victoria Thomas,Bronze,PA,6,19538.82,1028.36,2022-04-02,2024-07-19,839.0,Low Value
454,John Carey,Bronze,NY,6,19535.16,1149.13,2023-03-22,2024-12-11,630.0,Low Value
1766,Jenny Cummings,Platinum,PA,10,19535.03,500.9,2022-04-18,2024-10-01,897.0,Low Value
3387,John Smith,Silver,GA,6,19526.4,723.2,2022-02-21,2023-01-21,334.0,Low Value
7996,Christopher Miller,Bronze,NC,7,19524.72,629.83,2022-01-19,2024-07-21,914.0,Low Value
4897,Melissa Hicks,Platinum,WI,6,19514.36,1027.07,2022-07-24,2024-07-21,728.0,Low Value
5239,Donna Moore,Gold,FL,9,19500.21,609.38,2022-09-28,2024-12-08,802.0,Low Value
7153,Alexis Hamilton,Bronze,NY,9,19499.96,812.5,2022-02-26,2024-08-03,889.0,Low Value
5579,Juan Thomas,Bronze,WA,11,19496.82,453.41,2022-03-10,2024-11-28,994.0,Low Value
3553,Melissa Brown,Silver,IL,15,19486.8,414.61,2022-03-08,2024-08-31,907.0,Low Value
5488,Brett Vega,Bronze,NC,11,19481.11,487.03,2022-05-30,2024-08-26,819.0,Low Value
2569,Michele Joseph,Bronze,IN,9,19465.83,695.21,2022-01-13,2024-09-12,973.0,Low Value
4879,Erica Turner,Bronze,GA,9,19446.8,540.19,2022-09-13,2024-04-15,580.0,Low Value
7517,Gabriela Norman,Bronze,NC,7,19446.46,720.24,2022-07-16,2023-12-24,526.0,Low Value
432,Justin Noble,Silver,AZ,8,19443.9,747.84,2022-06-03,2024-11-13,894.0,Low Value
9196,Amanda Lawrence,Silver,AZ,10,19439.5,607.48,2022-01-03,2024-09-14,985.0,Low Value
8521,Eric Perry,Bronze,FL,9,19435.21,607.35,2022-01-26,2024-12-15,1054.0,Low Value
5904,Kimberly Santos,Platinum,MA,11,19433.21,404.86,2022-01-03,2024-10-07,1008.0,Low Value
3280,Barbara Pope,Platinum,VA,8,19431.31,647.71,2022-03-14,2024-11-14,976.0,Low Value
445,Morgan Williams,Bronze,AZ,10,19427.81,555.08,2022-01-11,2024-05-15,855.0,Low Value
6571,Jacob Cannon,Bronze,NJ,8,19426.58,693.81,2022-04-16,2024-12-02,961.0,Low Value
8098,Regina Carr,Bronze,GA,11,19423.35,539.54,2022-06-24,2024-12-19,909.0,Low Value
8871,Robert Johnson,Bronze,AZ,10,19421.17,626.49,2022-01-16,2024-12-24,1073.0,Low Value
6352,Derek Shelton,Bronze,OH,13,19407.41,539.09,2022-02-02,2024-12-22,1054.0,Low Value
1878,Angela Moore,Bronze,GA,15,19402.06,421.78,2022-01-13,2024-07-02,901.0,Low Value
8909,Jennifer Wagner,Silver,MD,9,19400.15,538.89,2022-08-11,2023-12-11,487.0,Low Value
7569,Morgan Parker,Silver,GA,12,19398.39,451.13,2022-09-27,2024-12-31,826.0,Low Value
1870,Crystal Jennings,Gold,WA,12,19397.87,510.47,2022-02-28,2024-07-26,879.0,Low Value
1851,Benjamin Lopez,Silver,OH,10,19391.78,646.39,2022-04-21,2024-04-14,724.0,Low Value
5850,Jesse Kim,Gold,AZ,10,19385.85,881.17,2022-02-12,2024-02-08,726.0,Low Value
3477,Jason Smith,Gold,MA,12,19372.45,496.73,2022-01-21,2024-10-20,1003.0,Low Value
9840,John Brown,Bronze,MD,11,19368.82,472.41,2022-04-03,2024-12-03,975.0,Low Value
5726,Monique Hernandez,Silver,MI,5,19354.3,1209.64,2022-05-18,2024-12-12,939.0,Low Value
9656,Katie Garcia,Silver,OH,8,19344.48,744.02,2022-04-11,2024-12-15,979.0,Low Value
5282,Jeffrey Davis,Bronze,OH,10,19339.46,586.04,2022-04-16,2024-10-30,928.0,Low Value
2750,Douglas Khan,Silver,MI,14,19338.43,429.74,2022-03-14,2024-10-20,951.0,Low Value
5491,William Alvarado,Gold,MA,6,19334.19,878.83,2022-10-24,2024-03-24,517.0,Low Value
7733,Tammy Simmons,Gold,TX,8,19332.71,644.42,2022-02-20,2024-12-26,1040.0,Low Value
3153,Kim Simpson,Gold,GA,7,19309.67,877.71,2022-04-28,2024-11-22,939.0,Low Value
4528,Tiffany Davis,Platinum,VA,9,19306.43,567.84,2022-01-26,2024-08-24,941.0,Low Value
9826,Alexander Harris,Silver,WI,6,19306.42,689.52,2022-07-15,2024-12-22,891.0,Low Value
2087,Evan Davis,Bronze,MA,12,19305.1,470.86,2022-04-11,2024-11-17,951.0,Low Value
3114,Linda Johnson,Bronze,TX,10,19300.66,772.03,2022-01-14,2024-03-10,786.0,Low Value
1218,Kyle Contreras,Bronze,MD,8,19299.33,567.63,2023-04-21,2024-11-26,585.0,Low Value
6896,Lauren Bailey,Bronze,MO,12,19298.09,482.45,2022-02-21,2024-12-27,1040.0,Low Value
6910,Steven Kemp,Bronze,FL,7,19291.6,918.65,2022-05-03,2023-11-16,562.0,Low Value
8070,Sarah Turner,Platinum,TN,7,19287.64,918.46,2022-03-20,2024-07-16,849.0,Low Value
1016,Michelle Hall,Bronze,WA,12,19283.21,410.28,2022-02-21,2024-09-07,929.0,Low Value
462,Debra Taylor,Silver,PA,5,19278.3,1014.65,2022-12-24,2024-08-25,610.0,Low Value
2711,Danielle Jones,Gold,VA,10,19277.41,584.16,2022-06-13,2024-10-24,864.0,Low Value
4229,Benjamin Wallace,Gold,MI,11,19276.01,550.74,2022-01-03,2024-12-15,1077.0,Low Value
8,James Brooks,Bronze,WI,7,19271.25,1284.75,2022-07-30,2024-09-13,776.0,Low Value
8591,Trevor Wilson,Silver,OH,8,19270.59,507.12,2022-01-18,2024-09-20,976.0,Low Value
6653,Christina Harrington,Silver,WI,10,19264.35,621.43,2022-01-04,2024-12-29,1090.0,Low Value
1202,Theodore Decker,Silver,MD,10,19251.82,663.86,2022-10-07,2024-12-26,811.0,Low Value
2022,Joshua Sexton,Bronze,NJ,5,19251.58,916.74,2022-03-09,2024-04-16,769.0,Low Value
4915,Dalton Harris,Platinum,NY,11,19248.57,583.29,2022-02-08,2024-08-07,911.0,Low Value
1146,Keith Davis,Gold,AZ,10,19236.46,712.46,2022-08-27,2024-12-26,852.0,Low Value
9011,Emily Matthews,Silver,MO,10,19230.41,712.24,2022-01-02,2024-08-24,965.0,Low Value
3281,James Camacho,Platinum,TN,8,19224.55,712.02,2022-01-03,2024-05-11,859.0,Low Value
8242,Margaret Cardenas,Silver,MA,7,19223.54,711.98,2022-09-22,2024-10-01,740.0,Low Value
5366,Michael Perry,Silver,MO,8,19218.06,915.15,2022-11-25,2024-05-03,525.0,Low Value
802,Karen Garcia,Bronze,MD,9,19218.04,711.78,2022-01-23,2024-09-06,957.0,Low Value
6856,Laurie George,Silver,NY,9,19211.92,548.91,2022-01-14,2024-09-28,988.0,Low Value
3978,Katherine Olson,Silver,FL,6,19208.94,914.71,2023-04-17,2024-06-23,433.0,Low Value
3381,Rodney Rios,Platinum,IL,7,19204.16,960.21,2022-03-19,2024-06-15,819.0,Low Value
2081,Anthony Knight,Bronze,MD,6,19201.75,738.53,2022-01-17,2024-06-21,886.0,Low Value
4312,Danielle Lee,Bronze,NJ,6,19198.43,959.92,2022-04-06,2024-04-04,729.0,Low Value
1154,Amanda Phillips,Platinum,MA,9,19193.57,913.98,2022-07-08,2024-10-04,819.0,Low Value
8658,Denise Carr,Bronze,FL,14,19191.75,436.18,2022-01-09,2024-12-15,1071.0,Low Value
7805,John Villanueva,Bronze,TN,11,19189.5,479.74,2022-07-21,2024-12-21,884.0,Low Value
1445,Ricky Kirk,Bronze,OH,6,19186.26,799.43,2022-04-29,2024-02-15,657.0,Low Value
4134,Timothy Cooper,Gold,PA,10,19168.86,518.08,2022-07-24,2024-10-10,809.0,Low Value
6584,Jaime Conner,Bronze,OH,13,19164.34,456.29,2022-01-29,2024-12-27,1063.0,Low Value
1262,Jocelyn Jarvis,Silver,GA,10,19161.61,445.62,2022-02-01,2024-10-25,997.0,Low Value
9802,Jeffrey Garza,Platinum,MA,5,19160.11,736.93,2022-01-03,2023-10-07,642.0,Low Value
7475,Hannah Hess,Gold,NY,12,19158.18,478.95,2022-01-22,2024-11-12,1025.0,Low Value
3531,Rebecca Deleon,Bronze,MA,12,19155.61,617.92,2022-03-22,2024-11-12,966.0,Low Value
4968,Laura Rodriguez,Bronze,MA,7,19151.05,736.58,2022-03-26,2024-10-20,939.0,Low Value
7503,Heather Hernandez,Silver,MI,11,19149.17,503.93,2022-02-24,2024-11-30,1010.0,Low Value
60,Caitlyn Ware,Silver,NC,9,19148.89,832.56,2022-01-22,2024-10-02,984.0,Low Value
9126,Robert Rodriguez,Gold,MO,7,19148.18,957.41,2022-03-08,2024-12-09,1007.0,Low Value
3903,Lisa Banks,Silver,CA,9,19140.89,708.92,2022-07-16,2024-12-04,872.0,Low Value
1271,Emily Ryan,Silver,WI,8,19135.93,617.29,2022-01-01,2024-09-04,977.0,Low Value
5697,Clayton Solis,Bronze,MO,5,19120.67,1470.82,2023-10-25,2024-11-02,374.0,Low Value
3748,Gregory Davis,Bronze,OH,7,19113.11,910.15,2022-06-21,2024-10-31,863.0,Low Value
6455,Danielle Harris,Bronze,TN,9,19105.1,578.94,2022-11-02,2024-10-20,718.0,Low Value
5766,Darryl Torres,Gold,WA,11,19091.99,489.54,2022-02-26,2024-10-28,975.0,Low Value
2738,Erik Fox,Silver,MI,10,19080.57,681.45,2022-06-14,2024-12-19,919.0,Low Value
9804,Tammy Jordan,Silver,NY,7,19074.11,908.29,2022-10-28,2024-05-10,560.0,Low Value
6714,Stacy Rice,Gold,MI,7,19062.38,635.41,2023-02-17,2024-01-21,338.0,Low Value
4242,Jon Anderson,Platinum,MO,9,19058.05,733.0,2022-01-08,2024-10-15,1011.0,Low Value
6575,Patricia Hart,Platinum,VA,6,19057.99,794.08,2022-02-27,2024-06-22,846.0,Low Value
4774,Hunter Rosales,Bronze,PA,11,19056.37,680.58,2022-07-03,2024-10-20,840.0,Low Value
6382,Donald Mckee,Bronze,FL,9,19052.5,680.45,2022-04-13,2024-07-26,835.0,Low Value
1850,Nicholas Rush,Bronze,AZ,9,19049.14,732.66,2022-03-16,2024-09-19,918.0,Low Value
1680,Rita Brooks,Platinum,IN,9,19042.85,906.8,2022-02-07,2024-07-16,890.0,Low Value
1190,Tara Fischer,Silver,IL,10,19039.57,679.98,2022-02-22,2024-06-16,845.0,Low Value
3866,Tammy Carlson,Silver,NJ,4,19026.01,1359.0,2022-06-20,2024-07-13,754.0,Low Value
117,Jessica Chen,Gold,IL,9,19023.66,760.95,2022-01-22,2024-12-21,1064.0,Low Value
2811,Kelly Ferguson,Platinum,WA,8,19020.93,655.89,2022-08-08,2023-09-29,417.0,Low Value
1643,Jacob Miller,Bronze,OH,6,19013.21,905.39,2022-02-17,2023-11-11,632.0,Low Value
1824,Ashley Hall,Gold,PA,7,19004.31,863.83,2022-03-04,2024-04-29,787.0,Low Value
537,Raymond Gaines,Bronze,IL,12,19002.71,575.84,2022-01-16,2024-11-14,1033.0,Low Value
7940,Monica Roth,Gold,VA,8,19002.62,633.42,2022-01-15,2024-05-04,840.0,Low Value
4845,Christopher Price,Platinum,MA,11,19000.19,593.76,2022-02-18,2024-12-19,1035.0,Low Value
1210,John Williams,Gold,NY,10,18999.63,474.99,2022-07-09,2024-10-09,823.0,Low Value
6449,Kathleen Huynh,Bronze,TX,10,18999.33,759.97,2022-06-12,2024-11-16,888.0,Low Value
865,Julie West,Bronze,MA,8,18989.79,759.59,2022-01-15,2024-08-09,937.0,Low Value
2199,Jesse Phillips,Bronze,MI,11,18989.76,542.56,2022-06-23,2024-12-31,922.0,Low Value
5443,Gary Sanchez,Platinum,NC,9,18986.13,612.46,2022-02-04,2024-02-11,737.0,Low Value
7847,Austin Marshall,Silver,VA,7,18985.23,654.66,2022-01-07,2024-09-19,986.0,Low Value
7188,Benjamin Cardenas,Bronze,CA,6,18976.52,948.83,2022-04-30,2024-05-30,761.0,Low Value
2761,Gregory Garza,Silver,NC,11,18972.94,527.03,2022-02-11,2024-06-22,862.0,Low Value
684,Kristin Rodriguez,Gold,MO,12,18968.27,512.66,2022-01-24,2024-06-13,871.0,Low Value
7442,Jose Gardner,Silver,WA,5,18940.81,947.04,2022-09-06,2024-12-13,829.0,Low Value
5945,Dennis Knight,Gold,NJ,8,18935.57,610.82,2022-04-29,2024-09-08,863.0,Low Value
2457,Micheal Garrison,Silver,MA,10,18934.48,823.24,2022-03-26,2024-11-12,962.0,Low Value
1481,Kelly Anderson,Bronze,VA,10,18932.63,631.09,2022-02-11,2024-11-23,1016.0,Low Value
2064,Katherine Lynch,Silver,TX,10,18932.05,676.14,2022-06-05,2024-06-17,743.0,Low Value
8123,Stephanie Rasmussen,Silver,CA,9,18921.28,652.46,2022-01-20,2024-12-01,1046.0,Low Value
6632,Megan Jones,Bronze,MI,13,18918.01,420.4,2022-02-19,2024-10-09,963.0,Low Value
4305,Virginia Mcdonald,Bronze,MO,8,18913.2,822.31,2022-02-22,2023-06-16,479.0,Low Value
3800,Robert Elliott,Silver,OH,9,18906.42,675.23,2022-08-18,2024-07-23,705.0,Low Value
5693,Joann Obrien,Silver,NC,11,18903.36,484.7,2022-01-30,2024-12-01,1036.0,Low Value
3523,Sara Walker,Silver,OH,7,18902.98,821.87,2022-03-02,2023-07-27,512.0,Low Value
344,Robert Marshall,Bronze,IN,7,18901.76,675.06,2022-06-27,2024-09-01,797.0,Low Value
1579,Andrew Forbes,Bronze,AZ,8,18900.91,821.78,2022-01-23,2024-12-16,1058.0,Low Value
4780,Robert Collins,Bronze,MI,8,18888.32,609.3,2022-03-19,2024-11-19,976.0,Low Value
985,Karina Thomas,Bronze,TX,10,18879.94,609.03,2022-03-21,2024-08-12,875.0,Low Value
4345,David Buchanan,Bronze,WI,7,18876.36,1258.42,2022-02-05,2023-09-11,583.0,Low Value
2331,Karen Dickerson,Bronze,IN,7,18873.07,674.04,2022-05-23,2023-09-06,471.0,Low Value
1326,Joseph Williams,Bronze,TN,8,18872.03,725.85,2022-01-06,2024-12-02,1061.0,Low Value
9418,Karen Gonzalez,Gold,GA,8,18867.97,820.35,2022-07-18,2024-09-10,785.0,Low Value
4980,Anna Graves,Bronze,GA,9,18866.77,725.64,2022-03-14,2024-05-04,782.0,Low Value
9632,Eric Sanchez,Bronze,VA,8,18863.61,523.99,2022-02-09,2024-04-23,804.0,Low Value
1942,Lindsey Park,Bronze,WI,5,18854.21,754.17,2022-08-15,2024-05-20,644.0,Low Value
2471,Kevin Kaufman,Bronze,WI,11,18850.4,554.42,2022-02-20,2024-08-08,900.0,Low Value
4127,Regina Johnson,Bronze,MI,11,18835.49,672.7,2022-10-08,2024-12-02,786.0,Low Value
9318,Thomas Fields,Gold,CA,7,18834.39,672.66,2022-04-02,2024-12-02,975.0,Low Value
1527,Brenda Brown,Platinum,AZ,11,18831.63,570.66,2022-10-07,2024-12-16,801.0,Low Value
7068,Roberto Martinez,Gold,TN,9,18830.25,697.42,2022-03-19,2024-11-05,962.0,Low Value
5866,Scott Harris,Bronze,GA,4,18828.9,1711.72,2022-03-27,2024-10-27,945.0,Low Value
3196,Joy Hughes,Platinum,OH,8,18827.7,672.42,2022-09-12,2024-08-18,706.0,Low Value
2057,Ryan Torres,Platinum,NC,7,18819.57,672.13,2023-08-04,2024-11-27,481.0,Low Value
508,Manuel Hale,Silver,OH,9,18817.03,672.04,2022-02-26,2024-11-12,990.0,Low Value
8142,Kelly Coleman,Bronze,PA,8,18815.32,723.67,2022-11-06,2024-07-06,608.0,Low Value
7353,Jonathan Wilson,Gold,GA,9,18810.89,648.65,2022-08-18,2024-12-16,851.0,Low Value
8739,Jamie Luna,Silver,NC,12,18804.33,606.59,2022-04-26,2024-12-07,956.0,Low Value
5747,Melissa Parker,Bronze,TN,8,18799.58,606.44,2022-02-08,2024-12-24,1050.0,Low Value
1887,Samuel Moore,Gold,WI,4,18799.54,1174.97,2022-04-29,2024-02-22,664.0,Low Value
3536,Mike Coleman,Gold,TX,8,18787.29,569.31,2022-01-22,2024-12-26,1069.0,Low Value
9891,Daniel Garrett,Gold,TX,8,18786.82,647.82,2022-05-02,2024-11-07,920.0,Low Value
9539,Amy White,Gold,OH,8,18778.18,552.3,2022-02-04,2024-05-10,826.0,Low Value
9180,Gabrielle Mendoza,Bronze,NC,7,18776.28,816.36,2022-01-08,2024-10-09,1005.0,Low Value
5851,Logan Porter,Bronze,CA,8,18775.64,816.33,2022-11-13,2024-08-15,641.0,Low Value
5183,Larry Payne,Bronze,NC,13,18761.8,586.31,2022-02-19,2024-11-28,1013.0,Low Value
6263,Terri Long,Platinum,TX,8,18758.56,694.76,2023-02-08,2024-12-04,665.0,Low Value
9758,Ryan Lewis,Bronze,AZ,7,18752.75,781.36,2022-02-11,2024-03-18,766.0,Low Value
494,Jonathan Tucker,Bronze,WI,6,18747.8,937.39,2022-03-14,2023-01-30,322.0,Low Value
1050,Gary Adams,Gold,TX,9,18742.9,814.91,2022-01-28,2024-10-11,987.0,Low Value
3915,Michael Roberts,Silver,MD,7,18736.32,936.82,2022-06-03,2024-09-05,825.0,Low Value
3029,Gregory Campbell,Bronze,TX,7,18729.36,985.76,2022-04-09,2024-12-29,995.0,Low Value
1358,Joseph Alvarado,Bronze,CA,9,18711.76,645.23,2023-07-10,2024-12-04,513.0,Low Value
6547,Michele Carter,Bronze,MD,8,18705.11,850.23,2022-05-30,2024-10-17,871.0,Low Value
43,Sarah Romero,Silver,OH,7,18703.51,779.31,2022-04-15,2024-10-06,905.0,Low Value
4641,Miranda Richardson,Silver,AZ,7,18697.32,692.49,2022-02-07,2024-04-12,795.0,Low Value
9163,Crystal Wade,Silver,NC,9,18696.3,747.85,2022-03-16,2024-12-02,992.0,Low Value
9957,Evan Robertson,Bronze,IN,5,18686.56,1167.91,2022-04-24,2024-10-03,893.0,Low Value
7872,Michael Vasquez,Platinum,NJ,8,18680.42,718.48,2022-01-16,2024-05-29,864.0,Low Value
9515,Katie Erickson,Bronze,AZ,11,18679.76,549.4,2023-02-13,2024-12-03,659.0,Low Value
8960,Michael Vasquez,Silver,IL,6,18663.32,888.73,2022-01-12,2024-10-09,1001.0,Low Value
7399,Wendy Brown,Bronze,TX,8,18663.29,622.11,2022-07-13,2024-12-08,879.0,Low Value
2037,Kara Rios,Silver,IN,11,18657.66,533.08,2022-08-17,2024-05-25,647.0,Low Value
8708,Joseph Munoz,Gold,NC,8,18654.42,746.18,2022-03-21,2024-08-16,879.0,Low Value
851,Keith Lowery,Bronze,NY,9,18639.94,665.71,2022-02-25,2024-04-22,787.0,Low Value
170,Andrew Smith,Platinum,AZ,9,18638.46,601.24,2022-05-04,2024-06-27,785.0,Low Value
2219,Maureen Kirby,Gold,WA,9,18635.12,665.54,2022-02-09,2024-12-20,1045.0,Low Value
2546,Katelyn Jackson,Silver,PA,9,18627.89,689.92,2022-07-20,2024-09-26,799.0,Low Value
4511,Michelle Martinez,Silver,AZ,12,18627.21,332.63,2022-01-05,2024-10-19,1018.0,Low Value
4051,Beth Hart,Bronze,TN,11,18621.47,423.22,2022-01-05,2024-12-07,1067.0,Low Value
5846,Matthew Walters,Gold,TN,11,18620.57,465.51,2022-05-22,2024-12-31,954.0,Low Value
3685,Sarah Sanchez,Bronze,NY,10,18617.76,477.38,2022-05-11,2024-10-25,898.0,Low Value
5501,Miguel Hoffman,Silver,NC,6,18617.49,809.46,2023-05-16,2024-12-05,569.0,Low Value
7120,Alicia Simmons,Silver,NJ,6,18614.83,620.49,2022-08-09,2024-11-26,840.0,Low Value
8317,Travis Jones,Bronze,NJ,13,18613.88,404.65,2022-03-27,2024-11-04,953.0,Low Value
4028,Jody Rodriguez,Gold,NY,11,18613.15,531.8,2022-09-07,2024-12-12,827.0,Low Value
4815,Diane Green,Silver,NJ,7,18611.58,641.78,2022-01-11,2024-12-08,1062.0,Low Value
5081,Marc Francis,Platinum,IN,10,18610.99,620.37,2022-02-10,2024-10-07,970.0,Low Value
5424,Ethan Salazar,Bronze,OH,11,18585.6,489.09,2022-01-11,2024-03-09,788.0,Low Value
2949,Andrew Rodriguez,Platinum,MI,7,18572.24,844.19,2023-08-24,2024-09-02,375.0,Low Value
214,Craig Ward,Bronze,IL,8,18566.91,928.35,2022-03-11,2024-10-03,937.0,Low Value
5199,Brenda Hernandez,Bronze,NY,11,18565.37,546.04,2022-06-24,2024-12-20,910.0,Low Value
3107,Angela Watts,Bronze,MD,8,18559.02,713.81,2022-01-03,2024-03-31,818.0,Low Value
9715,Michael Stewart,Gold,NJ,12,18551.78,562.18,2022-01-27,2024-09-15,962.0,Low Value
90,Hannah Jenkins,Silver,VA,8,18549.87,639.65,2022-01-11,2024-05-12,852.0,Low Value
1859,Charles Paul,Silver,IN,9,18548.09,618.27,2022-09-07,2024-12-01,816.0,Low Value
1886,Monica Chavez,Bronze,MA,5,18544.32,1090.84,2022-06-19,2023-12-26,555.0,Low Value
5132,Shelby Blair,Gold,WA,10,18539.12,579.35,2022-03-31,2024-06-10,802.0,Low Value
6028,Richard Jackson,Bronze,MO,11,18536.96,545.2,2022-02-01,2024-06-13,863.0,Low Value
3600,Amy Green,Silver,TN,10,18536.29,514.9,2022-02-16,2024-12-28,1046.0,Low Value
1387,Melissa Cantrell,Bronze,MA,6,18531.1,661.82,2022-05-20,2024-06-24,766.0,Low Value
6906,Laura Lara,Platinum,IN,11,18525.42,463.14,2022-01-19,2024-11-23,1039.0,Low Value
1423,Richard Thomas,Gold,NC,6,18523.05,1323.08,2022-05-16,2024-12-21,950.0,Low Value
5656,Rachel Chavez,Silver,NC,8,18520.34,544.72,2022-06-03,2024-11-19,900.0,Low Value
32,Alejandro Vaughan,Bronze,OH,7,18518.65,805.16,2023-04-26,2024-12-11,595.0,Low Value
8168,Donna Becker,Bronze,MD,8,18503.08,578.22,2022-03-23,2024-10-20,942.0,Low Value
5833,Christina Turner,Gold,VA,9,18496.91,513.8,2022-03-22,2024-08-30,892.0,Low Value
4567,Ashley Jones,Platinum,FL,11,18494.75,513.74,2022-05-04,2024-12-20,961.0,Low Value
9701,Charles Adams,Silver,PA,9,18486.38,596.33,2023-05-29,2024-08-13,442.0,Low Value
5190,Kristi Hughes,Gold,IN,8,18483.83,684.59,2022-07-08,2024-11-29,875.0,Low Value
9731,Brenda Hart,Bronze,MI,8,18483.32,710.9,2022-12-14,2024-04-28,501.0,Low Value
3932,Katie Williams,Bronze,NY,9,18469.16,577.16,2022-02-27,2024-09-19,935.0,Low Value
874,Charles Lewis,Silver,NC,9,18467.35,595.72,2022-02-01,2024-11-17,1020.0,Low Value
6465,James Colon,Bronze,GA,11,18467.18,595.72,2022-03-11,2024-10-13,947.0,Low Value
2171,Richard Carr,Bronze,FL,9,18465.86,615.53,2022-02-08,2024-09-05,940.0,Low Value
2129,Jeffery Miller,Platinum,PA,12,18464.84,659.46,2022-11-15,2024-12-22,768.0,Low Value
5777,Morgan Lopez,Bronze,AZ,11,18450.22,419.32,2022-04-02,2023-12-30,637.0,Low Value
5722,Cheryl Johnson,Silver,AZ,8,18449.03,683.3,2022-05-06,2024-10-25,903.0,Low Value
5000,Julie Beard,Bronze,MD,12,18441.72,542.4,2022-01-10,2024-12-29,1084.0,Low Value
5796,Rebecca Carson,Silver,NJ,10,18436.79,472.74,2022-01-07,2024-09-22,989.0,Low Value
2304,Jessica Henderson,Silver,IN,10,18434.48,498.23,2022-05-25,2024-12-16,936.0,Low Value
2594,Steven Garcia,Silver,WI,9,18430.83,682.62,2022-04-08,2024-11-29,966.0,Low Value
8712,Amanda Fowler,Gold,MD,9,18427.9,511.89,2022-02-25,2024-10-09,957.0,Low Value
2971,Nicholas Williams,Bronze,TX,10,18427.82,498.05,2022-02-28,2024-11-07,983.0,Low Value
7198,Jeffrey Mcguire,Gold,FL,9,18427.66,837.62,2022-02-12,2024-12-16,1038.0,Low Value
9407,Roy Simmons,Silver,WA,7,18423.72,708.6,2022-07-12,2024-06-11,700.0,Low Value
9987,Beverly Martinez,Gold,TX,6,18422.08,736.88,2022-02-08,2024-01-02,693.0,Low Value
9286,Dean Mills,Silver,PA,10,18420.07,541.77,2022-06-14,2024-11-05,875.0,Low Value
9901,Terri Phillips,Platinum,WI,8,18415.1,594.04,2022-01-26,2024-11-22,1031.0,Low Value
453,Robert Lane,Bronze,WI,8,18412.37,800.54,2022-02-23,2024-09-13,933.0,Low Value
238,Luis Cunningham,Silver,WI,10,18412.27,593.94,2022-01-19,2024-07-10,903.0,Low Value
3395,Emily Johns,Bronze,WI,11,18407.26,511.31,2022-05-14,2024-09-28,868.0,Low Value
8093,Dennis Collins,Platinum,VA,5,18406.86,1673.35,2022-06-17,2024-08-28,803.0,Low Value
488,Allen Murray,Gold,MA,7,18391.81,1021.77,2022-04-24,2024-10-20,910.0,Low Value
8272,Pamela Thornton,Silver,VA,7,18383.94,735.36,2022-03-29,2024-11-07,954.0,Low Value
4611,Carolyn Sexton,Bronze,FL,8,18381.98,633.86,2022-07-19,2024-07-14,726.0,Low Value
4823,Tina Long,Bronze,CA,8,18378.5,835.39,2022-03-11,2024-12-22,1017.0,Low Value
3700,Jorge Chen,Gold,MA,8,18377.52,765.73,2022-03-08,2024-08-18,894.0,Low Value
9782,Jesus Tate,Bronze,MO,12,18365.09,573.91,2022-01-22,2024-12-12,1055.0,Low Value
6595,Wendy Ayers,Silver,TN,11,18361.49,540.04,2022-05-11,2024-11-18,922.0,Low Value
7038,Christopher Porter,Silver,OH,9,18359.53,483.15,2022-06-26,2024-08-12,778.0,Low Value
1658,Matthew Robinson,Silver,FL,9,18357.29,611.91,2022-02-07,2024-06-06,850.0,Low Value
1690,Heidi Harris,Bronze,WA,6,18351.94,965.89,2022-10-15,2024-09-03,689.0,Low Value
7497,Claudia Olson,Bronze,MI,6,18351.08,679.67,2022-09-28,2024-06-29,640.0,Low Value
4758,Lindsey Russell,Gold,TX,10,18350.47,539.72,2022-03-07,2024-12-20,1019.0,Low Value
93,Jeremiah Hall,Bronze,TX,8,18349.19,834.05,2022-04-15,2024-12-06,966.0,Low Value
8769,John Brown,Silver,NC,6,18348.18,611.61,2022-11-24,2024-07-12,596.0,Low Value
9449,Ashley Booth,Bronze,IL,8,18328.87,704.96,2022-01-02,2024-11-11,1044.0,Low Value
1224,Joshua Duncan,Platinum,CA,8,18322.96,796.65,2022-06-25,2023-12-01,524.0,Low Value
3565,Latoya Norris,Bronze,OH,13,18317.85,495.08,2022-06-25,2024-10-23,851.0,Low Value
880,Kathy Lyons,Bronze,PA,11,18315.78,508.77,2022-02-12,2024-12-13,1035.0,Low Value
260,Shannon Sampson,Silver,NC,8,18311.44,832.34,2022-01-22,2024-09-15,967.0,Low Value
3406,Chad Lane,Silver,VA,10,18307.04,572.1,2022-05-17,2024-07-06,781.0,Low Value
3318,Jessica Aguilar,Silver,NC,9,18289.64,703.45,2022-11-21,2024-10-27,706.0,Low Value
9760,Leah Williams,Bronze,WI,8,18283.88,653.0,2022-03-14,2024-12-14,1006.0,Low Value
3802,Sarah Vaughn,Bronze,FL,7,18277.5,652.77,2022-06-03,2024-07-14,772.0,Low Value
8765,Janet Miller,Gold,PA,12,18269.97,537.35,2022-01-01,2024-07-12,923.0,Low Value
9438,Jonathan Good,Platinum,IL,7,18268.1,761.17,2022-03-03,2024-10-29,971.0,Low Value
1364,Carolyn Barnes,Gold,WI,5,18258.43,1014.36,2023-01-29,2023-12-25,330.0,Low Value
8437,Beth Morris,Gold,NC,9,18256.73,536.96,2022-06-15,2024-09-29,837.0,Low Value
4794,Shari Oconnor,Gold,OH,10,18256.31,588.91,2022-10-17,2024-11-23,768.0,Low Value
1307,Rebecca Fowler,Bronze,TX,10,18255.77,629.51,2022-02-04,2024-10-22,991.0,Low Value
5348,Michael Love,Bronze,MI,8,18252.97,651.89,2023-01-15,2024-12-09,694.0,Low Value
5230,Jennifer Calderon,Gold,MO,8,18251.57,651.84,2022-02-25,2024-03-11,745.0,Low Value
7787,Karina Evans,Gold,MO,7,18249.05,869.0,2023-01-27,2024-11-20,663.0,Low Value
9455,Albert Moore,Bronze,FL,10,18248.23,445.08,2022-01-27,2024-05-09,833.0,Low Value
5302,Tonya Moreno,Silver,MO,8,18246.7,868.89,2022-01-09,2024-01-25,746.0,Low Value
7508,Rebecca Scott,Silver,FL,6,18246.23,1013.68,2022-02-02,2024-03-29,786.0,Low Value
6181,Randy Macdonald,Silver,FL,11,18236.08,588.26,2022-10-18,2024-12-22,796.0,Low Value
6855,Melanie Acosta,Silver,MD,9,18230.27,569.7,2022-01-04,2024-12-08,1069.0,Low Value
7791,Derek Davis,Silver,CA,7,18224.28,628.42,2022-07-05,2023-11-25,508.0,Low Value
6077,Kayla Moreno,Bronze,TN,9,18222.68,607.42,2022-05-09,2024-09-12,857.0,Low Value
8112,Donna Riley,Bronze,IL,7,18222.4,535.95,2022-05-25,2024-10-20,879.0,Low Value
4196,William Allen,Bronze,TN,8,18213.96,700.54,2022-10-29,2024-11-12,745.0,Low Value
923,Sheryl Henderson,Silver,CA,7,18209.18,791.7,2022-05-22,2024-11-05,898.0,Low Value
518,Scott Walker,Gold,PA,7,18205.71,650.2,2022-04-29,2024-11-27,943.0,Low Value
8922,Renee Estes,Platinum,FL,11,18201.58,606.72,2022-01-09,2023-08-02,570.0,Low Value
9403,Garrett Bell,Bronze,PA,11,18197.09,466.59,2022-04-16,2024-08-25,862.0,Low Value
4467,Robyn Brown,Silver,TN,8,18193.41,699.75,2022-01-11,2024-09-21,984.0,Low Value
40,Mark Steele,Gold,NY,10,18184.28,422.89,2022-09-21,2024-08-12,691.0,Low Value
9686,Peter Dixon,Gold,MO,13,18176.46,386.73,2022-04-30,2024-06-27,789.0,Low Value
751,Michelle King,Bronze,WI,8,18168.35,789.93,2022-05-24,2024-12-21,942.0,Low Value
169,Cynthia Smith,Platinum,VA,9,18166.76,726.67,2022-03-15,2024-11-20,981.0,Low Value
8433,Alexis Mora,Bronze,IL,5,18158.58,1068.15,2023-05-06,2024-06-16,407.0,Low Value
2669,Caleb Harris,Silver,TX,7,18156.57,648.45,2022-01-14,2024-12-30,1081.0,Low Value
7321,Zachary Webb,Bronze,MD,7,18149.91,955.26,2022-01-22,2024-11-12,1025.0,Low Value
2942,Miguel Schmidt,Gold,MI,12,18142.27,490.33,2022-02-28,2024-12-02,1008.0,Low Value
9165,Mark Alexander,Silver,OH,12,18141.43,477.41,2022-10-10,2024-10-24,745.0,Low Value
5955,James Scott,Bronze,VA,9,18139.92,647.85,2022-04-19,2024-06-12,785.0,Low Value
1608,Teresa Miller,Bronze,PA,9,18132.18,697.39,2022-01-24,2024-06-01,859.0,Low Value
2997,Nancy Dawson,Silver,MA,12,18130.5,402.9,2022-02-07,2024-12-18,1045.0,Low Value
970,Adrian Cook,Bronze,CA,13,18123.41,533.04,2022-06-22,2024-12-04,896.0,Low Value
1339,Christopher Williams,Silver,MA,6,18119.53,671.09,2022-06-12,2024-11-16,888.0,Low Value
1689,William Johnston,Gold,TX,10,18119.48,503.32,2022-09-24,2024-12-26,824.0,Low Value
5841,Stacey Barton,Bronze,NY,10,18114.9,489.59,2022-02-19,2024-08-08,901.0,Low Value
4918,Jennifer Robertson,Bronze,WA,7,18112.15,670.82,2023-01-04,2024-11-26,692.0,Low Value
5102,John Johnson,Silver,MO,12,18090.24,430.72,2022-01-06,2024-08-26,963.0,Low Value
890,Richard Brooks,Bronze,TX,9,18085.25,669.82,2022-04-05,2024-07-18,835.0,Low Value
9544,James Roy,Silver,NC,10,18085.01,488.78,2022-01-28,2024-10-05,981.0,Low Value
9275,Vincent Murphy,Silver,VA,10,18080.49,547.89,2022-01-16,2024-12-15,1064.0,Low Value
814,Ricky Garcia,Bronze,AZ,7,18077.56,669.54,2023-07-25,2024-12-15,509.0,Low Value
8436,Michael Sandoval,Bronze,TX,8,18076.72,583.12,2022-01-08,2024-12-20,1077.0,Low Value
972,Lisa Vega,Bronze,MD,9,18074.92,669.44,2022-01-07,2024-12-13,1071.0,Low Value
4412,Mark Dawson,Gold,NY,12,18073.38,502.04,2022-05-07,2024-07-17,802.0,Low Value
6663,Rebecca Gomez,Bronze,CA,13,18068.1,475.48,2022-02-23,2024-11-20,1001.0,Low Value
7301,Lynn Soto,Gold,VA,9,18064.53,547.41,2022-01-05,2023-11-23,687.0,Low Value
6156,Alexis Moore,Silver,MO,10,18060.27,531.18,2022-02-17,2024-03-19,761.0,Low Value
2405,Crystal Martinez,Silver,GA,7,18055.76,820.72,2022-07-05,2023-10-05,457.0,Low Value
2845,Madeline Malone,Bronze,NJ,13,18052.6,564.14,2022-06-06,2024-09-05,822.0,Low Value
5974,Stephen Smith,Silver,MI,6,18038.54,721.54,2022-01-10,2024-07-23,925.0,Low Value
576,Colleen Cohen,Silver,NY,7,18038.14,819.92,2022-10-12,2024-10-02,721.0,Low Value
4314,Kimberly Mitchell,Bronze,WI,9,18025.74,600.86,2023-01-20,2024-12-21,701.0,Low Value
301,Amanda Martinez,Silver,WI,10,18025.37,563.29,2022-05-10,2024-11-02,907.0,Low Value
6203,Michelle Jefferson,Silver,MA,6,18024.31,720.97,2022-07-05,2023-06-05,335.0,Low Value
551,Scott Fox,Gold,MI,7,18023.91,783.65,2022-03-22,2024-12-19,1003.0,Low Value
4716,Douglas Gardner,Bronze,CA,7,18020.83,901.04,2022-06-20,2024-12-12,906.0,Low Value
8543,Brandon Roach,Bronze,NY,11,18006.45,486.66,2022-05-20,2024-10-27,891.0,Low Value
16,Juan Clark,Silver,PA,9,18006.33,580.85,2022-01-11,2024-12-15,1069.0,Low Value
7391,Carol Bennett,Bronze,MA,10,18003.55,642.98,2022-04-13,2024-04-13,731.0,Low Value
8671,Larry Miller,Silver,NJ,9,18000.92,720.04,2022-08-10,2024-08-03,724.0,Low Value
9088,Ashley Chandler,Bronze,NJ,8,18000.62,642.88,2022-02-18,2024-09-17,942.0,Low Value
9495,Tyler Peters,Bronze,NC,5,17997.81,818.08,2022-11-15,2024-09-25,680.0,Low Value
6985,Theresa Coleman,Bronze,CA,6,17989.75,899.49,2022-01-03,2024-12-31,1093.0,Low Value
8653,Shaun Jones,Bronze,MD,13,17985.39,408.76,2022-01-06,2024-11-10,1039.0,Low Value
9788,Carol Lopez,Bronze,CA,8,17984.97,666.11,2022-03-07,2024-08-05,882.0,Low Value
300,Rebecca Bauer,Bronze,GA,10,17976.63,599.22,2022-04-09,2024-04-14,736.0,Low Value
9017,Donna Stanley,Silver,NJ,9,17975.68,599.19,2022-01-14,2024-05-20,857.0,Low Value
64,Glenn Hernandez,Platinum,GA,10,17974.32,485.79,2022-01-13,2024-11-24,1046.0,Low Value
9350,Amy Murphy,Bronze,GA,8,17973.32,781.45,2022-07-02,2024-12-06,888.0,Low Value
1107,Madison Hampton,Silver,MD,6,17969.8,898.49,2022-10-04,2024-10-13,740.0,Low Value
9679,Monica Moreno,Platinum,TN,10,17968.39,641.73,2022-07-27,2024-10-23,819.0,Low Value
2730,Claire Medina,Silver,WA,6,17968.02,781.22,2022-04-10,2024-02-04,665.0,Low Value
9985,Mariah Mcclain,Silver,CA,12,17963.03,472.71,2022-04-08,2024-07-23,837.0,Low Value
9282,Joshua Molina,Bronze,CA,7,17958.62,997.7,2022-07-22,2024-05-20,668.0,Low Value
9305,Kimberly Johnson,Silver,FL,6,17957.91,718.32,2022-11-04,2024-09-01,667.0,Low Value
491,Jessica Suarez,Silver,CA,10,17956.68,579.25,2022-03-23,2024-07-20,850.0,Low Value
4358,Jared Doyle,Silver,IL,9,17954.91,561.09,2022-01-13,2024-05-07,845.0,Low Value
5075,Michelle Rodriguez,Silver,CA,9,17951.0,598.37,2022-02-03,2024-11-22,1023.0,Low Value
754,Katherine Cline,Bronze,NY,7,17942.71,815.58,2023-05-17,2024-05-08,357.0,Low Value
4931,Elizabeth Clarke,Silver,IL,10,17941.19,618.66,2022-02-13,2024-10-27,987.0,Low Value
9287,Ryan Harrison,Silver,IN,6,17936.33,815.29,2022-01-18,2024-11-30,1047.0,Low Value
1525,Luis Lewis,Gold,VA,10,17935.35,543.5,2022-01-30,2024-06-20,872.0,Low Value
6067,Brittany Patterson,Platinum,VA,5,17927.86,717.11,2022-03-23,2023-08-03,498.0,Low Value
1233,Heather Mills,Bronze,WI,9,17925.23,717.01,2022-03-20,2024-11-04,960.0,Low Value
8239,Tanner Merritt,Bronze,MI,11,17925.23,543.19,2022-04-02,2024-10-04,916.0,Low Value
4347,Linda Rivas,Bronze,MO,9,17919.24,617.9,2022-09-10,2024-11-28,810.0,Low Value
8259,Karen Paul,Bronze,MD,7,17915.7,746.49,2022-06-27,2024-08-04,769.0,Low Value
440,Patty White,Platinum,PA,9,17914.27,459.34,2022-02-07,2024-10-16,982.0,Low Value
1751,Karen Gentry,Silver,NY,6,17909.59,688.83,2022-10-13,2024-07-14,640.0,Low Value
197,Desiree Hernandez,Gold,MO,10,17907.63,426.37,2022-01-05,2024-04-13,829.0,Low Value
5158,Kevin Blankenship,Gold,TX,13,17906.58,459.14,2022-01-14,2024-12-22,1073.0,Low Value
6494,Denise Morgan,Bronze,MO,7,17905.3,716.21,2022-09-15,2024-09-04,720.0,Low Value
9254,Clayton Hampton,Silver,MO,11,17903.8,483.89,2022-04-03,2024-06-26,815.0,Low Value
4510,Michael White,Silver,MI,11,17893.58,447.34,2022-02-02,2024-08-28,938.0,Low Value
7589,Alicia Flowers,Bronze,TX,7,17890.69,745.45,2022-01-31,2024-11-29,1033.0,Low Value
5446,Lisa Guzman,Gold,NC,11,17882.69,596.09,2022-03-30,2024-11-21,967.0,Low Value
439,Sarah Simmons,Bronze,IN,7,17878.6,595.95,2022-03-08,2024-02-19,713.0,Low Value
2753,Tony Gross,Bronze,PA,8,17875.53,576.63,2022-04-18,2024-12-02,959.0,Low Value
9967,Dustin Walker,Gold,NJ,6,17869.04,893.45,2022-11-24,2024-07-31,615.0,Low Value
3013,Joseph Martinez,Bronze,IN,8,17860.31,637.87,2022-01-05,2024-12-28,1088.0,Low Value
6522,Gabriela Cole,Platinum,NY,6,17859.49,1190.63,2022-02-22,2024-04-13,781.0,Low Value
8993,Anthony Calhoun,Bronze,MO,9,17857.28,811.69,2022-09-20,2024-12-30,832.0,Low Value
8222,Jennifer Kelley,Gold,CA,6,17848.54,743.69,2022-05-16,2024-08-13,820.0,Low Value
7082,Laura Franco,Silver,TX,9,17840.57,469.49,2022-08-25,2023-12-30,492.0,Low Value
9019,Lisa Jones,Gold,GA,9,17836.67,557.4,2022-03-07,2024-10-14,952.0,Low Value
1522,Kyle Bradshaw,Gold,GA,9,17835.54,660.58,2022-02-19,2024-06-27,859.0,Low Value
8238,Erin Neal,Silver,MI,4,17834.0,1371.85,2023-03-31,2024-12-01,611.0,Low Value
7370,Amber Estrada,Gold,AZ,8,17833.04,810.59,2022-02-14,2023-06-17,488.0,Low Value
6,Brandon Rodriguez,Bronze,AZ,9,17825.95,481.78,2022-02-12,2024-11-18,1010.0,Low Value
1736,Matthew Hicks,Silver,GA,8,17814.41,774.54,2022-02-09,2024-10-09,973.0,Low Value
1487,Anthony Rodriguez,Bronze,MI,6,17807.74,741.99,2022-08-11,2024-11-02,814.0,Low Value
7769,Katelyn Robinson,Gold,MO,11,17797.8,468.36,2022-01-31,2024-07-23,904.0,Low Value
9984,Leslie Harris,Bronze,MA,8,17793.51,808.8,2022-08-25,2024-10-26,793.0,Low Value
933,Joyce Gutierrez,Bronze,CA,12,17790.08,468.16,2022-01-07,2024-09-10,977.0,Low Value
4804,Barbara Larson,Silver,TX,12,17786.33,684.09,2022-04-04,2024-12-23,994.0,Low Value
7978,Joseph Murray,Bronze,MA,10,17782.77,413.55,2022-07-10,2024-07-15,736.0,Low Value
4795,Tammy Davila,Silver,PA,14,17777.41,404.03,2022-04-07,2024-07-04,819.0,Low Value
8294,Laura Malone,Gold,MA,11,17773.57,493.71,2022-01-20,2024-10-09,993.0,Low Value
42,Stacey Holland,Bronze,FL,9,17773.0,740.54,2022-06-02,2024-07-15,774.0,Low Value
2213,Kelly Hatfield,Bronze,MO,10,17771.98,444.3,2022-04-23,2023-12-07,593.0,Low Value
3462,Nicole Wong,Bronze,FL,12,17768.51,433.38,2022-02-10,2024-07-25,896.0,Low Value
3868,Angela Cole,Bronze,GA,7,17765.95,1184.4,2022-06-30,2024-11-16,870.0,Low Value
5544,Jesus Watkins,Bronze,MO,6,17763.1,657.89,2022-08-16,2024-10-12,788.0,Low Value
2316,Jacob Thomas,Silver,NJ,9,17753.93,612.2,2022-02-07,2024-09-23,959.0,Low Value
524,Anthony Lynch,Silver,NY,8,17748.81,612.03,2022-03-07,2024-08-27,904.0,Low Value
3410,Cindy Brooks,Silver,IL,8,17743.71,806.53,2022-03-10,2024-06-08,821.0,Low Value
8710,Brett Barnes,Bronze,MI,8,17740.42,682.32,2022-04-30,2024-03-08,678.0,Low Value
2862,Joshua Klein,Silver,WA,10,17739.23,506.84,2022-05-18,2024-10-22,888.0,Low Value
4038,Kelsey Gray,Silver,MI,10,17733.6,422.23,2022-01-15,2024-08-10,938.0,Low Value
4753,Tyler Martinez,Bronze,FL,12,17733.5,422.23,2022-04-13,2024-12-09,971.0,Low Value
2560,Danielle Mata,Gold,VA,5,17732.37,1182.16,2022-09-13,2024-02-15,520.0,Low Value
2406,Christopher Holmes,Silver,MA,6,17727.59,709.1,2022-01-09,2024-01-25,746.0,Low Value
4937,Marcia Robinson,Silver,PA,8,17724.11,590.8,2022-10-24,2024-11-28,766.0,Low Value
9408,Kelly Cooper,Gold,MO,10,17723.48,656.43,2022-04-28,2024-06-18,782.0,Low Value
5332,Kenneth Williams,Bronze,TX,8,17722.97,708.92,2022-05-11,2024-11-06,910.0,Low Value
8385,Rachel Wolf,Silver,NJ,9,17722.41,611.12,2022-02-18,2024-03-18,759.0,Low Value
396,Stephanie Taylor,Silver,MD,7,17720.31,590.68,2022-03-09,2024-03-06,728.0,Low Value
9770,Crystal Davis,Silver,TN,9,17719.92,590.66,2022-02-27,2024-06-06,830.0,Low Value
6559,James Burnett,Silver,MI,10,17719.86,632.85,2022-03-14,2024-03-27,744.0,Low Value
4587,Lauren Nguyen,Gold,CA,13,17717.37,521.1,2022-01-03,2024-11-25,1057.0,Low Value
2153,Derek Haynes,Bronze,IL,8,17716.16,770.27,2022-05-14,2024-08-26,835.0,Low Value
5280,Bradley Lopez,Silver,MA,9,17715.47,553.61,2022-01-04,2024-08-30,969.0,Low Value
3621,Lindsay Haney,Gold,GA,10,17709.19,571.26,2022-06-10,2024-12-09,913.0,Low Value
7032,Emily Rowe,Bronze,AZ,6,17703.18,1180.21,2022-03-11,2024-10-03,937.0,Low Value
4570,Jennifer Martin,Silver,GA,9,17702.34,590.08,2022-08-03,2024-12-20,870.0,Low Value
2353,Dawn Snyder,Bronze,NY,8,17686.59,680.25,2023-06-05,2024-12-11,555.0,Low Value
8047,Edward Greene,Bronze,WI,10,17684.94,631.6,2023-07-19,2024-09-18,427.0,Low Value
5382,Kevin Long,Silver,IN,10,17683.49,552.61,2022-03-11,2024-08-13,886.0,Low Value
3331,Wendy Ruiz,Gold,NC,10,17680.31,680.01,2022-03-04,2024-05-31,819.0,Low Value
7167,David Fletcher,Bronze,NY,12,17678.73,392.86,2022-02-12,2024-10-31,992.0,Low Value
7952,Steven Gilbert,Platinum,FL,10,17676.71,491.02,2022-07-12,2024-06-04,693.0,Low Value
3453,Jennifer Smith,Gold,TX,8,17657.24,802.6,2022-06-03,2024-09-10,830.0,Low Value
4908,Jesse Jordan,Silver,OH,10,17654.83,630.53,2022-03-23,2024-06-12,812.0,Low Value
4025,Dylan Rodriguez,Gold,MI,8,17653.88,679.0,2022-03-16,2024-01-09,664.0,Low Value
2337,Lindsay Coleman,Bronze,MA,8,17650.93,477.05,2022-02-08,2024-12-27,1053.0,Low Value
2278,Jimmy Schneider,Gold,NJ,9,17649.75,569.35,2022-08-29,2024-11-26,820.0,Low Value
2392,Scott Smith,Bronze,TN,9,17641.93,490.05,2022-08-11,2024-10-08,789.0,Low Value
2128,Theresa Ramos,Platinum,TN,6,17635.58,979.75,2022-02-02,2024-07-18,897.0,Low Value
9640,Stanley Graham,Bronze,NJ,7,17631.32,607.98,2022-06-10,2024-08-15,797.0,Low Value
1410,Jeremiah Ray,Bronze,IL,9,17630.07,629.65,2022-06-06,2024-11-26,904.0,Low Value
9240,Jessica Rice,Bronze,NJ,9,17626.33,629.51,2023-01-03,2024-11-22,689.0,Low Value
5564,Cassandra Evans,Silver,WI,8,17624.89,629.46,2022-03-02,2024-07-13,864.0,Low Value
7735,Kelly Patel,Bronze,NJ,7,17607.05,978.17,2022-02-17,2024-12-05,1022.0,Low Value
1665,Danielle Johnson,Bronze,NY,9,17606.68,489.07,2022-04-15,2024-01-19,644.0,Low Value
2440,Hannah Robinson,Bronze,CA,11,17603.96,463.26,2022-01-08,2024-12-12,1069.0,Low Value
2174,Daniel Coleman,Gold,MD,12,17600.1,517.65,2022-03-17,2024-12-13,1002.0,Low Value
7987,Courtney Lloyd,Bronze,AZ,11,17596.26,488.78,2022-01-02,2024-12-26,1089.0,Low Value
7383,Karen West,Silver,IN,8,17593.41,764.93,2022-03-12,2024-12-29,1023.0,Low Value
7813,Jennifer Thomas,Silver,GA,8,17592.96,651.59,2022-01-03,2024-10-01,1002.0,Low Value
3097,James Moore,Bronze,TX,11,17592.45,439.81,2022-02-04,2024-09-09,948.0,Low Value
8149,Teresa Santana,Silver,MA,9,17584.89,628.03,2022-02-19,2024-09-29,953.0,Low Value
8850,Victor Patel,Gold,MI,8,17584.27,651.27,2022-07-29,2024-11-07,832.0,Low Value
2998,Pamela Roth,Bronze,OH,6,17576.31,925.07,2023-07-03,2024-12-20,536.0,Low Value
4775,David Morrison,Bronze,WI,7,17576.02,798.91,2022-01-13,2024-04-26,834.0,Low Value
5520,Chelsea Morris,Platinum,TX,7,17572.52,488.13,2022-07-06,2024-09-02,789.0,Low Value
5254,Diana Molina,Gold,VA,5,17572.5,836.79,2022-01-11,2022-09-20,252.0,Low Value
6729,Kelly Hart,Silver,TN,10,17571.84,566.83,2022-02-02,2024-10-13,984.0,Low Value
6353,Eric Thompson,Gold,PA,8,17567.94,798.54,2022-02-12,2024-12-13,1035.0,Low Value
8603,Alexis Huerta,Bronze,VA,9,17565.23,585.51,2022-01-14,2024-05-31,868.0,Low Value
620,Mitchell Mccullough,Platinum,NY,8,17564.81,702.59,2022-08-29,2024-10-22,785.0,Low Value
4438,Laura Jones,Silver,TN,10,17563.47,585.45,2022-01-24,2024-12-16,1057.0,Low Value
6219,Julie Watson,Silver,AZ,10,17560.67,548.77,2022-02-10,2024-06-01,842.0,Low Value
3834,Michael Mclaughlin,Bronze,CA,13,17557.17,381.68,2022-07-18,2024-11-14,850.0,Low Value
7646,Luis Wells,Bronze,TX,6,17550.78,877.54,2022-12-22,2024-02-23,428.0,Low Value
3456,Veronica Reyes,Gold,NY,10,17547.93,584.93,2022-02-13,2024-06-27,865.0,Low Value
9843,Kristie Hale,Silver,GA,4,17542.85,1169.52,2023-01-29,2024-11-02,643.0,Low Value
9638,Jason Page,Gold,WI,11,17542.43,449.81,2022-06-27,2024-12-21,908.0,Low Value
9481,Ricky Palmer,Bronze,TX,4,17542.03,1253.0,2023-01-08,2024-06-19,528.0,Low Value
4486,Christopher Mcclain,Bronze,MA,7,17536.42,797.11,2022-04-20,2024-09-26,890.0,Low Value
9340,Susan Barry,Silver,IL,9,17533.65,974.09,2022-03-05,2024-07-14,862.0,Low Value
7115,Jeffrey Jones,Bronze,MD,7,17530.68,876.53,2022-04-10,2024-06-12,794.0,Low Value
5248,Nicole Gray,Silver,NJ,9,17528.57,604.43,2022-02-28,2024-09-11,926.0,Low Value
7102,Scott Davis,Platinum,GA,9,17526.6,417.3,2022-02-17,2024-08-21,916.0,Low Value
4321,Marissa Murray,Bronze,MD,10,17524.51,515.43,2022-01-29,2024-11-09,1015.0,Low Value
4097,Amanda Lewis,Silver,TN,8,17519.51,583.98,2022-01-23,2024-12-26,1068.0,Low Value
2814,Edward Jones,Bronze,MD,7,17518.2,875.91,2022-07-19,2024-10-24,828.0,Low Value
6046,Jason Ortiz,Silver,CA,13,17514.41,437.86,2022-01-02,2024-12-19,1082.0,Low Value
4250,Brandi Sanford,Platinum,PA,8,17508.59,514.96,2022-01-14,2024-07-28,926.0,Low Value
5180,Keith King,Silver,IN,6,17507.86,833.71,2022-01-29,2024-08-20,934.0,Low Value
1261,Jeffrey Neal,Bronze,CA,6,17506.65,761.16,2022-06-03,2024-07-13,771.0,Low Value
3876,Angela Hunt,Gold,MO,10,17506.53,625.23,2022-02-25,2024-11-30,1009.0,Low Value
3020,Kim Evans,Platinum,NJ,8,17505.6,625.2,2022-03-06,2024-10-04,943.0,Low Value
8872,Donna Wolfe,Bronze,FL,10,17500.66,603.47,2022-04-01,2024-06-20,811.0,Low Value
642,Julia Rubio,Bronze,CA,13,17497.13,499.92,2022-02-28,2024-11-08,984.0,Low Value
429,Joseph Garcia,Bronze,MI,4,17492.32,1345.56,2022-03-07,2023-10-25,597.0,Low Value
3638,Nicholas Johns,Gold,TN,9,17490.83,603.13,2022-01-10,2024-10-30,1024.0,Low Value
3434,Samantha Garcia,Silver,NC,8,17490.32,920.54,2022-02-24,2024-11-18,998.0,Low Value
9614,Michael Smith,Bronze,MO,5,17485.3,1028.55,2022-09-03,2023-07-02,302.0,Low Value
4008,Antonio Wiggins,Silver,TN,8,17479.49,563.85,2022-02-05,2024-10-13,981.0,Low Value
1709,Sara Roberts,Silver,NY,8,17478.15,546.19,2022-01-23,2024-08-02,922.0,Low Value
8973,Jeffrey Lin,Silver,AZ,9,17477.56,602.67,2022-03-03,2024-06-24,844.0,Low Value
5542,Anne Silva,Silver,WI,9,17476.06,529.58,2022-02-18,2024-08-17,911.0,Low Value
6400,Morgan Hall,Silver,WA,12,17475.83,448.1,2022-02-19,2024-06-25,857.0,Low Value
5099,Antonio Smith,Gold,MD,9,17475.22,529.55,2022-02-04,2024-09-18,957.0,Low Value
3593,Lauren Pineda,Silver,NC,9,17474.04,759.74,2022-04-26,2024-02-19,664.0,Low Value
3702,Jeffery Gonzalez,Silver,IL,10,17462.39,671.63,2022-05-25,2024-10-30,889.0,Low Value
168,Sheryl Jones,Silver,WA,9,17460.09,623.57,2022-04-26,2024-07-27,823.0,Low Value
9892,Alexandria Turner,Platinum,TN,10,17456.51,484.9,2022-01-31,2024-11-13,1017.0,Low Value
7477,Matthew Cruz,Bronze,WA,11,17453.19,545.41,2022-01-01,2024-12-26,1090.0,Low Value
6929,Connor Guzman,Platinum,IL,9,17447.05,436.18,2022-02-02,2024-12-15,1047.0,Low Value
6349,Michelle Garcia,Gold,IN,17,17445.45,342.07,2022-02-27,2024-12-16,1023.0,Low Value
8405,Sarah Richardson,Gold,PA,12,17439.12,528.46,2022-03-31,2024-03-27,727.0,Low Value
6509,Julie Wall,Platinum,MI,8,17425.28,757.62,2022-03-03,2024-12-14,1017.0,Low Value
6773,Devin Boyd,Platinum,GA,5,17422.84,871.14,2022-05-02,2023-03-15,317.0,Low Value
9848,Craig House,Platinum,WA,10,17417.65,458.36,2022-01-07,2024-03-25,808.0,Low Value
611,Alex Wilson,Silver,NJ,9,17410.45,561.63,2022-06-25,2024-12-24,913.0,Low Value
7803,Larry Perez,Platinum,FL,7,17407.42,696.3,2022-06-09,2024-08-22,805.0,Low Value
1926,Robert Smith,Platinum,PA,8,17405.69,621.63,2022-02-17,2024-09-14,940.0,Low Value
4554,Robert Davis,Silver,NJ,5,17403.66,1582.15,2023-03-01,2024-09-20,569.0,Low Value
6398,Ashley Caldwell,Bronze,MD,7,17385.43,869.27,2022-05-18,2024-03-12,664.0,Low Value
4502,Jason Hill,Silver,GA,12,17384.7,496.71,2022-04-16,2024-08-09,846.0,Low Value
8994,Laura Vega,Bronze,AZ,10,17383.0,790.14,2022-02-26,2024-12-11,1019.0,Low Value
1186,Angela Underwood,Gold,TN,6,17373.7,1021.98,2022-05-21,2024-07-19,790.0,Low Value
4952,William Davis,Platinum,NJ,12,17371.74,510.93,2022-02-26,2024-11-29,1007.0,Low Value
465,Kim Brown,Platinum,CA,10,17370.45,457.12,2022-04-28,2024-11-20,937.0,Low Value
2492,Amanda Lopez,Bronze,AZ,9,17368.02,668.0,2022-06-01,2024-10-30,882.0,Low Value
2437,Johnathan Steele,Gold,IL,9,17359.47,559.98,2022-06-19,2024-07-30,772.0,Low Value
9460,Michael Wheeler,Gold,WA,7,17347.97,642.52,2022-04-26,2024-02-24,669.0,Low Value
1087,Andrew Perez,Bronze,WA,9,17342.01,598.0,2022-01-14,2024-10-02,992.0,Low Value
757,Erika Vasquez,Platinum,MI,13,17341.6,394.13,2022-01-30,2024-05-27,848.0,Low Value
2078,Gregory Sanchez,Bronze,AZ,5,17335.94,1238.28,2022-01-08,2024-04-13,826.0,Low Value
910,Samuel Price,Gold,AZ,7,17334.09,666.7,2022-05-07,2024-10-18,895.0,Low Value
6403,Michael Williams,Silver,AZ,11,17330.58,597.61,2022-08-07,2024-10-19,804.0,Low Value
5216,Deborah Bennett,Silver,NJ,12,17329.72,495.13,2022-05-06,2024-10-10,888.0,Low Value
4783,Gabriel Wilson,Silver,IL,8,17325.11,541.41,2022-02-23,2024-10-30,980.0,Low Value
5493,Kara Gibson,Silver,WA,8,17320.11,866.01,2022-07-25,2024-08-17,754.0,Low Value
161,Juan Vasquez,Silver,FL,6,17318.45,824.69,2022-03-02,2024-11-12,986.0,Low Value
6626,Jamie Williams,Platinum,NC,6,17317.56,787.16,2023-01-23,2024-04-01,434.0,Low Value
6966,Debbie Peters,Bronze,IL,6,17317.52,1018.68,2022-09-15,2024-12-22,829.0,Low Value
7606,Phyllis Williams,Silver,NC,7,17316.84,721.53,2022-02-13,2024-09-06,936.0,Low Value
9963,Lance Mccoy,Gold,GA,10,17314.43,384.77,2022-07-10,2024-10-12,825.0,Low Value
8647,Sherry Mason,Bronze,AZ,8,17309.93,480.83,2022-06-14,2024-08-02,780.0,Low Value
3210,Joshua Mosley,Silver,VA,7,17306.41,786.65,2022-04-13,2024-12-30,992.0,Low Value
5399,Lisa Moore,Bronze,OH,7,17305.9,721.08,2022-11-05,2024-09-01,666.0,Low Value
7754,Ebony Schmidt,Silver,MO,6,17305.44,824.07,2022-09-09,2024-07-04,664.0,Low Value
9556,Katherine Osborne,Bronze,WI,8,17299.9,961.11,2022-02-08,2024-12-29,1055.0,Low Value
3128,Christopher Baker,Platinum,WI,10,17296.98,455.18,2022-03-18,2024-10-22,949.0,Low Value
8450,Julie Flores,Gold,IN,10,17294.07,576.47,2022-01-11,2024-05-02,842.0,Low Value
3812,Ryan Walker,Silver,PA,6,17293.49,751.89,2022-02-23,2024-12-08,1019.0,Low Value
5556,Thomas Adams,Platinum,AZ,9,17289.42,664.98,2022-07-13,2024-08-12,761.0,Low Value
3028,Lindsey Knox,Silver,PA,8,17279.33,664.59,2022-07-26,2024-12-24,882.0,Low Value
2963,Angela Jones,Bronze,IL,10,17273.54,493.53,2022-09-21,2024-10-30,770.0,Low Value
6949,Nicholas Goodman,Gold,NJ,7,17266.58,908.77,2022-12-07,2024-12-07,731.0,Low Value
5689,Krista Jones,Silver,GA,11,17264.24,639.42,2022-05-14,2024-11-29,930.0,Low Value
5780,Rebecca Anderson,Gold,NC,8,17241.36,663.13,2022-08-21,2024-11-29,831.0,Low Value
6354,Kelly Morgan,Silver,MI,9,17241.27,556.17,2022-01-12,2024-12-20,1073.0,Low Value
4702,Peter Carroll,Bronze,FL,8,17239.78,420.48,2022-02-12,2024-09-17,948.0,Low Value
7257,Angela Walker,Bronze,VA,10,17221.84,615.07,2022-04-07,2024-03-26,719.0,Low Value
6437,Micheal Rodriguez,Silver,VA,7,17210.74,748.29,2022-02-20,2024-06-24,855.0,Low Value
3270,David Boyer,Silver,FL,10,17210.05,478.06,2022-01-20,2024-06-06,868.0,Low Value
3075,Cole Marsh,Gold,MI,6,17207.54,819.41,2023-04-09,2024-11-26,597.0,Low Value
9762,Debra Bradley,Bronze,TX,10,17206.84,614.53,2022-05-24,2024-07-03,771.0,Low Value
6850,Kayla Hartman,Silver,NC,5,17202.87,781.95,2022-07-17,2024-06-14,698.0,Low Value
1028,Ryan Allen,Platinum,MD,7,17192.46,687.7,2022-11-06,2024-08-24,657.0,Low Value
5262,Karen Mcfarland,Bronze,MO,9,17192.22,747.49,2022-06-26,2024-02-01,585.0,Low Value
783,Alice Ross,Silver,TN,5,17182.88,687.32,2022-03-18,2024-03-24,737.0,Low Value
6004,Lisa Wood,Silver,TX,8,17182.37,592.5,2022-06-03,2024-06-08,736.0,Low Value
9815,Mark Cox,Gold,AZ,6,17175.54,1145.04,2022-11-07,2024-08-05,637.0,Low Value
9105,Courtney Roberts,Gold,NY,9,17172.88,505.08,2022-02-09,2024-12-26,1051.0,Low Value
5315,Maurice Mccarthy,Bronze,FL,11,17170.57,572.35,2022-01-19,2024-07-19,912.0,Low Value
8386,Kelly Mendoza,Silver,CA,9,17162.81,612.96,2022-10-05,2024-11-07,764.0,Low Value
8775,Crystal Brooks,Bronze,MI,6,17152.49,952.92,2022-07-10,2024-06-30,721.0,Low Value
8063,Sylvia Krause,Gold,OH,11,17150.81,591.41,2022-01-22,2024-12-05,1048.0,Low Value
4124,Stephen Walker,Bronze,WA,12,17144.98,519.54,2022-03-08,2024-09-09,916.0,Low Value
1301,Alexander Logan,Gold,IN,8,17144.81,634.99,2022-02-20,2024-11-22,1006.0,Low Value
1160,Richard Hester,Gold,PA,10,17144.0,591.17,2022-02-22,2024-10-22,973.0,Low Value
9337,David Price,Silver,PA,9,17133.54,685.34,2022-05-07,2024-10-29,906.0,Low Value
7448,Rachel Russell,Bronze,CA,5,17128.41,856.42,2022-05-04,2024-12-24,965.0,Low Value
4423,William James,Platinum,WA,4,17127.52,1557.05,2022-01-07,2023-06-11,520.0,Low Value
3666,Meghan Snyder,Silver,MI,8,17122.19,856.11,2022-07-03,2024-11-07,858.0,Low Value
5727,Steven Sanchez,Gold,GA,6,17119.48,901.03,2022-01-07,2024-12-02,1060.0,Low Value
3898,Scott Maddox,Silver,TN,10,17118.59,590.3,2022-01-12,2024-10-03,995.0,Low Value
5466,Tara Williams,Silver,MI,8,17116.86,744.21,2022-09-12,2024-09-03,722.0,Low Value
5809,Leah Gibson,Bronze,VA,7,17112.23,744.01,2022-05-06,2024-12-29,968.0,Low Value
9440,Becky Williamson,Gold,MI,9,17111.63,570.39,2022-09-05,2024-07-14,678.0,Low Value
1638,Teresa Acosta,Bronze,OH,11,17110.42,450.27,2022-02-22,2024-12-29,1041.0,Low Value
5489,Michael Smith,Bronze,MD,8,17105.91,712.75,2022-03-05,2024-12-22,1023.0,Low Value
5595,Amanda Solomon,Bronze,WI,6,17100.75,855.04,2022-04-14,2024-11-12,943.0,Low Value
6129,Julian Zimmerman,Silver,NC,4,17095.47,814.07,2022-01-08,2024-11-25,1052.0,Low Value
9225,Renee Valdez,Gold,VA,6,17090.3,899.49,2022-06-01,2024-08-08,799.0,Low Value
5849,Trevor Olson,Silver,WA,7,17087.78,1005.16,2022-04-28,2024-01-30,642.0,Low Value
9065,Daniel Bryant,Bronze,TN,11,17082.06,569.4,2023-02-01,2024-12-29,697.0,Low Value
4925,James Weiss,Bronze,WA,6,17074.49,656.71,2022-07-03,2024-12-22,903.0,Low Value
9595,Jacqueline Kemp,Bronze,IN,7,17069.81,812.85,2022-07-07,2024-04-25,658.0,Low Value
7609,Amy Wood,Silver,TX,3,17069.3,1137.95,2022-11-16,2024-11-04,719.0,Low Value
8986,Jeffrey Stanley,Silver,GA,11,17064.22,656.32,2022-04-28,2024-09-20,876.0,Low Value
9887,Tara Crawford,Bronze,VA,9,17063.46,568.78,2022-06-23,2024-10-05,835.0,Low Value
8375,Ian Murphy,Silver,IN,10,17062.58,449.02,2022-12-29,2024-09-08,619.0,Low Value
3539,Thomas Williams,Bronze,MI,6,17060.91,897.94,2022-02-20,2024-03-19,758.0,Low Value
1395,Jeremy Adkins,Silver,NJ,10,17057.15,437.36,2022-05-01,2024-10-11,894.0,Low Value
2951,Scott Taylor,Gold,MA,10,17050.36,568.35,2022-01-11,2024-08-18,950.0,Low Value
2262,Dillon Collins,Silver,MD,11,17049.84,387.5,2022-03-16,2024-12-13,1003.0,Low Value
5782,Matthew Dixon,Silver,PA,7,17049.6,741.29,2022-07-12,2024-11-15,857.0,Low Value
798,Kristin Chandler,Gold,CA,17,17042.32,370.49,2022-03-11,2024-12-22,1017.0,Low Value
5143,Mallory Hughes,Silver,MI,7,17038.95,587.55,2022-09-24,2024-11-05,773.0,Low Value
7485,Cheryl Terry,Bronze,GA,10,17032.87,630.85,2022-09-28,2024-10-30,763.0,Low Value
3310,Brett Perry,Bronze,TN,10,17030.4,567.68,2022-08-16,2024-12-10,847.0,Low Value
4021,Mary Friedman,Silver,FL,8,17027.2,740.31,2022-03-09,2024-12-21,1018.0,Low Value
5197,Philip Reynolds,Platinum,MD,9,17027.12,654.89,2022-08-19,2024-05-29,649.0,Low Value
7592,Evelyn Scott,Bronze,NY,12,17021.54,460.04,2022-04-30,2024-09-21,875.0,Low Value
4221,Danielle Oneal,Bronze,MD,5,17018.06,850.9,2023-02-19,2024-06-18,485.0,Low Value
2665,Meagan Howard,Platinum,PA,14,17017.3,395.75,2022-06-15,2024-11-02,871.0,Low Value
9790,Donald Allen,Silver,MA,9,17015.19,630.19,2022-02-10,2024-07-05,876.0,Low Value
4357,Annette Payne,Gold,GA,10,17014.82,586.72,2023-02-19,2024-08-29,557.0,Low Value
8824,Brandon Ballard,Bronze,IL,7,17011.75,773.26,2022-07-26,2024-11-01,829.0,Low Value
672,Hannah Patrick,Gold,MA,11,17011.31,472.54,2022-06-12,2024-06-27,746.0,Low Value
8844,Carla Miller,Silver,IL,12,17011.0,486.03,2022-07-02,2024-09-10,801.0,Low Value
1757,Michael Rhodes,Silver,MO,9,17007.55,500.22,2022-01-24,2024-10-14,994.0,Low Value
6190,Ruben Garcia,Bronze,IN,5,17006.66,809.84,2022-04-03,2023-11-04,580.0,Low Value
714,Daniel Watkins,Silver,WA,6,17001.44,607.19,2022-02-11,2024-11-23,1016.0,Low Value
2689,Keith Rivera,Gold,NC,5,16999.93,1000.0,2022-03-27,2024-05-20,785.0,Low Value
7794,Gabrielle Steele,Silver,MA,6,16992.28,894.33,2023-02-08,2024-10-14,614.0,Low Value
8004,Krystal Torres,Bronze,MD,7,16991.11,1061.94,2022-08-16,2024-05-22,645.0,Low Value
7809,Cristian Hanson,Silver,MA,7,16989.15,606.76,2022-04-13,2024-05-29,777.0,Low Value
2931,Michael Gomez,Silver,IN,7,16986.95,772.13,2022-07-21,2024-05-27,676.0,Low Value
2727,Lisa Lee,Silver,OH,7,16986.3,738.53,2023-04-03,2024-11-04,581.0,Low Value
9151,Kyle Ramos,Silver,MO,10,16983.43,629.02,2022-05-30,2024-10-16,870.0,Low Value
4521,James Reyes,Bronze,IN,8,16978.31,771.74,2022-03-10,2023-08-31,539.0,Low Value
4555,Jeremy Gonzalez,Silver,GA,11,16977.77,485.08,2022-04-02,2024-07-09,829.0,Low Value
9437,Emily Nelson,Bronze,GA,9,16977.05,738.13,2022-05-07,2024-09-15,862.0,Low Value
8588,Christopher Patterson,Gold,PA,13,16975.49,404.18,2022-02-08,2024-09-28,963.0,Low Value
9193,David Brown,Gold,WA,9,16971.97,585.24,2022-11-22,2024-11-25,734.0,Low Value
4488,Daniel English,Gold,MO,12,16960.16,513.94,2022-02-20,2024-08-25,917.0,Low Value
5055,Joseph Avery,Gold,FL,9,16955.91,737.21,2022-05-20,2024-12-14,939.0,Low Value
5416,Matthew Howell,Gold,MA,5,16954.53,1412.88,2022-04-09,2023-08-22,500.0,Low Value
4836,Crystal Garcia,Gold,FL,9,16949.92,565.0,2022-01-25,2024-11-30,1040.0,Low Value
6623,David Hernandez,Silver,WA,10,16948.85,446.02,2022-02-27,2024-07-21,875.0,Low Value
1882,Nicholas Greer,Silver,MD,8,16944.37,770.2,2022-04-20,2024-12-01,956.0,Low Value
1572,Morgan Murphy,Bronze,TX,6,16941.82,770.08,2022-07-18,2024-10-01,806.0,Low Value
4075,Jennifer Webb,Bronze,MA,7,16921.87,1057.62,2022-01-29,2024-09-10,955.0,Low Value
6544,Sonia Moore,Silver,OH,8,16911.86,563.73,2022-02-04,2024-08-17,925.0,Low Value
8726,Kristin Wagner,Bronze,MD,5,16894.68,889.19,2022-09-03,2024-05-13,618.0,Low Value
8885,Danielle Lawson,Bronze,IN,8,16893.48,675.74,2022-02-12,2024-11-26,1018.0,Low Value
981,Edward Ross,Gold,MO,10,16892.96,603.32,2022-04-29,2024-10-10,895.0,Low Value
6184,Michael Baird,Bronze,TX,7,16892.6,804.41,2022-12-31,2024-10-29,668.0,Low Value
5125,Michelle Collins,Bronze,MA,12,16892.2,383.91,2022-03-13,2024-10-20,952.0,Low Value
4163,Ashley Baker,Platinum,TX,8,16880.19,703.34,2022-01-06,2024-10-17,1015.0,Low Value
4820,Dennis Davies,Bronze,IL,12,16880.06,482.29,2022-01-18,2024-11-10,1027.0,Low Value
5448,Breanna Walton,Silver,TN,7,16876.31,888.23,2022-01-16,2024-07-05,901.0,Low Value
9541,Justin Clark,Bronze,NC,10,16873.92,544.32,2022-02-03,2024-10-26,996.0,Low Value
8264,Kayla Garza,Bronze,PA,7,16868.97,766.77,2022-01-07,2024-10-05,1002.0,Low Value
5074,Christy Mann,Platinum,WI,12,16860.66,455.69,2022-03-06,2024-11-05,975.0,Low Value
8408,Evelyn Rivers,Gold,MA,7,16854.55,991.44,2022-06-06,2024-09-30,847.0,Low Value
3088,Shannon Lee,Bronze,WA,3,16853.92,887.05,2023-07-11,2024-11-04,482.0,Low Value
7509,Shannon Whitney,Silver,TX,14,16853.92,455.51,2022-05-16,2024-07-24,800.0,Low Value
7149,Carrie Miller,Platinum,NY,10,16853.18,624.19,2022-01-12,2024-12-04,1057.0,Low Value
3264,Kevin Miller,Gold,TN,7,16845.63,481.3,2022-04-17,2024-09-08,875.0,Low Value
2796,David Williams,Silver,GA,4,16843.82,1052.74,2022-09-01,2024-07-29,697.0,Low Value
1836,Kayla Lawson,Bronze,NY,9,16839.26,443.14,2022-03-26,2024-04-04,740.0,Low Value
7929,Madison Mcconnell,Silver,NC,5,16839.11,990.54,2022-05-13,2024-05-25,743.0,Low Value
1253,Paul Bennett,Gold,VA,10,16835.16,495.15,2022-03-22,2024-05-27,797.0,Low Value
124,Brittany Powers,Bronze,FL,12,16827.04,365.81,2022-01-15,2024-07-21,918.0,Low Value
7886,Richard George,Platinum,NC,12,16826.53,454.77,2022-08-08,2024-11-13,828.0,Low Value
951,Brandon Lewis,Silver,MI,10,16825.73,647.14,2022-04-10,2024-12-05,970.0,Low Value
4279,Ronald Payne,Gold,NJ,12,16811.78,622.66,2022-08-05,2024-11-23,841.0,Low Value
5150,Claudia Wilkins,Bronze,GA,10,16811.43,442.41,2022-01-12,2024-11-23,1046.0,Low Value
5664,James Sanders,Bronze,FL,8,16803.69,622.36,2022-02-10,2024-08-10,912.0,Low Value
5193,John Cooper,Platinum,MI,7,16801.61,646.22,2022-02-18,2024-11-03,989.0,Low Value
6923,James Pollard,Gold,NJ,7,16800.76,763.67,2023-04-19,2024-12-27,618.0,Low Value
4297,Christina Pena,Bronze,PA,8,16796.68,541.83,2022-08-10,2024-11-03,816.0,Low Value
2641,Peter Torres,Platinum,CA,9,16791.53,493.87,2022-02-04,2024-08-23,931.0,Low Value
5898,Eric Cole,Gold,IN,9,16780.84,599.32,2022-01-12,2024-10-06,998.0,Low Value
8982,Tiffany Bowen,Gold,GA,6,16775.45,931.97,2022-07-30,2024-08-31,763.0,Low Value
5249,David Bailey,Bronze,VA,8,16774.6,578.43,2022-02-16,2024-08-20,916.0,Low Value
2154,Jennifer Adams,Bronze,TN,7,16773.33,645.13,2022-01-17,2024-08-08,934.0,Low Value
6527,Jennifer Petty,Bronze,WI,10,16772.1,493.3,2022-02-05,2024-06-15,861.0,Low Value
5953,Steven Hall,Bronze,MD,10,16771.84,508.24,2022-07-30,2024-11-17,841.0,Low Value
4965,Michelle Cook,Silver,WA,7,16755.94,837.8,2022-06-04,2024-08-27,815.0,Low Value
4284,Teresa Yates,Silver,OH,8,16743.14,669.73,2022-10-05,2024-11-30,787.0,Low Value
194,Douglas White,Bronze,MI,11,16736.53,492.25,2022-05-02,2024-04-29,728.0,Low Value
4206,Kellie Wilson,Bronze,PA,8,16735.51,522.98,2022-02-28,2024-10-27,972.0,Low Value
1972,Dennis Diaz,Bronze,CA,6,16735.43,727.63,2022-02-06,2024-10-13,980.0,Low Value
3284,Patricia Tran,Platinum,IN,10,16725.79,557.53,2022-03-16,2024-09-19,918.0,Low Value
3311,Elizabeth Hall,Bronze,NY,9,16724.77,576.72,2022-05-21,2024-09-01,834.0,Low Value
2622,Jason Mclean,Silver,NJ,7,16722.57,1286.35,2022-02-24,2024-10-22,971.0,Low Value
7436,Madison Friedman,Bronze,MA,7,16717.86,726.86,2022-04-03,2024-10-05,916.0,Low Value
5018,Michael Salinas,Silver,WA,6,16713.89,696.41,2022-07-15,2024-10-28,836.0,Low Value
1267,Elizabeth Robertson,Bronze,IL,11,16707.09,439.66,2022-01-26,2024-12-15,1054.0,Low Value
2478,Kyle Adams,Silver,FL,13,16702.35,463.95,2022-02-18,2024-12-28,1044.0,Low Value
4237,Paige Simmons,Bronze,NY,7,16701.74,618.58,2022-01-24,2024-09-18,968.0,Low Value
6790,Mary Thompson,Gold,MI,10,16698.95,521.84,2022-06-06,2024-11-11,889.0,Low Value
5351,Amy Williams,Silver,AZ,7,16698.84,642.26,2023-02-28,2024-12-07,648.0,Low Value
4883,Jennifer Graham,Silver,NJ,7,16697.7,642.22,2022-09-30,2024-08-20,690.0,Low Value
4205,Alexandra Brown,Silver,MA,5,16696.29,1669.63,2022-08-13,2024-08-27,745.0,Low Value
304,Keith Shaffer,Silver,WA,9,16681.3,617.83,2022-04-27,2024-10-03,890.0,Low Value
6788,Nathan Meyer,Platinum,MI,9,16678.85,521.21,2022-04-15,2024-08-13,851.0,Low Value
4998,Sandra Powell,Silver,FL,11,16671.35,476.32,2022-05-05,2024-11-21,931.0,Low Value
7474,Emily Hill,Bronze,MA,12,16669.72,505.14,2022-06-20,2024-12-10,904.0,Low Value
3238,Angela Brown,Silver,PA,9,16656.81,537.32,2022-05-22,2024-08-23,824.0,Low Value
2436,Stephanie Mcbride,Bronze,FL,11,16652.77,378.47,2022-02-11,2024-10-12,974.0,Low Value
3709,Nicholas Nichols,Bronze,TX,13,16652.32,406.15,2022-03-27,2024-10-12,930.0,Low Value
5479,Rachel Kelley,Silver,FL,5,16648.55,924.92,2023-04-15,2024-11-03,568.0,Low Value
7478,Krista Gay,Gold,PA,5,16646.24,723.75,2022-01-05,2024-05-16,862.0,Low Value
4736,Jesse Martinez,Bronze,PA,7,16643.92,756.54,2022-03-31,2024-10-22,936.0,Low Value
7267,Chad Wilson,Bronze,MO,6,16640.05,665.6,2022-09-07,2024-01-23,503.0,Low Value
5358,Edward Williams,Gold,WI,10,16635.96,386.88,2022-03-23,2024-10-01,923.0,Low Value
9183,Antonio Calderon,Bronze,IN,10,16635.41,616.13,2022-01-06,2024-05-09,854.0,Low Value
635,Brian James,Bronze,WA,10,16633.06,462.03,2022-06-29,2024-11-22,877.0,Low Value
6551,Christine Le,Silver,MO,9,16629.31,554.31,2022-01-01,2024-09-20,993.0,Low Value
213,Raymond Christensen,Silver,CA,7,16623.81,664.95,2022-02-07,2024-09-23,959.0,Low Value
287,Courtney Patton,Silver,MA,12,16623.01,369.4,2022-01-09,2024-10-14,1009.0,Low Value
9279,Briana Obrien,Bronze,MI,10,16618.58,488.78,2022-01-16,2024-11-26,1045.0,Low Value
5768,Mark Kelley,Gold,IN,9,16615.81,488.7,2022-04-20,2024-05-19,760.0,Low Value
7238,Geoffrey Fisher,Platinum,AZ,7,16612.71,535.89,2022-02-22,2024-12-05,1017.0,Low Value
2082,Adrian Fitzgerald,Platinum,TX,8,16612.14,692.17,2022-05-29,2024-11-03,889.0,Low Value
7970,Elizabeth Patterson,Bronze,TN,5,16602.88,721.86,2022-01-16,2024-08-20,947.0,Low Value
1350,Matthew Medina,Gold,IL,8,16599.38,572.39,2022-05-20,2024-10-06,870.0,Low Value
4943,Gregory Cohen,Gold,FL,7,16597.99,553.27,2022-06-21,2024-08-09,780.0,Low Value
5992,Mallory Ray,Platinum,TN,9,16597.4,502.95,2022-04-23,2024-10-17,908.0,Low Value
9881,Michael Greene,Silver,NY,6,16597.23,638.36,2022-09-30,2024-08-08,678.0,Low Value
8381,Christie Robinson,Bronze,WA,9,16586.69,721.16,2022-02-16,2024-09-14,941.0,Low Value
2238,Tanya Shea,Silver,MD,5,16585.63,753.89,2022-03-18,2024-12-31,1019.0,Low Value
5786,Julian Bates,Silver,TN,10,16572.66,571.47,2022-12-27,2024-12-20,724.0,Low Value
4506,Richard Woods,Gold,CA,6,16570.83,872.15,2022-06-11,2024-08-24,805.0,Low Value
8574,Wanda Jordan,Bronze,WA,11,16568.73,534.48,2022-01-02,2024-09-12,984.0,Low Value
3414,John Wilson,Bronze,MO,10,16567.94,473.37,2022-08-15,2024-09-14,761.0,Low Value
8971,Monica Harvey,Silver,IL,8,16565.72,613.55,2022-03-07,2024-05-25,810.0,Low Value
5822,James Gonzales,Bronze,GA,7,16565.33,752.97,2022-06-10,2024-07-28,779.0,Low Value
2095,Lisa Harrington,Bronze,OH,7,16556.11,662.24,2023-03-11,2024-09-02,541.0,Low Value
4319,David Mays,Bronze,PA,10,16549.96,435.53,2022-04-15,2024-07-06,813.0,Low Value
3714,Nicole Young,Silver,TX,8,16549.94,752.27,2022-04-03,2024-06-28,817.0,Low Value
8307,Lisa Mendoza,Silver,IL,11,16538.18,446.98,2022-03-24,2024-10-02,923.0,Low Value
5278,Lisa Davis,Bronze,WI,7,16533.68,612.36,2022-01-02,2024-08-16,957.0,Low Value
3478,Juan Fernandez,Silver,MI,10,16532.28,459.23,2022-03-23,2024-11-11,964.0,Low Value
661,Connie Peters,Gold,MA,9,16516.81,611.73,2022-02-27,2024-11-20,997.0,Low Value
8690,Craig Alexander,Platinum,NC,7,16515.25,750.69,2022-08-02,2024-11-10,831.0,Low Value
7266,Sheila Williams,Silver,NC,10,16511.0,423.36,2022-11-23,2024-08-19,635.0,Low Value
212,John Baker,Gold,NJ,5,16490.71,867.93,2022-11-06,2024-01-21,441.0,Low Value
1058,Kathy Hubbard,Bronze,GA,10,16484.49,499.53,2022-01-08,2024-07-07,911.0,Low Value
860,Abigail Dougherty,Silver,MD,10,16479.0,610.33,2022-05-17,2024-12-30,958.0,Low Value
4529,Ryan Schultz,Gold,IL,9,16477.39,686.56,2022-02-28,2024-09-30,945.0,Low Value
1979,Christie Wilson,Bronze,NY,6,16477.22,915.4,2022-01-14,2024-04-06,813.0,Low Value
1874,Jennifer Wilson,Gold,MI,7,16475.62,659.02,2022-01-12,2024-10-18,1010.0,Low Value
371,David Stanton,Silver,OH,8,16465.54,514.55,2022-01-08,2024-09-07,973.0,Low Value
5903,Anthony Gibson,Silver,VA,9,16464.22,633.24,2023-02-03,2024-06-27,510.0,Low Value
6638,Lisa Ochoa,Gold,FL,7,16462.67,633.18,2022-11-11,2024-11-14,734.0,Low Value
2257,Gina Chase,Gold,AZ,11,16461.92,484.17,2022-01-06,2024-12-06,1065.0,Low Value
6508,Samantha Beard,Gold,MD,8,16459.83,685.83,2022-08-25,2024-05-29,643.0,Low Value
8766,Gail White,Gold,AZ,10,16459.4,658.38,2022-03-02,2024-12-10,1014.0,Low Value
8383,Joshua Villegas,Bronze,OH,7,16459.18,866.27,2022-02-07,2024-10-14,980.0,Low Value
9602,Tammy Griffith,Platinum,IN,9,16457.7,567.51,2022-04-05,2024-04-03,729.0,Low Value
5207,Sandra Harvey,Bronze,TN,9,16456.91,587.75,2022-02-20,2024-08-07,899.0,Low Value
185,James Weaver,Bronze,TX,8,16454.72,822.74,2022-12-20,2024-12-30,741.0,Low Value
805,Christopher Ponce,Platinum,MA,10,16452.99,432.97,2022-02-19,2024-06-03,835.0,Low Value
5465,Dale Smith,Gold,NY,5,16450.65,747.76,2022-01-06,2022-09-02,239.0,Low Value
1402,William Robbins,Silver,TN,8,16447.95,715.13,2022-02-10,2024-09-10,943.0,Low Value
6783,Lisa Liu,Silver,OH,7,16447.54,747.62,2022-02-21,2024-03-14,752.0,Low Value
2227,Alex Scott,Bronze,NY,9,16440.18,657.61,2022-08-08,2024-10-25,809.0,Low Value
5606,David Smith,Bronze,WA,3,16437.56,1369.8,2024-01-05,2024-10-29,298.0,Low Value
2812,Kelly Moore,Silver,NC,13,16436.37,391.34,2022-02-09,2024-12-15,1040.0,Low Value
3686,Julia Sullivan,Bronze,IL,9,16432.44,684.68,2022-01-12,2024-05-04,843.0,Low Value
2235,Anthony Johnson,Platinum,VA,8,16431.19,657.25,2022-02-22,2024-08-30,920.0,Low Value
9917,James Lewis,Bronze,WA,14,16423.32,400.57,2022-06-18,2024-12-01,897.0,Low Value
5834,Jennifer Thomas,Gold,IL,7,16423.21,864.38,2022-01-05,2024-11-27,1057.0,Low Value
3335,Casey Ibarra,Silver,OH,13,16413.42,455.93,2022-06-24,2024-12-30,920.0,Low Value
4055,Matthew Choi,Silver,MI,7,16413.02,565.97,2022-06-28,2024-03-21,632.0,Low Value
8979,Kelly Davis,Bronze,CA,9,16411.59,512.86,2022-08-18,2024-12-30,865.0,Low Value
7330,Christopher Francis,Silver,IL,10,16410.36,482.66,2022-04-14,2024-12-20,981.0,Low Value
850,Alexis Hall,Bronze,TN,10,16401.06,497.0,2022-03-26,2024-11-12,962.0,Low Value
4454,Tracy Holmes,Gold,IL,8,16398.85,585.67,2022-01-27,2024-06-18,873.0,Low Value
723,Connor Huynh,Silver,TN,7,16398.7,911.04,2022-01-12,2024-10-18,1010.0,Low Value
3211,Mary Fernandez,Silver,MI,11,16398.64,455.52,2022-02-02,2024-11-22,1024.0,Low Value
738,Mathew Perez,Silver,NC,13,16392.92,399.83,2022-04-05,2024-12-06,976.0,Low Value
5658,David Scott,Bronze,IL,10,16388.39,496.62,2022-08-26,2024-07-14,688.0,Low Value
341,Justin Yates,Bronze,WI,10,16386.91,630.27,2022-01-02,2024-10-22,1024.0,Low Value
5996,Monica Hood,Gold,MA,10,16386.0,481.94,2022-09-26,2024-11-22,788.0,Low Value
3996,Mary Mason,Gold,IL,8,16378.41,744.47,2022-02-05,2024-10-29,997.0,Low Value
4450,Alexander Hill,Bronze,PA,11,16377.96,584.93,2022-07-21,2024-11-25,858.0,Low Value
354,Christopher Watson,Silver,TN,12,16376.87,467.91,2022-02-05,2024-12-23,1052.0,Low Value
781,Stephen Patrick,Silver,NJ,6,16374.58,909.7,2022-02-24,2024-07-13,870.0,Low Value
6539,Brent Alvarez,Silver,MO,8,16370.66,606.32,2022-05-07,2024-07-05,790.0,Low Value
5208,Dennis Beltran,Bronze,AZ,9,16370.19,528.07,2022-04-20,2024-03-13,693.0,Low Value
2413,Adam Cobb,Silver,NC,7,16365.81,818.29,2022-04-11,2024-12-23,987.0,Low Value
5047,Ariel Petersen,Silver,IL,10,16361.54,495.8,2022-04-27,2024-11-21,939.0,Low Value
4042,Mark Smith,Bronze,MI,6,16341.0,742.77,2022-03-27,2023-10-26,578.0,Low Value
3616,Jesse Barnes,Bronze,WI,8,16339.3,563.42,2022-01-30,2024-05-18,839.0,Low Value
8814,Laurie Sims,Bronze,FL,13,16334.65,544.49,2022-01-04,2024-01-24,750.0,Low Value
3091,Jessica Tran,Bronze,TX,7,16332.04,680.5,2022-02-14,2024-04-19,795.0,Low Value
8364,Cassandra Gardner,Bronze,TX,8,16331.86,710.08,2022-07-09,2024-08-23,776.0,Low Value
5469,Carolyn Watson,Platinum,AZ,7,16331.2,710.05,2022-02-06,2024-09-24,961.0,Low Value
9389,Andrew Liu,Bronze,MA,11,16329.29,429.72,2022-04-10,2024-04-18,739.0,Low Value
3401,Keith Smith,Platinum,VA,8,16328.49,680.35,2022-07-14,2024-11-15,855.0,Low Value
4861,Tamara Callahan,Silver,WA,13,16325.02,429.61,2022-03-10,2024-03-17,738.0,Low Value
6317,Jessica Jackson,Bronze,FL,10,16323.52,582.98,2022-01-10,2024-07-01,903.0,Low Value
1329,Laura Martin,Platinum,OH,9,16323.43,741.97,2022-02-08,2024-01-19,710.0,Low Value
8604,Alexander Leach,Silver,NC,6,16322.31,1255.56,2022-04-16,2024-11-29,958.0,Low Value
4825,Justin Schmidt,Silver,TN,5,16321.94,709.65,2022-02-26,2024-12-09,1017.0,Low Value
9281,Jennifer Moore,Bronze,NY,9,16321.18,480.03,2022-04-09,2024-10-31,936.0,Low Value
5975,Michael Brown,Platinum,WA,10,16315.14,543.84,2022-01-31,2024-04-22,812.0,Low Value
9954,Dustin Long,Bronze,IL,9,16312.56,466.07,2022-03-30,2024-12-25,1001.0,Low Value
48,Yvonne Castaneda,Gold,TX,10,16310.56,494.26,2022-05-18,2024-11-29,926.0,Low Value
691,Sarah Gibson,Gold,PA,7,16306.2,652.25,2022-02-13,2024-05-04,811.0,Low Value
3303,Christian Baxter,Silver,NC,5,16305.79,1164.7,2022-03-02,2024-05-10,800.0,Low Value
3661,Karla West,Bronze,OH,9,16298.56,543.29,2022-07-14,2024-12-19,889.0,Low Value
3172,Christine Price,Bronze,PA,9,16297.98,603.63,2022-11-25,2024-11-06,712.0,Low Value
3651,Aaron Hudson,Bronze,TN,10,16297.24,465.64,2022-02-14,2024-12-20,1040.0,Low Value
6146,Wendy Jefferson,Silver,NJ,10,16295.81,561.92,2022-01-10,2024-02-09,760.0,Low Value
6387,Angelica Mendoza,Bronze,MO,8,16295.33,509.23,2022-09-02,2024-08-05,703.0,Low Value
5138,Deborah Howe,Silver,OH,9,16292.45,543.08,2022-01-22,2024-11-03,1016.0,Low Value
6585,Erik Harvey,Bronze,IL,12,16291.72,346.63,2022-03-24,2024-12-10,992.0,Low Value
3977,Howard Vaughn,Bronze,GA,6,16291.25,814.56,2022-01-27,2024-08-25,941.0,Low Value
3789,Cathy Hall,Bronze,WI,7,16290.45,626.56,2022-04-25,2024-05-04,740.0,Low Value
2511,Michelle Webster,Silver,FL,9,16290.36,509.07,2022-02-27,2023-08-09,528.0,Low Value
8401,Scott Boyd,Bronze,PA,10,16286.81,407.17,2022-04-26,2024-12-24,973.0,Low Value
3804,Jessica Calhoun,Gold,AZ,8,16283.5,508.86,2022-02-28,2024-06-13,836.0,Low Value
9283,Karen Miller,Bronze,GA,7,16279.87,678.33,2022-06-12,2023-08-02,416.0,Low Value
3534,Ryan Adams,Bronze,GA,8,16276.18,561.25,2022-05-14,2024-12-28,959.0,Low Value
9810,Philip Williams,Silver,WI,11,16274.08,508.56,2022-03-19,2024-12-25,1012.0,Low Value
2468,Cynthia Bryant,Silver,WA,7,16271.33,650.85,2022-01-25,2024-12-09,1049.0,Low Value
8245,Sean Grimes,Bronze,NJ,6,16270.98,1016.94,2022-08-20,2024-12-13,846.0,Low Value
6635,Michael Bird,Silver,CA,7,16270.54,774.79,2022-04-06,2024-12-06,975.0,Low Value
1501,Dana Sampson,Silver,TN,8,16269.71,650.79,2022-02-08,2024-07-07,880.0,Low Value
5560,Amy Reynolds,Bronze,VA,8,16269.38,625.75,2022-01-06,2024-12-20,1079.0,Low Value
29,Anne Robinson,Bronze,PA,9,16264.72,417.04,2022-01-22,2024-12-28,1071.0,Low Value
6079,Troy Simmons,Silver,TN,10,16263.81,560.82,2022-02-08,2024-11-29,1025.0,Low Value
1255,Clinton Daniels,Bronze,GA,9,16261.93,650.48,2022-11-27,2024-08-30,642.0,Low Value
2390,Patrick Gibson,Silver,AZ,10,16260.88,524.54,2022-01-27,2024-10-10,987.0,Low Value
3722,Kimberly Smith,Silver,NJ,9,16257.27,580.62,2022-02-26,2024-06-01,826.0,Low Value
5276,Jonathan Murphy,Silver,CA,11,16256.05,602.08,2022-05-16,2024-10-19,887.0,Low Value
9821,Bryan Aguilar,Platinum,WA,7,16246.87,601.74,2022-06-09,2024-11-13,888.0,Low Value
7671,Michael Snyder,Silver,IN,6,16245.85,1160.42,2023-02-18,2024-11-18,639.0,Low Value
9326,Jaime Jones,Bronze,OH,8,16242.25,738.28,2022-07-07,2024-06-09,703.0,Low Value
7095,John Jensen,Silver,TN,9,16237.75,523.8,2022-04-25,2024-12-24,974.0,Low Value
9813,Mary Scott,Bronze,MO,14,16235.31,395.98,2022-01-06,2024-07-03,909.0,Low Value
3863,Christine Johnson,Bronze,MO,7,16231.52,1159.39,2022-01-15,2024-10-20,1009.0,Low Value
6897,Melissa Ferguson,Bronze,CA,9,16230.32,477.36,2022-03-01,2024-12-23,1028.0,Low Value
8066,Anne Snow,Platinum,IL,9,16228.67,649.15,2022-03-08,2024-12-12,1010.0,Low Value
2655,Wendy Rubio,Silver,AZ,9,16227.3,491.74,2022-01-24,2024-10-05,985.0,Low Value
4666,Diana Jackson,Bronze,IN,9,16225.74,624.07,2022-09-15,2024-05-09,602.0,Low Value
1591,Anthony Butler,Bronze,TX,7,16224.84,811.24,2022-06-21,2024-05-03,682.0,Low Value
3660,Jake Woodard,Silver,MD,5,16222.96,853.84,2022-08-31,2024-07-16,685.0,Low Value
7885,Katrina Johnson,Silver,IN,5,16222.89,1081.53,2022-04-15,2024-11-08,938.0,Low Value
4649,Linda Castillo,Gold,NY,10,16213.68,476.87,2022-05-17,2024-07-07,782.0,Low Value
9561,Lisa Torres,Bronze,VA,7,16211.94,853.26,2022-06-06,2024-12-24,932.0,Low Value
9066,Stephen Sherman,Gold,MO,6,16209.52,810.48,2022-05-25,2024-01-19,604.0,Low Value
3544,Heather Webb,Silver,CA,6,16208.74,704.73,2022-05-16,2024-05-26,741.0,Low Value
4199,Daniel Young,Silver,WI,5,16208.67,900.48,2023-08-27,2024-12-28,489.0,Low Value
9373,Nicole Lee,Bronze,WI,4,16203.94,2025.49,2022-03-05,2023-12-10,645.0,Low Value
8477,Amy Evans,Platinum,GA,9,16201.19,600.04,2022-07-01,2024-06-05,705.0,Low Value
7304,Shannon Kelly,Silver,WA,8,16200.23,578.58,2022-04-09,2024-07-28,841.0,Low Value
6140,Eric Lopez,Platinum,GA,10,16198.5,599.94,2022-03-02,2024-11-10,984.0,Low Value
8636,Andrew Morales,Bronze,CA,8,16191.67,578.27,2022-08-28,2024-12-29,854.0,Low Value
8262,Taylor Wagner,Bronze,FL,6,16190.5,809.52,2022-03-25,2024-04-11,748.0,Low Value
8288,Gloria Torres,Platinum,IN,14,16184.55,359.66,2022-01-04,2024-04-24,841.0,Low Value
2533,Eric Johnson,Bronze,IN,11,16180.33,359.56,2022-03-08,2024-06-18,833.0,Low Value
5062,Jillian Osborn,Bronze,IN,8,16179.57,521.92,2022-01-25,2024-09-21,970.0,Low Value
5522,Heather Mccoy,Bronze,FL,4,16179.04,1244.54,2022-12-15,2024-06-16,549.0,Low Value
5577,Christopher Andrews,Bronze,MD,8,16174.63,673.94,2022-07-20,2024-12-06,870.0,Low Value
3828,Jessica Walsh,Bronze,TX,9,16170.28,577.51,2022-03-03,2024-09-05,917.0,Low Value
172,Cindy Wheeler,Bronze,IL,7,16169.01,703.0,2022-01-29,2024-11-14,1020.0,Low Value
6596,Heather Olsen,Bronze,MI,13,16167.39,425.46,2022-02-04,2024-08-16,924.0,Low Value
9997,Stephen Wallace,Silver,OH,12,16164.81,521.45,2022-01-02,2024-08-30,971.0,Low Value
5377,Jesse Fisher,Bronze,CA,11,16154.73,489.54,2022-05-20,2024-11-25,920.0,Low Value
693,Joseph Tran,Silver,FL,9,16149.64,645.99,2022-04-28,2024-02-26,669.0,Low Value
499,Raymond Strong,Bronze,GA,10,16148.65,645.95,2022-04-11,2024-12-08,972.0,Low Value
1467,Julie Hardin,Silver,CA,6,16145.78,1153.27,2022-08-01,2024-05-21,659.0,Low Value
2421,Melissa Lewis,Bronze,MO,6,16137.55,1152.68,2022-05-15,2023-04-20,340.0,Low Value
2453,Christopher Bell,Silver,GA,9,16126.24,424.37,2023-02-17,2024-12-31,683.0,Low Value
3952,Christopher Lopez,Bronze,MD,10,16120.47,447.79,2022-06-25,2024-10-18,846.0,Low Value
3732,Phillip Larson,Bronze,IN,13,16120.07,374.89,2022-01-02,2023-12-06,703.0,Low Value
1272,Ryan Salazar,Silver,IL,12,16116.62,460.47,2022-02-20,2024-09-30,953.0,Low Value
1005,Mercedes Patterson,Gold,NY,9,16112.12,519.75,2022-09-22,2024-12-01,801.0,Low Value
7986,Caitlin Griffin,Silver,NC,11,16103.32,435.22,2022-07-21,2024-09-06,778.0,Low Value
3984,Ashley Rose,Silver,MD,7,16096.83,670.7,2022-04-22,2024-08-11,842.0,Low Value
2657,Matthew Phillips,Bronze,CA,6,16095.35,946.79,2022-01-24,2024-10-04,984.0,Low Value
7706,Katherine Gonzales,Silver,CA,6,16093.97,731.54,2022-03-19,2024-11-04,961.0,Low Value
7930,Brian Cooper,Bronze,FL,8,16089.13,804.46,2022-05-03,2024-01-17,624.0,Low Value
1662,Toni Lang,Gold,NC,8,16083.45,699.28,2022-09-19,2024-12-15,818.0,Low Value
8556,Laura Hernandez,Silver,VA,9,16083.03,487.36,2022-01-31,2024-10-21,994.0,Low Value
632,Megan Lopez,Bronze,AZ,11,16069.69,446.38,2022-01-15,2024-10-03,992.0,Low Value
475,Kaylee Hopkins,Gold,VA,11,16066.47,573.8,2022-01-24,2024-12-17,1058.0,Low Value
4200,Reginald Jones,Bronze,MO,10,16065.89,535.53,2022-01-23,2024-12-02,1044.0,Low Value
9861,Michelle Curry,Bronze,WA,9,16063.65,642.55,2022-02-18,2024-10-20,975.0,Low Value
3148,Sean Garcia,Gold,IL,7,16059.37,698.23,2022-01-16,2024-05-19,854.0,Low Value
3468,Meghan Jacobs,Gold,GA,9,16056.45,517.95,2022-04-14,2024-10-14,914.0,Low Value
6112,Allen Jones,Bronze,PA,5,16056.01,729.82,2022-05-12,2024-09-09,851.0,Low Value
6545,Austin Shields,Bronze,GA,7,16052.81,594.55,2022-04-17,2024-12-17,975.0,Low Value
471,Jeffrey Gibson,Bronze,MD,10,16052.26,411.6,2022-01-23,2024-08-12,932.0,Low Value
6436,Michael Stewart,Gold,CA,7,16046.75,697.68,2022-03-28,2024-10-05,922.0,Low Value
8657,Matthew Delgado,Gold,AZ,9,16046.56,433.69,2022-10-06,2024-06-30,633.0,Low Value
969,Jason Murray,Bronze,TN,13,16045.23,401.13,2022-05-27,2024-10-07,864.0,Low Value
5575,Eddie Reed,Silver,IN,6,16044.31,1146.02,2023-02-09,2024-12-24,684.0,Low Value
8311,Marisa Smith,Silver,TN,9,16040.59,572.88,2022-03-16,2024-04-28,774.0,Low Value
2595,William Espinoza,Gold,TN,7,16034.16,763.53,2022-04-27,2024-11-04,922.0,Low Value
8090,Kendra Anderson,Gold,MO,6,16030.14,552.76,2022-01-01,2024-11-29,1063.0,Low Value
5551,John Paul,Bronze,IL,8,16029.72,517.09,2022-03-17,2024-04-30,775.0,Low Value
7547,Connor Davis,Gold,TN,10,16025.02,485.61,2022-01-02,2024-10-06,1008.0,Low Value
2660,Michael Wells,Silver,MD,5,16023.93,890.22,2022-05-27,2024-07-30,795.0,Low Value
779,Ashley Oconnor,Silver,WI,9,16019.35,552.39,2022-03-25,2024-10-11,931.0,Low Value
5103,Donna Smith,Silver,MI,7,16018.71,457.68,2022-02-06,2024-12-16,1044.0,Low Value
4329,Rebecca Mata,Bronze,OH,7,16018.61,728.12,2022-12-17,2024-07-04,565.0,Low Value
5605,James Porter,Silver,WA,11,16017.84,500.56,2022-08-25,2024-12-24,852.0,Low Value
7676,Kelly Gregory,Gold,WA,9,16011.24,500.35,2022-02-25,2024-09-11,929.0,Low Value
1922,Gerald Andrews,Silver,NY,7,16010.83,727.76,2022-09-19,2024-10-05,747.0,Low Value
3164,Jason Maldonado,Platinum,NC,10,16004.35,516.27,2022-02-04,2024-07-24,901.0,Low Value
7136,John Clark,Silver,IN,12,16001.73,551.78,2022-03-11,2024-12-28,1023.0,Low Value
6969,Lisa Terry,Silver,VA,8,15996.42,727.11,2022-02-28,2024-08-09,893.0,Low Value
8541,Angel Cox,Gold,OH,2,15996.24,1454.2,2023-07-11,2024-01-14,187.0,Low Value
2520,Donald Douglas,Bronze,VA,5,15991.75,1066.12,2022-01-26,2024-07-21,907.0,Low Value
80,Kelly Evans,Bronze,WI,8,15988.78,761.37,2022-07-02,2023-09-24,449.0,Low Value
4873,Sue Edwards,Silver,AZ,4,15987.89,1065.86,2022-01-01,2024-11-28,1062.0,Low Value
9769,Patricia Velez,Gold,FL,5,15985.05,841.32,2022-01-11,2024-12-07,1061.0,Low Value
2890,Michael Beard,Bronze,OH,5,15982.27,694.88,2023-07-03,2024-11-28,514.0,Low Value
7571,Julie Reed,Silver,TX,6,15979.73,694.77,2022-02-06,2023-12-03,665.0,Low Value
184,Julie Skinner,Bronze,MO,5,15979.59,1229.2,2023-03-26,2024-12-30,645.0,Low Value
2599,Ryan Wright,Silver,CA,10,15977.79,499.31,2022-07-16,2024-05-14,668.0,Low Value
8186,Adam Wilkins,Gold,IN,10,15976.39,665.68,2022-01-18,2024-10-17,1003.0,Low Value
7323,Jasmine Mason,Silver,TN,7,15973.53,665.56,2023-10-08,2024-09-29,357.0,Low Value
2836,Beth Simpson,Silver,WA,6,15964.09,614.0,2022-08-17,2024-06-12,665.0,Low Value
4202,Adrian Gutierrez,Silver,AZ,10,15963.7,591.25,2022-01-20,2024-09-22,976.0,Low Value
8898,Linda Thompson,Bronze,FL,12,15963.32,409.32,2022-01-07,2024-10-04,1001.0,Low Value
5007,Andrew Williamson,Bronze,WI,9,15954.73,613.64,2022-05-03,2024-06-11,770.0,Low Value
2741,Alicia Arnold,Gold,WI,7,15950.79,569.67,2022-01-19,2024-03-19,790.0,Low Value
7030,James Sanders,Platinum,OH,7,15945.47,590.57,2022-04-24,2024-09-04,864.0,Low Value
4595,Grant Huang,Gold,FL,10,15939.85,442.77,2022-02-22,2024-10-06,957.0,Low Value
9338,Michael Mclaughlin,Bronze,GA,10,15937.6,531.25,2022-09-04,2024-04-30,604.0,Low Value
8182,James Russo,Bronze,MD,12,15936.64,531.22,2022-02-22,2024-10-22,973.0,Low Value
2461,Tammy Garcia,Bronze,PA,12,15933.03,455.23,2023-01-28,2024-12-28,700.0,Low Value
8014,Taylor Church,Bronze,VA,12,15929.75,482.72,2022-07-14,2024-08-08,756.0,Low Value
5762,Tamara Cruz,Gold,TN,12,15929.72,468.52,2022-01-28,2024-09-04,950.0,Low Value
5695,John Coleman,Bronze,IN,8,15924.55,549.12,2022-07-23,2024-07-02,710.0,Low Value
3628,Christina Smith,Bronze,MD,6,15920.46,837.92,2022-04-08,2024-11-21,958.0,Low Value
9708,Robin Jones,Gold,OH,7,15919.29,663.3,2022-02-22,2024-03-19,756.0,Low Value
8320,Michael King,Silver,WI,11,15918.34,454.81,2022-11-07,2024-10-31,724.0,Low Value
7597,Ryan Fisher,Bronze,MO,8,15914.7,530.49,2022-01-07,2024-10-28,1025.0,Low Value
2684,Curtis Edwards,Silver,NY,13,15911.05,454.6,2022-01-24,2024-12-03,1044.0,Low Value
9253,Randy Chan,Bronze,MD,6,15902.68,662.61,2022-05-23,2024-09-18,849.0,Low Value
6864,Billy Reed,Platinum,IL,11,15889.54,496.55,2022-05-30,2024-09-15,839.0,Low Value
4484,Brandon Nichols,Gold,TX,5,15888.53,882.7,2022-01-18,2024-01-01,713.0,Low Value
2188,Joseph Stevens,Silver,TN,9,15883.53,547.71,2022-12-05,2024-07-21,594.0,Low Value
5038,Alex Jackson,Gold,AZ,8,15880.38,529.35,2023-03-31,2024-12-24,634.0,Low Value
5937,Alexandra Anderson,Silver,IL,8,15878.81,835.73,2022-03-23,2024-09-14,906.0,Low Value
4311,Jennifer Peters,Gold,MO,9,15876.82,690.3,2022-02-06,2024-11-26,1024.0,Low Value
438,Christopher Patterson,Bronze,TN,7,15876.62,661.53,2022-03-04,2024-08-04,884.0,Low Value
4151,Danielle Garcia,Bronze,WA,10,15874.28,466.89,2022-03-12,2024-09-20,923.0,Low Value
189,Jonathan Ramsey,Gold,IL,9,15870.69,511.96,2022-03-20,2024-09-12,907.0,Low Value
5592,Sheila Roberts,Platinum,MI,7,15866.47,689.85,2022-06-02,2024-12-28,940.0,Low Value
4711,Veronica Obrien,Gold,PA,8,15858.72,440.52,2022-01-06,2024-03-08,792.0,Low Value
4661,Michelle Robbins,Bronze,MO,4,15858.4,1441.67,2022-02-12,2023-05-24,466.0,Low Value
1235,Elizabeth Rivas,Silver,MD,6,15856.87,566.32,2022-01-28,2024-12-20,1057.0,Low Value
5650,Courtney Miles,Bronze,GA,3,15854.44,1981.81,2024-02-17,2024-05-25,98.0,Low Value
6550,Tyrone Moore,Bronze,MI,7,15850.7,792.54,2022-02-19,2024-09-26,950.0,Low Value
8988,Diana Robinson,Silver,PA,9,15848.27,586.97,2022-01-29,2024-08-07,921.0,Low Value
5853,Nicholas Peters,Bronze,AZ,11,15847.82,396.2,2022-03-04,2024-09-26,937.0,Low Value
8289,Juan Bryan,Bronze,NJ,7,15847.03,792.35,2022-02-02,2024-11-02,1004.0,Low Value
2318,John Daniel,Gold,TX,5,15845.66,833.98,2022-06-26,2024-10-12,839.0,Low Value
5802,John Bautista,Bronze,FL,9,15842.2,480.07,2023-02-23,2024-12-29,675.0,Low Value
1459,Kenneth Silva,Silver,MA,7,15837.2,719.87,2022-06-07,2024-04-17,680.0,Low Value
6564,Steven Barker,Gold,NC,7,15835.97,546.07,2022-04-24,2024-02-21,668.0,Low Value
3203,Cynthia House,Bronze,IL,3,15832.19,1217.86,2022-12-17,2024-10-16,669.0,Low Value
9924,Sabrina Ferguson,Bronze,VA,9,15831.0,510.68,2022-05-21,2024-09-06,839.0,Low Value
416,Daniel Peterson,Bronze,FL,9,15829.41,719.52,2022-06-16,2024-08-15,791.0,Low Value
3785,Arthur Taylor,Bronze,PA,8,15828.19,465.54,2022-01-25,2024-09-16,965.0,Low Value
4414,Shannon Shepherd,Bronze,IL,9,15824.47,405.76,2022-03-21,2024-11-02,957.0,Low Value
1995,Scott Smith,Bronze,WI,9,15824.15,565.15,2022-01-27,2024-06-10,865.0,Low Value
9577,Kathryn Santos,Bronze,WA,9,15817.44,659.06,2022-03-23,2024-12-10,993.0,Low Value
5872,Linda Bean,Platinum,NY,8,15815.11,564.83,2022-03-02,2024-09-14,927.0,Low Value
1947,Cameron Fletcher,Gold,AZ,11,15813.25,479.19,2022-03-04,2024-04-10,768.0,Low Value
5799,Tammy Castillo,Silver,NY,8,15810.51,465.01,2022-06-13,2024-12-16,917.0,Low Value
8944,Christian Moore,Bronze,WA,10,15810.36,608.09,2022-04-09,2024-09-29,904.0,Low Value
8987,Courtney Roberts,Silver,NC,10,15808.71,464.96,2022-03-03,2024-11-30,1003.0,Low Value
3956,Nicole Torres,Bronze,GA,6,15806.18,687.23,2022-05-02,2024-05-29,758.0,Low Value
1080,Crystal Madden,Bronze,FL,9,15803.96,585.33,2022-05-14,2024-11-16,917.0,Low Value
8500,Eric Harris,Gold,TN,5,15803.55,718.34,2022-01-14,2024-07-30,928.0,Low Value
9615,Danny Bell,Bronze,WA,5,15799.46,831.55,2022-07-04,2024-12-21,901.0,Low Value
8489,Erin Stewart,Gold,IN,5,15797.18,831.43,2022-07-07,2024-03-22,624.0,Low Value
895,Douglas Martinez,Gold,MO,8,15795.19,789.76,2022-01-17,2024-06-17,882.0,Low Value
3015,Mark Smith,Bronze,PA,6,15790.21,831.06,2023-02-16,2024-12-04,657.0,Low Value
9443,Kelly Hill,Gold,AZ,9,15789.13,526.3,2022-03-20,2024-07-30,863.0,Low Value
5434,Cynthia Ferrell,Silver,TN,12,15781.63,526.05,2022-03-30,2024-11-20,966.0,Low Value
255,Alison Warren,Bronze,WI,8,15773.42,630.94,2022-11-14,2024-12-06,753.0,Low Value
1510,Katherine Duarte,Platinum,MA,6,15765.89,685.47,2022-01-09,2024-09-01,966.0,Low Value
5362,Jennifer Hensley,Bronze,NC,8,15764.3,606.32,2022-07-17,2024-07-04,718.0,Low Value
8023,Mark Fox,Gold,OH,6,15761.2,716.42,2022-04-28,2024-10-16,902.0,Low Value
4697,Angela Rodriguez,Silver,MO,6,15757.7,583.62,2022-12-05,2024-12-11,737.0,Low Value
784,Kimberly Cooper,Silver,WA,10,15757.52,656.56,2022-02-26,2024-12-13,1021.0,Low Value
3861,Wesley Suarez,Gold,FL,10,15757.22,437.7,2022-01-13,2024-12-25,1077.0,Low Value
8933,Diana Rogers,Silver,NC,7,15755.99,926.82,2022-05-08,2024-12-20,957.0,Low Value
7523,Melissa Young,Platinum,IN,9,15755.11,716.14,2022-02-17,2024-11-21,1008.0,Low Value
548,Gregory Elliott,Silver,FL,9,15754.34,750.21,2022-01-22,2024-11-22,1035.0,Low Value
5631,Maria Mckee,Bronze,NJ,8,15745.13,524.84,2022-02-12,2024-10-18,979.0,Low Value
5772,Jason Hodges,Silver,WI,13,15738.59,449.67,2022-02-12,2024-02-02,720.0,Low Value
8852,Kevin Nelson,Bronze,MA,7,15726.51,655.27,2022-05-16,2024-08-22,829.0,Low Value
7776,Jason Martinez,Bronze,WA,8,15726.34,655.26,2022-09-03,2024-10-23,781.0,Low Value
5535,Sean Howell,Silver,GA,10,15725.03,436.81,2022-01-26,2024-10-20,998.0,Low Value
3879,Marcus Ramirez,Silver,IL,9,15724.77,542.23,2022-01-26,2024-08-25,942.0,Low Value
7828,Katherine Sparks,Silver,MO,6,15720.31,1310.03,2022-02-20,2023-09-18,575.0,Low Value
3046,Adrian Anderson,Bronze,NC,7,15719.03,654.96,2023-03-20,2024-08-16,515.0,Low Value
6681,Rebecca Long,Bronze,PA,6,15713.92,628.56,2022-07-26,2024-07-04,709.0,Low Value
7234,Jeremy Bowen,Gold,GA,8,15713.2,581.97,2022-01-28,2024-10-23,999.0,Low Value
3778,Michael Long,Gold,NY,5,15712.61,982.04,2022-03-15,2024-06-20,828.0,Low Value
1975,Nicole Haas,Bronze,MO,12,15711.09,413.45,2022-06-02,2023-11-08,524.0,Low Value
6241,Patricia Gibbs,Platinum,IL,9,15709.37,581.83,2022-03-08,2024-08-02,878.0,Low Value
1152,John Sweeney,Silver,IL,10,15708.07,490.88,2022-03-26,2024-11-14,964.0,Low Value
8260,Larry Taylor,Bronze,MO,13,15707.88,448.8,2022-02-07,2024-11-01,998.0,Low Value
5928,Kathryn Rice,Bronze,MD,5,15705.29,713.88,2022-02-06,2024-12-19,1047.0,Low Value
9498,Wendy Weber,Silver,MO,7,15702.96,628.12,2022-12-21,2024-09-26,645.0,Low Value
9981,Susan Hayes,Gold,VA,8,15702.48,785.12,2022-05-04,2024-09-01,851.0,Low Value
2619,Tabitha Navarro,Silver,WA,10,15696.75,475.66,2022-01-22,2024-01-11,719.0,Low Value
7921,Jessica Archer,Silver,NJ,6,15692.63,784.63,2022-03-29,2024-10-06,922.0,Low Value
4019,Matthew Escobar,Bronze,GA,13,15692.11,490.38,2022-02-17,2024-12-01,1018.0,Low Value
5848,John Martinez,Silver,MA,13,15691.04,402.33,2022-08-22,2024-11-12,813.0,Low Value
4618,Nicole Strickland,Gold,MI,10,15688.42,461.42,2022-04-14,2024-07-06,814.0,Low Value
637,Madison Alvarez,Bronze,VA,12,15688.06,424.0,2022-04-15,2024-12-19,979.0,Low Value
7498,Michael Schultz,Silver,IN,7,15683.5,712.89,2022-06-11,2024-08-05,786.0,Low Value
1194,Jacob Cobb,Gold,MO,8,15676.78,559.88,2022-07-14,2024-10-10,819.0,Low Value
227,Michael Williams,Bronze,MO,9,15674.08,681.48,2022-02-08,2024-02-16,738.0,Low Value
5510,Becky Pearson,Gold,TN,9,15672.95,712.41,2022-01-26,2024-05-11,836.0,Low Value
4776,Calvin Morris,Gold,VA,9,15670.09,460.88,2023-03-14,2024-12-04,631.0,Low Value
2866,Kelly Trevino,Gold,OH,10,15666.49,373.01,2022-03-25,2024-06-15,813.0,Low Value
1125,Natalie Payne,Bronze,TX,6,15664.07,921.42,2022-02-12,2024-02-12,730.0,Low Value
8622,Elaine Odonnell,Bronze,TX,5,15663.0,1044.2,2022-10-06,2024-09-15,710.0,Low Value
7358,John Underwood,Bronze,AZ,9,15660.27,447.44,2022-11-13,2024-10-12,699.0,Low Value
2617,Sharon Green,Bronze,NJ,6,15659.06,824.16,2022-01-03,2024-12-20,1082.0,Low Value
1914,Nicole Moore,Gold,IN,8,15655.75,626.23,2022-03-14,2024-12-22,1014.0,Low Value
8659,Kenneth Gomez,Bronze,MA,8,15655.36,823.97,2022-05-19,2024-04-19,701.0,Low Value
991,Sheila Hernandez,Gold,PA,8,15650.33,745.25,2022-02-16,2024-04-28,802.0,Low Value
4709,Ian Davis,Bronze,NC,10,15648.03,460.24,2022-05-08,2024-10-23,899.0,Low Value
5808,Ryan Duncan,Silver,MA,5,15643.56,823.35,2022-05-06,2024-05-28,753.0,Low Value
976,Kevin Clark,Silver,IN,10,15642.89,558.67,2022-05-21,2024-11-09,903.0,Low Value
5088,Blake Rose,Silver,TX,6,15642.3,539.39,2022-07-31,2024-06-24,694.0,Low Value
3707,Thomas Warren,Silver,TX,10,15637.02,459.91,2022-01-18,2024-11-26,1043.0,Low Value
2341,Brian Thomas,Bronze,NY,7,15634.35,822.86,2022-10-08,2024-07-16,647.0,Low Value
2851,Helen Smith,Bronze,TX,9,15624.49,651.02,2022-07-10,2024-12-20,894.0,Low Value
6622,Ashley Trujillo,Bronze,OH,10,15617.03,371.83,2022-01-27,2024-11-08,1016.0,Low Value
9697,Bradley Murphy,Silver,IN,8,15616.69,678.99,2022-01-14,2024-12-08,1059.0,Low Value
706,Christy Mitchell,Bronze,VA,6,15613.39,975.84,2023-10-18,2024-11-26,405.0,Low Value
8943,Crystal Kemp,Bronze,NY,7,15612.52,821.71,2022-02-07,2024-12-21,1048.0,Low Value
2580,Jamie Woods,Bronze,AZ,4,15610.61,650.44,2024-05-04,2024-12-04,214.0,Low Value
2720,Thomas Chandler,Silver,IL,11,15608.65,445.96,2022-01-11,2024-08-15,947.0,Low Value
607,Cody Hester,Bronze,IL,9,15606.64,557.38,2022-07-26,2024-11-04,832.0,Low Value
1756,Emily Garcia,Silver,MI,8,15605.31,503.4,2022-04-30,2024-12-25,970.0,Low Value
3227,Felicia Powers,Gold,IN,12,15600.73,400.02,2022-02-22,2024-04-30,798.0,Low Value
1139,John Garrison,Platinum,MD,5,15597.8,866.54,2022-12-12,2024-07-03,569.0,Low Value
4275,Joseph Stein,Gold,NY,11,15597.77,577.7,2022-08-21,2024-09-14,755.0,Low Value
2325,Tyler Harrison,Silver,MA,8,15595.54,519.85,2022-05-06,2023-10-24,536.0,Low Value
3298,Samantha Larson,Bronze,NJ,4,15589.59,1113.54,2023-07-23,2024-11-14,480.0,Low Value
152,Antonio Guzman,Silver,IL,9,15585.15,649.38,2022-01-25,2024-12-18,1058.0,Low Value
8446,Angela Riddle,Platinum,TX,11,15575.87,502.45,2022-04-13,2024-12-25,987.0,Low Value
7839,Christopher Allen,Bronze,MA,13,15575.22,445.01,2022-03-07,2024-11-26,995.0,Low Value
9947,Jennifer Ware,Bronze,MI,9,15569.51,576.65,2022-01-29,2024-12-31,1067.0,Low Value
7084,Jill Gardner,Bronze,IL,9,15569.41,444.84,2022-03-17,2024-09-03,901.0,Low Value
7664,Andrew Meadows,Bronze,NJ,9,15568.61,362.06,2022-10-27,2024-12-24,789.0,Low Value
2960,Jessica Davis,Platinum,MI,5,15567.84,676.86,2022-03-08,2024-12-03,1001.0,Low Value
9420,Miguel Meyer,Silver,MO,10,15565.8,444.74,2022-07-27,2024-12-02,859.0,Low Value
3407,Patricia Sharp,Bronze,IN,8,15560.1,622.4,2022-08-04,2024-11-19,838.0,Low Value
2631,Travis Miller,Silver,MD,7,15555.04,818.69,2022-03-18,2024-03-24,737.0,Low Value
5578,Jesus Douglas,Bronze,WI,11,15553.17,409.29,2022-01-29,2024-12-19,1055.0,Low Value
448,Regina Waller,Bronze,OH,12,15550.95,431.97,2022-02-15,2024-11-24,1013.0,Low Value
4072,Brian Campbell,Bronze,WI,8,15549.55,647.9,2022-03-10,2024-11-17,983.0,Low Value
3192,Tiffany Brown,Bronze,WA,5,15547.76,818.3,2023-07-24,2024-07-06,348.0,Low Value
2411,Jonathan Gross,Silver,WA,10,15547.71,501.54,2022-04-07,2024-10-25,932.0,Low Value
8052,Joan Soto,Gold,WI,9,15546.92,471.12,2022-02-06,2024-05-03,817.0,Low Value
5364,Veronica Smith,Silver,NJ,8,15544.27,485.76,2022-05-21,2024-09-07,840.0,Low Value
866,Brian Velasquez,Gold,NJ,3,15543.63,1554.36,2022-04-08,2022-04-12,4.0,Low Value
159,Mark Hill,Silver,OH,12,15540.28,457.07,2022-02-07,2024-12-24,1051.0,Low Value
2668,Joshua Mccormick,Silver,NC,5,15539.29,863.29,2022-05-05,2024-05-11,737.0,Low Value
2781,Tiffany Gonzales,Gold,IN,10,15537.42,456.98,2022-01-28,2024-12-28,1065.0,Low Value
9500,Gabrielle Blackburn,Bronze,IL,7,15534.44,621.38,2022-08-19,2024-08-07,719.0,Low Value
5176,Kevin Weaver,Gold,VA,8,15526.06,646.92,2022-05-17,2024-02-19,643.0,Low Value
2321,Kimberly Lopez,Gold,TN,10,15525.67,554.49,2022-01-11,2024-09-27,990.0,Low Value
5755,Amy Elliott,Silver,CA,14,15517.03,419.38,2022-05-20,2024-11-28,923.0,Low Value
944,Stephanie Olson,Bronze,CA,5,15516.47,1034.43,2022-01-21,2024-12-11,1055.0,Low Value
6720,Christopher Vargas,Platinum,IN,8,15514.89,646.45,2022-01-14,2024-10-21,1011.0,Low Value
5168,Steve Downs,Bronze,GA,7,15512.58,705.12,2022-05-11,2024-11-03,907.0,Low Value
7454,Henry Chavez,Silver,VA,7,15510.29,517.01,2022-09-13,2024-12-28,837.0,Low Value
5620,Lee Macias,Platinum,IN,5,15500.23,1192.33,2022-06-07,2024-07-12,766.0,Low Value
6503,Riley White,Bronze,TX,9,15495.29,534.32,2022-11-24,2024-07-10,594.0,Low Value
6250,Derek Dunn,Silver,NJ,9,15490.73,595.8,2022-01-08,2024-11-11,1038.0,Low Value
7942,Nicholas Hunter,Platinum,VA,8,15482.49,1032.17,2022-08-07,2024-10-05,790.0,Low Value
6394,John Cooley,Bronze,FL,7,15478.97,552.82,2022-09-17,2024-05-24,615.0,Low Value
2491,Joseph Soto,Bronze,OH,5,15477.18,1031.81,2022-10-26,2024-08-10,654.0,Low Value
3567,Eric Kelly,Silver,MD,9,15475.38,619.02,2022-10-09,2024-10-24,746.0,Low Value
1906,Sherry Silva,Silver,IN,9,15474.31,418.22,2022-02-02,2024-05-03,821.0,Low Value
1135,Jeremy Hines,Bronze,MA,10,15472.73,552.6,2022-04-09,2024-10-17,922.0,Low Value
3195,Deanna Mckinney,Silver,NJ,2,15470.62,1933.83,2022-01-12,2024-04-27,836.0,Low Value
360,Angelica Maxwell,Bronze,TX,8,15469.49,644.56,2022-01-02,2024-12-21,1084.0,Low Value
7081,Shawn Baird,Gold,NY,10,15464.48,429.57,2022-03-12,2024-10-10,943.0,Low Value
1106,Brenda Garcia,Bronze,FL,8,15462.69,454.79,2022-01-02,2023-05-19,502.0,Low Value
9613,Sharon Pierce,Silver,MD,8,15461.88,533.17,2022-05-02,2024-11-29,942.0,Low Value
2903,Megan Nielsen,Silver,MA,9,15461.78,533.16,2022-01-13,2024-10-08,999.0,Low Value
4734,Kelly Garcia,Silver,NY,12,15457.69,396.35,2022-01-08,2024-12-12,1069.0,Low Value
4934,Brianna Wright,Bronze,WI,7,15456.9,572.48,2022-05-05,2024-12-21,961.0,Low Value
5968,Christopher Lynch,Bronze,AZ,6,15455.65,772.78,2023-01-08,2023-11-05,301.0,Low Value
9219,Diana Wilson,Platinum,IN,9,15452.25,532.84,2022-04-10,2024-12-22,987.0,Low Value
8932,Kimberly Green,Bronze,OH,10,15443.84,617.75,2022-06-20,2024-11-05,869.0,Low Value
1112,Adam Hughes,Silver,FL,8,15436.87,643.2,2022-08-03,2024-12-03,853.0,Low Value
8457,Jessica Meyer,Bronze,VA,7,15436.03,671.13,2022-10-02,2024-12-22,812.0,Low Value
6617,Jonathon Black,Platinum,NY,6,15434.01,593.62,2022-10-02,2024-05-25,601.0,Low Value
2558,Amanda Mcdaniel,Gold,IL,9,15425.43,514.18,2022-05-27,2024-09-29,856.0,Low Value
3017,William Hodge,Silver,TN,5,15424.55,771.23,2022-03-07,2024-10-31,969.0,Low Value
3129,Marc Johnson,Gold,NY,5,15416.54,700.75,2023-01-30,2024-03-09,404.0,Low Value
5079,Andrew Sanchez,Platinum,TN,6,15407.99,642.0,2022-04-01,2024-08-18,870.0,Low Value
4085,Sharon Gibbs,Bronze,PA,6,15399.66,549.99,2022-06-20,2024-12-03,897.0,Low Value
2305,Laura Byrd,Silver,NC,9,15392.14,592.01,2022-01-02,2024-05-22,871.0,Low Value
1215,Brian Hoover,Bronze,VA,7,15391.87,732.95,2022-02-11,2024-10-07,969.0,Low Value
8406,Victoria Cruz,Bronze,IN,5,15385.02,961.56,2022-12-21,2024-06-17,544.0,Low Value
9944,Marissa Collins,Silver,IL,8,15384.88,512.83,2022-10-14,2024-12-17,795.0,Low Value
5328,Robert Hines,Bronze,GA,13,15383.68,452.46,2022-06-20,2024-07-18,759.0,Low Value
8415,Brandon Johnson,Silver,FL,8,15383.53,394.45,2022-02-09,2024-03-20,770.0,Low Value
3405,Alexandra James,Gold,OH,10,15382.55,480.7,2022-02-08,2024-12-20,1046.0,Low Value
1415,Alexander Page,Platinum,IL,9,15381.53,480.67,2022-04-25,2024-05-15,751.0,Low Value
7614,Autumn Castro,Bronze,IN,6,15379.0,699.05,2022-07-26,2023-10-03,434.0,Low Value
9832,Rodney Morales,Bronze,NJ,5,15373.87,1182.61,2022-02-01,2023-07-10,524.0,Low Value
3845,Amanda Rivera,Gold,FL,6,15367.97,808.84,2022-09-16,2024-04-27,589.0,Low Value
2739,Sherry Miller,Bronze,IL,7,15365.23,768.26,2022-10-20,2024-09-17,698.0,Low Value
2927,Amy Ruiz,Silver,AZ,3,15355.37,2193.62,2022-11-24,2024-10-05,681.0,Low Value
6145,John Anderson,Bronze,OH,7,15353.89,731.14,2022-08-22,2024-12-22,853.0,Low Value
4930,Leonard Moody,Platinum,OH,6,15353.86,731.14,2022-05-15,2024-12-03,933.0,Low Value
7845,John Bell,Bronze,VA,10,15353.5,639.73,2022-04-04,2024-11-08,949.0,Low Value
2979,Mallory Newton,Platinum,NC,8,15351.49,479.73,2022-03-05,2024-08-18,897.0,Low Value
9999,Darren Hall,Silver,MO,5,15348.46,767.42,2022-03-01,2024-09-23,937.0,Low Value
5109,Emily Horn,Silver,IL,9,15346.84,548.1,2022-01-23,2024-07-15,904.0,Low Value
7686,Traci Williams,Bronze,AZ,7,15344.49,697.48,2022-02-26,2024-08-06,892.0,Low Value
2805,Troy Fletcher,Silver,IL,8,15340.98,479.41,2022-05-31,2024-12-08,922.0,Low Value
4583,Samuel Fox,Bronze,MA,5,15336.5,697.11,2022-10-02,2024-10-24,753.0,Low Value
7429,Kara King,Gold,WA,7,15335.89,511.2,2022-05-10,2024-09-11,855.0,Low Value
8614,Thomas Castillo,Bronze,CA,10,15332.35,464.62,2022-06-29,2023-08-19,416.0,Low Value
5705,Parker Stephens,Gold,CA,13,15332.33,547.58,2022-01-15,2024-08-18,946.0,Low Value
950,Aaron Wiley,Silver,OH,5,15330.54,730.03,2022-06-27,2024-05-11,684.0,Low Value
3961,Christopher Davis,Bronze,GA,9,15330.06,511.0,2022-05-24,2024-12-04,925.0,Low Value
6629,Margaret Hill,Platinum,GA,8,15328.31,613.13,2022-03-09,2024-09-15,921.0,Low Value
7041,Timothy Quinn,Bronze,MO,9,15324.13,510.8,2022-04-22,2024-12-01,954.0,Low Value
8334,Brandon Case,Gold,AZ,11,15323.12,478.85,2022-08-29,2024-12-30,854.0,Low Value
1032,Kimberly Blackburn,Bronze,WI,13,15322.64,333.1,2022-01-11,2024-12-14,1068.0,Low Value
9919,Deborah Rivera,Bronze,IN,10,15321.36,510.71,2022-03-16,2024-06-26,833.0,Low Value
9310,Matthew Pena,Silver,NC,9,15319.65,478.74,2022-03-31,2024-11-07,952.0,Low Value
7860,Sydney Shah,Bronze,OH,5,15319.51,851.08,2022-02-14,2023-12-19,673.0,Low Value
9941,Charles Barnes,Silver,WI,9,15312.88,567.14,2022-01-18,2024-02-08,751.0,Low Value
1722,Mark Riley,Silver,NC,7,15308.66,588.79,2022-02-24,2024-09-07,926.0,Low Value
63,Samuel Rodriguez,Bronze,VA,12,15307.54,402.83,2022-01-30,2024-08-26,939.0,Low Value
5882,Chad Harris,Gold,TN,6,15307.34,665.54,2022-05-19,2024-11-17,913.0,Low Value
6925,Marissa Hammond,Gold,TX,9,15306.59,665.5,2022-04-17,2024-10-01,898.0,Low Value
4499,Frank Chavez,Platinum,WI,9,15305.32,373.3,2022-06-12,2024-08-08,788.0,Low Value
3199,Denise Norris,Bronze,VA,4,15305.21,956.58,2022-05-23,2024-12-30,952.0,Low Value
3429,Jeff Davis,Gold,VA,8,15301.92,566.74,2022-02-06,2024-03-02,755.0,Low Value
4253,Melanie Schroeder,Gold,NJ,6,15299.25,1176.87,2022-04-05,2023-11-27,601.0,Low Value
9877,Joshua Black,Silver,IL,7,15299.05,566.63,2023-03-09,2024-12-16,648.0,Low Value
7507,Amanda Garrett,Bronze,TN,9,15284.33,587.86,2022-03-25,2024-11-27,978.0,Low Value
6425,Nicole Rodriguez,Platinum,WA,8,15281.78,611.27,2022-01-03,2024-08-14,954.0,Low Value
2948,Shawn Ellis,Platinum,VA,11,15279.96,492.9,2022-02-26,2024-09-12,929.0,Low Value
5353,Sarah Ibarra,Gold,TX,7,15279.9,509.33,2022-06-13,2023-09-17,461.0,Low Value
2149,Anna Cervantes,Bronze,IL,6,15274.07,636.42,2022-07-18,2024-10-14,819.0,Low Value
9964,Cheryl Harris,Silver,MD,9,15273.76,436.39,2022-09-23,2024-11-02,771.0,Low Value
4601,Christopher Dunlap,Silver,MO,5,15272.61,898.39,2022-01-21,2024-04-09,809.0,Low Value
5386,Steve Barrett,Bronze,FL,10,15271.29,436.32,2022-01-26,2024-06-25,881.0,Low Value
2919,Emily Kelley,Bronze,CA,12,15271.0,363.6,2022-01-27,2024-11-23,1031.0,Low Value
2488,Chelsea Hernandez,Silver,IN,8,15268.62,610.74,2022-01-25,2024-12-24,1064.0,Low Value
1547,Erin Todd,Gold,NY,5,15261.45,1017.43,2023-07-04,2024-11-12,497.0,Low Value
2526,Stephanie Mendoza,Bronze,PA,11,15260.5,526.22,2022-07-23,2024-12-12,873.0,Low Value
3716,Julie Barnes,Silver,FL,8,15252.92,462.21,2022-06-11,2024-01-25,593.0,Low Value
6406,Heather Le,Bronze,AZ,9,15251.86,693.27,2022-07-06,2024-11-09,857.0,Low Value
373,Jordan Hudson,Silver,IL,9,15251.03,462.15,2022-07-13,2024-11-02,843.0,Low Value
6473,Jerry Shaw,Silver,NC,10,15249.18,544.61,2022-03-27,2024-12-13,992.0,Low Value
1919,Benjamin Lutz,Gold,VA,12,15247.73,390.97,2022-06-19,2024-12-18,913.0,Low Value
8520,Derek Jones,Silver,MD,10,15247.52,586.44,2022-08-11,2024-12-24,866.0,Low Value
6343,Brooke Davis,Bronze,CA,7,15246.3,508.21,2022-09-27,2024-12-26,821.0,Low Value
744,Sara Baxter,Bronze,IL,9,15245.22,662.84,2022-01-21,2024-10-20,1003.0,Low Value
1844,Dennis Rodriguez,Platinum,CA,9,15239.07,692.68,2022-01-02,2024-03-20,808.0,Low Value
9829,Jackson Roberts,Platinum,AZ,7,15238.13,692.64,2022-08-07,2024-12-24,870.0,Low Value
8996,Erik Medina,Gold,CA,6,15235.67,692.53,2022-06-30,2024-10-31,854.0,Low Value
4936,Glenn Villanueva,Silver,MO,7,15233.11,507.77,2022-01-23,2024-12-18,1060.0,Low Value
7206,Andrew Carter,Bronze,MI,9,15229.53,435.13,2022-01-05,2024-10-21,1020.0,Low Value
7923,Tammy Ortiz,Bronze,WI,5,15228.74,846.04,2022-05-13,2024-02-14,642.0,Low Value
1673,Eric Middleton,Gold,VA,3,15227.02,1015.13,2024-02-25,2024-09-08,196.0,Low Value
3919,Joshua Sanchez,Platinum,WI,7,15225.94,761.3,2022-05-02,2024-10-28,910.0,Low Value
8613,Emma Cruz,Platinum,TN,11,15222.6,422.85,2022-01-28,2024-09-26,972.0,Low Value
8465,Robert Russell,Bronze,MO,14,15222.25,411.41,2022-01-29,2024-12-04,1040.0,Low Value
7282,Timothy Ryan,Gold,OH,7,15212.29,950.77,2022-01-14,2024-08-23,952.0,Low Value
267,Heather Thompson,Platinum,IL,8,15210.05,543.22,2022-02-04,2024-12-25,1055.0,Low Value
1175,Martin Stevens,Silver,VA,11,15205.73,460.78,2022-01-30,2024-01-03,703.0,Low Value
6198,Samantha Miller,Gold,TN,10,15198.24,474.94,2022-04-21,2024-04-08,718.0,Low Value
6772,Eric Powers,Platinum,AZ,8,15196.57,562.84,2022-01-27,2024-12-10,1048.0,Low Value
3662,Christopher Turner,Platinum,WI,8,15191.07,584.27,2022-03-21,2024-09-20,914.0,Low Value
4387,Debbie Perez,Bronze,AZ,10,15190.45,723.35,2022-01-07,2024-10-08,1005.0,Low Value
3030,Sara Bowman,Bronze,IL,9,15189.3,562.57,2022-04-11,2024-11-21,955.0,Low Value
6515,Tiffany White,Bronze,AZ,9,15187.03,690.32,2022-07-05,2024-11-12,861.0,Low Value
7191,Brenda Henry,Gold,NY,8,15181.05,690.05,2022-03-31,2023-12-06,615.0,Low Value
3239,Robert Dudley,Platinum,VA,8,15168.91,842.72,2022-02-17,2024-12-05,1022.0,Low Value
7289,Stephen Parker,Bronze,NJ,10,15162.5,606.5,2022-04-25,2024-12-06,956.0,Low Value
9546,Donald Clark,Bronze,MD,10,15162.03,541.5,2022-02-20,2024-09-15,938.0,Low Value
2630,Melissa Hicks,Platinum,NC,8,15161.07,659.18,2022-01-28,2024-10-12,988.0,Low Value
7108,Nathaniel Riley,Silver,TX,8,15157.72,433.08,2022-02-23,2024-07-06,864.0,Low Value
3343,Omar Jackson,Gold,FL,8,15156.36,658.97,2022-03-30,2024-09-19,904.0,Low Value
7424,Daniel Freeman,Platinum,WA,6,15154.75,891.46,2022-01-06,2024-11-23,1052.0,Low Value
54,Amber Lindsey,Bronze,NJ,9,15154.36,488.85,2022-01-11,2024-11-13,1037.0,Low Value
3254,Brenda Carlson,Bronze,NJ,7,15154.03,797.58,2023-01-09,2024-09-15,615.0,Low Value
3467,Antonio Harris,Gold,VA,7,15152.14,631.34,2022-03-24,2024-12-16,998.0,Low Value
8952,Michael Dixon,Gold,CA,9,15146.63,658.55,2022-01-18,2024-10-30,1016.0,Low Value
3044,Rebecca Ray,Bronze,CA,6,15142.81,582.42,2022-03-28,2024-06-08,803.0,Low Value
6828,Karen Bishop,Platinum,MI,7,15142.24,796.96,2022-02-18,2023-11-16,636.0,Low Value
5621,Abigail Johnson,Gold,OH,8,15142.11,757.11,2022-02-16,2024-10-30,987.0,Low Value
5941,Matthew Perez,Gold,TX,10,15136.08,504.54,2022-01-17,2023-10-22,643.0,Low Value
8882,Russell Taylor,Bronze,CA,11,15134.67,458.63,2022-06-22,2024-11-17,879.0,Low Value
4294,Alan Thomas,Bronze,NC,7,15126.55,444.9,2022-01-24,2024-12-18,1059.0,Low Value
1474,Brian Vance,Gold,WI,7,15124.01,604.96,2022-01-23,2024-12-31,1073.0,Low Value
9314,Allen Black,Bronze,WA,4,15123.57,945.22,2022-06-30,2022-12-07,160.0,Low Value
5354,Alex Garcia,Silver,NY,7,15121.5,795.87,2023-02-22,2024-11-14,631.0,Low Value
4424,Tommy Alexander,Bronze,NC,9,15121.44,540.05,2022-07-03,2024-11-23,874.0,Low Value
9622,Justin Smith,Bronze,GA,13,15119.67,408.64,2022-04-24,2024-09-05,865.0,Low Value
2317,Linda Roberts,Bronze,IL,7,15113.08,755.65,2022-02-12,2024-10-16,977.0,Low Value
4553,Kara Faulkner,Gold,CA,7,15111.98,686.91,2022-02-11,2024-07-14,884.0,Low Value
3320,Omar Brown,Bronze,TN,9,15110.65,457.9,2022-03-04,2024-01-25,692.0,Low Value
8345,Jeffrey Nguyen,Bronze,NY,7,15108.46,629.52,2022-08-20,2024-02-02,531.0,Low Value
2,Katherine Moore,Bronze,VA,7,15107.81,1007.19,2022-01-11,2023-03-02,415.0,Low Value
905,Nathan Williams,Bronze,MI,11,15104.09,487.23,2022-03-03,2024-10-22,964.0,Low Value
5505,Ralph Lee,Gold,FL,7,15103.85,888.46,2023-05-18,2024-11-01,533.0,Low Value
2636,Richard Wall,Silver,PA,6,15103.84,943.99,2022-05-18,2024-10-08,874.0,Low Value
1865,Susan Williams,Silver,IL,9,15102.24,559.34,2022-11-08,2024-12-20,773.0,Low Value
7184,Jordan Smith,Bronze,NJ,9,15101.16,559.3,2022-01-21,2023-07-13,538.0,Low Value
5187,Victoria Wilson,Bronze,IL,7,15098.52,603.94,2022-07-12,2024-12-28,900.0,Low Value
3860,Danielle Graham,Bronze,PA,11,15098.25,408.06,2022-01-12,2024-07-28,928.0,Low Value
2264,Katherine Walker,Bronze,NC,7,15097.11,754.86,2022-05-30,2024-12-14,929.0,Low Value
6734,Kenneth Garcia,Gold,MI,10,15096.17,520.56,2022-01-10,2024-11-27,1052.0,Low Value
8794,Patricia Villa,Bronze,FL,10,15090.56,520.36,2022-02-02,2024-12-15,1047.0,Low Value
5970,Toni Scott,Bronze,OH,9,15084.9,486.61,2022-02-10,2024-10-05,968.0,Low Value
3073,Rebecca Jimenez,Platinum,MO,12,15084.63,350.81,2022-03-19,2024-08-28,893.0,Low Value
4160,Ellen Davis,Bronze,OH,9,15080.21,580.01,2022-10-22,2024-09-26,705.0,Low Value
8374,Michael Miller,Bronze,FL,3,15079.09,1675.45,2022-03-15,2024-11-12,973.0,Low Value
9857,Taylor Shepherd,Silver,GA,7,15077.71,603.11,2022-03-17,2024-08-31,898.0,Low Value
9754,Jennifer Knight,Bronze,PA,8,15076.12,430.75,2022-01-07,2024-10-26,1023.0,Low Value
6372,Danny Roth,Silver,TN,7,15073.58,753.68,2022-03-16,2024-01-17,672.0,Low Value
5711,Robert Jenkins,Silver,NY,6,15064.38,753.22,2022-08-05,2024-01-12,525.0,Low Value
3676,Mary Bates,Silver,MD,9,15062.84,627.62,2022-06-14,2024-05-27,713.0,Low Value
329,John Ramirez,Silver,WI,5,15058.09,1075.58,2022-07-27,2024-07-05,709.0,Low Value
5791,Scott Hanson,Platinum,OH,9,15056.37,836.46,2022-02-20,2024-08-29,921.0,Low Value
9517,Anthony Wright,Silver,NY,7,15052.0,578.92,2022-11-03,2024-12-31,789.0,Low Value
3276,Jesse Foster,Bronze,TN,4,15047.58,1157.51,2022-03-25,2024-06-15,813.0,Low Value
2869,John Robinson,Silver,WI,10,15045.92,683.91,2022-08-27,2024-12-05,831.0,Low Value
9743,Lisa Ibarra,Silver,MO,9,15044.09,406.6,2022-04-04,2024-03-09,705.0,Low Value
4115,Tyler Reyes,Bronze,GA,11,15038.12,485.1,2022-05-16,2024-09-22,860.0,Low Value
2917,Ellen Harper,Bronze,NJ,7,15036.69,1002.45,2022-02-06,2024-12-17,1045.0,Low Value
4620,Eric Grant,Bronze,IN,7,15036.01,485.03,2022-05-15,2024-11-10,910.0,Low Value
6031,Makayla Kirby,Gold,FL,8,15030.76,556.69,2022-02-28,2024-06-05,828.0,Low Value
3599,Teresa Mason,Platinum,WI,6,15030.22,601.21,2022-01-05,2024-11-02,1032.0,Low Value
8938,Michael Sanders,Silver,MA,8,15028.59,455.41,2022-04-06,2024-10-06,914.0,Low Value
4280,Heidi Davidson,Bronze,OH,10,15027.81,429.37,2022-08-31,2024-08-01,701.0,Low Value
7413,Gilbert Allison,Bronze,TX,7,15023.07,625.96,2022-01-01,2024-08-08,950.0,Low Value
5976,Patrick Thomas,Bronze,MI,8,15017.21,652.92,2022-01-12,2024-10-29,1021.0,Low Value
4568,Alexis Goodwin,Bronze,WI,6,15009.03,882.88,2022-01-31,2024-12-09,1043.0,Low Value
2132,Edward Castro,Silver,MD,6,15003.95,789.68,2022-11-20,2024-10-22,702.0,Low Value
7342,Michael Velazquez,Gold,MA,7,15001.87,625.08,2022-07-02,2024-10-09,830.0,Low Value
9799,Christine Olson,Platinum,AZ,10,14996.65,499.89,2022-01-20,2024-05-12,843.0,Low Value
2543,Kyle Bradley,Gold,IL,9,14995.53,468.61,2022-07-12,2024-12-30,902.0,Low Value
7105,Tammy Hall,Bronze,IN,5,14994.09,1249.51,2022-03-13,2024-10-13,945.0,Low Value
4682,Lynn Johnson,Bronze,WA,13,14992.31,394.53,2022-02-15,2024-12-20,1039.0,Low Value
8955,Brandon Ramsey,Silver,PA,8,14991.99,499.73,2022-02-28,2024-12-09,1015.0,Low Value
2115,Katherine Anderson,Bronze,WI,10,14989.51,516.88,2022-01-09,2024-09-25,990.0,Low Value
9948,Johnny Lee,Gold,TX,9,14986.84,681.22,2022-05-12,2024-07-04,784.0,Low Value
1376,James Lewis,Bronze,FL,5,14985.63,881.51,2022-05-21,2024-07-10,781.0,Low Value
838,Melissa Wilson,Silver,PA,8,14981.94,624.25,2022-03-04,2024-10-27,968.0,Low Value
5565,Traci Morales,Bronze,AZ,9,14979.77,453.93,2022-01-27,2024-12-20,1058.0,Low Value
132,Sean Smith,Platinum,WI,6,14974.27,998.28,2022-05-26,2023-12-05,558.0,Low Value
3037,Amy Barnes,Silver,NJ,8,14973.47,748.67,2022-03-18,2024-10-24,951.0,Low Value
7591,Michael Gray,Bronze,TX,13,14971.21,393.98,2022-05-17,2024-11-24,922.0,Low Value
2460,Laura Cannon,Bronze,NJ,6,14968.08,831.56,2022-01-12,2024-11-04,1027.0,Low Value
4586,Jessica Fowler,Silver,MA,12,14965.22,404.47,2022-05-05,2024-11-06,916.0,Low Value
5077,Samantha Goodman,Silver,TN,9,14964.23,534.44,2022-04-28,2024-09-06,862.0,Low Value
9798,Christy Williams,Gold,NC,7,14956.24,553.93,2022-04-08,2024-07-22,836.0,Low Value
921,Kyle Carter,Bronze,CA,10,14955.1,498.5,2022-03-19,2024-12-06,993.0,Low Value
4405,Marvin Herrera,Platinum,MO,9,14948.65,415.24,2022-05-21,2024-11-10,904.0,Low Value
3871,Jacqueline Craig,Gold,WI,5,14948.62,747.43,2022-04-26,2024-06-02,768.0,Low Value
7633,Brittany Mcdaniel,Silver,WA,11,14948.15,498.27,2022-05-13,2024-12-01,933.0,Low Value
9756,Sarah Thomas,Platinum,MO,9,14943.64,482.05,2022-08-15,2024-11-27,835.0,Low Value
1634,Gregory Pratt,Gold,TN,7,14940.66,679.12,2022-05-28,2024-11-03,890.0,Low Value
7994,Theresa Gallegos,Bronze,AZ,9,14938.75,466.84,2022-02-08,2024-12-02,1028.0,Low Value
456,Erin Liu,Bronze,CA,7,14938.1,746.9,2022-02-16,2024-04-26,800.0,Low Value
5684,Blake Wright,Bronze,VA,7,14936.16,786.11,2022-01-07,2024-06-22,897.0,Low Value
3330,William Cooper,Platinum,MA,7,14935.48,574.44,2022-08-08,2024-10-23,807.0,Low Value
7790,Elizabeth Bowen,Gold,CA,8,14932.73,678.76,2022-04-15,2024-12-06,966.0,Low Value
9288,Joseph Donaldson,Silver,MA,7,14932.2,649.23,2022-05-17,2024-10-12,879.0,Low Value
5177,Jacqueline Kennedy,Silver,TX,10,14928.39,466.51,2022-05-03,2024-11-25,937.0,Low Value
7437,Roberto Mills,Gold,MI,9,14926.04,382.72,2022-07-12,2024-12-28,900.0,Low Value
343,Jeffrey Parks,Gold,TX,7,14924.21,621.84,2022-01-09,2024-06-09,882.0,Low Value
9450,Gary Ferguson,Bronze,VA,6,14918.91,828.83,2022-02-17,2024-08-24,919.0,Low Value
7291,Amber Peters,Bronze,NC,8,14918.61,745.93,2022-01-08,2024-12-24,1081.0,Low Value
1924,Andre Decker,Gold,MI,11,14916.53,621.52,2022-08-23,2024-10-07,776.0,Low Value
8180,Kelly Brown,Bronze,IN,8,14915.63,573.68,2022-09-14,2024-07-30,685.0,Low Value
9274,Christine Green,Bronze,WA,5,14915.02,877.35,2022-10-10,2024-04-07,545.0,Low Value
6331,Jason Brown,Platinum,IL,10,14912.1,481.04,2022-01-20,2024-10-12,996.0,Low Value
7241,Lisa Wagner,Silver,PA,7,14911.6,621.32,2022-12-20,2024-10-22,672.0,Low Value
3578,Andre Smith,Bronze,VA,5,14910.61,994.04,2022-03-27,2023-08-08,499.0,Low Value
3881,Sara Wells,Platinum,IL,9,14910.01,438.53,2022-02-21,2024-04-26,795.0,Low Value
5403,Kyle Hernandez,Platinum,GA,9,14904.41,496.81,2022-02-23,2024-11-10,991.0,Low Value
9873,Madison Rush,Gold,TX,10,14902.53,513.88,2022-04-01,2024-11-24,968.0,Low Value
1091,Brittany Mcneil,Gold,FL,9,14902.11,647.92,2022-03-08,2024-11-12,980.0,Low Value
9986,Matthew Park,Bronze,FL,9,14902.06,647.92,2022-01-05,2024-11-08,1038.0,Low Value
9256,Anthony Anderson,Silver,GA,4,14901.62,876.57,2022-01-15,2023-07-21,552.0,Low Value
1991,Michael Monroe,Bronze,WA,9,14898.38,425.67,2022-02-04,2024-04-17,803.0,Low Value
3269,Matthew Gordon,Bronze,NC,8,14891.53,647.46,2022-10-31,2024-12-22,783.0,Low Value
393,Caleb Ross,Silver,TN,5,14891.09,709.1,2022-09-12,2024-12-01,811.0,Low Value
5385,Cindy Smith,Silver,TX,8,14890.66,676.85,2022-02-12,2023-10-31,626.0,Low Value
7628,Rebecca May,Platinum,FL,8,14890.04,676.82,2022-02-24,2024-12-10,1020.0,Low Value
7585,Alicia Moreno,Gold,NC,7,14888.09,875.77,2022-03-22,2023-12-17,635.0,Low Value
8563,William Hall,Silver,WI,4,14887.77,827.1,2022-05-19,2024-03-21,672.0,Low Value
843,Kelly May,Gold,AZ,10,14887.63,708.93,2022-01-02,2024-07-15,925.0,Low Value
6536,Jessica Clark,Gold,CA,9,14883.6,551.24,2022-01-26,2024-10-12,990.0,Low Value
1765,William Brooks,Gold,NY,11,14878.75,297.57,2022-05-07,2024-10-24,901.0,Low Value
1997,Rachel Gaines,Silver,NJ,7,14877.08,619.88,2022-03-01,2024-07-28,880.0,Low Value
7903,Kurt Harrison,Bronze,NJ,7,14872.62,594.9,2022-01-01,2024-05-05,855.0,Low Value
8661,Holly Parsons,Silver,WA,9,14870.39,479.69,2022-01-22,2024-11-03,1016.0,Low Value
2439,Amy Burns,Silver,TN,10,14870.26,450.61,2022-03-14,2024-12-28,1020.0,Low Value
228,Christine Galvan,Bronze,NJ,6,14868.8,826.04,2022-04-10,2024-11-23,958.0,Low Value
2017,Justin Wade,Platinum,IN,8,14868.79,826.04,2022-07-21,2024-08-26,767.0,Low Value
5,Richard Jones,Bronze,PA,9,14863.98,675.64,2022-02-16,2024-09-30,957.0,Low Value
4894,Jamie Stevenson,Silver,IL,12,14862.03,362.49,2022-02-02,2024-11-28,1030.0,Low Value
4137,Patricia Johnson,Platinum,CA,8,14861.66,594.47,2022-02-10,2024-11-28,1022.0,Low Value
3200,Jenny Johnson,Bronze,IL,9,14861.59,412.82,2022-09-08,2024-10-07,760.0,Low Value
7752,Dwayne Davis,Silver,MD,6,14860.94,782.15,2022-09-22,2024-09-24,733.0,Low Value
8734,Sally Benson,Gold,CA,9,14858.7,742.93,2022-03-09,2024-12-31,1028.0,Low Value
1244,Alan Norman,Bronze,WA,10,14856.33,401.52,2022-03-15,2024-11-09,970.0,Low Value
6160,Jonathan Fletcher,Bronze,NY,7,14855.85,707.42,2022-08-18,2024-02-11,542.0,Low Value
256,Lindsey Stephenson,Bronze,IN,9,14855.25,550.19,2022-03-11,2024-10-28,962.0,Low Value
1671,Jon Levine,Bronze,WI,8,14848.72,707.08,2022-01-07,2024-12-17,1075.0,Low Value
1679,Brett Dean,Bronze,MD,7,14847.78,593.91,2022-02-10,2024-08-06,908.0,Low Value
8376,Vicki Gonzales,Platinum,GA,8,14845.23,478.88,2022-03-07,2024-12-07,1006.0,Low Value
385,Kevin Oneal,Platinum,GA,9,14844.07,478.84,2022-02-09,2024-12-27,1052.0,Low Value
4104,Jackson Jones,Bronze,NJ,8,14843.82,570.92,2022-01-09,2024-11-20,1046.0,Low Value
8732,Elizabeth Sloan,Gold,PA,4,14841.82,989.45,2022-05-30,2024-01-04,584.0,Low Value
5256,Alexander Peterson,Silver,MO,8,14840.02,742.0,2022-01-29,2024-10-19,994.0,Low Value
6257,Kayla Taylor,Silver,WA,8,14839.26,494.64,2022-05-30,2024-07-17,779.0,Low Value
55,Daniel Gordon,Silver,MA,12,14833.95,400.92,2022-02-14,2024-08-21,919.0,Low Value
4955,Christina Kemp,Silver,WI,6,14833.23,674.24,2022-03-16,2024-08-13,881.0,Low Value
7925,Kimberly Price,Silver,NY,6,14831.61,780.61,2022-04-02,2024-07-10,830.0,Low Value
3480,Duane Bennett,Bronze,MI,10,14826.94,411.86,2022-04-29,2024-11-22,938.0,Low Value
4178,Deborah Williams,Gold,PA,9,14825.17,494.17,2022-01-22,2024-12-23,1066.0,Low Value
5568,Robert Scott,Bronze,OH,8,14820.76,617.53,2022-02-16,2024-07-05,870.0,Low Value
4537,Michael Weber,Bronze,OH,6,14820.09,511.04,2022-06-19,2024-09-22,826.0,Low Value
7142,Megan Williams,Gold,NJ,6,14807.26,616.97,2022-12-21,2024-11-24,704.0,Low Value
85,Michelle Barnes,Gold,GA,8,14806.92,616.96,2022-07-28,2024-09-30,795.0,Low Value
5306,Dale Baldwin,Bronze,MD,8,14804.72,616.86,2022-04-29,2024-11-13,929.0,Low Value
879,Kendra Gordon,Silver,PA,9,14800.38,778.97,2022-05-04,2024-10-14,894.0,Low Value
8821,Charles Mullins,Silver,TN,9,14788.2,616.18,2022-05-29,2024-07-14,777.0,Low Value
1038,Daniel Gomez,Silver,TX,10,14787.08,477.0,2022-03-11,2024-11-07,972.0,Low Value
3440,Karen Sanders,Silver,MO,9,14784.92,492.83,2022-03-10,2024-03-15,736.0,Low Value
2253,James Farmer,Bronze,NC,9,14783.49,591.34,2022-03-13,2024-12-15,1008.0,Low Value
5938,James White,Silver,AZ,6,14781.2,1055.8,2022-07-23,2024-04-04,621.0,Low Value
8266,William Matthews,Bronze,OH,7,14779.3,671.79,2022-04-13,2024-12-25,987.0,Low Value
9518,Jeremy Petty,Silver,IN,10,14775.03,410.42,2022-04-19,2024-10-02,897.0,Low Value
1110,Amanda Kane,Gold,NC,8,14771.86,615.49,2022-05-21,2024-09-15,848.0,Low Value
9113,Richard Rogers,Bronze,MD,10,14770.39,492.35,2022-05-20,2024-06-23,765.0,Low Value
927,Danielle Perez,Platinum,FL,6,14764.28,820.24,2022-06-07,2024-11-30,907.0,Low Value
33,Michael Chavez,Platinum,CA,7,14762.48,615.1,2022-02-06,2024-12-26,1054.0,Low Value
1803,Nicole Brown,Bronze,MO,7,14762.18,776.96,2022-03-08,2024-04-14,768.0,Low Value
931,Lisa Garza,Gold,TX,7,14760.07,641.74,2022-02-06,2024-06-19,864.0,Low Value
7582,Joshua White,Bronze,MO,10,14759.03,546.63,2022-02-14,2024-04-05,781.0,Low Value
3144,Shane Love,Platinum,NJ,6,14756.88,922.31,2022-09-19,2024-11-10,783.0,Low Value
5859,Paula Martin,Silver,PA,9,14753.79,546.44,2022-04-09,2024-03-21,712.0,Low Value
9930,Traci Walters,Bronze,VA,9,14753.76,475.93,2022-04-29,2024-11-20,936.0,Low Value
4138,Timothy Gallagher,Bronze,OH,8,14752.46,546.39,2022-03-04,2024-11-14,986.0,Low Value
3678,Connie Campbell,Silver,NJ,7,14751.82,526.85,2022-09-12,2024-12-09,819.0,Low Value
5662,Deanna Whitaker,Silver,OH,11,14749.05,526.75,2022-04-10,2024-09-01,875.0,Low Value
2841,Valerie Martinez,Bronze,NJ,7,14748.25,702.3,2022-05-12,2024-11-18,921.0,Low Value
498,John Bell,Silver,NJ,6,14746.13,475.68,2022-05-19,2024-11-12,908.0,Low Value
3790,Danielle Ponce,Gold,NC,8,14741.25,446.7,2022-02-27,2024-08-25,910.0,Low Value
2076,Angela Yu,Silver,NC,9,14740.16,433.53,2022-02-22,2024-12-24,1036.0,Low Value
1413,Taylor Wilson,Silver,WA,8,14739.02,526.39,2022-09-01,2024-12-05,826.0,Low Value
2570,Joel Perry,Silver,CA,5,14734.07,1227.84,2022-02-09,2024-07-22,894.0,Low Value
1136,Kelli Johnson,Gold,GA,6,14730.61,818.37,2022-05-07,2024-12-16,954.0,Low Value
3158,Mary Swanson,Gold,PA,11,14724.03,377.54,2022-05-22,2024-12-12,935.0,Low Value
1479,Christopher Arnold,Bronze,AZ,7,14723.65,736.18,2022-04-06,2024-11-07,946.0,Low Value
9211,Gary Harding,Bronze,NJ,11,14717.15,408.81,2022-03-15,2024-11-07,968.0,Low Value
4871,Sergio Baker,Bronze,TX,9,14714.73,507.4,2022-02-23,2024-04-09,776.0,Low Value
605,Jill Rosales,Bronze,OH,8,14708.11,588.32,2022-01-29,2024-09-10,955.0,Low Value
9660,Erica Weber,Silver,GA,9,14704.8,588.19,2022-12-18,2024-11-01,684.0,Low Value
4228,James Walker,Platinum,MO,7,14702.64,700.13,2022-05-16,2024-10-27,895.0,Low Value
388,Sonya Underwood,Bronze,IN,10,14699.02,408.31,2022-02-03,2024-10-24,994.0,Low Value
7687,Natasha Ramirez,Bronze,IL,15,14697.57,432.28,2022-02-14,2024-11-15,1005.0,Low Value
9296,Tammy Rodgers,Platinum,IN,7,14696.97,734.85,2022-04-02,2024-11-08,951.0,Low Value
7705,Nicole Clark,Silver,VA,8,14695.94,474.06,2022-09-02,2024-12-08,828.0,Low Value
3768,Dawn Nelson,Bronze,MO,9,14693.45,667.88,2022-01-06,2024-11-07,1036.0,Low Value
1503,Yvonne Chase,Gold,MD,4,14692.64,816.26,2022-12-09,2024-10-16,677.0,Low Value
4888,Dave Foster,Bronze,NY,10,14692.04,473.94,2022-08-25,2024-12-17,845.0,Low Value
7159,Jessica Moyer,Bronze,MD,9,14689.36,445.13,2022-12-07,2024-12-18,742.0,Low Value
2863,Thomas Rollins,Silver,VA,13,14683.97,407.89,2022-02-21,2024-08-11,902.0,Low Value
2283,Linda Rodriguez,Bronze,AZ,8,14683.65,699.22,2022-09-04,2024-07-21,686.0,Low Value
7011,Isaac Dixon,Bronze,NC,9,14680.29,543.71,2022-04-03,2024-12-19,991.0,Low Value
8005,Nathan Porter,Gold,GA,7,14670.15,733.51,2022-04-21,2024-11-25,949.0,Low Value
7865,Steven Dillon,Platinum,NJ,10,14667.43,505.77,2022-04-14,2024-08-10,849.0,Low Value
5601,Autumn Ward,Bronze,IN,12,14666.38,419.04,2022-11-20,2024-12-12,753.0,Low Value
9118,Cole Logan,Silver,NJ,12,14664.86,419.0,2022-01-26,2024-06-28,884.0,Low Value
1784,Brandon Thompson,Bronze,AZ,10,14660.84,458.15,2022-01-31,2024-11-09,1013.0,Low Value
6389,Jasmine Lloyd,Bronze,NY,8,14656.21,458.01,2022-04-05,2024-05-14,770.0,Low Value
5604,Yvette Singh,Bronze,TX,8,14655.97,523.43,2022-06-10,2024-11-07,881.0,Low Value
2826,Maria Hall,Bronze,TX,9,14655.95,523.43,2022-11-26,2024-11-28,733.0,Low Value
3436,Elizabeth Harrington,Gold,NY,11,14654.69,472.73,2022-01-24,2024-07-03,891.0,Low Value
6981,Lawrence Holt,Bronze,AZ,9,14653.85,457.93,2022-04-23,2023-12-14,600.0,Low Value
2603,John Bass,Silver,FL,10,14649.28,523.19,2022-02-09,2024-11-23,1018.0,Low Value
1440,Michaela Lee,Gold,MI,9,14645.55,732.28,2022-05-28,2024-09-29,855.0,Low Value
6639,William Ross,Bronze,MA,14,14636.76,365.92,2022-05-05,2024-12-30,970.0,Low Value
9817,Joy Higgins,Silver,GA,10,14631.23,395.44,2022-06-09,2024-07-29,781.0,Low Value
1515,Jamie Thomas,Silver,WA,9,14629.28,696.63,2022-03-06,2024-12-29,1029.0,Low Value
4591,Devon Rodriguez,Gold,MD,6,14626.52,812.58,2022-08-11,2023-11-29,475.0,Low Value
2658,Edward Padilla,Gold,VA,12,14624.93,417.86,2022-02-12,2024-10-23,984.0,Low Value
4910,Joshua Dudley,Silver,NC,10,14624.84,406.25,2022-02-01,2024-12-17,1050.0,Low Value
2007,Heather Hayden,Silver,TN,7,14624.18,635.83,2022-06-30,2024-12-06,890.0,Low Value
7595,Amber Mercer,Bronze,WI,8,14623.55,541.61,2022-03-14,2024-03-27,744.0,Low Value
1660,Stephanie Hernandez,Gold,TN,11,14623.23,430.09,2022-07-12,2024-12-26,898.0,Low Value
4549,Holly Hunter,Bronze,NJ,14,14619.78,443.02,2022-03-02,2024-12-17,1021.0,Low Value
5868,Kimberly Green,Platinum,WA,8,14619.28,769.44,2022-04-18,2024-12-07,964.0,Low Value
2975,David Cooper,Bronze,MO,8,14615.66,429.87,2022-06-26,2024-11-13,871.0,Low Value
4094,Daniel Garcia,Silver,NJ,12,14615.53,324.79,2022-03-26,2023-10-12,565.0,Low Value
8495,Amber Monroe,Bronze,IL,10,14614.95,456.72,2022-04-16,2024-12-04,963.0,Low Value
4723,Donald Garcia,Bronze,NJ,10,14607.74,584.31,2022-04-15,2024-10-07,906.0,Low Value
5852,Steven Hurst,Silver,NY,8,14605.47,561.75,2022-04-03,2024-12-08,980.0,Low Value
3313,Daniel Thomas,Gold,NY,5,14597.26,1216.44,2022-04-02,2024-12-24,997.0,Low Value
8490,Dawn Davis,Bronze,MO,5,14596.44,729.82,2022-02-08,2024-02-09,731.0,Low Value
9765,Diane Parker,Silver,WA,9,14589.63,583.59,2022-04-25,2024-11-30,950.0,Low Value
5756,Robert Garcia,Silver,MI,10,14584.84,470.48,2022-03-18,2024-10-13,940.0,Low Value
4632,Alan Fowler,Silver,GA,8,14583.81,694.47,2022-01-07,2024-12-23,1081.0,Low Value
1635,Heather Sanders,Bronze,MI,10,14581.21,470.36,2022-04-30,2024-10-15,899.0,Low Value
5298,Katherine Vasquez,Silver,VA,6,14581.18,767.43,2022-04-30,2024-06-13,775.0,Low Value
8747,Steven Anderson,Bronze,VA,10,14578.47,441.77,2022-02-25,2024-12-19,1028.0,Low Value
5049,Jennifer Hurley,Bronze,GA,8,14577.02,539.89,2022-03-17,2024-07-26,862.0,Low Value
7194,Wendy Simmons,Platinum,WI,5,14575.41,728.77,2022-04-12,2023-10-06,542.0,Low Value
7376,Kelly Miller,Gold,MI,6,14574.11,767.06,2022-09-23,2023-12-03,436.0,Low Value
2858,Christopher Chase,Gold,NJ,8,14570.37,766.86,2022-01-25,2024-05-15,841.0,Low Value
8594,Mark Wheeler,Gold,WI,10,14568.94,469.97,2022-02-16,2024-10-07,964.0,Low Value
452,Daniel Simmons,Gold,NJ,9,14568.93,428.5,2022-02-23,2024-09-26,946.0,Low Value
690,Stephen Peterson,Silver,FL,8,14566.87,455.21,2022-07-16,2024-07-08,723.0,Low Value
2203,Kayla Hawkins,Silver,MD,8,14564.29,539.42,2023-04-12,2024-11-02,570.0,Low Value
4480,Joseph Nelson,Bronze,NY,5,14562.8,633.17,2023-02-16,2024-06-17,487.0,Low Value
4384,James Young,Silver,WI,8,14556.98,559.88,2022-02-28,2024-05-31,823.0,Low Value
1211,Ann Robbins,Silver,OH,5,14555.84,727.79,2022-04-15,2024-08-26,864.0,Low Value
7892,Michelle White,Bronze,WI,9,14553.97,519.78,2022-04-26,2024-09-07,865.0,Low Value
435,Travis Miller,Bronze,FL,11,14543.42,581.74,2022-06-13,2024-10-08,848.0,Low Value
2559,Randy Porter,Silver,TN,9,14535.94,468.9,2022-03-04,2024-10-25,966.0,Low Value
7170,Daniel Medina,Gold,TX,10,14528.98,454.03,2022-01-12,2024-07-02,902.0,Low Value
5682,Shannon Case,Bronze,MD,8,14527.12,558.74,2023-01-16,2024-11-29,683.0,Low Value
2715,Susan Price,Platinum,MI,8,14527.1,500.93,2022-03-05,2024-11-10,981.0,Low Value
411,Brandi Huerta,Bronze,PA,12,14526.5,415.04,2022-01-07,2024-10-24,1021.0,Low Value
9503,Rebecca Martinez,Bronze,MI,7,14518.31,518.51,2022-10-30,2024-07-12,621.0,Low Value
899,Tammy Schwartz,Bronze,IL,8,14513.55,725.68,2022-04-08,2024-10-01,907.0,Low Value
100,Christopher Brandt,Silver,IN,8,14513.07,604.71,2022-05-01,2024-08-30,852.0,Low Value
8515,Jennifer Stewart,Silver,NJ,11,14512.86,500.44,2022-01-12,2024-09-09,971.0,Low Value
1129,Jason Bonilla,Silver,TN,7,14511.51,439.74,2022-06-20,2024-12-03,897.0,Low Value
4264,Justin Diaz,Bronze,TN,7,14509.19,690.91,2022-06-22,2024-10-15,846.0,Low Value
1468,Victoria Webb,Bronze,MA,5,14507.17,725.36,2022-05-30,2024-11-07,892.0,Low Value
9397,David Benitez,Bronze,MA,8,14505.15,763.43,2022-05-16,2023-08-18,459.0,Low Value
7157,Carolyn Anderson,Platinum,WI,7,14503.59,580.14,2022-03-20,2024-11-09,965.0,Low Value
7583,Courtney Beasley,Bronze,IN,9,14499.3,453.1,2022-01-22,2024-10-28,1010.0,Low Value
4176,Hannah Allen,Bronze,AZ,5,14499.21,604.13,2022-03-14,2024-05-12,790.0,Low Value
4509,William Daniels,Bronze,NC,8,14494.13,603.92,2022-03-22,2024-10-22,945.0,Low Value
2515,Charles White,Bronze,TX,12,14489.79,439.08,2022-05-25,2024-09-01,830.0,Low Value
7482,Mikayla Allen,Gold,AZ,8,14489.59,557.29,2022-04-30,2024-08-02,825.0,Low Value
110,Nathan Sullivan,Bronze,WI,10,14486.84,557.19,2022-01-14,2024-12-21,1072.0,Low Value
3782,Christopher Petersen,Bronze,PA,7,14486.71,762.46,2022-04-01,2024-04-24,754.0,Low Value
4645,Michelle Peterson,Silver,IN,8,14486.32,579.45,2022-02-22,2024-12-31,1043.0,Low Value
49,Jennifer Hopkins,Silver,IL,10,14485.54,517.34,2022-03-09,2024-12-18,1015.0,Low Value
7607,Rachel Silva,Silver,WI,6,14482.6,804.59,2022-08-19,2024-12-12,846.0,Low Value
2430,Colton Sanchez,Silver,NJ,9,14479.49,482.65,2022-02-11,2024-11-27,1020.0,Low Value
7792,Gregory Huang,Bronze,NJ,8,14476.05,556.77,2022-12-09,2024-11-09,701.0,Low Value
958,Martha Anthony,Silver,WA,11,14475.98,517.0,2022-06-25,2024-04-06,651.0,Low Value
6533,Lori Ramirez,Silver,MO,7,14474.62,657.94,2022-01-05,2023-12-31,725.0,Low Value
8673,Brandon Mitchell,Silver,NY,9,14470.44,516.8,2023-01-27,2024-12-10,683.0,Low Value
5787,Adam Esparza,Silver,MA,5,14465.93,657.54,2022-02-03,2024-10-29,999.0,Low Value
7235,Carmen Berg,Silver,MA,7,14463.52,602.65,2023-02-08,2023-12-02,297.0,Low Value
7668,Teresa Clements,Silver,TN,6,14457.96,657.18,2022-01-20,2024-08-31,954.0,Low Value
1482,Brent Gardner,Gold,TX,5,14451.46,656.88,2022-12-20,2024-11-20,701.0,Low Value
8359,James Garcia,Bronze,OH,10,14447.33,535.09,2022-11-22,2024-10-19,697.0,Low Value
5057,Janet Gray,Gold,GA,10,14444.6,465.95,2022-02-01,2024-12-30,1063.0,Low Value
8392,Kelly Gonzalez,Platinum,MO,8,14440.94,601.71,2022-01-30,2024-09-24,968.0,Low Value
864,Kim Beck,Silver,TN,10,14439.49,555.37,2022-02-21,2024-06-09,839.0,Low Value
8881,Krystal Chavez,Gold,MI,8,14437.16,534.71,2022-03-19,2024-12-10,997.0,Low Value
2019,Brian Weeks,Platinum,NJ,9,14436.09,555.23,2022-01-10,2024-09-19,983.0,Low Value
8342,Stephanie Weber,Silver,TX,9,14435.88,481.2,2022-05-17,2024-12-29,957.0,Low Value
4769,April Murphy,Bronze,NC,8,14429.64,601.24,2022-01-03,2024-08-27,967.0,Low Value
4545,Dustin Rodriguez,Bronze,FL,5,14426.69,759.3,2023-02-13,2024-10-24,619.0,Low Value
2542,Kenneth Dixon,Bronze,NY,6,14424.29,627.14,2022-04-12,2024-06-10,790.0,Low Value
8737,Michael Johns,Bronze,GA,7,14423.54,534.21,2022-03-30,2024-04-09,741.0,Low Value
5523,Stephen Morgan,Silver,FL,8,14420.17,412.0,2022-03-09,2024-08-09,884.0,Low Value
1932,Eric Miles,Silver,OH,13,14414.72,320.33,2022-08-21,2024-12-01,833.0,Low Value
6424,Jennifer Poole,Bronze,MI,4,14413.35,1108.72,2022-01-26,2024-08-26,943.0,Low Value
809,Andrea Fernandez,Bronze,OH,6,14408.61,626.46,2022-03-11,2024-03-20,740.0,Low Value
9516,Michael Massey,Silver,MO,5,14407.35,720.37,2023-01-14,2024-08-20,584.0,Low Value
8413,Cody Martinez,Bronze,GA,6,14406.71,626.38,2022-05-27,2024-12-23,941.0,Low Value
5764,Julie Morales,Bronze,CA,10,14405.94,400.17,2022-03-30,2024-12-22,998.0,Low Value
8478,Eric Hines,Bronze,PA,7,14403.7,900.23,2022-02-14,2024-09-05,934.0,Low Value
31,Marcus Sanchez,Silver,WA,6,14403.64,654.71,2022-01-13,2024-04-04,812.0,Low Value
3138,Sean Owen,Silver,CA,5,14403.48,847.26,2022-06-30,2024-11-16,870.0,Low Value
3826,Alison Conley,Platinum,VA,10,14401.37,533.38,2022-01-27,2024-12-28,1066.0,Low Value
2332,Katelyn Rodriguez,Bronze,MO,6,14395.46,654.34,2022-04-11,2023-08-07,483.0,Low Value
52,Derek Chavez,Platinum,TX,12,14392.72,334.71,2022-04-23,2024-11-21,943.0,Low Value
1398,Vanessa Morse,Gold,MA,7,14392.27,449.76,2022-08-11,2024-02-09,547.0,Low Value
1915,Timothy Carlson,Gold,MI,11,14391.98,342.67,2022-02-20,2024-11-11,995.0,Low Value
4172,Lori Hernandez,Gold,GA,11,14387.36,368.91,2022-02-08,2024-11-11,1007.0,Low Value
9766,Beth Brewer,Platinum,IN,8,14384.59,575.38,2022-06-07,2024-10-02,848.0,Low Value
9075,Tyler Huber,Gold,MI,7,14380.21,625.23,2022-05-20,2024-02-21,642.0,Low Value
5669,Hannah Johnson,Bronze,IL,8,14380.19,553.08,2022-03-30,2024-01-14,655.0,Low Value
8008,George Duncan,Bronze,NJ,10,14379.0,435.73,2022-01-19,2024-12-03,1049.0,Low Value
7935,Danielle Douglas,Silver,NY,6,14377.98,684.67,2022-01-14,2024-10-31,1021.0,Low Value
9809,Neil Burch,Gold,MI,7,14372.0,495.59,2022-01-19,2024-11-02,1018.0,Low Value
673,Jessica Fernandez,Silver,VA,6,14367.36,653.06,2022-01-02,2024-05-02,851.0,Low Value
869,Luis Rogers,Silver,TX,11,14367.26,463.46,2022-08-10,2024-07-21,711.0,Low Value
6377,Robert Smith,Bronze,NJ,9,14366.35,495.39,2022-02-08,2024-11-05,1001.0,Low Value
6769,Nicholas Rodriguez,Silver,NJ,7,14363.27,797.96,2023-02-04,2024-09-08,582.0,Low Value
1098,Jason Rivera,Gold,AZ,7,14363.16,512.97,2022-02-19,2024-12-04,1019.0,Low Value
7363,Randall Weaver,Platinum,MI,6,14361.93,957.46,2022-02-02,2024-12-26,1058.0,Low Value
1499,Christopher Smith,Silver,VA,7,14361.82,574.47,2022-01-17,2024-06-02,867.0,Low Value
6546,Jennifer Roberts,Silver,GA,15,14359.44,319.1,2022-01-26,2024-09-10,958.0,Low Value
327,Kenneth Brown,Gold,NJ,9,14356.98,495.07,2022-06-26,2024-07-23,758.0,Low Value
3658,Karen Taylor,Gold,MD,7,14356.75,598.2,2022-03-07,2024-11-14,983.0,Low Value
3216,Steven Watts,Gold,IN,11,14356.14,495.04,2022-12-25,2024-12-29,735.0,Low Value
6764,Shelby Collins,Bronze,WA,8,14353.64,683.51,2022-07-06,2024-12-03,881.0,Low Value
3890,Alexandria White,Gold,IN,9,14352.3,624.01,2022-07-05,2024-09-05,793.0,Low Value
588,Connie Rodriguez,Gold,WA,9,14350.43,434.86,2022-03-15,2024-11-02,963.0,Low Value
6672,Maria Stephens,Gold,CA,2,14349.16,1594.35,2022-12-01,2023-12-05,369.0,Low Value
2532,Lorraine Sanchez,Silver,FL,7,14348.57,1103.74,2022-08-28,2024-04-06,587.0,Low Value
827,Danielle Conley,Silver,TN,13,14342.36,377.43,2022-01-01,2024-10-13,1016.0,Low Value
490,Joseph Jones,Silver,WA,8,14331.2,551.2,2022-12-25,2024-07-26,579.0,Low Value
7521,Walter Walters,Bronze,FL,9,14330.39,447.82,2022-01-29,2024-06-08,861.0,Low Value
1553,David Leach,Silver,WA,8,14328.17,530.67,2023-02-16,2024-08-29,560.0,Low Value
3375,Cheryl Alvarez,Gold,NC,8,14324.08,462.07,2022-01-15,2024-12-24,1074.0,Low Value
154,Andrew Green,Bronze,WI,10,14320.72,421.2,2022-02-27,2024-09-09,925.0,Low Value
9470,Brandi Brown,Silver,OH,8,14316.97,622.48,2022-03-05,2024-12-27,1028.0,Low Value
7821,Tony Kerr,Bronze,GA,9,14314.08,511.22,2022-03-26,2024-08-30,888.0,Low Value
5105,Carlos Charles,Silver,TN,6,14312.5,795.14,2022-04-06,2024-01-29,663.0,Low Value
1998,Brenda Wilson,Bronze,WI,10,14311.19,530.04,2022-04-24,2024-06-23,791.0,Low Value
9461,Joshua Howe,Silver,VA,4,14308.22,953.88,2022-10-03,2024-06-05,611.0,Low Value
7003,Sierra Torres,Platinum,MD,14,14302.9,376.39,2022-01-03,2024-10-23,1024.0,Low Value
9343,Alex Collins,Bronze,MO,8,14299.84,510.71,2022-08-20,2024-12-03,836.0,Low Value
6707,Jerry Jackson,Silver,NJ,11,14296.02,510.57,2022-04-24,2024-11-11,932.0,Low Value
1150,Colleen Thompson,Platinum,PA,9,14292.02,649.64,2022-02-24,2024-12-11,1021.0,Low Value
7642,James Johnson,Gold,OH,7,14289.26,460.94,2022-02-22,2023-12-17,663.0,Low Value
2517,David Green,Platinum,MI,9,14283.59,476.12,2022-02-17,2023-10-03,593.0,Low Value
8692,Richard Gonzalez,Bronze,MI,8,14281.56,714.08,2022-03-24,2024-10-01,922.0,Low Value
8906,Jason Thomas,Silver,PA,7,14278.02,679.91,2022-01-26,2024-10-05,983.0,Low Value
6085,Alyssa Brown,Gold,TN,9,14276.99,509.89,2022-01-19,2024-10-02,987.0,Low Value
9980,Michael Miles,Gold,NJ,10,14273.75,492.2,2022-01-10,2024-12-05,1060.0,Low Value
8073,David Torres,Bronze,MO,6,14272.37,620.54,2022-09-02,2024-07-26,693.0,Low Value
8514,Karen Pearson,Silver,IL,6,14271.76,648.72,2022-03-03,2024-12-23,1026.0,Low Value
6131,Kelsey Cook,Platinum,OH,7,14267.51,570.7,2022-06-23,2024-12-05,896.0,Low Value
6220,Christina Thompson,Bronze,AZ,11,14267.35,385.6,2022-12-01,2024-12-22,752.0,Low Value
2913,Joe Bright,Silver,AZ,6,14265.62,750.82,2022-10-18,2024-08-04,656.0,Low Value
4217,Fernando Smith,Silver,NY,11,14263.99,475.47,2022-05-30,2024-11-16,901.0,Low Value
4872,Lindsey Floyd,Bronze,OH,5,14261.24,838.9,2022-06-13,2024-10-16,856.0,Low Value
3078,Lauren Sanders,Silver,NY,9,14259.8,648.17,2022-03-10,2024-12-26,1022.0,Low Value
4675,Sean Sanders,Bronze,GA,11,14258.07,365.59,2022-02-08,2024-12-09,1035.0,Low Value
7148,Christopher Hayes,Bronze,TX,7,14257.27,491.63,2022-01-23,2024-08-09,929.0,Low Value
5828,Timothy Ramsey,Gold,IN,8,14247.91,491.31,2022-02-05,2024-12-20,1049.0,Low Value
7106,Cody Pitts,Gold,CA,13,14246.69,385.05,2022-05-18,2024-11-22,919.0,Low Value
5392,Tiffany White,Gold,AZ,7,14244.63,647.48,2022-03-08,2024-02-14,708.0,Low Value
8856,Stephanie Park,Bronze,VA,5,14239.34,1017.1,2022-03-19,2024-12-13,1000.0,Low Value
2391,Michael Larson,Gold,TX,13,14237.39,374.67,2022-11-29,2024-08-25,635.0,Low Value
4863,Vickie Clarke,Gold,NY,6,14234.01,618.87,2022-06-02,2024-09-29,850.0,Low Value
8357,Christine Hayden,Platinum,GA,6,14225.95,948.4,2022-03-14,2024-10-23,954.0,Low Value
5209,Shari Moore,Platinum,MO,7,14224.36,618.45,2022-01-15,2024-09-16,975.0,Low Value
1096,Tyler Davis,Bronze,PA,5,14223.24,711.16,2022-02-23,2023-11-05,620.0,Low Value
6319,James Montgomery,Bronze,MA,11,14222.68,346.89,2022-02-05,2024-06-04,850.0,Low Value
3445,Carol Quinn,Bronze,PA,10,14221.7,418.29,2022-01-27,2024-08-13,929.0,Low Value
4834,Kenneth Mathis,Platinum,GA,9,14221.35,711.07,2022-03-12,2024-08-04,876.0,Low Value
328,Marisa Mclaughlin,Bronze,MD,7,14203.56,617.55,2022-04-05,2024-12-31,1001.0,Low Value
8480,Pamela Miller,Bronze,MA,9,14201.49,546.21,2022-01-04,2024-12-01,1062.0,Low Value
7428,Karen Mills,Silver,MA,9,14199.89,383.78,2022-01-10,2024-09-17,981.0,Low Value
1427,Natasha Williams,Gold,IN,7,14194.66,567.79,2022-03-10,2024-11-17,983.0,Low Value
578,Jennifer Lawson,Silver,TX,9,14189.82,545.76,2022-03-15,2024-09-18,918.0,Low Value
1377,Diana Cruz,Platinum,MA,4,14187.78,945.85,2022-01-04,2024-10-16,1016.0,Low Value
6488,Eric Villanueva,Silver,IN,6,14185.6,746.61,2022-08-13,2024-02-03,539.0,Low Value
3333,Kenneth Wilson,Bronze,PA,9,14184.61,457.57,2022-03-19,2024-08-29,894.0,Low Value
4612,Sharon Gardner,Gold,TN,7,14183.62,709.18,2022-07-07,2024-11-16,863.0,Low Value
2306,Ricky Rogers,Silver,AZ,7,14181.41,567.26,2022-01-14,2024-04-25,832.0,Low Value
3109,Rebecca Mann,Platinum,TN,10,14175.48,405.01,2022-06-07,2024-07-11,765.0,Low Value
4884,Mark Rogers,Bronze,GA,7,14172.54,590.52,2022-01-03,2024-04-23,841.0,Low Value
6778,Gregory Kirk,Silver,PA,8,14170.75,566.83,2022-02-12,2024-06-24,863.0,Low Value
3342,Erin Tyler,Gold,NC,7,14170.23,674.77,2022-06-29,2024-07-06,738.0,Low Value
4800,Anthony Cooke,Bronze,MA,6,14158.95,643.59,2022-07-26,2024-05-19,663.0,Low Value
2906,Robert Hickman,Bronze,NJ,8,14156.61,589.86,2022-06-02,2024-12-22,934.0,Low Value
3139,Cynthia Johnson,Silver,CA,7,14152.31,832.49,2022-01-26,2024-06-07,863.0,Low Value
2958,Lisa Smith,Silver,FL,10,14147.01,523.96,2022-02-07,2024-04-21,804.0,Low Value
978,Steven Smith,Silver,NJ,12,14144.98,404.14,2022-02-03,2024-01-17,713.0,Low Value
939,Caleb Mitchell,Platinum,MI,13,14143.21,336.74,2022-03-06,2024-10-27,966.0,Low Value
9231,Juan Young,Gold,NY,8,14142.0,589.25,2022-06-20,2024-09-18,821.0,Low Value
4126,Amber Perez,Bronze,PA,9,14140.99,589.21,2022-01-16,2024-04-07,812.0,Low Value
7651,Kathryn Morris,Bronze,WI,9,14140.72,428.51,2022-01-03,2024-12-14,1076.0,Low Value
4109,Brianna Morris,Silver,GA,11,14131.11,455.84,2022-02-15,2024-12-26,1045.0,Low Value
6397,Robert Johnson,Silver,MI,7,14129.84,523.33,2023-03-05,2024-09-06,551.0,Low Value
8220,Amanda Murray,Silver,NY,10,14126.35,415.48,2022-05-05,2024-05-07,733.0,Low Value
6662,Joseph Thompson,Bronze,MD,6,14124.61,564.98,2022-10-09,2024-09-21,713.0,Low Value
437,Robert Pierce,Bronze,VA,11,14117.28,441.17,2022-03-30,2024-09-21,906.0,Low Value
7415,Kelly Gonzales,Gold,MA,3,14116.29,1764.54,2022-07-28,2024-10-26,821.0,Low Value
6105,Kirsten Stewart,Gold,OH,5,14116.16,613.75,2022-06-26,2024-04-24,668.0,Low Value
8346,Candace Crawford,Gold,OH,4,14113.51,940.9,2022-02-08,2024-11-04,1000.0,Low Value
6701,Kaitlin Chan,Bronze,TX,6,14113.36,705.67,2022-09-10,2024-06-13,642.0,Low Value
5607,Jessica Melton,Bronze,OH,7,14111.81,1007.99,2022-08-19,2024-12-26,860.0,Low Value
2441,Jessica Madden,Gold,TN,10,14105.31,381.22,2022-04-11,2024-06-26,807.0,Low Value
8382,Jennifer Fox,Bronze,IL,5,14089.41,1083.8,2022-03-15,2024-08-23,892.0,Low Value
8866,Alexander Welch,Gold,MD,7,14087.58,741.45,2023-02-13,2024-11-14,640.0,Low Value
3229,William Davis,Silver,MO,10,14082.62,502.95,2022-01-31,2024-10-24,997.0,Low Value
6336,Alexis West,Bronze,MD,9,14079.49,402.27,2022-05-20,2024-10-21,885.0,Low Value
9025,Michael Landry,Silver,MO,7,14075.09,611.96,2022-04-25,2024-09-21,880.0,Low Value
7158,James Meyers,Bronze,NC,10,14073.91,413.94,2022-03-07,2024-09-05,913.0,Low Value
3190,Luis Oneill,Silver,WA,13,14073.41,312.74,2022-07-07,2024-09-26,812.0,Low Value
5086,Patrick Duncan,Silver,WA,7,14070.7,541.18,2022-03-10,2024-05-25,807.0,Low Value
4962,Christopher Anderson,Silver,AZ,5,14070.65,1005.05,2022-12-14,2023-10-26,316.0,Low Value
4735,Tina York,Gold,MD,4,14066.26,1406.63,2022-11-10,2024-02-11,458.0,Low Value
3143,Brandon Hopkins,Gold,AZ,7,14053.54,611.02,2022-01-06,2024-09-23,991.0,Low Value
877,Robert Brock,Bronze,FL,7,14050.22,501.79,2022-01-27,2024-12-11,1049.0,Low Value
1200,Kyle Flores,Gold,WI,10,14048.15,360.21,2022-05-01,2024-11-07,921.0,Low Value
6367,Linda Brock,Silver,MD,6,14047.91,702.4,2022-09-05,2024-05-08,611.0,Low Value
5235,Christopher Shaw,Bronze,CA,6,14047.09,501.68,2022-03-28,2024-11-27,975.0,Low Value
7322,Emily Sharp,Bronze,MA,8,14046.92,468.23,2022-04-12,2024-12-02,965.0,Low Value
4958,Laura Kennedy,Bronze,MI,6,14043.41,540.13,2022-05-21,2024-03-31,680.0,Low Value
6816,Omar Hale,Bronze,WI,9,14042.17,438.82,2022-03-03,2023-10-24,600.0,Low Value
3137,Rachel Berry,Bronze,MI,7,14032.58,539.71,2022-07-20,2024-08-16,758.0,Low Value
8440,Christopher Garcia,Bronze,WI,6,14028.23,561.13,2022-08-29,2024-09-08,741.0,Low Value
7775,Gregory Sanchez,Bronze,NC,10,14023.98,500.86,2022-05-17,2024-08-24,830.0,Low Value
6191,Cody Munoz,Gold,IL,7,14022.99,701.15,2022-02-15,2024-12-21,1040.0,Low Value
4477,Brandi Alvarez,Gold,WA,10,14014.44,467.15,2022-07-12,2024-03-23,620.0,Low Value
3504,Laura Foster,Bronze,TN,11,14013.13,359.31,2022-04-12,2024-12-15,978.0,Low Value
5666,Jonathan Howard,Gold,IL,11,14011.74,483.16,2022-06-04,2024-11-15,895.0,Low Value
6767,Leslie Schroeder,Silver,IL,9,14006.16,451.81,2022-01-07,2024-11-12,1040.0,Low Value
2396,Tonya Simon,Silver,IN,6,14005.99,700.3,2022-04-05,2024-12-25,995.0,Low Value
9474,Michelle Weaver,Bronze,IN,10,14003.46,482.88,2022-02-10,2024-11-15,1009.0,Low Value
1370,Kimberly Lawrence,Silver,AZ,7,14001.71,451.67,2022-12-13,2024-01-26,409.0,Low Value
3459,Whitney Walters,Silver,MA,8,13999.99,466.67,2022-03-28,2024-06-29,824.0,Low Value
9131,Brianna Bowen,Gold,NY,8,13990.81,499.67,2022-02-14,2024-08-11,909.0,Low Value
9652,Carlos Marshall,Silver,NC,10,13986.79,368.07,2022-02-06,2024-08-09,915.0,Low Value
4088,Robert Hughes,Gold,AZ,9,13986.34,582.76,2022-01-17,2024-12-12,1060.0,Low Value
9524,Joseph Lewis,Gold,IN,9,13982.57,699.13,2022-01-04,2024-07-15,923.0,Low Value
9969,Jacob Allen,Silver,OH,6,13979.07,735.74,2022-04-24,2024-02-18,665.0,Low Value
7135,Mary Garcia,Platinum,CA,6,13975.43,582.31,2022-08-09,2024-10-25,808.0,Low Value
3122,David Mclaughlin,Silver,CA,10,13974.6,465.82,2022-09-02,2024-12-04,824.0,Low Value
4208,Tyler Cooper,Platinum,NJ,10,13970.03,410.88,2022-04-25,2024-12-12,962.0,Low Value
7919,John Marshall,Silver,NY,6,13968.6,997.76,2022-03-22,2024-12-31,1015.0,Low Value
2169,Peter Young,Bronze,AZ,5,13965.42,735.02,2022-12-25,2024-02-17,419.0,Low Value
1589,Lisa Fry,Bronze,MI,7,13964.4,664.97,2022-01-17,2024-10-22,1009.0,Low Value
1860,John Harmon,Silver,WA,8,13958.65,664.7,2022-02-03,2024-12-09,1040.0,Low Value
3066,Luis Farrell,Bronze,TX,7,13957.77,558.31,2022-02-14,2024-09-08,937.0,Low Value
143,Sara Long,Silver,WI,7,13956.93,465.23,2022-01-18,2023-09-06,596.0,Low Value
5767,Madison Randolph,Platinum,IL,6,13956.57,581.52,2022-09-26,2024-07-17,660.0,Low Value
986,Andrew Craig,Gold,WA,7,13956.02,664.57,2022-02-02,2024-03-25,782.0,Low Value
9776,Jenna Thomas,Silver,FL,4,13953.29,1395.33,2023-01-13,2024-02-29,412.0,Low Value
8419,Erica Valdez,Bronze,WI,6,13953.11,664.43,2023-05-26,2024-12-09,563.0,Low Value
6616,Randall Hill,Bronze,IL,5,13952.49,775.14,2022-12-08,2024-03-10,458.0,Low Value
956,Eric Barton,Silver,AZ,10,13948.81,516.62,2022-01-01,2024-11-15,1049.0,Low Value
459,Leonard Myers,Bronze,WA,12,13947.51,340.18,2022-03-11,2024-02-11,702.0,Low Value
2962,Paul Smith,Silver,WA,7,13945.04,606.31,2022-01-11,2024-06-19,890.0,Low Value
489,Deborah Dennis,Platinum,VA,10,13938.55,435.58,2022-01-12,2023-11-28,685.0,Low Value
3822,Timothy Cunningham,Bronze,NY,6,13936.1,516.15,2022-02-09,2024-01-14,704.0,Low Value
9092,Robert Perez,Silver,CA,10,13935.74,387.1,2022-03-01,2024-11-07,982.0,Low Value
4269,Christopher Hernandez,Bronze,TN,8,13933.33,464.44,2022-01-18,2024-12-29,1076.0,Low Value
6059,Christopher Smith,Gold,NJ,7,13927.65,605.55,2022-01-30,2024-07-26,908.0,Low Value
1545,Rachel Holmes,Silver,MO,7,13922.27,535.47,2022-01-22,2024-01-19,727.0,Low Value
6408,Annette Francis,Silver,CA,6,13914.89,732.36,2022-10-08,2024-07-14,645.0,Low Value
4397,Karen Thomas,Silver,MO,7,13914.01,535.15,2022-01-22,2024-06-26,886.0,Low Value
8633,Paul Ellis,Bronze,TX,6,13907.55,993.4,2022-05-29,2024-09-30,855.0,Low Value
4421,Donald Hurst,Silver,PA,5,13901.43,868.84,2022-01-15,2024-07-29,926.0,Low Value
4083,Jon Grant,Bronze,MO,7,13891.44,479.02,2022-03-25,2024-12-10,991.0,Low Value
5148,Gina Shea,Bronze,NC,5,13888.69,816.98,2022-03-04,2024-03-12,739.0,Low Value
6385,Judith Wade,Gold,VA,6,13882.45,771.25,2022-01-25,2024-10-13,992.0,Low Value
1295,Veronica Phillips,Bronze,WA,8,13879.29,514.05,2022-01-20,2024-12-30,1075.0,Low Value
2374,Paul Hayes,Silver,PA,5,13873.18,603.18,2022-04-15,2024-02-25,681.0,Low Value
8555,Erin Hughes,Silver,WA,5,13872.73,770.71,2023-08-11,2024-12-16,493.0,Low Value
3257,Tami Williams,Silver,IL,8,13872.7,693.63,2022-07-16,2024-03-19,612.0,Low Value
2610,William Medina,Platinum,FL,8,13868.37,577.85,2022-01-08,2024-06-02,876.0,Low Value
1691,Bradley Jimenez,Bronze,MA,9,13866.94,407.85,2022-01-05,2024-08-06,944.0,Low Value
3140,Nicole Perkins,Gold,PA,8,13865.58,513.54,2022-02-19,2024-11-02,987.0,Low Value
1907,Sarah Johnson,Gold,AZ,7,13865.14,602.83,2022-04-30,2024-11-25,940.0,Low Value
4790,Tammy Weaver,Gold,FL,7,13858.61,629.94,2022-04-26,2024-11-13,932.0,Low Value
1977,Matthew Thompson,Gold,WA,7,13855.72,629.81,2022-03-16,2024-12-14,1004.0,Low Value
2707,Jeremy Doyle,Silver,VA,9,13854.85,494.82,2022-06-23,2024-10-03,833.0,Low Value
5437,Philip Schmitt,Bronze,TN,8,13841.89,576.75,2022-03-13,2024-12-29,1022.0,Low Value
7519,James Erickson,Silver,PA,10,13838.7,512.54,2022-07-26,2024-12-15,873.0,Low Value
5017,Sara Clark,Silver,AZ,9,13837.11,494.18,2022-11-24,2024-11-08,715.0,Low Value
4707,Kevin Woodward,Bronze,MD,5,13833.96,628.82,2022-01-24,2024-11-09,1020.0,Low Value
6602,Amanda Smith,Silver,VA,6,13833.6,1064.12,2022-05-11,2024-09-04,847.0,Low Value
6186,Thomas Villa,Platinum,TX,7,13831.7,512.29,2022-10-10,2024-10-05,726.0,Low Value
4037,Darlene Hardin,Silver,MA,12,13830.22,363.95,2022-02-18,2024-12-16,1032.0,Low Value
1033,Eric Brooks,Bronze,TN,8,13828.68,576.2,2022-10-01,2024-11-11,772.0,Low Value
5798,Vincent Ramos,Bronze,MA,5,13827.01,628.5,2022-01-30,2024-01-10,710.0,Low Value
1148,Jason Johnston,Gold,WI,10,13826.01,476.76,2022-10-15,2024-10-25,741.0,Low Value
9818,Gregory Gilbert,Bronze,MD,8,13825.87,601.12,2022-08-10,2024-07-24,714.0,Low Value
4687,Alexis Nixon,Bronze,VA,7,13825.57,476.74,2022-09-01,2024-12-15,836.0,Low Value
5897,Kristy Anderson,Bronze,OH,9,13820.5,575.85,2022-05-11,2024-07-26,807.0,Low Value
6540,Chloe Ortiz,Platinum,NJ,5,13818.85,690.94,2022-06-19,2024-05-07,688.0,Low Value
2243,Douglas Davis,Gold,NY,12,13816.21,445.68,2022-01-08,2024-10-17,1013.0,Low Value
6963,William Hall,Bronze,MI,7,13811.64,418.53,2022-09-01,2024-02-12,529.0,Low Value
1600,Joseph Donaldson,Platinum,OH,9,13807.41,460.25,2022-11-04,2024-10-21,717.0,Low Value
7621,Amy Kelley,Bronze,GA,9,13806.7,600.29,2022-01-07,2024-10-10,1007.0,Low Value
887,Maurice Turner,Bronze,VA,7,13806.32,511.35,2022-03-12,2023-08-01,507.0,Low Value
4614,Angela Blevins,Silver,PA,11,13799.55,492.84,2022-02-03,2024-05-02,819.0,Low Value
8197,Nicholas Johnson,Silver,MO,12,13799.24,363.14,2022-04-02,2024-05-24,783.0,Low Value
6517,Amanda Robinson,Platinum,MD,4,13796.19,766.46,2023-04-12,2024-08-14,490.0,Low Value
1549,Jared Sutton,Bronze,MA,10,13791.38,551.66,2022-01-18,2024-12-28,1075.0,Low Value
989,Christopher Turner,Bronze,FL,12,13783.86,353.43,2022-04-04,2024-12-09,980.0,Low Value
699,Carl Wiggins,Gold,NJ,8,13780.24,393.72,2022-01-28,2024-08-13,928.0,Low Value
6589,Kathleen Thomas,Silver,IN,8,13777.2,599.01,2022-03-08,2024-03-26,749.0,Low Value
1817,Paul Vasquez,Bronze,TN,5,13774.24,918.28,2022-09-10,2024-03-23,560.0,Low Value
9333,Justin Castro,Gold,MO,9,13763.26,509.75,2022-03-03,2024-12-03,1006.0,Low Value
9459,Derrick Hernandez,Silver,GA,7,13759.19,655.2,2022-03-21,2024-10-20,944.0,Low Value
7296,Benjamin Fry,Bronze,VA,6,13757.06,573.21,2022-08-11,2024-11-08,820.0,Low Value
4351,Stephanie Patel,Silver,NC,8,13753.77,573.07,2022-03-03,2024-10-31,973.0,Low Value
4751,Jeremy Smith,Bronze,CA,7,13750.33,625.01,2022-02-28,2023-10-29,608.0,Low Value
8838,Gregory Torres,Silver,PA,9,13749.89,404.41,2022-03-26,2024-12-06,986.0,Low Value
3576,Robert Morris,Platinum,PA,7,13746.54,687.33,2022-03-27,2024-09-29,917.0,Low Value
5997,Kaitlyn Bailey,Silver,TX,8,13743.42,723.34,2022-03-03,2024-09-14,926.0,Low Value
9657,Kevin Bishop,Silver,NC,9,13743.42,528.59,2022-01-07,2024-11-09,1037.0,Low Value
4367,Meghan Coleman,Platinum,AZ,5,13737.26,490.62,2022-02-18,2024-12-18,1034.0,Low Value
4522,Gene Lowery,Silver,TX,10,13735.9,572.33,2022-08-17,2024-11-11,817.0,Low Value
8138,William Nunez,Silver,NJ,5,13733.46,762.97,2022-03-12,2023-08-08,514.0,Low Value
5294,Kristi Williams,Silver,PA,7,13732.62,686.63,2022-05-03,2024-07-02,791.0,Low Value
6760,Taylor Wilson,Bronze,NC,5,13729.99,858.12,2022-05-20,2024-10-05,869.0,Low Value
1862,Jeremy Gray,Silver,NJ,8,13726.31,571.93,2022-02-10,2024-03-10,759.0,Low Value
1493,Teresa Browning,Silver,NJ,7,13725.47,473.29,2022-03-08,2024-02-03,697.0,Low Value
6011,Brian Harris,Bronze,FL,9,13723.98,596.69,2022-03-29,2024-11-08,955.0,Low Value
1985,Donald Mitchell,Gold,OH,5,13723.26,722.28,2022-01-01,2024-12-18,1082.0,Low Value
6495,Patricia Santiago,Platinum,NC,6,13721.42,623.7,2022-07-13,2024-12-29,900.0,Low Value
5932,Jessica Downs,Silver,CA,11,13719.41,403.51,2022-03-05,2024-11-08,979.0,Low Value
523,Maria Becker,Silver,NY,9,13719.4,527.67,2022-01-21,2024-08-20,942.0,Low Value
7294,Daniel Marshall,Platinum,PA,5,13717.31,721.96,2022-01-10,2024-09-26,990.0,Low Value
4005,Jill Wiggins,Bronze,VA,7,13709.83,806.46,2022-02-14,2024-04-10,786.0,Low Value
1167,Stanley Price,Silver,FL,5,13708.61,979.19,2022-05-15,2024-05-29,745.0,Low Value
8368,Richard Mejia,Silver,GA,7,13707.37,685.37,2022-01-11,2024-05-17,857.0,Low Value
4415,Amy Wilson,Silver,CA,11,13706.31,428.32,2022-02-25,2024-10-01,949.0,Low Value
3006,Emma Lawson,Platinum,IN,7,13705.06,442.1,2022-11-22,2024-08-18,635.0,Low Value
5494,Jose Odom,Silver,MD,12,13704.04,428.25,2022-04-23,2024-08-15,845.0,Low Value
2218,Douglas Keller,Gold,MD,6,13697.73,805.75,2022-12-02,2023-05-21,170.0,Low Value
7203,Thomas Spencer,Bronze,NJ,6,13697.17,805.72,2022-01-02,2024-11-19,1052.0,Low Value
575,Keith Patel,Silver,MA,9,13696.55,428.02,2022-03-07,2024-10-27,965.0,Low Value
4487,Scott Brooks,Gold,NY,13,13695.1,402.8,2022-01-08,2024-10-26,1022.0,Low Value
3889,Nicole White,Bronze,MA,4,13693.45,720.71,2024-08-29,2024-12-21,114.0,Low Value
2327,James Powers,Gold,FL,9,13692.53,472.16,2022-03-23,2024-12-21,1004.0,Low Value
3627,Mary Schneider,Silver,TX,9,13689.4,456.31,2022-01-22,2024-11-25,1038.0,Low Value
752,Joseph Moore,Gold,MD,8,13682.72,526.26,2022-02-24,2024-12-24,1034.0,Low Value
8951,Ronald Mcneil,Platinum,CA,6,13679.19,977.09,2022-06-16,2024-03-21,644.0,Low Value
4035,Yolanda Dawson,Bronze,OH,7,13678.74,547.15,2022-01-01,2024-08-22,964.0,Low Value
4027,Cathy Lee,Bronze,MD,6,13670.45,683.52,2022-06-16,2024-12-12,910.0,Low Value
7430,Connie Dixon,Bronze,IL,7,13669.28,506.27,2022-03-27,2024-02-23,698.0,Low Value
4059,Tim Skinner,Gold,GA,6,13668.98,569.54,2022-09-02,2024-10-26,785.0,Low Value
336,Tiffany Lambert,Silver,AZ,9,13668.87,506.25,2022-03-31,2024-12-15,990.0,Low Value
8158,Cassandra Fisher,Silver,IL,10,13668.5,440.92,2022-01-10,2024-07-10,912.0,Low Value
1418,Christie Jordan,Silver,AZ,9,13666.23,569.43,2022-08-07,2024-03-10,581.0,Low Value
1622,Jay Flores,Bronze,NY,7,13659.13,620.87,2022-08-01,2024-07-13,712.0,Low Value
5807,Melissa Ramsey,Gold,IL,6,13656.03,593.74,2022-10-20,2024-11-08,750.0,Low Value
326,Todd Esparza,Silver,OH,8,13652.16,593.57,2022-03-06,2024-11-17,987.0,Low Value
9753,Jeffrey Harvey,Gold,MA,8,13650.53,413.65,2022-11-16,2024-08-16,639.0,Low Value
8522,Thomas Gonzalez,Bronze,CA,9,13648.91,524.96,2022-03-29,2024-11-28,975.0,Low Value
9078,Colton Taylor,Bronze,FL,5,13646.82,758.16,2022-08-01,2023-09-11,406.0,Low Value
8378,Spencer Campbell,Bronze,MA,7,13646.68,505.43,2022-05-10,2024-09-01,845.0,Low Value
8274,Stacey Wolfe,Bronze,MD,7,13644.77,593.25,2022-03-20,2024-09-23,918.0,Low Value
7749,Michael Hines,Platinum,CA,9,13644.45,470.5,2022-03-08,2024-06-29,844.0,Low Value
3052,Logan Jackson,Bronze,NY,4,13642.65,974.48,2023-04-24,2024-01-03,254.0,Low Value
4720,Lisa Wilson,Silver,WA,7,13641.47,545.66,2023-03-16,2024-12-03,628.0,Low Value
8910,Rachel Davis,Bronze,MO,6,13633.11,649.2,2022-05-04,2024-04-03,700.0,Low Value
7005,Karen Buck,Bronze,WI,8,13623.92,486.57,2022-04-24,2023-07-13,445.0,Low Value
4919,Christopher Pace,Platinum,NJ,7,13622.76,681.14,2022-03-17,2024-08-06,873.0,Low Value
1036,Rachel Peterson,Bronze,GA,8,13622.51,400.66,2022-05-18,2024-07-12,786.0,Low Value
2084,Kelly Smith,Bronze,GA,7,13620.22,469.66,2022-03-23,2024-10-11,933.0,Low Value
7357,Pamela Banks,Gold,MD,8,13614.76,648.32,2022-01-04,2024-05-06,853.0,Low Value
807,Stanley Mcdowell,Bronze,MI,9,13610.9,567.12,2022-03-14,2024-12-30,1022.0,Low Value
6466,Sara Hernandez,Bronze,MA,8,13609.72,439.02,2022-04-13,2024-06-17,796.0,Low Value
2879,Bobby Reynolds,Bronze,GA,7,13606.26,566.93,2022-03-30,2024-10-06,921.0,Low Value
6072,Gerald Hawkins,Bronze,TX,8,13603.86,523.23,2022-01-25,2024-10-04,983.0,Low Value
7745,Sheila Graham,Platinum,NC,6,13601.44,800.08,2022-04-07,2024-02-24,688.0,Low Value
3221,Theresa Navarro,Platinum,IN,10,13596.42,438.59,2023-02-04,2024-11-17,652.0,Low Value
9601,Paul Nelson,Platinum,NC,11,13595.9,503.55,2022-07-18,2024-11-18,854.0,Low Value
2299,Cynthia Garcia,Silver,VA,9,13593.94,424.81,2022-01-29,2024-12-16,1052.0,Low Value
7172,Amy Aguilar,Platinum,IN,6,13593.37,715.44,2022-05-25,2024-11-13,903.0,Low Value
4287,Travis Scott,Gold,FL,9,13592.52,590.98,2022-05-03,2024-11-27,939.0,Low Value
9896,Jennifer Warner,Silver,TX,8,13587.27,522.59,2022-04-08,2024-07-11,825.0,Low Value
8395,Melanie Hill,Gold,NY,10,13587.15,485.26,2022-03-06,2024-12-06,1006.0,Low Value
3529,Raymond Shaffer,Silver,NC,7,13582.3,565.93,2022-02-17,2024-05-11,814.0,Low Value
6413,Steven Bryan,Bronze,MA,9,13579.05,424.35,2022-09-16,2024-04-30,592.0,Low Value
6062,Haley Elliott,Gold,VA,5,13575.21,714.48,2022-03-23,2024-12-15,998.0,Low Value
5775,Vickie Carrillo,Bronze,CA,7,13573.78,754.1,2022-01-05,2024-12-22,1082.0,Low Value
5096,Lisa Johnson,Bronze,NY,10,13573.23,377.03,2022-03-28,2024-09-23,910.0,Low Value
1257,Joan Tran,Gold,CA,8,13569.41,521.9,2022-04-25,2024-12-09,959.0,Low Value
4526,Gary Murphy,Bronze,NC,9,13568.35,452.28,2022-02-21,2024-12-02,1015.0,Low Value
4717,Robert Hurst,Silver,OH,5,13568.14,798.13,2022-11-14,2024-05-20,553.0,Low Value
7972,Nicole Johnson,Gold,FL,8,13567.06,589.87,2022-10-24,2024-08-14,660.0,Low Value
834,Carol White,Platinum,TN,5,13566.99,904.47,2022-01-18,2023-09-25,615.0,Low Value
6560,Derek Ray,Bronze,MI,6,13563.78,616.54,2022-04-22,2023-07-18,452.0,Low Value
3473,Nicole Shea,Platinum,NY,8,13548.94,467.2,2022-12-14,2024-12-29,746.0,Low Value
78,Kimberly Diaz,Platinum,GA,9,13548.93,467.2,2022-05-08,2024-10-13,889.0,Low Value
2909,Lori Williams,Silver,MI,8,13547.87,501.77,2022-10-02,2024-11-25,785.0,Low Value
7245,Nancy Jones,Bronze,VA,10,13543.8,467.03,2022-01-03,2024-10-28,1029.0,Low Value
3857,Jennifer Lopez,Bronze,MD,7,13542.43,644.88,2023-07-03,2024-11-07,493.0,Low Value
2632,Mary Armstrong,Platinum,PA,5,13541.43,677.07,2022-01-19,2024-10-12,997.0,Low Value
5553,Mary Hunt,Bronze,TX,6,13540.93,796.53,2022-08-20,2023-12-07,474.0,Low Value
2451,Rachel Pitts,Silver,MD,8,13539.94,615.45,2022-02-16,2024-11-07,995.0,Low Value
7912,Victoria Butler,Bronze,FL,7,13537.22,564.05,2022-05-15,2024-09-24,863.0,Low Value
3108,Crystal Jordan,Platinum,FL,11,13536.38,520.63,2022-11-11,2024-12-15,765.0,Low Value
7908,Jessica Kline,Silver,OH,10,13534.48,466.71,2022-10-21,2024-11-22,763.0,Low Value
1552,Casey Schmidt,Bronze,IL,9,13534.4,563.93,2022-01-10,2024-05-12,853.0,Low Value
5347,James Cabrera,Silver,TN,8,13530.45,588.28,2022-10-06,2024-08-18,682.0,Low Value
8160,Brian Morgan,Silver,FL,10,13528.02,483.14,2022-02-14,2024-04-20,796.0,Low Value
6921,John Everett,Gold,NJ,8,13523.31,422.6,2022-03-30,2024-12-04,980.0,Low Value
125,Megan Harvey,Gold,FL,7,13519.28,795.25,2022-02-23,2024-01-15,691.0,Low Value
9411,Lindsey Byrd,Platinum,NJ,11,13519.08,409.67,2022-02-01,2024-11-17,1020.0,Low Value
2545,Sarah Boyd,Bronze,MA,4,13514.03,614.27,2022-10-15,2023-12-12,423.0,Low Value
2928,Carla Lewis,Bronze,TN,7,13512.26,750.68,2022-08-11,2024-10-11,792.0,Low Value
6158,Michael Clark,Bronze,TN,5,13511.66,900.78,2022-01-20,2024-09-23,977.0,Low Value
8967,Amanda Thompson,Silver,MI,8,13510.61,450.35,2022-01-04,2023-12-31,726.0,Low Value
7564,Henry Jones,Bronze,IN,8,13510.08,465.86,2022-03-27,2023-12-25,638.0,Low Value
1279,Andrew Larsen,Silver,GA,8,13509.05,450.3,2022-04-08,2024-11-16,953.0,Low Value
8067,Kelly Strong,Platinum,OH,7,13506.95,482.39,2023-04-10,2024-08-01,479.0,Low Value
1537,Roger Nguyen,Bronze,MA,8,13506.71,710.88,2022-02-03,2024-08-07,916.0,Low Value
7785,Mary Lawrence,Gold,MI,10,13505.98,385.89,2022-11-01,2024-12-08,768.0,Low Value
9786,Richard Barrett,Bronze,GA,13,13494.55,321.3,2022-02-01,2024-11-02,1005.0,Low Value
5858,Jason Clements,Bronze,WA,7,13493.22,435.27,2022-02-13,2024-07-23,891.0,Low Value
7824,Kristina Lopez,Bronze,WI,7,13491.6,674.58,2022-04-21,2024-06-27,798.0,Low Value
1565,Mary Gutierrez,Silver,TX,8,13488.78,539.55,2022-03-07,2024-11-02,971.0,Low Value
22,Thomas Santana,Silver,IL,9,13488.1,674.4,2022-01-12,2024-06-02,872.0,Low Value
1822,Dawn Kelly,Platinum,MO,6,13487.03,539.48,2022-12-22,2024-12-03,712.0,Low Value
5516,Mark Thomas,Bronze,MD,10,13486.14,345.8,2022-02-11,2024-09-10,942.0,Low Value
433,Sarah Gallagher,Bronze,PA,9,13484.84,499.44,2022-03-16,2024-11-15,975.0,Low Value
7116,Melissa Barrera,Bronze,TX,6,13481.45,641.97,2022-02-11,2024-02-26,745.0,Low Value
6359,Briana Johnson,Silver,AZ,4,13480.65,748.92,2022-12-27,2024-06-24,545.0,Low Value
2480,Kirsten Vaughan,Silver,FL,7,13480.38,709.49,2022-06-11,2024-09-06,818.0,Low Value
8863,Amanda Savage,Silver,IL,5,13479.89,539.2,2022-05-28,2024-08-23,818.0,Low Value
3355,Michael Wilson,Silver,WA,11,13472.26,538.89,2022-09-19,2024-10-13,755.0,Low Value
3797,Lauren Edwards,Gold,MI,6,13469.75,841.86,2023-01-20,2024-08-29,587.0,Low Value
5652,Michelle Harmon,Silver,MD,7,13466.65,498.76,2022-05-26,2024-09-29,857.0,Low Value
2155,Cole Henry,Gold,FL,8,13465.46,673.27,2022-07-24,2024-10-22,821.0,Low Value
2210,Andrea Smith,Bronze,WI,8,13462.18,480.79,2022-02-23,2024-09-11,931.0,Low Value
1676,Kelly Fields,Bronze,MD,6,13461.8,961.56,2022-12-10,2024-05-16,523.0,Low Value
5627,Colleen Munoz,Gold,WI,8,13461.47,585.28,2022-01-17,2024-10-20,1007.0,Low Value
977,James Petersen,Silver,VA,10,13460.77,517.72,2022-03-22,2024-01-04,653.0,Low Value
7857,Christina Black,Bronze,IL,10,13456.53,345.04,2022-01-05,2024-12-30,1090.0,Low Value
3598,Michael Guzman,Silver,VA,8,13455.64,560.65,2022-06-30,2024-11-14,868.0,Low Value
7359,Todd Owen,Bronze,PA,12,13454.36,344.98,2022-04-08,2024-05-03,756.0,Low Value
3821,Nathan Rodriguez,Platinum,GA,6,13452.92,1034.84,2022-01-23,2023-12-10,686.0,Low Value
903,Kathleen Ferguson,Gold,MO,8,13450.43,517.32,2022-01-19,2024-09-23,978.0,Low Value
2825,Katherine Hines,Bronze,TX,6,13448.17,707.8,2022-03-09,2024-12-04,1001.0,Low Value
4422,Richard Bowers,Bronze,NY,8,13447.38,584.67,2022-01-19,2024-12-29,1075.0,Low Value
3839,David Weaver,Silver,NC,6,13445.65,640.27,2022-08-01,2024-12-05,857.0,Low Value
8377,Craig Montgomery,Gold,AZ,6,13445.15,611.14,2022-02-26,2024-07-16,871.0,Low Value
2843,Teresa Crawford,Silver,WI,5,13443.9,746.88,2022-04-10,2024-09-19,893.0,Low Value
14,Michelle Powell,Silver,NJ,12,13443.23,312.63,2022-04-28,2024-01-08,620.0,Low Value
4626,Angela Gutierrez,Bronze,WI,6,13440.3,480.01,2022-04-06,2024-06-28,814.0,Low Value
9822,Gary Summers,Bronze,MA,6,13437.83,584.25,2022-02-18,2023-07-05,502.0,Low Value
8928,Donna Romero,Bronze,MO,5,13431.67,1033.21,2023-01-23,2024-10-08,624.0,Low Value
2403,Adam Hernandez,Gold,AZ,5,13427.1,895.14,2022-04-05,2024-12-26,996.0,Low Value
8518,Carolyn Ayers,Platinum,CA,8,13423.69,497.17,2022-02-11,2024-10-25,987.0,Low Value
1176,Donald Robinson,Gold,MA,5,13419.79,745.54,2022-04-11,2024-10-30,933.0,Low Value
3992,Suzanne Hicks,Bronze,TN,8,13418.34,559.1,2022-01-30,2024-11-30,1035.0,Low Value
3512,Christy Williams,Silver,TX,6,13409.75,705.78,2022-01-09,2024-09-22,987.0,Low Value
58,Jason Douglas,Gold,WI,6,13409.68,670.48,2022-04-19,2023-12-28,618.0,Low Value
9958,Beverly Turner,Silver,PA,8,13408.88,609.49,2022-02-28,2024-11-05,981.0,Low Value
2544,Dalton Cox,Silver,NY,5,13408.56,838.04,2022-03-11,2024-04-22,773.0,Low Value
7858,Tara Wilson,Platinum,WI,7,13407.16,478.83,2022-04-03,2024-11-25,967.0,Low Value
140,Luis Mckenzie,Bronze,WA,8,13405.75,496.51,2023-03-06,2024-12-03,638.0,Low Value
9838,Kenneth Carroll,Gold,NC,9,13403.23,496.42,2022-05-20,2024-11-15,910.0,Low Value
703,Tony Christensen,Gold,MO,7,13400.24,670.01,2022-11-01,2024-11-06,736.0,Low Value
5832,Kimberly Thomas,Bronze,AZ,6,13397.69,705.14,2022-03-20,2024-06-12,815.0,Low Value
9594,Margaret Parker,Platinum,VA,11,13397.11,432.16,2022-03-31,2024-11-29,974.0,Low Value
8786,Ashley Molina,Platinum,NC,6,13392.13,582.27,2022-02-10,2024-10-12,975.0,Low Value
8896,Harold Greene,Gold,NJ,9,13388.31,478.15,2022-02-28,2024-09-20,935.0,Low Value
6865,Darrell Best,Bronze,WI,7,13386.76,557.78,2022-03-08,2024-09-29,936.0,Low Value
9100,David Green,Bronze,WI,7,13386.74,557.78,2022-07-28,2024-09-15,780.0,Low Value
626,Collin Vega,Silver,MD,9,13384.95,393.68,2022-01-16,2024-11-24,1043.0,Low Value
9557,Lisa Hopkins,Bronze,NC,5,13384.01,956.0,2022-01-06,2024-06-12,888.0,Low Value
4057,Robert Camacho,Gold,PA,7,13383.6,361.72,2022-02-28,2024-12-13,1019.0,Low Value
9381,Timothy Suarez,Bronze,TN,11,13380.7,343.09,2022-02-13,2024-11-04,995.0,Low Value
5053,George Grant,Gold,IN,10,13379.98,431.61,2022-08-02,2024-12-07,858.0,Low Value
6554,Sylvia Thompson,Bronze,MO,12,13377.04,405.36,2022-05-21,2024-12-22,946.0,Low Value
353,Rhonda Moore,Silver,CA,6,13375.89,608.0,2022-10-30,2024-07-06,615.0,Low Value
867,Holly Cross,Bronze,WA,6,13373.71,534.95,2022-05-09,2024-10-04,879.0,Low Value
4332,Christine Johnson,Gold,IL,11,13373.61,371.49,2022-01-04,2024-06-06,884.0,Low Value
9236,Victoria Harvey,Bronze,TN,9,13372.28,514.32,2022-11-12,2024-05-22,557.0,Low Value
2988,Michael Knight,Gold,MI,3,13371.56,1114.3,2022-12-23,2023-09-29,280.0,Low Value
1132,Renee Caldwell,Bronze,AZ,9,13368.41,393.19,2022-01-09,2024-12-26,1082.0,Low Value
239,Warren Ayala,Bronze,TN,7,13365.69,703.46,2022-07-03,2024-07-09,737.0,Low Value
8318,Gary Stephens,Bronze,MD,8,13363.82,460.82,2022-08-20,2024-07-15,695.0,Low Value
3222,Elizabeth Chambers,Bronze,NY,8,13363.58,668.18,2022-09-11,2024-12-29,840.0,Low Value
8287,Richard Powell,Silver,IN,5,13360.61,636.22,2022-03-05,2024-05-26,813.0,Low Value
2307,Sarah Harper,Bronze,MA,9,13357.37,460.6,2022-01-05,2024-07-24,931.0,Low Value
8861,Brianna Cole,Gold,MI,6,13356.55,513.71,2022-04-01,2024-07-05,826.0,Low Value
5971,Brittany Mays,Silver,NJ,6,13355.49,430.82,2022-01-19,2024-07-21,914.0,Low Value
5954,Aaron Briggs,Bronze,MD,7,13355.43,580.67,2022-01-24,2023-12-15,690.0,Low Value
7419,Jennifer Tucker,Gold,NY,8,13354.49,635.93,2022-01-08,2024-08-10,945.0,Low Value
2136,Lisa Hill,Gold,MA,8,13354.18,430.78,2022-04-15,2024-06-27,804.0,Low Value
6188,Brian Martinez,Bronze,NC,12,13350.57,351.33,2022-02-01,2024-12-03,1036.0,Low Value
8839,Cindy Nichols,Silver,WI,9,13348.75,494.4,2022-01-05,2024-07-11,918.0,Low Value
6952,Amber Smith,Gold,IN,11,13348.33,370.79,2022-08-06,2024-12-11,858.0,Low Value
2729,Michelle Campbell,Bronze,IN,6,13347.76,667.39,2022-03-19,2024-05-13,786.0,Low Value
911,Emily Floyd,Bronze,WI,4,13347.17,1334.72,2022-09-15,2023-11-20,431.0,Low Value
7044,Raymond Gonzalez,Gold,OH,12,13346.83,444.89,2022-10-10,2024-12-08,790.0,Low Value
5290,Kevin Bass,Silver,WA,10,13343.48,494.2,2022-03-05,2024-10-19,959.0,Low Value
7946,Bryan Evans,Bronze,NJ,8,13339.97,606.36,2022-03-26,2024-12-21,1001.0,Low Value
4806,Susan Alexander,Silver,MO,8,13339.81,635.23,2022-02-03,2024-03-22,778.0,Low Value
4325,Troy Hobbs,Gold,GA,11,13336.95,476.32,2022-03-24,2024-12-02,984.0,Low Value
6889,Christina Gay,Gold,NC,10,13334.91,360.4,2022-06-16,2024-12-17,915.0,Low Value
1614,Tony Lewis,Platinum,WI,7,13325.82,459.51,2022-01-17,2024-11-07,1025.0,Low Value
849,Jeremy Cole,Silver,MA,10,13323.96,475.86,2022-01-31,2024-10-26,999.0,Low Value
4773,Christopher Gonzalez,Bronze,PA,9,13321.02,532.84,2022-02-06,2024-11-29,1027.0,Low Value
7709,Robert Adams,Bronze,IL,5,13320.31,634.3,2022-08-29,2023-10-31,428.0,Low Value
725,Crystal Johnson,Platinum,OH,8,13320.07,740.0,2022-06-23,2024-12-08,899.0,Low Value
803,Natalie Contreras,Bronze,WI,4,13319.99,1024.61,2022-01-19,2024-07-09,902.0,Low Value
8974,Jean Johnson,Bronze,MD,8,13319.87,459.31,2022-06-07,2024-10-25,871.0,Low Value
1185,Brian Thompson,Platinum,TN,5,13318.61,951.33,2022-02-03,2024-04-07,794.0,Low Value
8724,Billy Allen,Bronze,WI,5,13318.15,700.96,2023-06-17,2024-10-31,502.0,Low Value
5552,John Berry,Bronze,VA,9,13310.58,415.96,2022-03-03,2024-09-27,939.0,Low Value
149,Barbara Mcgrath,Bronze,NJ,9,13305.98,443.53,2022-03-19,2024-10-07,933.0,Low Value
2224,David Brown,Bronze,NJ,5,13303.7,554.32,2022-05-31,2024-12-12,926.0,Low Value
853,Joseph Jones,Bronze,IN,9,13302.59,492.69,2022-05-06,2024-06-08,764.0,Low Value
6492,Sean Fritz,Bronze,PA,4,13301.33,1023.18,2022-03-18,2023-04-23,401.0,Low Value
7367,Brian Riddle,Silver,VA,7,13296.9,664.85,2022-02-16,2024-11-01,989.0,Low Value
7372,John Morgan,Silver,NY,11,13288.94,428.68,2022-01-15,2024-09-10,969.0,Low Value
8203,Kevin Pena,Bronze,NJ,7,13285.09,699.22,2022-10-29,2024-10-22,724.0,Low Value
1221,Steven Hamilton,Bronze,CA,10,13284.74,492.03,2022-01-22,2024-12-01,1044.0,Low Value
4710,Lance Swanson,Platinum,IN,8,13272.76,474.03,2022-02-21,2024-06-11,841.0,Low Value
678,Michael Scott,Bronze,WI,4,13267.57,1020.58,2023-05-20,2024-09-11,480.0,Low Value
5428,Michelle Graham,Bronze,PA,6,13266.07,552.75,2022-01-24,2024-07-11,899.0,Low Value
5540,Megan Austin,Silver,OH,7,13261.8,602.81,2022-03-21,2024-09-09,903.0,Low Value
9212,James Harrison,Silver,TX,8,13255.81,602.54,2022-04-28,2024-09-15,871.0,Low Value
6323,Wendy Stevens,Silver,PA,6,13245.97,1103.83,2022-12-07,2024-06-14,555.0,Low Value
6052,Christopher Stanton,Bronze,AZ,8,13245.4,602.06,2022-03-21,2024-11-19,974.0,Low Value
4432,Miguel Wallace,Platinum,AZ,9,13243.99,401.33,2022-05-01,2024-12-24,968.0,Low Value
5204,Lori Cook,Bronze,PA,9,13240.22,472.87,2022-12-04,2024-10-19,685.0,Low Value
441,Julia Chapman,Bronze,WA,9,13229.67,489.99,2022-06-18,2024-07-19,762.0,Low Value
1291,Joseph Duffy,Bronze,VA,8,13228.12,661.41,2022-06-10,2024-06-01,722.0,Low Value
8179,Matthew Smith,Gold,MO,8,13227.57,661.38,2022-05-18,2024-12-05,932.0,Low Value
5010,Dustin Pearson,Bronze,MI,7,13226.97,629.86,2022-07-08,2024-07-11,734.0,Low Value
2495,Marissa Austin,Gold,TN,8,13222.05,695.9,2022-03-22,2024-02-19,699.0,Low Value
677,Jacob Parsons,Silver,MO,9,13218.75,489.58,2022-03-25,2024-11-21,972.0,Low Value
1396,Ronald Lamb,Bronze,WA,10,13218.27,455.8,2022-01-07,2024-12-06,1064.0,Low Value
4647,Laura Young,Bronze,FL,8,13217.44,472.05,2023-01-09,2024-12-06,697.0,Low Value
348,Melinda Mclaughlin,Gold,TX,9,13217.08,574.66,2022-07-21,2024-08-15,756.0,Low Value
1219,Elizabeth Johnson,Bronze,MI,8,13217.03,508.35,2022-03-17,2024-08-14,881.0,Low Value
6948,Jacqueline Sanders,Platinum,MD,6,13215.59,660.78,2022-05-10,2023-11-13,552.0,Low Value
8012,Caroline Gibson,Bronze,NY,7,13213.57,550.57,2022-01-28,2024-10-23,999.0,Low Value
3431,Kristin Baker,Gold,NC,7,13213.37,734.08,2022-02-03,2023-06-07,489.0,Low Value
3854,Sandra Mills,Platinum,MO,9,13208.14,550.34,2022-03-22,2024-12-09,993.0,Low Value
9222,Jennifer House,Silver,PA,7,13206.32,825.39,2022-04-30,2024-11-27,942.0,Low Value
6183,Brandi Diaz,Bronze,OH,10,13206.19,507.93,2022-07-11,2024-07-31,751.0,Low Value
5030,Denise Reed,Bronze,MA,7,13205.79,733.66,2022-05-11,2024-09-29,872.0,Low Value
4728,Jennifer Lopez,Silver,WA,8,13202.2,550.09,2022-04-14,2024-12-25,986.0,Low Value
1910,Matthew Miller,Bronze,OH,8,13198.63,399.96,2022-08-14,2024-12-13,852.0,Low Value
1369,Jeffrey Gonzalez,Gold,TN,6,13193.47,527.74,2022-02-20,2024-07-24,885.0,Low Value
2289,Charles Hickman,Gold,MO,6,13190.44,694.23,2022-04-30,2024-07-14,806.0,Low Value
844,Michael Smith,Silver,NJ,7,13188.22,628.01,2022-01-24,2024-08-18,937.0,Low Value
6736,Thomas Peters,Silver,TX,8,13181.17,454.52,2022-01-29,2024-09-09,954.0,Low Value
9214,Thomas Hamilton,Gold,NJ,7,13175.38,823.46,2022-08-28,2024-11-06,801.0,Low Value
6939,Jeffrey Shannon,Bronze,MD,7,13171.72,627.22,2022-04-10,2024-09-09,883.0,Low Value
4235,Erika Williams,Silver,TN,8,13167.99,454.07,2022-04-12,2024-11-14,947.0,Low Value
1256,Chloe Tyler,Bronze,MO,10,13167.32,424.75,2022-02-20,2024-10-26,979.0,Low Value
1969,Emily Woods,Silver,NJ,10,13166.95,487.66,2022-01-18,2024-07-28,922.0,Low Value
7118,Jack Zuniga,Silver,CA,10,13166.43,487.65,2022-01-14,2024-08-16,945.0,Low Value
99,Lisa Reese,Gold,VA,10,13165.74,487.62,2022-09-30,2024-07-29,668.0,Low Value
2271,William Matthews,Bronze,OH,14,13163.64,329.09,2022-03-07,2024-11-27,996.0,Low Value
8102,Amanda Torres,Silver,CA,8,13162.47,506.25,2022-03-29,2023-12-04,615.0,Low Value
4170,Brandon Mosley,Bronze,GA,6,13160.81,526.43,2022-03-27,2023-04-06,375.0,Low Value
5752,Linda Nelson,Silver,MD,5,13160.04,572.18,2023-03-18,2024-11-17,610.0,Low Value
6580,Gerald Lynn,Bronze,AZ,10,13160.04,598.18,2022-06-15,2024-12-09,908.0,Low Value
6577,Nathan Casey,Gold,IN,7,13158.63,598.12,2023-06-10,2024-12-21,560.0,Low Value
5919,Cody Erickson,Gold,MI,6,13155.92,730.88,2022-01-27,2023-05-10,468.0,Low Value
559,Erika Evans,Gold,NY,8,13149.7,453.44,2022-03-08,2024-12-30,1028.0,Low Value
9197,Richard Jones,Gold,GA,14,13148.47,320.69,2022-04-10,2024-12-18,983.0,Low Value
6829,Darren Palmer,Silver,MA,8,13143.32,453.22,2022-02-12,2024-12-26,1048.0,Low Value
7025,Hector Wiggins,Bronze,TX,12,13138.43,320.45,2022-01-16,2024-10-30,1018.0,Low Value
7682,Amanda Church,Silver,MD,11,13137.73,423.8,2022-03-26,2024-11-27,977.0,Low Value
5322,Jeff Edwards,Silver,TN,7,13134.76,486.47,2022-09-02,2023-10-09,402.0,Low Value
5748,Denise Braun,Gold,AZ,8,13132.68,452.85,2022-03-31,2024-12-19,994.0,Low Value
3806,Shannon Wright,Bronze,IN,7,13132.34,729.57,2022-06-22,2024-05-30,708.0,Low Value
6738,Madeline Webb,Bronze,CA,7,13129.56,570.85,2022-09-10,2024-07-24,683.0,Low Value
3209,John Jackson,Bronze,OH,9,13125.75,452.61,2022-04-07,2024-05-01,755.0,Low Value
6770,Timothy Mays,Bronze,WI,9,13124.37,504.78,2022-02-21,2024-10-03,955.0,Low Value
8887,Erika Miller,Bronze,MA,7,13119.65,728.87,2023-01-10,2024-09-30,629.0,Low Value
7879,Gregory Wright,Silver,CA,8,13118.66,819.92,2022-01-18,2024-06-10,874.0,Low Value
4810,Robert Peters,Bronze,TN,7,13116.44,570.28,2022-01-27,2024-09-24,971.0,Low Value
4157,Tanya Hood,Platinum,GA,7,13111.37,397.31,2022-05-09,2023-06-13,400.0,Low Value
1142,Heather Chapman,Silver,FL,6,13107.18,468.11,2022-05-15,2024-12-12,942.0,Low Value
9531,Michelle Clarke,Bronze,NJ,7,13103.92,819.0,2022-05-21,2023-11-24,552.0,Low Value
3300,Kari Carroll,Silver,MI,5,13101.99,873.47,2023-01-21,2024-07-29,555.0,Low Value
9606,Norman Rogers,Silver,IL,7,13099.98,467.86,2022-07-09,2024-11-26,871.0,Low Value
816,Michael Brown,Bronze,GA,10,13099.41,467.84,2022-01-21,2024-03-04,773.0,Low Value
1773,Tracy Blake,Bronze,MD,10,13096.6,485.06,2022-07-17,2024-06-20,704.0,Low Value
5355,Kristy Walsh,Silver,TN,9,13092.56,409.14,2022-02-08,2024-08-10,914.0,Low Value
1294,Mary Moss,Gold,MA,8,13091.25,545.47,2023-02-18,2024-08-23,552.0,Low Value
3465,Laura Acosta,Gold,IL,14,13087.64,451.3,2022-04-07,2024-12-13,981.0,Low Value
708,Timothy Jones,Gold,OH,7,13084.13,422.07,2022-02-17,2024-12-08,1025.0,Low Value
643,Robert Hoffman,Bronze,WA,10,13083.3,484.57,2022-05-24,2024-09-18,848.0,Low Value
3112,Peter Meyer,Silver,NJ,5,13082.73,594.67,2022-02-16,2024-10-08,965.0,Low Value
5994,Edward Bailey,Silver,MD,8,13079.9,503.07,2022-02-09,2024-03-18,768.0,Low Value
9237,Emily Bullock,Bronze,NJ,7,13074.03,484.22,2022-05-10,2024-01-31,631.0,Low Value
2513,James Valenzuela,Bronze,TX,10,13068.71,353.21,2022-05-30,2024-11-28,913.0,Low Value
2745,Kenneth Huang,Platinum,VA,7,13065.98,687.68,2022-06-16,2024-09-06,813.0,Low Value
8568,Shane Robertson,Gold,OH,11,13062.43,334.93,2022-02-13,2024-03-13,759.0,Low Value
9775,David Campbell,Gold,AZ,6,13062.14,725.67,2022-04-23,2024-06-18,787.0,Low Value
8048,Angela Bridges,Gold,IN,7,13061.53,621.98,2022-01-10,2024-11-13,1038.0,Low Value
726,Adam Kelly,Platinum,NC,7,13060.01,725.56,2022-02-21,2024-12-19,1032.0,Low Value
1528,Jennifer Dawson,Bronze,NJ,5,13057.73,725.43,2022-02-09,2024-12-21,1046.0,Low Value
7722,Christopher Gray,Gold,MD,12,13055.42,466.26,2022-06-02,2024-10-28,879.0,Low Value
8140,Maria Adams,Platinum,WI,8,13054.12,502.08,2022-03-06,2024-05-26,812.0,Low Value
3525,Elizabeth Edwards,Silver,VA,3,13049.92,1186.36,2022-12-22,2024-04-04,469.0,Low Value
4190,Mike Conner,Platinum,PA,10,13048.41,466.01,2022-03-13,2024-11-18,981.0,Low Value
5093,Michelle Perez,Silver,MA,10,13047.29,352.63,2022-02-26,2024-11-27,1005.0,Low Value
7780,Samuel Moody,Gold,IL,10,13044.96,372.71,2022-03-07,2024-08-14,891.0,Low Value
7914,Robert Fields,Gold,FL,6,13044.53,686.55,2022-05-24,2024-12-13,934.0,Low Value
6285,Lauren Jackson,Silver,MI,10,13040.68,465.74,2022-05-14,2024-11-02,903.0,Low Value
4258,Richard Perez,Gold,VA,9,13039.5,521.58,2022-06-27,2024-06-27,731.0,Low Value
7880,Colin Houston,Bronze,CA,10,13036.4,420.53,2022-07-03,2024-09-07,797.0,Low Value
4418,Connor Griffin,Silver,NC,6,13034.27,724.13,2022-01-23,2024-08-08,928.0,Low Value
9144,Thomas Nixon,Bronze,WI,8,13033.73,620.65,2022-03-21,2024-01-01,651.0,Low Value
1203,Michael Murphy,Silver,IN,10,13032.83,449.41,2022-12-21,2024-10-30,679.0,Low Value
4913,Jason Lopez,Bronze,FL,9,13032.77,434.43,2022-03-16,2024-11-01,961.0,Low Value
5687,Jason Duncan,Bronze,IL,6,13025.49,651.27,2022-07-15,2023-09-23,435.0,Low Value
3235,Dominique Bell,Platinum,NY,8,13021.68,685.35,2022-01-26,2024-09-06,954.0,Low Value
6711,Joyce Andrews,Platinum,WI,12,13016.74,448.85,2022-02-17,2024-09-26,952.0,Low Value
1539,Melanie Craig,Silver,WA,6,13013.06,619.67,2022-04-17,2024-09-21,888.0,Low Value
2339,Troy Johnson,Platinum,CA,5,13010.05,722.78,2022-01-29,2024-08-20,934.0,Low Value
8637,Laura Soto,Silver,WA,6,13004.48,764.97,2023-05-05,2024-11-24,569.0,Low Value
6516,Collin Welch,Silver,VA,8,13004.41,419.5,2022-02-21,2024-11-01,984.0,Low Value
5341,Logan Pena,Platinum,IL,7,12999.55,590.89,2022-09-05,2024-09-07,733.0,Low Value
2844,Nicolas Golden,Silver,MA,9,12997.33,371.35,2022-01-11,2024-09-02,965.0,Low Value
4,Mitchell Clark,Silver,IL,8,12993.71,564.94,2022-11-02,2024-11-24,753.0,Low Value
4161,Sarah Holloway,Gold,WI,10,12993.46,448.05,2022-01-20,2024-10-24,1008.0,Low Value
6775,David Stein,Platinum,MA,10,12989.19,499.58,2022-08-23,2024-10-10,779.0,Low Value
8299,Rachel Myers,Silver,NJ,5,12987.89,649.39,2023-04-03,2024-12-07,614.0,Low Value
8194,Tim Sharp,Platinum,MA,7,12986.78,499.49,2022-02-11,2024-10-24,986.0,Low Value
8921,Rebecca Diaz,Gold,MO,9,12983.1,432.77,2022-03-24,2024-12-22,1004.0,Low Value
6741,Benjamin Castillo,Bronze,PA,7,12976.31,720.91,2022-04-09,2024-12-08,974.0,Low Value
4102,Tanya Bates,Gold,WI,10,12975.24,381.62,2022-06-17,2024-10-19,855.0,Low Value
2970,Manuel Hahn,Silver,TN,6,12974.46,617.83,2022-03-28,2024-08-12,868.0,Low Value
8428,Russell Thompson,Silver,NY,6,12968.5,648.42,2022-10-25,2024-11-29,766.0,Low Value
9396,Frank Palmer,Gold,MD,7,12964.25,540.18,2023-04-08,2024-08-07,487.0,Low Value
2887,Carolyn Miller,Gold,NC,4,12962.34,864.16,2022-06-05,2024-05-27,722.0,Low Value
6650,Scott Thompson,Gold,VA,5,12955.9,588.9,2022-07-11,2024-05-28,687.0,Low Value
5629,Lisa Lopez,Silver,IN,7,12953.05,539.71,2022-07-20,2024-11-23,857.0,Low Value
2600,Micheal Sims,Bronze,WI,8,12952.71,479.73,2023-06-18,2024-12-23,554.0,Low Value
9922,Michael Hamilton,Bronze,NY,11,12951.19,332.08,2022-01-13,2024-12-28,1080.0,Low Value
8583,David Bruce,Silver,WI,8,12950.89,462.53,2022-06-01,2024-11-30,913.0,Low Value
9483,James Garza,Bronze,PA,10,12947.48,517.9,2022-02-06,2024-09-13,950.0,Low Value
4243,Julian Morris,Bronze,TX,8,12943.03,588.32,2022-05-03,2024-07-31,820.0,Low Value
277,Jonathan Silva,Bronze,WA,8,12942.3,497.78,2022-11-30,2024-11-20,721.0,Low Value
1993,Renee Williams,Bronze,MD,9,12937.74,462.06,2022-02-08,2024-12-30,1056.0,Low Value
2388,Angel Johnson,Platinum,TN,7,12936.23,517.45,2022-02-06,2023-08-16,556.0,Low Value
5226,Melissa Pope,Bronze,CA,5,12935.04,718.61,2022-02-08,2024-05-05,817.0,Low Value
8027,Mark Daniels,Gold,VA,7,12934.75,562.38,2022-01-30,2024-11-29,1034.0,Low Value
6887,Lynn Johnson,Gold,MO,5,12934.51,1293.45,2022-08-19,2024-09-20,763.0,Low Value
2355,Kenneth Diaz,Silver,TN,8,12932.92,445.96,2022-04-04,2024-10-06,916.0,Low Value
8418,Jason Braun,Bronze,TX,6,12931.6,646.58,2022-06-07,2024-11-24,901.0,Low Value
492,Donald Smith,Bronze,TX,8,12925.22,517.01,2022-08-06,2024-11-25,842.0,Low Value
306,Desiree Stafford,Silver,MO,10,12922.3,516.89,2022-06-11,2024-12-23,926.0,Low Value
285,Erika Nguyen,Bronze,NC,7,12920.67,538.36,2022-05-28,2024-10-27,883.0,Low Value
5179,Jesse Duran,Gold,MO,6,12913.2,586.96,2022-09-13,2024-12-07,816.0,Low Value
771,Deborah Miller,Silver,MD,11,12908.62,430.29,2022-02-02,2024-12-28,1060.0,Low Value
95,Francisco Stevens,Bronze,IL,11,12902.42,444.91,2022-02-07,2024-10-05,971.0,Low Value
5952,Scott Estes,Bronze,MI,7,12900.07,645.0,2022-08-12,2024-11-20,831.0,Low Value
4946,Anna Sloan,Silver,VA,10,12899.35,477.75,2022-02-22,2024-09-10,931.0,Low Value
5008,William Frazier,Silver,TX,9,12898.06,496.08,2022-01-04,2024-06-11,889.0,Low Value
9649,David Nelson,Silver,CA,8,12893.23,515.73,2022-02-19,2023-11-29,648.0,Low Value
7329,Teresa Mcdonald,Gold,AZ,8,12891.77,444.54,2022-06-12,2024-11-11,883.0,Low Value
8162,Daniel King,Bronze,GA,5,12890.69,758.28,2022-05-31,2023-11-19,537.0,Low Value
449,Christopher Taylor,Bronze,PA,8,12889.73,805.61,2022-01-12,2024-11-15,1038.0,Low Value
3506,Tina Maxwell,Bronze,OH,7,12889.65,415.8,2022-03-14,2024-06-09,818.0,Low Value
3435,Brandon Mitchell,Gold,NC,7,12888.41,613.73,2022-03-06,2024-09-05,914.0,Low Value
9956,Diana Henderson,Bronze,OH,5,12887.1,644.36,2022-03-01,2024-09-12,926.0,Low Value
8108,Patricia Maldonado,Bronze,FL,5,12886.84,805.43,2022-11-12,2023-08-31,292.0,Low Value
5862,Kristina Phillips,Bronze,TN,12,12885.85,348.27,2022-03-14,2024-09-22,923.0,Low Value
5418,Kathryn Thomas,Gold,CA,11,12885.7,402.68,2022-02-23,2024-11-13,994.0,Low Value
4835,Mary Lowe,Gold,TN,8,12885.59,613.6,2022-02-20,2024-12-19,1033.0,Low Value
9149,Chad Williams,Gold,IN,7,12882.41,495.48,2022-10-16,2024-05-19,581.0,Low Value
5829,Chad Massey,Gold,FL,7,12881.8,515.27,2022-05-31,2024-11-27,911.0,Low Value
3575,Lisa Nguyen,Silver,WI,9,12875.7,476.88,2022-05-05,2024-12-29,969.0,Low Value
2221,Vanessa Martin,Silver,NC,7,12874.87,613.09,2022-02-19,2024-12-12,1027.0,Low Value
3102,Karen Ortiz,Bronze,NY,9,12872.88,514.92,2022-01-23,2024-11-12,1024.0,Low Value
4002,Phillip Black,Bronze,NJ,11,12869.89,347.83,2022-06-18,2024-08-16,790.0,Low Value
6405,Cynthia Brock,Bronze,IN,8,12868.95,459.61,2022-01-31,2024-04-25,815.0,Low Value
9837,Shannon Wyatt,Bronze,WI,9,12868.1,415.1,2022-02-18,2024-10-14,969.0,Low Value
6083,Gregory Mathis,Silver,NY,5,12866.81,677.2,2022-05-31,2024-10-02,855.0,Low Value
6723,Amber Smith,Bronze,MO,8,12861.27,559.19,2022-03-28,2024-11-11,959.0,Low Value
6676,Donald Warren,Gold,TX,8,12860.91,559.17,2022-02-15,2024-09-04,932.0,Low Value
3031,Stacey Nelson,Silver,MI,9,12857.0,367.34,2022-03-08,2024-09-12,919.0,Low Value
4607,Dawn Reynolds,Silver,FL,6,12856.13,714.23,2023-02-18,2024-12-22,673.0,Low Value
8467,Brittany Crawford,Bronze,TN,10,12852.31,401.63,2022-03-01,2024-10-25,969.0,Low Value
6722,Mark Baker,Platinum,MA,7,12852.21,443.18,2022-04-04,2024-12-09,980.0,Low Value
584,Rebecca Larsen,Bronze,MO,5,12851.21,856.75,2022-11-25,2023-09-20,299.0,Low Value
1654,Michelle Robinson,Bronze,WI,7,12847.68,755.75,2022-11-30,2024-10-12,682.0,Low Value
1936,Melissa Harrington,Silver,MD,11,12847.35,305.89,2022-05-08,2024-12-08,945.0,Low Value
4372,Robert Newman,Bronze,TN,5,12843.2,675.96,2022-02-13,2024-08-13,912.0,Low Value
7916,Sharon Ortega,Gold,PA,8,12834.08,414.0,2022-01-01,2024-11-10,1044.0,Low Value
8083,Jonathan Watkins,Bronze,WA,5,12833.87,855.59,2022-01-21,2024-07-05,896.0,Low Value
9885,Anthony Robinson,Bronze,MO,10,12832.97,493.58,2022-04-11,2024-07-11,822.0,Low Value
5744,Michael Tran,Gold,MA,5,12828.18,712.68,2022-05-21,2024-12-04,928.0,Low Value
2854,Patrick Ross,Bronze,MI,7,12826.39,513.06,2022-03-12,2024-06-27,838.0,Low Value
2459,Samuel Smith,Silver,IN,6,12824.9,754.41,2022-03-11,2024-02-04,695.0,Low Value
2618,William Garcia,Bronze,PA,6,12824.72,474.99,2022-03-12,2023-11-16,614.0,Low Value
1205,Karen Jordan,Silver,IN,6,12824.01,512.96,2022-06-23,2024-12-19,910.0,Low Value
5296,Ryan Mills,Silver,NY,9,12823.11,493.2,2022-04-04,2024-11-22,963.0,Low Value
5067,Renee Key,Bronze,MD,7,12820.29,400.63,2022-01-10,2024-12-19,1074.0,Low Value
1004,Christopher Gibbs,Platinum,FL,6,12810.76,582.31,2023-01-22,2024-12-05,683.0,Low Value
6845,Samuel Simmons,Silver,MA,7,12810.48,582.29,2022-10-12,2024-01-02,447.0,Low Value
4365,Tracy Richardson,Bronze,TN,8,12807.65,533.65,2022-10-31,2024-11-03,734.0,Low Value
7536,Michelle Smith,Bronze,IL,9,12806.19,753.31,2022-06-28,2024-11-04,860.0,Low Value
3022,Bridget Guzman,Bronze,NC,10,12806.11,492.54,2022-01-02,2024-09-02,974.0,Low Value
9567,Meredith Brown,Platinum,MI,9,12805.86,492.53,2022-03-17,2024-12-28,1017.0,Low Value
7056,Susan Perry,Gold,NY,7,12802.23,492.39,2022-04-18,2023-12-03,594.0,Low Value
141,Whitney Parsons,Silver,MA,6,12801.11,609.58,2022-06-10,2024-09-06,819.0,Low Value
463,Krystal Lyons,Silver,AZ,12,12799.78,376.46,2022-08-02,2024-12-02,853.0,Low Value
4440,Johnny Schultz,Gold,MA,9,12798.48,412.85,2022-01-22,2024-02-07,746.0,Low Value
9994,Christopher Sanchez,Bronze,FL,5,12796.83,799.8,2022-03-08,2024-12-10,1008.0,Low Value
3509,Sheila Moore,Bronze,OH,5,12795.23,853.02,2022-12-07,2024-09-23,656.0,Low Value
3232,Mary Thomas,Platinum,IN,7,12793.69,609.22,2022-04-14,2024-09-06,876.0,Low Value
5243,Frank King,Silver,MA,8,12790.34,511.61,2022-01-06,2024-07-25,931.0,Low Value
3373,Monique Johnson,Silver,MI,7,12790.17,673.17,2023-07-17,2024-11-08,480.0,Low Value
4864,Philip Greene,Silver,IN,10,12789.61,387.56,2022-06-22,2024-11-24,886.0,Low Value
5963,Elizabeth Hodges,Bronze,FL,11,12785.27,473.53,2022-06-26,2024-10-15,842.0,Low Value
9148,Shelley Wood,Platinum,IL,10,12783.53,456.55,2022-05-19,2024-09-05,840.0,Low Value
1303,Robert Anderson,Gold,AZ,8,12782.83,532.62,2022-01-15,2024-11-08,1028.0,Low Value
8512,Kimberly Edwards,Silver,WI,9,12781.17,473.38,2022-02-25,2024-10-10,958.0,Low Value
7966,Melissa Franco,Gold,VA,10,12780.0,336.32,2022-01-06,2024-10-22,1020.0,Low Value
3069,Rodney Lowery,Silver,TN,10,12779.83,425.99,2022-01-11,2024-06-01,872.0,Low Value
8889,Nicole Green,Platinum,WA,4,12775.07,1825.01,2023-02-15,2024-09-23,586.0,Low Value
9073,Danielle Munoz,Platinum,WI,7,12773.22,580.6,2022-03-31,2024-08-22,875.0,Low Value
1996,Emily Perez,Gold,CA,6,12771.24,510.85,2022-05-06,2024-09-17,865.0,Low Value
8651,Heather Boone,Bronze,MD,7,12770.19,751.19,2023-04-30,2024-10-02,521.0,Low Value
4676,John Ramos,Silver,TN,5,12769.39,1160.85,2022-05-17,2024-07-14,789.0,Low Value
7464,Jane Reynolds,Bronze,GA,9,12769.15,399.04,2022-03-09,2024-11-25,992.0,Low Value
1422,Adam Jennings,Bronze,NC,6,12768.0,580.36,2022-01-29,2024-12-10,1046.0,Low Value
1031,Bradley Smith,Bronze,NC,10,12764.53,554.98,2022-02-15,2024-09-14,942.0,Low Value
3329,Eric Burnett,Bronze,MO,6,12763.1,709.06,2022-05-20,2024-05-26,737.0,Low Value
1047,James Henderson,Bronze,IN,9,12762.47,709.03,2022-02-15,2024-10-24,982.0,Low Value
652,Bryan Snyder,Platinum,WI,8,12759.8,531.66,2022-10-07,2024-12-30,815.0,Low Value
5011,Robert White,Bronze,WI,7,12759.69,637.98,2022-07-10,2024-07-07,728.0,Low Value
6750,Glenn Collins,Bronze,OH,10,12755.99,425.2,2022-06-17,2024-11-27,894.0,Low Value
5670,Christine Woods,Bronze,OH,9,12754.97,510.2,2022-02-19,2024-12-17,1032.0,Low Value
1582,Antonio Young,Silver,NC,5,12752.54,980.96,2023-08-23,2024-03-14,204.0,Low Value
7660,Matthew Strickland,Bronze,TX,6,12752.43,671.18,2022-07-16,2024-12-23,891.0,Low Value
7771,Jeffrey Shea,Gold,VA,10,12740.68,326.68,2022-01-14,2024-12-06,1057.0,Low Value
3185,Holly Jenkins,Silver,NY,6,12740.63,637.03,2022-06-17,2024-05-27,710.0,Low Value
7421,Gregory Garcia,Silver,PA,10,12739.68,410.96,2022-08-27,2024-09-30,765.0,Low Value
2640,Daniel Cooper,Silver,MA,9,12738.54,318.46,2022-01-02,2024-07-17,927.0,Low Value
6003,Megan Jones,Silver,GA,6,12737.21,530.72,2022-01-15,2023-10-23,646.0,Low Value
5020,Sue Davis,Silver,MO,8,12730.38,748.85,2022-02-05,2024-09-15,953.0,Low Value
3960,Christopher Morales,Platinum,AZ,8,12727.1,397.72,2022-07-09,2024-06-20,712.0,Low Value
26,Andrew Gilmore,Bronze,WI,10,12724.15,363.55,2022-08-19,2024-12-17,851.0,Low Value
2162,Daniel Sullivan,Bronze,WA,7,12722.67,748.39,2022-07-23,2024-10-21,821.0,Low Value
6217,Dawn Ramirez,Silver,PA,6,12722.06,748.36,2022-03-26,2024-09-22,911.0,Low Value
7539,Rachel Lewis,Bronze,IN,6,12720.52,706.7,2022-01-30,2024-09-12,956.0,Low Value
6127,Jessica Wright,Silver,IL,9,12718.7,410.28,2022-02-12,2024-12-09,1031.0,Low Value
9202,Robin Castro,Silver,IL,9,12707.6,438.19,2022-03-16,2024-11-11,971.0,Low Value
4669,Robert Rubio,Silver,NJ,8,12702.39,604.88,2022-08-16,2024-09-14,760.0,Low Value
8833,Adrian Carter,Silver,MO,6,12701.72,635.09,2022-01-05,2024-11-17,1047.0,Low Value
8725,Michael Rogers,Bronze,MA,8,12701.6,529.23,2022-07-31,2024-12-15,868.0,Low Value
4881,Jeffrey Beard,Gold,OH,6,12701.4,577.34,2022-07-14,2024-05-09,665.0,Low Value
2140,Seth Mccarty,Gold,WI,6,12701.28,635.06,2022-01-05,2024-09-17,986.0,Low Value
3547,William Davis,Gold,IN,8,12698.99,604.71,2022-01-02,2024-11-23,1056.0,Low Value
2003,Scott Owen,Bronze,MO,12,12696.35,384.74,2022-04-10,2024-07-27,839.0,Low Value
1780,Lisa Smith,Silver,IN,8,12690.96,507.64,2022-02-10,2024-06-27,868.0,Low Value
3615,Phillip Roman,Silver,WA,10,12686.31,576.65,2022-03-03,2024-10-10,952.0,Low Value
6427,Jake Cole,Bronze,NJ,7,12684.21,528.51,2022-06-12,2024-09-24,835.0,Low Value
9023,Adam Hernandez,Silver,TN,7,12671.66,452.56,2022-04-12,2024-06-13,793.0,Low Value
5665,David Nguyen,Bronze,AZ,7,12670.57,703.92,2022-09-02,2024-10-12,771.0,Low Value
3756,Darin Sloan,Bronze,NJ,8,12667.28,469.16,2022-01-27,2024-04-26,820.0,Low Value
7181,Dennis Boyle,Silver,IN,5,12666.96,791.69,2024-02-10,2024-09-11,214.0,Low Value
7258,Lauren Garrett,Bronze,CA,13,12659.0,408.35,2022-01-14,2024-12-26,1077.0,Low Value
3472,Kimberly Smith,Gold,OH,5,12658.54,744.62,2022-04-17,2023-06-14,423.0,Low Value
7461,Lynn Wright,Bronze,CA,1,12656.15,3164.04,2022-01-07,2022-01-07,0.0,Low Value
6464,David Brown,Silver,TX,9,12652.97,527.21,2022-01-06,2024-10-23,1021.0,Low Value
3295,Donna Cruz,Bronze,WA,11,12649.33,301.17,2022-08-08,2024-11-08,823.0,Low Value
6071,Alexander Becker,Silver,OH,5,12647.06,702.61,2022-03-21,2024-09-20,914.0,Low Value
2772,Jacqueline Barker,Silver,VA,6,12646.31,549.84,2022-05-28,2024-10-28,884.0,Low Value
5951,Gregory Johnson,Platinum,WI,7,12645.27,436.04,2022-07-31,2023-12-29,516.0,Low Value
9611,Amanda Ellis,Gold,NC,6,12643.97,505.76,2022-01-08,2024-05-28,871.0,Low Value
8617,Jennifer Lopez,Silver,NC,7,12642.41,602.02,2022-04-07,2024-10-06,913.0,Low Value
3371,Debra Fernandez,Bronze,WA,10,12640.57,468.17,2023-02-17,2024-12-05,657.0,Low Value
3095,Mark Jenkins,Silver,MO,7,12635.21,526.47,2022-03-23,2024-11-26,979.0,Low Value
6361,Rachel Hebert,Silver,IL,8,12634.54,549.33,2022-01-01,2024-08-03,945.0,Low Value
993,Amy Kirby,Bronze,CA,6,12633.92,549.3,2022-04-19,2024-03-30,711.0,Low Value
550,Jennifer Larsen,Silver,IL,4,12632.96,1052.75,2022-06-14,2024-01-20,585.0,Low Value
1793,Tina Taylor,Bronze,MO,3,12631.65,902.26,2022-01-18,2023-02-02,380.0,Low Value
1705,Michael Boyd,Platinum,IN,4,12630.37,971.57,2022-01-09,2024-05-03,845.0,Low Value
7439,Laura Garcia,Bronze,TX,5,12630.34,842.02,2023-07-17,2024-12-15,517.0,Low Value
6982,James Chung,Platinum,NJ,4,12627.8,841.85,2022-06-07,2024-12-01,908.0,Low Value
4923,Sharon Mitchell,Silver,CA,8,12626.9,467.66,2022-01-24,2024-12-08,1049.0,Low Value
5195,April Rodriguez,Gold,NY,13,12625.15,350.7,2022-01-18,2024-12-18,1065.0,Low Value
9054,Donald Beasley,Bronze,GA,7,12623.47,525.98,2022-09-12,2024-04-16,582.0,Low Value
1578,Julie Shaw,Bronze,MI,8,12621.99,435.24,2022-07-15,2024-08-10,757.0,Low Value
4761,Carolyn Vargas,Silver,MO,8,12619.73,420.66,2022-10-30,2024-03-07,494.0,Low Value
9322,Natasha Sims,Platinum,MD,7,12614.5,573.39,2022-05-01,2024-02-12,652.0,Low Value
9590,Melissa Gutierrez,Gold,GA,5,12607.55,741.62,2022-01-29,2024-12-11,1047.0,Low Value
1281,Emily Hernandez,Gold,MD,9,12607.25,420.24,2022-04-21,2024-09-27,890.0,Low Value
4853,Keith Thomas,Silver,IN,10,12607.14,350.2,2022-04-17,2024-08-25,861.0,Low Value
7715,Nathan Bell,Platinum,VA,6,12606.84,741.58,2022-01-09,2024-10-13,1008.0,Low Value
9890,Chelsea Smith,Platinum,MI,9,12603.91,504.16,2022-09-09,2024-12-13,826.0,Low Value
4896,Kayla Beck,Silver,FL,7,12601.93,484.69,2022-07-09,2024-07-07,729.0,Low Value
3766,Nicholas Washington,Bronze,FL,6,12601.63,663.24,2022-04-12,2024-09-21,893.0,Low Value
9269,Lisa Hanson,Silver,CA,11,12600.6,420.02,2022-01-01,2024-09-02,975.0,Low Value
2682,Michael Baker,Gold,AZ,6,12600.49,840.03,2022-09-05,2024-08-08,703.0,Low Value
2202,Derek Cox,Silver,VA,10,12598.33,484.55,2022-05-04,2024-11-04,915.0,Low Value
4461,Timothy Howard,Gold,NJ,8,12597.39,466.57,2022-12-29,2024-09-10,621.0,Low Value
5554,Joseph Collins,Bronze,FL,7,12597.23,524.88,2022-02-06,2024-12-04,1032.0,Low Value
2122,Kevin Gray,Silver,MI,8,12595.5,466.5,2022-05-08,2024-02-24,657.0,Low Value
6106,Amy Holmes,Bronze,AZ,10,12593.4,484.36,2022-04-14,2024-11-21,952.0,Low Value
8013,Margaret Myers,Bronze,VA,7,12590.49,484.25,2022-03-27,2024-12-11,990.0,Low Value
7524,Robert Johnson,Silver,TN,5,12588.68,629.43,2022-07-29,2023-11-09,468.0,Low Value
6043,Jessica Jensen,Gold,IL,10,12586.28,484.09,2022-08-13,2024-05-28,654.0,Low Value
2050,Patricia Simmons,Bronze,TX,13,12585.34,314.63,2022-02-24,2024-12-02,1012.0,Low Value
3288,Amber Salazar,Bronze,OH,11,12584.25,393.26,2022-06-18,2024-10-23,858.0,Low Value
7325,Robin Ford,Silver,PA,5,12582.53,1048.54,2022-04-10,2024-04-06,727.0,Low Value
8373,Kim Green,Bronze,WI,7,12580.81,662.15,2022-03-09,2024-07-17,861.0,Low Value
6103,Adam Gregory,Silver,GA,5,12580.24,1048.35,2022-03-28,2024-05-13,777.0,Low Value
8249,Katherine Bowers,Silver,TN,8,12572.75,483.57,2022-01-24,2024-12-31,1072.0,Low Value
6298,Chelsea Bryant,Bronze,FL,9,12571.37,392.86,2022-08-13,2024-05-10,636.0,Low Value
3451,Cassandra Hansen,Gold,MI,7,12569.28,392.79,2022-10-08,2024-11-25,779.0,Low Value
3317,Peter Sanford,Silver,CA,10,12564.21,465.34,2022-02-24,2024-04-10,776.0,Low Value
7400,Henry Howard,Silver,MD,10,12562.8,358.94,2022-05-27,2024-09-06,833.0,Low Value
8494,Chris Norris,Silver,IL,6,12561.22,523.38,2022-08-01,2024-05-24,662.0,Low Value
4392,Angelica Jackson,Platinum,OH,6,12558.69,966.05,2022-01-03,2024-06-12,891.0,Low Value
7039,James Stokes,Bronze,IL,7,12556.29,523.18,2022-09-28,2024-11-23,787.0,Low Value
4668,Cheryl Baldwin,Gold,MI,8,12553.64,404.96,2022-05-12,2024-11-08,911.0,Low Value
3774,Angela Sanchez,Silver,TN,8,12550.41,448.23,2022-02-23,2023-10-27,611.0,Low Value
8553,Oscar Robbins,Silver,IN,8,12550.03,570.46,2022-01-09,2024-10-17,1012.0,Low Value
5481,Cynthia Blankenship,Bronze,OH,4,12549.66,738.22,2022-03-20,2024-03-11,722.0,Low Value
4585,Debbie Shelton,Silver,WI,7,12549.31,597.59,2022-08-05,2024-10-11,798.0,Low Value
9725,Erin Williams,Bronze,NC,9,12545.04,501.8,2022-01-27,2024-09-30,977.0,Low Value
3361,James Shaw,Gold,VA,7,12544.91,501.8,2022-02-02,2024-11-07,1009.0,Low Value
365,Matthew White,Bronze,PA,8,12543.15,391.97,2022-07-11,2024-12-11,884.0,Low Value
7948,Mark Rodriguez,Silver,VA,8,12542.64,482.41,2022-02-13,2024-11-05,996.0,Low Value
6765,Susan Hammond,Gold,CA,7,12542.03,501.68,2022-05-02,2024-04-06,705.0,Low Value
9532,Wanda Gardner,Bronze,OH,3,12538.58,1139.87,2023-12-06,2024-09-30,299.0,Low Value
8438,Wyatt Baldwin,Silver,MA,8,12536.94,432.31,2022-06-10,2024-09-17,830.0,Low Value
516,Misty Sanchez,Silver,NY,8,12535.65,626.78,2022-03-18,2024-12-13,1001.0,Low Value
1245,Lee Sanchez,Silver,TN,7,12530.13,696.12,2022-02-28,2024-11-11,987.0,Low Value
732,Betty Coffey,Bronze,NJ,7,12530.09,501.2,2022-06-24,2024-07-07,744.0,Low Value
7904,Scott Dalton,Silver,MA,6,12529.26,464.05,2022-07-06,2024-05-25,689.0,Low Value
4441,Carol Gutierrez,Bronze,TN,7,12526.9,463.96,2022-11-12,2024-05-01,536.0,Low Value
5534,Chelsea Koch,Gold,MO,6,12525.69,695.87,2022-12-26,2024-08-02,585.0,Low Value
8000,Richard Gardner,Gold,IN,11,12524.33,357.84,2022-05-06,2024-04-11,706.0,Low Value
4786,Andrea Peterson,Bronze,NJ,7,12516.52,596.02,2022-06-16,2024-05-18,702.0,Low Value
7932,Peggy Rodriguez,Silver,MI,7,12515.35,595.97,2022-01-05,2024-11-27,1057.0,Low Value
4046,Maria Burns,Bronze,WI,10,12513.48,403.66,2022-02-15,2024-11-15,1004.0,Low Value
3887,David Perez,Gold,TN,9,12513.44,481.29,2022-09-17,2024-08-05,688.0,Low Value
7696,Dennis Moody,Bronze,VA,9,12509.93,481.15,2022-10-17,2024-10-16,730.0,Low Value
587,Linda Mendez,Bronze,IN,7,12508.6,543.85,2022-12-21,2024-12-27,737.0,Low Value
4182,Peter Hall,Silver,AZ,11,12504.68,431.2,2022-03-05,2024-12-25,1026.0,Low Value
5723,Leonard Carlson,Platinum,NC,7,12504.39,521.02,2022-01-15,2024-04-16,822.0,Low Value
3133,Megan Duke,Gold,FL,9,12501.36,543.54,2022-10-02,2024-08-01,669.0,Low Value
9525,Thomas Ramos,Silver,AZ,7,12499.96,694.44,2022-05-19,2024-08-04,808.0,Low Value
2815,Tiffany Beck,Bronze,FL,8,12498.64,624.93,2022-02-25,2024-03-15,749.0,Low Value
774,Karen Young,Gold,AZ,10,12494.68,594.98,2022-09-05,2024-08-16,711.0,Low Value
6817,Ashley Hurley,Silver,MD,3,12492.57,1041.05,2024-02-19,2024-02-19,0.0,Low Value
4679,Jane Brown,Silver,TN,7,12489.69,499.59,2022-01-11,2024-10-19,1012.0,Low Value
414,Kristen Moran,Gold,NY,8,12489.55,446.06,2022-07-09,2024-06-18,710.0,Low Value
6747,Ronald Wilson,Silver,NY,11,12487.0,445.96,2023-01-03,2024-11-10,677.0,Low Value
9728,Danielle Raymond,Gold,WI,6,12485.25,542.84,2023-03-25,2024-10-06,561.0,Low Value
9392,Kathryn Moran,Gold,TN,6,12481.66,624.08,2023-06-18,2024-11-05,506.0,Low Value
7736,Mark Carter,Bronze,MD,11,12477.98,519.92,2022-02-08,2024-12-26,1052.0,Low Value
6325,Alyssa Chambers,Bronze,FL,6,12476.41,594.11,2023-02-08,2024-12-20,681.0,Low Value
7909,Carl Sims,Silver,VA,7,12469.42,498.78,2022-07-13,2024-12-09,880.0,Low Value
3497,Brittany Reynolds,Bronze,VA,9,12468.06,445.29,2022-02-17,2024-07-26,890.0,Low Value
7678,Juan Ramirez,Gold,FL,6,12467.37,692.63,2022-06-29,2024-09-26,820.0,Low Value
293,Ronald Foster,Silver,MO,5,12461.12,566.41,2022-06-27,2024-03-28,640.0,Low Value
8628,Edward Mitchell,Bronze,MD,7,12459.78,593.32,2022-01-13,2024-12-12,1064.0,Low Value
211,Marilyn Wright,Bronze,IN,9,12458.44,566.29,2022-03-08,2024-09-07,914.0,Low Value
8662,Jeffrey Kelly,Silver,MI,6,12456.74,655.62,2022-01-18,2024-09-20,976.0,Low Value
2916,Eric Rodriguez,Silver,TN,10,12450.71,415.02,2022-01-20,2024-09-28,982.0,Low Value
3080,Bryan Martinez,Silver,WI,8,12448.36,592.78,2022-03-07,2024-11-15,984.0,Low Value
3396,Benjamin Taylor,Bronze,MO,5,12446.76,1037.23,2022-02-24,2024-11-02,982.0,Low Value
1606,Robert Jenkins,Gold,NJ,8,12446.22,401.49,2022-12-08,2024-11-04,697.0,Low Value
1620,Sarah Estrada,Gold,WI,7,12443.16,541.01,2022-01-09,2024-06-14,887.0,Low Value
1137,Donald Edwards,Bronze,WI,8,12437.34,540.75,2022-01-25,2024-11-13,1023.0,Low Value
4746,Kevin Cole,Bronze,NC,7,12435.43,565.25,2022-03-17,2024-11-29,988.0,Low Value
2104,Charles Cooper,Bronze,IN,9,12434.91,318.84,2022-01-26,2024-05-03,828.0,Low Value
5320,Brandon Wright,Bronze,NC,6,12426.93,564.86,2022-07-15,2024-12-28,897.0,Low Value
9402,Michael Wilkerson,Bronze,PA,8,12423.37,460.12,2022-02-17,2024-10-03,959.0,Low Value
3742,Amanda Chandler,Platinum,AZ,7,12421.02,517.54,2022-07-15,2024-05-06,661.0,Low Value
9087,Sarah Barber,Silver,NC,6,12415.77,539.82,2022-05-01,2023-07-23,448.0,Low Value
3252,Krista Goodman,Bronze,IN,5,12413.94,1128.54,2022-04-06,2024-12-02,971.0,Low Value
8017,Austin Drake,Gold,IL,9,12406.49,516.94,2022-10-27,2024-06-10,592.0,Low Value
1912,Heather Lopez,Bronze,MA,7,12406.23,477.16,2022-04-19,2024-09-14,879.0,Low Value
2525,Omar Jacobs,Gold,MA,7,12405.66,620.28,2022-02-01,2024-01-24,722.0,Low Value
3487,Anthony Baldwin,Silver,MA,5,12403.71,620.19,2022-11-26,2023-09-05,283.0,Low Value
1538,Christine Payne,Gold,GA,9,12402.23,563.74,2022-02-17,2024-12-29,1046.0,Low Value
3581,Karen Thomas,Bronze,MO,11,12399.5,413.32,2022-05-03,2024-11-15,927.0,Low Value
2712,Kelly Wood,Platinum,IN,8,12399.24,539.1,2022-01-29,2024-06-08,861.0,Low Value
1044,Christopher Hudson,Gold,TX,5,12397.47,774.84,2022-10-07,2024-08-26,689.0,Low Value
8097,Kimberly Gilmore,Bronze,AZ,12,12395.84,516.49,2022-02-26,2024-05-17,811.0,Low Value
1731,Joseph Jones,Bronze,NJ,10,12394.92,427.41,2022-06-01,2024-10-10,862.0,Low Value
9589,Richard Dudley,Silver,NC,7,12393.14,364.5,2022-02-04,2024-09-25,964.0,Low Value
7870,Jimmy Stephens,Silver,TX,6,12392.2,516.34,2022-08-31,2023-08-21,355.0,Low Value
9780,Debra Barker,Bronze,NC,8,12390.5,652.13,2022-01-05,2023-09-11,614.0,Low Value
8414,Amanda Rivera,Gold,MI,5,12388.8,688.27,2022-11-17,2024-05-27,557.0,Low Value
7743,Luis Roberts,Gold,PA,10,12388.67,516.19,2022-03-22,2024-11-08,962.0,Low Value
6739,David Murray,Platinum,TX,6,12385.99,825.73,2022-09-28,2024-12-23,817.0,Low Value
8835,Tony Carter,Silver,MO,9,12384.61,495.38,2022-05-24,2023-12-19,574.0,Low Value
9553,Brandon Ward,Bronze,GA,6,12377.53,412.58,2022-01-22,2024-06-21,881.0,Low Value
2756,Scott Rowe,Silver,WI,9,12369.74,374.84,2022-10-31,2024-12-14,775.0,Low Value
7991,Michelle Hall,Bronze,PA,8,12368.73,475.72,2022-12-25,2024-12-22,728.0,Low Value
5794,Laurie Valencia,Silver,MO,10,12367.46,494.7,2022-01-22,2024-01-02,710.0,Low Value
1810,Christopher Cannon,Platinum,IL,7,12365.61,475.6,2022-03-05,2024-06-18,836.0,Low Value
7774,Alexandra Andrews,Silver,FL,9,12363.72,475.53,2022-03-10,2024-01-17,678.0,Low Value
4531,Kimberly Castillo,Silver,PA,7,12363.29,561.97,2022-03-13,2024-10-03,935.0,Low Value
7906,Juan Lam,Platinum,WI,10,12361.74,294.33,2022-06-04,2024-08-13,801.0,Low Value
5420,Jeffrey Chavez,Platinum,MI,11,12360.23,343.34,2022-12-28,2024-12-09,712.0,Low Value
4296,Andrew Combs,Bronze,MO,5,12356.3,650.33,2022-10-21,2024-06-02,590.0,Low Value
3649,Kimberly Nelson,Bronze,WI,6,12356.18,514.84,2022-08-21,2024-06-16,665.0,Low Value
3502,Christopher Owens,Bronze,TN,7,12355.97,441.28,2022-01-22,2024-02-22,761.0,Low Value
9673,Nathan Peck,Platinum,TX,10,12353.69,294.14,2022-10-05,2024-04-21,564.0,Low Value
9128,Karla Kerr,Platinum,WA,12,12348.97,374.21,2022-01-04,2024-08-28,967.0,Low Value
1569,John Burke,Bronze,MI,7,12345.76,726.22,2022-04-23,2024-10-19,910.0,Low Value
9182,Danielle Bell,Silver,MO,11,12343.16,457.15,2022-04-24,2024-10-17,907.0,Low Value
7629,James Walker,Bronze,NY,7,12341.62,493.66,2022-02-07,2024-05-08,821.0,Low Value
8038,Steven Benson,Silver,CA,6,12339.06,649.42,2022-02-06,2024-01-23,716.0,Low Value
4826,Glenn Mcdonald,Platinum,NC,8,12335.74,493.43,2022-06-01,2024-06-04,734.0,Low Value
7230,David Curtis,Gold,VA,6,12335.1,685.28,2022-03-14,2024-02-09,697.0,Low Value
9493,Lori Nelson,Bronze,TX,6,12331.19,770.7,2022-06-23,2024-03-10,626.0,Low Value
7239,Zachary Johnson,Bronze,IN,9,12329.27,616.46,2022-01-29,2024-09-10,955.0,Low Value
7551,Rachel Norris,Silver,WA,6,12328.66,821.91,2022-03-25,2024-03-30,736.0,Low Value
3352,Andrew Drake,Silver,GA,7,12325.99,560.27,2022-03-11,2024-06-08,820.0,Low Value
1498,Victoria Harris,Silver,VA,8,12324.62,586.89,2022-03-02,2024-07-27,878.0,Low Value
278,James Johnson,Bronze,MO,8,12318.04,456.22,2022-05-10,2024-08-28,841.0,Low Value
6150,Dean Lewis,Platinum,IN,8,12316.39,615.82,2023-06-15,2024-10-11,484.0,Low Value
2029,Rebecca Lin,Gold,MI,9,12315.71,724.45,2022-01-07,2024-06-01,876.0,Low Value
106,Corey Zavala,Bronze,CA,8,12313.74,513.07,2022-05-30,2024-07-25,787.0,Low Value
4870,Lori Johnson,Silver,NC,7,12312.01,615.6,2022-02-28,2024-03-12,743.0,Low Value
9913,Erica Meza,Silver,GA,10,12311.18,492.45,2022-01-20,2024-10-29,1013.0,Low Value
3849,Lisa Bailey,Platinum,MI,6,12309.02,473.42,2022-09-17,2024-09-26,740.0,Low Value
338,Frank Mcdonald,Bronze,VA,8,12307.65,559.44,2022-02-17,2024-02-18,731.0,Low Value
9648,Kurt Stuart,Bronze,MA,6,12302.32,878.74,2022-12-30,2024-08-26,605.0,Low Value
2920,Willie Mathis,Silver,TN,11,12301.38,424.19,2022-01-23,2024-05-19,847.0,Low Value
9624,Donna Garcia,Platinum,NC,10,12293.7,455.32,2022-01-03,2024-03-23,810.0,Low Value
971,Sue Austin,Silver,CA,14,12288.35,245.77,2022-08-06,2024-12-02,849.0,Low Value
1327,Richard Chambers,Silver,VA,8,12286.95,455.07,2022-01-09,2024-10-22,1017.0,Low Value
1451,Nathan Ramos,Bronze,CA,8,12286.1,585.05,2022-01-13,2024-11-18,1040.0,Low Value
2621,David Aguilar,Platinum,TN,11,12284.4,341.23,2022-01-19,2024-11-11,1027.0,Low Value
6242,Donna White,Platinum,NY,9,12277.85,472.23,2022-01-08,2024-08-16,951.0,Low Value
6133,Peter Anderson,Gold,AZ,5,12271.14,584.34,2022-03-04,2024-10-04,945.0,Low Value
8488,Kathy Jones,Bronze,NJ,8,12269.35,438.19,2022-08-14,2024-10-17,795.0,Low Value
3217,Sarah Harvey,Silver,IN,6,12267.82,533.38,2022-04-18,2024-10-21,917.0,Low Value
76,Michael Norman,Gold,NJ,4,12262.51,943.27,2023-09-28,2024-03-16,170.0,Low Value
5342,Kevin Gomez,Silver,IN,8,12260.51,408.68,2022-03-31,2024-09-07,891.0,Low Value
5790,Michael Tucker,Silver,MA,9,12258.63,408.62,2022-01-06,2024-01-28,752.0,Low Value
5865,Carlos Bennett,Gold,NJ,6,12255.26,557.06,2022-11-29,2024-12-26,758.0,Low Value
1555,Donald Bond,Bronze,TX,6,12253.76,612.69,2022-02-13,2024-09-19,949.0,Low Value
5910,Monique Peters,Silver,NY,7,12247.56,612.38,2023-03-09,2024-07-24,503.0,Low Value
9466,Curtis Jackson,Silver,WA,9,12245.58,422.26,2022-12-28,2024-04-18,477.0,Low Value
3571,Melissa Cummings,Platinum,TN,5,12245.17,1224.52,2022-01-10,2024-05-21,862.0,Low Value
8372,Carly Jensen,Bronze,OH,6,12239.33,582.83,2022-04-21,2024-12-04,958.0,Low Value
3486,John Gill,Platinum,OH,7,12238.4,509.93,2022-02-18,2024-10-04,959.0,Low Value
3917,Paul Duncan,Bronze,MI,8,12231.41,555.97,2022-09-07,2024-04-04,575.0,Low Value
5119,Cynthia Lindsey,Bronze,FL,8,12228.3,452.9,2022-03-16,2024-08-17,885.0,Low Value
4719,David Hoffman,Silver,CA,10,12227.2,421.63,2022-02-08,2024-02-25,747.0,Low Value
8565,David Wolf,Bronze,MA,9,12226.6,407.55,2022-05-09,2024-04-05,697.0,Low Value
1316,Hailey Evans,Bronze,GA,4,12223.44,940.26,2022-04-26,2023-01-15,264.0,Low Value
3829,Rhonda Willis,Platinum,MD,5,12221.62,718.92,2022-02-07,2024-07-06,880.0,Low Value
3032,Nicholas Trujillo,Bronze,FL,6,12221.27,611.06,2022-05-07,2024-12-29,967.0,Low Value
6568,Laura Wagner,Bronze,NC,4,12220.93,872.92,2022-03-15,2024-04-29,776.0,Low Value
9905,Lisa Maxwell,Bronze,TX,5,12219.77,678.88,2022-12-04,2024-12-17,744.0,Low Value
6429,Zachary Smith,Bronze,AZ,7,12216.94,610.85,2022-02-18,2024-11-10,996.0,Low Value
5926,Alec Atkins,Platinum,VA,6,12216.5,872.61,2022-04-21,2024-05-09,749.0,Low Value
2789,Jack Galvan,Bronze,NC,5,12210.81,718.28,2022-01-20,2023-08-15,572.0,Low Value
3121,Angela Grant,Bronze,OH,8,12209.19,452.19,2022-05-31,2024-12-19,933.0,Low Value
565,Katherine Berg,Bronze,TN,9,12208.68,488.35,2022-02-15,2024-11-26,1015.0,Low Value
8742,Charles Thomas,Gold,IN,6,12199.21,642.06,2022-02-02,2024-05-21,839.0,Low Value
5999,Brittany Gutierrez,Silver,NJ,6,12192.33,677.35,2022-04-24,2024-03-17,693.0,Low Value
5012,Charles Rodriguez,Bronze,PA,10,12191.13,487.65,2022-03-30,2024-06-03,796.0,Low Value
7525,Ricky Jones,Bronze,MA,7,12185.72,507.74,2022-03-06,2024-11-27,997.0,Low Value
9111,Belinda Myers,Bronze,FL,7,12178.9,608.94,2022-01-11,2024-05-23,863.0,Low Value
37,Glenn Jones,Silver,CA,8,12174.89,434.82,2022-01-22,2024-06-25,885.0,Low Value
5765,Charles Beck,Silver,NJ,9,12172.53,358.02,2022-03-25,2024-12-02,983.0,Low Value
8071,Eduardo Pace,Silver,MD,8,12172.31,468.17,2022-04-05,2024-09-05,884.0,Low Value
2382,Ann Mitchell,Bronze,WI,6,12171.07,640.58,2022-04-21,2023-10-05,532.0,Low Value
8919,Matthew Warren,Gold,MD,7,12163.76,528.86,2022-01-31,2023-08-11,557.0,Low Value
5206,Linda Ross,Bronze,NY,5,12162.86,810.86,2022-01-06,2024-10-14,1012.0,Low Value
3541,Kyle Ward,Bronze,FL,10,12161.36,405.38,2022-09-13,2024-11-26,805.0,Low Value
5218,Scott Morrow,Bronze,IL,7,12161.3,552.79,2022-02-26,2024-07-18,873.0,Low Value
9547,John Saunders,Silver,WI,9,12161.24,337.81,2022-11-20,2024-11-25,736.0,Low Value
8199,Christine Stewart,Silver,AZ,7,12161.19,552.78,2022-01-16,2024-09-12,970.0,Low Value
3338,Sara Salinas,Bronze,OH,8,12161.1,528.74,2022-07-27,2024-05-26,669.0,Low Value
3744,Anthony Martin,Bronze,NY,7,12158.45,486.34,2022-08-24,2024-11-25,824.0,Low Value
1453,Brooke Goodman,Gold,CA,6,12158.29,450.31,2022-11-28,2024-11-23,726.0,Low Value
6947,Melvin Wong,Silver,NY,9,12155.36,578.83,2022-03-21,2024-10-27,951.0,Low Value
9920,Joseph Brooks,Bronze,WA,2,12154.59,1350.51,2022-04-11,2023-01-06,270.0,Low Value
7126,Jill Barrett,Platinum,TX,6,12148.16,552.19,2022-01-30,2024-07-24,906.0,Low Value
3931,Matthew King,Silver,OH,10,12148.08,485.92,2022-04-15,2024-11-05,935.0,Low Value
4143,Peter Meyers,Silver,WI,9,12143.39,346.95,2022-04-12,2024-07-19,829.0,Low Value
6475,Katherine Wagner,Gold,MD,8,12143.37,551.97,2022-10-06,2024-12-30,816.0,Low Value
8492,Thomas Flynn,Silver,NY,8,12142.23,433.65,2022-01-02,2023-10-18,654.0,Low Value
3230,Samuel Jones,Silver,IN,12,12140.97,311.31,2022-01-20,2024-09-18,972.0,Low Value
4867,Yolanda Myers,Gold,NJ,9,12140.34,449.64,2022-10-05,2024-01-18,470.0,Low Value
7704,Jason Jones,Platinum,AZ,12,12139.8,328.1,2022-06-30,2024-11-04,858.0,Low Value
7292,Michael Stone,Bronze,GA,6,12137.12,1011.43,2022-01-20,2024-08-04,927.0,Low Value
2172,Jennifer Flowers,Gold,IL,8,12135.73,638.72,2023-03-20,2024-08-18,517.0,Low Value
8564,Melissa Guerra,Silver,MA,7,12133.71,551.53,2022-01-01,2024-11-27,1061.0,Low Value
9641,Cynthia Gomez,Silver,VA,9,12132.53,466.64,2022-01-29,2024-11-02,1008.0,Low Value
7900,Hannah Kerr,Bronze,AZ,8,12131.39,404.38,2022-03-24,2024-12-30,1012.0,Low Value
2428,Patty Copeland,Silver,GA,6,12131.17,606.56,2022-01-08,2024-05-03,846.0,Low Value
609,Peter Boyd,Silver,MD,8,12125.45,673.64,2022-05-13,2024-08-07,817.0,Low Value
2667,Gabriela Green,Platinum,WA,7,12120.38,466.17,2022-08-01,2024-11-30,852.0,Low Value
5130,Jeremy Combs,Bronze,IN,10,12119.78,378.74,2022-07-05,2024-08-11,768.0,Low Value
5690,Michael Burton,Bronze,PA,4,12119.06,712.89,2022-03-01,2024-04-30,791.0,Low Value
1335,Marcus Escobar,Platinum,MO,14,12117.68,281.81,2022-01-27,2024-12-16,1054.0,Low Value
5836,Tanya Long,Bronze,FL,8,12115.62,550.71,2022-02-15,2024-09-30,958.0,Low Value
9415,Michael Foster,Gold,MD,8,12114.07,605.7,2022-07-26,2024-12-31,889.0,Low Value
9630,Jeffrey Stephens,Bronze,FL,7,12114.02,448.67,2022-12-09,2024-10-23,684.0,Low Value
1901,Erin Mcintosh,Bronze,IN,5,12107.58,605.38,2022-06-11,2024-11-09,882.0,Low Value
730,Christopher Jackson,Silver,CA,6,12104.12,712.01,2022-09-20,2024-07-04,653.0,Low Value
3062,Brandy Ruiz,Bronze,TN,11,12101.88,336.16,2022-04-13,2024-09-25,896.0,Low Value
9709,Samuel Lopez,Silver,MA,9,12100.35,432.16,2022-03-23,2024-12-15,998.0,Low Value
131,Clarence Ward,Gold,FL,6,12099.48,636.81,2022-02-27,2024-10-13,959.0,Low Value
6195,Lauren Contreras,Bronze,FL,5,12097.59,756.1,2022-01-12,2024-10-25,1017.0,Low Value
7527,Kyle Tyler,Gold,IN,10,12089.38,431.76,2022-01-07,2024-05-06,850.0,Low Value
8255,Annette Gamble,Silver,AZ,11,12088.7,318.12,2022-03-27,2024-08-09,866.0,Low Value
5943,Kendra Scott,Platinum,WA,5,12084.92,549.31,2022-02-17,2024-06-11,845.0,Low Value
8045,Robert Rodriguez,Bronze,IL,11,12083.9,416.69,2022-03-16,2024-09-10,909.0,Low Value
4657,Joseph Franklin,Gold,TN,7,12082.36,447.49,2022-01-09,2024-11-16,1042.0,Low Value
3368,Robert Shaw,Platinum,IL,8,12075.59,503.15,2022-06-05,2024-12-07,916.0,Low Value
2849,Shane Reed,Gold,PA,4,12074.91,754.68,2022-06-22,2024-11-08,870.0,Low Value
4573,Sherri Walker,Gold,NC,7,12066.66,603.33,2022-08-23,2024-11-20,820.0,Low Value
4128,Corey Mays,Bronze,IN,8,12066.49,389.24,2022-05-07,2024-01-03,606.0,Low Value
7636,Zachary Hernandez,Silver,MI,9,12063.39,482.54,2022-06-19,2024-11-26,891.0,Low Value
9811,Charles Clements,Bronze,GA,5,12060.65,709.45,2022-05-08,2024-10-23,899.0,Low Value
934,Destiny Armstrong,Bronze,NC,9,12059.93,463.84,2022-05-31,2024-12-17,931.0,Low Value
5657,Ashley Fisher,Bronze,NY,10,12057.93,463.77,2022-02-07,2024-06-08,852.0,Low Value
2519,Gail Morris,Gold,WA,9,12056.73,548.03,2022-02-20,2024-11-14,998.0,Low Value
176,Joseph Cruz,Bronze,OH,8,12053.79,463.61,2022-05-21,2024-10-11,874.0,Low Value
4377,Jacqueline Carter,Bronze,TN,8,12052.94,482.12,2022-03-09,2024-12-03,1000.0,Low Value
6271,Alexis Zimmerman,Gold,TN,8,12052.48,547.84,2022-04-06,2024-12-28,997.0,Low Value
6838,Charles Murphy,Bronze,FL,8,12050.41,446.31,2022-06-03,2024-12-05,916.0,Low Value
2254,Rebecca Rhodes,Bronze,CA,5,12050.4,708.85,2022-03-23,2024-11-19,972.0,Low Value
3056,Jessica Montgomery,Silver,NC,6,12047.12,573.67,2022-03-25,2024-07-20,848.0,Low Value
8891,Daniel Chapman,Silver,VA,6,12046.35,669.24,2022-02-21,2024-07-07,867.0,Low Value
3124,Levi Spencer,Silver,MI,8,12038.75,601.94,2022-04-21,2024-12-28,982.0,Low Value
1867,Kathleen Cunningham,Silver,TN,7,12037.92,633.57,2022-06-23,2024-12-31,922.0,Low Value
1384,Jason Harris,Bronze,WA,9,12036.09,388.26,2022-03-06,2024-11-13,983.0,Low Value
8042,Mallory Yates,Bronze,IN,5,12034.15,925.7,2022-03-01,2024-12-03,1008.0,Low Value
4255,Michelle Cook,Bronze,WA,8,12031.66,429.7,2022-05-01,2024-12-05,949.0,Low Value
9995,Tony Carr,Silver,FL,6,12022.5,522.72,2022-04-20,2024-09-16,880.0,Low Value
2824,Dale Cruz,Bronze,CA,8,12022.37,445.27,2022-02-26,2024-12-26,1034.0,Low Value
3884,Jorge Ryan,Silver,MA,6,12020.51,858.61,2022-07-02,2024-11-21,873.0,Low Value
750,Jessica Tran,Bronze,NJ,6,12020.31,572.4,2022-06-30,2024-05-05,675.0,Low Value
1141,Donald Ferguson,Gold,PA,7,12019.29,572.35,2022-07-18,2024-01-23,554.0,Low Value
5917,Sarah Ramirez,Bronze,TX,6,12016.66,572.22,2022-01-05,2024-10-25,1024.0,Low Value
7360,Linda Chapman,Silver,CA,9,12015.43,343.3,2022-03-02,2024-05-06,796.0,Low Value
5583,Marco Gonzalez,Silver,TN,6,12010.72,480.43,2022-01-18,2024-12-12,1059.0,Low Value
2233,Deanna Russo,Bronze,IN,9,12008.58,500.36,2022-02-08,2024-12-18,1044.0,Low Value
5855,Renee Lang,Bronze,NJ,6,12007.57,545.8,2022-06-09,2024-02-16,617.0,Low Value
4334,Matthew Berg,Bronze,TN,7,12002.95,571.57,2022-08-17,2024-10-10,785.0,Low Value
2536,Suzanne Lamb,Silver,NC,4,12001.43,666.75,2023-01-30,2024-12-20,690.0,Low Value
190,Michelle Coleman,Bronze,IL,5,11995.97,571.24,2023-06-04,2023-12-08,187.0,Low Value
4048,Tara Porter,Gold,TX,8,11992.24,413.53,2022-02-17,2024-10-20,976.0,Low Value
160,Joseph Pena,Silver,TX,7,11990.79,342.59,2022-05-30,2024-09-30,854.0,Low Value
5614,Kevin Mcgrath,Bronze,MI,9,11987.5,428.13,2022-01-03,2024-10-04,1005.0,Low Value
8630,Jennifer Cherry,Platinum,MO,6,11985.68,544.8,2022-04-11,2024-12-11,975.0,Low Value
1628,Samantha Smith,Gold,WI,9,11984.41,570.69,2022-06-14,2024-12-11,911.0,Low Value
7013,Sheila Thomas,Bronze,VA,7,11981.07,630.58,2022-03-10,2024-07-28,871.0,Low Value
1388,Gabriel Atkins,Bronze,IN,6,11979.81,798.65,2022-02-21,2024-12-01,1014.0,Low Value
3293,Jennifer Proctor,Bronze,IL,8,11977.59,499.07,2022-03-07,2023-12-16,649.0,Low Value
9187,Matthew Barrett,Platinum,AZ,12,11973.04,362.82,2022-02-07,2024-12-28,1055.0,Low Value
3775,Edward Hubbard,Bronze,PA,6,11970.37,570.02,2023-02-21,2024-12-29,677.0,Low Value
8449,Jennifer Frank,Bronze,NJ,4,11969.7,797.98,2022-06-23,2024-06-08,716.0,Low Value
2647,Barbara Alexander,Silver,OH,10,11969.28,460.36,2022-04-18,2024-12-13,970.0,Low Value
4546,Matthew Chambers,Platinum,TN,13,11968.79,427.46,2022-01-25,2024-08-23,941.0,Low Value
701,Meghan Allen,Bronze,PA,10,11965.47,427.34,2022-05-30,2024-12-04,919.0,Low Value
595,Robin Hunt,Gold,NC,10,11964.4,520.19,2022-07-31,2024-11-05,828.0,Low Value
3187,Bryan Rogers,Gold,WI,7,11962.9,520.13,2022-06-19,2024-11-08,873.0,Low Value
7819,Jenna Rios,Gold,IN,7,11962.84,703.7,2022-01-14,2024-11-28,1049.0,Low Value
5550,Erika Fry,Bronze,NC,10,11956.89,442.85,2022-02-15,2024-06-27,863.0,Low Value
8798,Nicole Finley,Gold,NC,10,11956.29,341.61,2022-08-31,2024-11-09,801.0,Low Value
390,Ashley Lloyd,Bronze,VA,5,11946.27,853.31,2023-08-22,2024-11-23,459.0,Low Value
6883,Brenda Simon,Bronze,NC,11,11944.0,351.29,2022-01-29,2024-06-26,879.0,Low Value
7381,Kimberly Mckinney,Gold,MD,9,11943.6,477.74,2022-09-27,2024-09-21,725.0,Low Value
6669,Joshua Austin,Platinum,MO,7,11942.58,597.13,2022-02-15,2024-11-07,996.0,Low Value
682,Micheal Stephens,Silver,WI,9,11941.76,341.19,2022-01-20,2024-09-26,980.0,Low Value
3359,Daniel Allen,Bronze,PA,8,11937.33,385.08,2022-02-24,2024-09-18,937.0,Low Value
2638,Dawn Garner,Gold,MD,6,11937.25,702.19,2022-04-03,2024-05-19,777.0,Low Value
5002,Victoria Wilkinson,Silver,NJ,7,11936.41,518.97,2022-03-07,2024-07-14,860.0,Low Value
1834,Heather Byrd,Silver,PA,6,11936.05,628.21,2022-01-05,2024-09-09,978.0,Low Value
4497,Calvin Fox,Silver,IN,10,11934.5,331.51,2022-01-19,2024-09-22,977.0,Low Value
6826,Brad Barnes,Bronze,FL,8,11932.72,384.93,2022-03-07,2024-09-15,923.0,Low Value
6664,Alexis Stevenson,Platinum,GA,10,11931.54,397.72,2022-04-17,2024-08-29,865.0,Low Value
7418,Jessica Nguyen,Platinum,MI,6,11930.46,662.8,2022-05-24,2024-10-31,891.0,Low Value
9082,Erik Weber,Bronze,TN,8,11924.81,518.47,2022-11-13,2024-10-13,700.0,Low Value
6847,Megan Carter,Bronze,MA,8,11924.09,496.84,2022-03-20,2024-10-17,942.0,Low Value
5566,Joseph Graves,Silver,TN,9,11923.43,458.59,2022-01-22,2024-05-24,853.0,Low Value
5487,Melissa Harris,Bronze,VA,6,11922.67,541.94,2022-02-06,2024-12-19,1047.0,Low Value
9383,Brittany Lee,Bronze,PA,7,11921.47,541.88,2022-09-20,2024-11-18,790.0,Low Value
7635,Christopher Lee,Gold,NJ,4,11921.34,993.45,2022-07-28,2024-12-27,883.0,Low Value
3542,Jennifer Hodges,Bronze,IN,9,11917.54,441.39,2022-04-01,2024-09-14,897.0,Low Value
6670,Andrew Kirk,Platinum,TN,6,11916.18,744.76,2022-08-17,2024-09-16,761.0,Low Value
3991,David Becker,Silver,MO,13,11915.52,313.57,2022-08-05,2024-10-03,790.0,Low Value
2072,Dustin Perkins,Bronze,MA,12,11914.31,397.14,2022-01-15,2024-07-28,925.0,Low Value
666,Karen Scott,Silver,NJ,7,11913.56,627.03,2022-04-17,2024-08-14,850.0,Low Value
7204,Brian Mcbride,Bronze,VA,7,11912.33,626.96,2022-07-11,2024-09-02,784.0,Low Value
8981,Christina Smith,Silver,MA,9,11908.23,384.14,2022-02-11,2024-12-21,1044.0,Low Value
3463,Denise Peters,Silver,IL,5,11906.63,566.98,2022-10-08,2024-12-14,798.0,Low Value
6282,Eugene Contreras,Silver,WI,9,11905.88,595.29,2022-04-28,2024-08-18,843.0,Low Value
9979,Amy Krause,Gold,WA,7,11904.26,541.1,2022-11-03,2024-12-11,769.0,Low Value
707,Preston Williams,Bronze,WA,6,11901.63,661.2,2022-01-08,2024-10-23,1019.0,Low Value
1064,Gabriel Bautista,Platinum,MA,8,11900.5,540.93,2022-02-11,2024-08-11,912.0,Low Value
968,Melissa Rollins,Silver,IN,8,11899.42,457.67,2022-08-19,2024-07-03,684.0,Low Value
2378,Sarah Carter,Bronze,GA,9,11897.27,457.59,2022-03-02,2024-10-09,952.0,Low Value
19,Mark Lin,Gold,TX,6,11896.21,475.85,2022-11-08,2024-05-21,560.0,Low Value
1177,Grant Turner,Gold,WI,10,11895.43,313.04,2022-01-03,2024-12-23,1085.0,Low Value
7371,Jason White,Platinum,MD,10,11895.17,457.51,2022-04-14,2024-09-04,874.0,Low Value
404,Roger Obrien,Platinum,NC,9,11893.25,440.49,2022-10-30,2024-10-01,702.0,Low Value
8764,Douglas Johnson,Silver,WA,6,11893.22,660.73,2022-01-13,2024-06-13,882.0,Low Value
5111,David Johnson,Silver,NY,8,11891.19,440.41,2022-01-29,2024-11-23,1029.0,Low Value
3924,Christine Khan,Bronze,FL,4,11890.39,660.58,2022-07-20,2024-11-22,856.0,Low Value
9436,Katelyn Meyers,Silver,MI,7,11886.33,457.17,2022-04-27,2024-09-02,859.0,Low Value
3560,Michelle Thompson,Bronze,MO,8,11885.94,383.42,2022-01-10,2024-11-24,1049.0,Low Value
3201,Catherine Lam,Gold,WI,7,11885.77,475.43,2022-08-03,2024-01-21,536.0,Low Value
6620,Anthony Aguirre,Bronze,NY,5,11885.67,848.98,2022-01-25,2023-11-04,648.0,Low Value
5559,Jose White,Silver,OH,4,11884.19,424.44,2022-04-03,2024-08-23,873.0,Low Value
515,David White,Platinum,MD,5,11882.41,698.97,2022-02-01,2024-03-18,776.0,Low Value
8202,Carol Robinson,Bronze,OH,9,11881.17,516.57,2022-08-02,2024-12-24,875.0,Low Value
900,Crystal Washington,Silver,CA,9,11880.74,424.31,2022-05-25,2024-11-15,905.0,Low Value
1365,Erika Hernandez,Bronze,IN,10,11879.63,359.99,2022-03-08,2024-11-25,993.0,Low Value
8054,Joshua Murphy,Gold,FL,8,11874.26,474.97,2022-02-14,2024-12-27,1047.0,Low Value
7920,Eric Abbott,Gold,MD,4,11866.06,698.0,2022-04-28,2024-01-19,631.0,Low Value
2114,Victoria Roth,Bronze,WI,8,11866.01,474.64,2022-03-07,2024-04-14,769.0,Low Value
6126,Alicia Diaz,Silver,TN,13,11865.68,312.25,2022-01-12,2024-08-22,953.0,Low Value
9751,Tina Lopez,Bronze,IL,12,11864.42,348.95,2022-01-18,2024-09-30,986.0,Low Value
9110,Barbara Diaz,Silver,FL,6,11862.57,624.35,2022-02-11,2024-11-16,1009.0,Low Value
1861,David Baker,Bronze,IL,6,11852.66,697.22,2022-05-14,2024-01-10,606.0,Low Value
7213,William Wilson,Platinum,FL,7,11852.0,515.3,2022-06-08,2024-10-03,848.0,Low Value
5781,Stephen Torres,Gold,WI,4,11849.79,658.32,2022-01-02,2023-11-25,692.0,Low Value
21,Elizabeth Nguyen,Bronze,VA,9,11848.57,473.94,2022-03-25,2024-12-28,1009.0,Low Value
5345,Jessica Mcintosh,Silver,IL,7,11848.09,538.55,2022-10-03,2024-12-12,801.0,Low Value
9171,Anna Garcia,Bronze,WA,7,11846.3,493.6,2022-11-08,2024-09-15,677.0,Low Value
4933,Dorothy Ward,Silver,VA,9,11845.62,348.4,2022-01-03,2024-07-11,920.0,Low Value
5273,Peter Bailey,Silver,VA,5,11844.84,696.76,2022-09-20,2022-12-06,77.0,Low Value
7164,Brenda Duke,Gold,VA,4,11843.41,986.95,2022-05-20,2024-11-02,897.0,Low Value
7552,Christian Meyer,Bronze,IN,8,11841.66,438.58,2022-08-18,2024-06-05,657.0,Low Value
9210,Jacqueline Powers,Silver,IL,7,11840.99,563.86,2022-02-14,2024-11-29,1019.0,Low Value
4473,Aaron Lane,Platinum,MO,5,11840.41,592.02,2022-10-02,2023-12-21,445.0,Low Value
8463,Brandon James,Gold,NJ,6,11840.27,455.4,2022-08-10,2024-06-26,686.0,Low Value
4105,Shane Arroyo,Bronze,TX,7,11838.23,438.45,2022-12-24,2024-07-10,564.0,Low Value
7348,Virginia Willis,Gold,AZ,7,11836.07,493.17,2022-05-26,2024-11-03,892.0,Low Value
5026,Taylor Wilson,Bronze,NJ,6,11834.55,473.38,2022-01-01,2023-09-29,636.0,Low Value
8867,Jennifer Mahoney,Silver,NY,8,11832.67,622.77,2022-03-20,2024-01-14,665.0,Low Value
86,Carla Cameron,Platinum,IN,8,11830.49,514.37,2022-02-02,2024-12-27,1059.0,Low Value
9712,Mark Davis,Platinum,NY,11,11829.97,381.61,2022-08-19,2024-11-30,834.0,Low Value
70,Robert Martin,Bronze,FL,7,11829.36,537.7,2022-04-15,2024-07-22,829.0,Low Value
7588,Tracy Rowe,Silver,MD,9,11828.29,454.93,2022-07-19,2024-06-13,695.0,Low Value
2795,Angela Kirk,Silver,IN,8,11823.68,492.65,2022-02-17,2023-10-23,613.0,Low Value
7,Nancy Baker,Gold,CA,11,11823.54,394.12,2022-03-28,2024-09-05,892.0,Low Value
7335,Seth Bennett,Gold,IN,5,11820.73,591.04,2022-02-02,2024-10-05,976.0,Low Value
3573,Michelle Andrews,Gold,PA,5,11818.87,537.22,2023-08-15,2024-12-13,486.0,Low Value
6419,Cindy Zimmerman,Bronze,CA,8,11816.53,437.65,2022-01-13,2024-11-20,1042.0,Low Value
3063,Pamela Hudson,Bronze,CA,8,11815.81,472.63,2022-05-17,2024-11-09,907.0,Low Value
7767,Jonathan Wheeler,Bronze,FL,8,11815.67,590.78,2022-03-30,2024-10-18,933.0,Low Value
7670,Carmen Lee,Silver,GA,7,11811.53,472.46,2022-06-09,2024-09-26,840.0,Low Value
8314,Lisa Barrett,Bronze,MI,5,11810.55,656.14,2022-05-11,2024-04-19,709.0,Low Value
3580,Shawn Phillips,Silver,WA,7,11804.02,562.1,2022-03-21,2024-11-15,970.0,Low Value
4045,Jon Price,Bronze,OH,7,11803.3,491.8,2022-03-26,2024-10-29,948.0,Low Value
8331,Julie Baker,Silver,IL,7,11800.71,786.71,2022-01-03,2024-05-31,879.0,Low Value
645,James Walters,Silver,GA,7,11800.19,590.01,2022-06-02,2024-09-17,838.0,Low Value
7476,Lisa Williams,Silver,OH,7,11800.0,655.56,2022-02-16,2024-11-30,1018.0,Low Value
1251,James Mathis,Bronze,TX,8,11797.96,491.58,2022-03-15,2024-12-25,1016.0,Low Value
2831,Ruben Fernandez,Platinum,VA,6,11796.25,561.73,2022-03-10,2024-04-26,778.0,Low Value
6693,Emily Olson,Bronze,NJ,9,11790.14,471.61,2022-08-16,2024-09-15,761.0,Low Value
9639,Janet Huffman,Platinum,PA,7,11788.41,491.18,2022-10-31,2024-11-21,752.0,Low Value
8551,Paige Schultz,Bronze,WA,6,11787.95,535.82,2022-03-12,2024-11-21,985.0,Low Value
1055,William Lewis,Platinum,OH,7,11787.72,620.41,2022-02-07,2024-10-11,977.0,Low Value
2776,Amber Howard,Gold,NC,5,11786.28,654.79,2022-01-28,2024-02-24,757.0,Low Value
6771,April Martinez,Gold,NY,6,11784.24,392.81,2022-08-24,2024-05-08,623.0,Low Value
4627,Tracy White,Bronze,TX,7,11781.4,453.13,2022-01-27,2024-10-05,982.0,Low Value
7924,Gina Wiley,Silver,WA,4,11780.8,1070.98,2022-07-06,2023-04-24,292.0,Low Value
9771,Victoria Williams,Silver,PA,10,11779.86,453.07,2022-01-21,2024-10-23,1006.0,Low Value
1457,Wendy Morris,Platinum,NJ,11,11773.77,405.99,2022-03-14,2024-10-14,945.0,Low Value
2732,Sarah Jennings,Silver,TX,3,11772.97,1070.27,2022-09-30,2024-09-05,706.0,Low Value
4850,Kevin Le,Bronze,MI,7,11772.76,619.62,2022-08-14,2024-10-22,800.0,Low Value
5674,Anthony Jones,Bronze,NC,9,11771.86,392.4,2022-04-29,2024-03-11,682.0,Low Value
2474,Wayne Williams,Gold,FL,9,11770.84,420.39,2022-01-04,2024-12-03,1064.0,Low Value
6641,Katie Stevens,Bronze,MO,8,11768.12,392.27,2022-01-25,2024-11-22,1032.0,Low Value
3060,Ricardo Palmer,Silver,MD,8,11763.37,420.12,2022-02-19,2024-11-09,994.0,Low Value
4330,Margaret Jones,Platinum,CA,7,11762.38,840.17,2022-04-30,2024-12-08,953.0,Low Value
2489,Matthew Miller,Silver,FL,10,11760.93,405.55,2022-02-27,2024-11-26,1003.0,Low Value
7331,Christopher Long,Bronze,MA,5,11756.28,587.81,2024-02-15,2024-11-15,274.0,Low Value
1227,Mackenzie Gomez,Platinum,MI,8,11756.07,435.41,2022-02-12,2024-10-16,977.0,Low Value
7763,Andrew Martinez,Gold,MA,6,11755.71,618.72,2022-10-07,2024-11-02,757.0,Low Value
7242,Steven Miller,Bronze,IN,8,11755.36,419.83,2022-01-02,2024-12-07,1070.0,Low Value
4067,Matthew Wells,Silver,OH,8,11754.21,452.08,2022-01-18,2024-11-29,1046.0,Low Value
5742,Keith Davis,Bronze,PA,6,11752.96,904.07,2022-02-21,2024-12-20,1033.0,Low Value
4978,Gregory Mata,Bronze,PA,7,11751.55,559.6,2022-03-09,2024-09-15,921.0,Low Value
1544,William Baker,Bronze,IL,8,11751.28,326.42,2023-02-23,2024-04-24,426.0,Low Value
9895,Nicole Hamilton,Silver,MI,6,11739.31,510.4,2023-06-02,2024-04-28,331.0,Low Value
8128,Susan Williams,Silver,NC,6,11737.77,782.52,2022-07-28,2024-11-26,852.0,Low Value
7708,Jacob Wright,Bronze,NC,9,11731.35,366.6,2022-01-13,2024-08-16,946.0,Low Value
8082,Patricia Kennedy,Silver,OH,5,11730.46,533.2,2022-06-28,2024-05-05,677.0,Low Value
138,Zachary Carson,Bronze,IL,8,11727.73,509.9,2022-02-22,2024-08-16,906.0,Low Value
6715,Kevin Fletcher,Bronze,AZ,6,11725.42,488.56,2022-06-22,2024-10-04,835.0,Low Value
5450,Christopher Gutierrez,Bronze,PA,7,11724.5,651.36,2022-03-03,2024-12-15,1018.0,Low Value
8577,Jennifer Greer,Silver,MI,8,11724.01,558.29,2022-01-20,2024-09-14,968.0,Low Value
7179,Wesley Taylor,Bronze,NC,7,11723.4,450.9,2022-02-01,2024-08-22,933.0,Low Value
6996,Joseph Jones,Bronze,FL,10,11723.19,390.77,2022-06-03,2024-12-29,940.0,Low Value
9932,David Mitchell,Bronze,IL,12,11718.54,285.82,2022-07-29,2024-10-05,799.0,Low Value
2779,Donald Nelson,Bronze,MA,11,11718.25,378.01,2022-01-16,2024-07-19,915.0,Low Value
2481,Nicole Robertson,Platinum,IN,11,11712.55,325.35,2022-08-31,2024-11-24,816.0,Low Value
7891,Lisa Soto,Silver,TN,5,11710.75,731.92,2022-07-21,2024-01-10,538.0,Low Value
3370,Shannon Butler,Bronze,AZ,7,11710.01,650.56,2022-01-11,2024-12-02,1056.0,Low Value
6717,Brett Hill,Bronze,CA,4,11704.25,836.02,2022-01-31,2024-07-22,903.0,Low Value
3034,Scott Stewart,Silver,GA,8,11698.83,649.93,2022-01-19,2023-11-18,668.0,Low Value
5270,Annette Alvarado,Bronze,TX,12,11696.47,377.31,2022-04-27,2024-08-27,853.0,Low Value
2688,Marc Steele,Platinum,VA,9,11692.25,389.74,2022-10-24,2024-11-22,760.0,Low Value
4732,Raymond Smith,Bronze,PA,10,11691.91,403.17,2022-04-07,2024-12-30,998.0,Low Value
8479,Jennifer Carr,Gold,VA,8,11691.63,487.15,2022-07-07,2024-08-25,780.0,Low Value
9090,Courtney Kennedy,Gold,MA,9,11688.24,467.53,2022-04-27,2024-12-14,962.0,Low Value
8530,Kevin Dunlap,Bronze,MA,8,11687.3,403.01,2022-03-14,2024-10-09,940.0,Low Value
2424,Breanna Durham,Bronze,NJ,8,11686.59,615.08,2022-09-01,2024-11-13,804.0,Low Value
6556,Amber Martinez,Silver,NC,8,11686.52,432.83,2022-02-12,2024-09-11,942.0,Low Value
4047,April Brewer,Gold,MI,6,11681.54,834.4,2022-04-18,2024-05-19,762.0,Low Value
2503,Sydney Alvarez,Silver,MI,6,11680.97,584.05,2022-08-17,2024-11-10,816.0,Low Value
9204,Krystal Singh,Bronze,WA,7,11678.95,614.68,2022-07-29,2024-09-29,793.0,Low Value
2277,Mark Kelly,Bronze,PA,8,11676.71,402.65,2022-01-13,2024-06-18,887.0,Low Value
7182,Anne Murphy,Bronze,AZ,6,11672.73,614.35,2022-03-03,2024-11-12,985.0,Low Value
2250,Daniel Curtis,Gold,PA,4,11671.2,555.77,2022-12-09,2023-09-09,274.0,Low Value
2143,Heather Dixon,Gold,CA,6,11669.41,972.45,2022-03-07,2023-10-30,602.0,Low Value
5321,Kaitlin Hunt,Bronze,WI,10,11667.67,333.36,2022-06-30,2024-10-10,833.0,Low Value
6796,Kathryn Rodriguez,Platinum,PA,8,11665.24,530.24,2022-03-27,2024-06-05,801.0,Low Value
9319,Loretta Tran,Bronze,WI,6,11663.59,485.98,2022-04-03,2024-02-23,691.0,Low Value
6710,Claire Mitchell,Gold,TN,12,11661.62,306.88,2022-03-11,2024-08-01,874.0,Low Value
249,April Foster,Gold,WA,6,11660.26,530.01,2022-01-27,2024-08-26,942.0,Low Value
9803,Jeremy Villa,Bronze,OH,7,11658.18,485.76,2022-04-06,2024-12-23,992.0,Low Value
801,Aaron Duncan,Bronze,IL,8,11657.14,416.33,2022-05-27,2024-12-04,922.0,Low Value
2936,Chad Butler,Gold,NC,6,11656.31,613.49,2022-10-30,2024-04-24,542.0,Low Value
3955,Cheryl Leon,Gold,MA,3,11653.81,1059.44,2022-07-16,2024-01-14,547.0,Low Value
6363,Christina Walker,Bronze,TN,9,11649.39,353.01,2023-08-10,2024-09-05,392.0,Low Value
674,Marvin Howard,Bronze,MO,7,11646.97,685.12,2022-08-18,2024-09-12,756.0,Low Value
6956,Sara Kim,Silver,IL,12,11646.79,352.93,2022-03-30,2024-12-11,987.0,Low Value
7288,Jonathan Byrd,Bronze,MA,7,11642.24,554.39,2022-03-01,2024-12-21,1026.0,Low Value
7481,Michael Love,Bronze,FL,10,11640.43,323.35,2022-10-31,2024-12-18,779.0,Low Value
2893,Timothy White,Gold,TX,6,11639.21,646.62,2022-04-18,2024-10-28,924.0,Low Value
8639,John Johnson,Bronze,FL,6,11635.72,528.9,2022-07-08,2024-02-18,590.0,Low Value
5619,Amber Pham,Bronze,TN,7,11633.61,465.34,2022-01-22,2024-12-01,1044.0,Low Value
6608,Scott Johnson,Platinum,IN,7,11626.12,505.48,2022-05-31,2024-02-07,617.0,Low Value
186,Rhonda Bush,Gold,VA,9,11625.11,375.0,2022-04-02,2024-10-10,922.0,Low Value
593,Dennis Brady,Gold,WI,7,11622.51,611.71,2022-10-25,2024-11-03,740.0,Low Value
6706,Eric Rodriguez,Bronze,WA,12,11620.81,363.15,2022-03-17,2024-07-14,850.0,Low Value
8811,Amanda French,Bronze,OH,5,11620.48,645.58,2023-01-24,2024-12-29,705.0,Low Value
1786,John Shaw,Platinum,MI,7,11619.99,400.69,2022-01-15,2023-07-01,532.0,Low Value
8348,Tammy Diaz,Silver,OH,9,11619.56,505.2,2022-11-30,2024-12-17,748.0,Low Value
792,Susan Lozano,Silver,TX,6,11619.06,553.29,2022-05-05,2024-06-22,779.0,Low Value
1909,Jill Edwards,Platinum,TX,8,11618.18,400.63,2022-02-14,2024-10-13,972.0,Low Value
2670,Madison Bauer,Silver,NC,7,11615.33,553.11,2022-03-06,2024-09-25,934.0,Low Value
8875,Thomas Reyes,Silver,IL,8,11613.91,504.95,2022-01-28,2024-10-21,997.0,Low Value
7274,Andrea Smith,Silver,MD,7,11612.25,430.08,2022-11-08,2024-10-14,706.0,Low Value
9533,Luis Crawford,Bronze,AZ,4,11605.46,682.67,2022-06-07,2024-03-08,640.0,Low Value
6136,Kelly Robinson,Platinum,NC,5,11604.61,725.29,2022-01-28,2024-01-03,705.0,Low Value
2228,Deborah Torres,Bronze,OH,4,11604.07,773.6,2022-05-13,2024-05-14,732.0,Low Value
4691,Mike James,Platinum,OH,6,11601.37,610.6,2022-01-06,2024-05-10,855.0,Low Value
8077,Courtney Moore,Gold,NC,7,11598.98,483.29,2022-04-16,2024-10-13,911.0,Low Value
8391,Kimberly Torres,Platinum,NY,10,11591.13,331.18,2022-02-14,2024-11-07,997.0,Low Value
6671,Nicole Gonzalez,Silver,MD,7,11588.67,643.82,2022-05-24,2024-02-11,628.0,Low Value
2785,Sharon Mclaughlin,Bronze,NJ,8,11588.35,463.53,2022-01-27,2024-07-09,894.0,Low Value
1967,Sarah Larson,Platinum,AZ,6,11587.93,429.18,2022-03-29,2023-08-09,498.0,Low Value
823,Sarah Ryan,Silver,WI,6,11586.44,609.81,2022-04-03,2024-11-27,969.0,Low Value
9508,Richard Zamora,Bronze,IL,6,11584.75,681.46,2022-12-06,2024-11-15,710.0,Low Value
7584,Larry Collins,Bronze,IL,8,11577.56,578.88,2022-01-01,2024-11-03,1037.0,Low Value
915,Robert Hamilton,Bronze,IL,6,11577.47,578.87,2022-04-26,2024-12-04,953.0,Low Value
2602,Greg Brandt,Silver,OH,10,11577.44,482.39,2022-03-01,2024-12-19,1024.0,Low Value
8487,Ann Harmon,Silver,NY,6,11576.06,526.18,2022-04-09,2024-08-25,869.0,Low Value
2223,Diane Maxwell,Platinum,GA,5,11575.16,680.89,2023-03-12,2024-12-14,643.0,Low Value
247,Anthony Miller,Bronze,MI,6,11573.21,609.12,2022-03-25,2024-04-04,741.0,Low Value
3391,Amanda Phillips,Bronze,MD,7,11571.64,428.58,2022-02-21,2024-12-26,1039.0,Low Value
8425,Michael Meyers,Silver,IN,6,11571.32,578.57,2023-08-19,2024-05-18,273.0,Low Value
3251,Michael Shaffer,Bronze,OH,7,11569.51,428.5,2023-04-01,2024-04-27,392.0,Low Value
2967,Evan Henderson,Gold,WA,6,11565.26,608.7,2022-01-07,2024-07-03,908.0,Low Value
9880,Dennis Santos,Bronze,MA,5,11560.78,525.49,2022-07-17,2024-05-23,676.0,Low Value
1248,Jennifer Deleon,Bronze,OH,10,11559.75,385.32,2022-11-15,2024-09-12,667.0,Low Value
5725,Samuel Brown,Bronze,MO,8,11558.38,577.92,2022-01-14,2024-07-31,929.0,Low Value
7231,Lauren Hart,Gold,MA,6,11553.69,481.4,2023-04-15,2024-10-29,563.0,Low Value
5500,Christopher Eaton,Silver,WA,4,11547.24,607.75,2023-02-18,2024-12-10,661.0,Low Value
3364,Belinda Rogers,Bronze,TX,7,11544.28,524.74,2023-05-14,2024-12-22,588.0,Low Value
5061,Jennifer Cook,Bronze,MI,8,11539.39,501.71,2022-01-05,2024-08-15,953.0,Low Value
59,Sandra Bell,Gold,MI,5,11539.22,443.82,2022-06-15,2024-09-13,821.0,Low Value
3791,Elizabeth Walton,Silver,CA,10,11535.64,329.59,2022-03-08,2024-11-24,992.0,Low Value
787,James Fuller,Silver,AZ,9,11535.06,501.52,2022-02-18,2024-05-25,827.0,Low Value
7505,Kayla Davis,Gold,TX,9,11534.4,480.6,2022-02-06,2024-11-30,1028.0,Low Value
9467,Tamara Heath,Silver,VA,8,11534.05,524.27,2022-01-16,2024-04-24,829.0,Low Value
7229,Amber Key,Gold,TN,9,11533.57,384.45,2022-01-19,2024-09-16,971.0,Low Value
6866,Alexandra White,Gold,MD,9,11533.31,329.52,2022-05-26,2024-03-23,667.0,Low Value
210,Lisa Andrews,Gold,AZ,7,11527.77,480.32,2022-03-01,2023-09-26,574.0,Low Value
2452,Tracey Dennis,Bronze,IN,7,11526.25,720.39,2022-01-04,2024-08-11,950.0,Low Value
2048,Stephen Bennett,Gold,WI,9,11526.08,548.86,2022-03-07,2024-09-25,933.0,Low Value
3934,Dawn Savage,Bronze,GA,9,11522.55,500.98,2022-03-20,2024-12-23,1009.0,Low Value
7522,April Brown,Platinum,AZ,10,11522.29,500.97,2022-08-04,2024-08-30,757.0,Low Value
1023,James Barnes,Platinum,CA,8,11521.61,480.07,2022-05-04,2024-11-16,927.0,Low Value
1003,Erik Brown,Gold,MD,9,11520.01,606.32,2022-08-25,2024-11-11,809.0,Low Value
8350,Mark Stevens,Bronze,NJ,9,11519.67,460.79,2022-01-02,2024-12-31,1094.0,Low Value
8703,Shannon Huynh,Silver,NJ,6,11519.4,500.84,2022-05-17,2023-12-31,593.0,Low Value
1697,Chad Cox,Silver,TX,8,11518.21,460.73,2022-08-01,2024-03-26,603.0,Low Value
6893,Karen Newman,Platinum,NY,8,11516.39,500.71,2022-09-13,2024-07-07,663.0,Low Value
7349,Jennifer Ellison,Silver,VA,6,11515.97,767.73,2022-04-22,2023-11-15,572.0,Low Value
5873,Shelby Trujillo,Platinum,MA,8,11512.06,500.52,2022-06-01,2023-12-28,575.0,Low Value
9779,John Mcbride,Gold,NJ,8,11511.19,383.71,2022-09-02,2024-07-11,678.0,Low Value
6238,Michael Leach,Bronze,FL,7,11506.75,605.62,2022-01-02,2024-10-17,1019.0,Low Value
324,Elizabeth Edwards,Bronze,IL,10,11505.8,383.53,2022-01-17,2024-11-06,1024.0,Low Value
9742,Cameron Garcia,Silver,FL,9,11505.57,522.98,2022-05-27,2024-05-15,719.0,Low Value
3708,Nicholas Little,Silver,CA,6,11499.65,766.64,2022-02-04,2024-12-26,1056.0,Low Value
8715,Steven Lamb,Silver,PA,5,11495.29,676.19,2022-06-09,2024-11-18,893.0,Low Value
6108,Lisa Salinas,Silver,AZ,8,11494.71,442.1,2022-04-03,2024-12-24,996.0,Low Value
3518,Alexandra Buchanan,Silver,GA,6,11489.52,765.97,2023-02-13,2024-02-13,365.0,Low Value
8849,Richard Shea,Bronze,MO,10,11480.24,441.55,2022-06-21,2024-09-13,815.0,Low Value
6019,Trevor Drake,Bronze,IL,4,11480.13,574.01,2022-03-06,2023-08-18,530.0,Low Value
1958,Catherine Rogers,Bronze,CA,10,11479.54,395.85,2022-12-22,2024-11-17,696.0,Low Value
4503,Eduardo Wallace,Bronze,CA,7,11479.26,604.17,2022-01-08,2024-12-24,1081.0,Low Value
5369,Scott Gomez,Silver,GA,6,11478.04,546.57,2022-01-30,2024-12-09,1044.0,Low Value
9514,Edward Warren,Bronze,WA,6,11474.25,956.19,2022-03-20,2024-09-10,905.0,Low Value
9080,Amy Brown,Platinum,AZ,10,11474.12,458.96,2022-01-14,2024-12-18,1069.0,Low Value
7572,Maria Johnson,Gold,WA,9,11463.98,409.43,2022-04-12,2024-09-14,886.0,Low Value
8813,Kelly Gonzalez,Silver,OH,7,11462.64,498.38,2022-06-20,2024-09-07,810.0,Low Value
9074,Diana Cortez,Bronze,GA,5,11460.4,603.18,2022-03-06,2024-11-02,972.0,Low Value
4520,Paul Sanchez,Bronze,AZ,8,11458.05,545.62,2022-03-05,2024-11-01,972.0,Low Value
3448,Justin Mayo,Gold,IL,6,11454.74,545.46,2023-06-24,2024-09-16,450.0,Low Value
3693,Andrew Frazier,Silver,NC,11,11454.38,369.5,2022-01-16,2024-12-14,1063.0,Low Value
1311,Kelsey Greene,Bronze,WA,7,11448.31,477.01,2022-06-28,2023-02-09,226.0,Low Value
8949,Julie Salas,Bronze,OH,8,11441.42,497.45,2022-02-02,2024-12-20,1052.0,Low Value
5390,Gregg Best,Silver,WI,8,11439.52,476.65,2022-03-08,2024-07-17,862.0,Low Value
5311,Candace Scott,Bronze,MA,8,11434.82,408.39,2022-02-09,2024-09-01,935.0,Low Value
7728,Virginia Phillips,Platinum,TN,7,11434.24,439.78,2022-08-10,2024-12-11,854.0,Low Value
6830,Louis Rose,Gold,NJ,2,11430.54,1270.06,2022-06-22,2023-09-08,443.0,Low Value
98,James Herrera,Bronze,MA,5,11429.66,672.33,2022-03-03,2024-05-01,790.0,Low Value
9301,Christine Williams,Gold,WI,7,11428.99,672.29,2022-02-19,2024-02-23,734.0,Low Value
1258,Robert Torres,Bronze,MA,9,11428.17,476.17,2022-03-01,2024-08-15,898.0,Low Value
8930,Megan Thomas,Bronze,FL,8,11427.85,476.16,2022-02-16,2024-12-28,1046.0,Low Value
3186,John Frost,Bronze,MI,8,11426.58,423.21,2022-01-24,2024-10-21,1001.0,Low Value
6958,Steve Thomas,Bronze,MI,7,11426.23,634.79,2022-09-23,2024-07-23,669.0,Low Value
2051,Jenna Jones,Bronze,MO,7,11424.52,571.23,2022-01-11,2024-10-23,1016.0,Low Value
5715,Jessica Garrett,Bronze,MO,6,11424.5,423.13,2022-03-03,2024-07-31,881.0,Low Value
8370,Jessica Wilkins,Gold,VA,5,11424.42,601.29,2023-05-04,2024-07-10,433.0,Low Value
2009,Leah Moore,Silver,MD,7,11423.96,601.26,2023-07-29,2024-08-17,385.0,Low Value
3444,Jessica Walker,Gold,MA,4,11422.56,951.88,2022-02-14,2024-09-04,933.0,Low Value
1694,Penny Montoya,Silver,NY,8,11420.75,671.81,2022-07-20,2024-10-31,834.0,Low Value
5391,Debbie Fox,Silver,MD,10,11420.42,422.98,2022-05-14,2024-12-15,946.0,Low Value
5914,Robin Daniels,Bronze,CA,4,11419.58,1141.96,2022-01-03,2024-12-20,1082.0,Low Value
7087,Sarah Smith,Silver,MA,7,11417.36,407.76,2022-01-21,2024-06-07,868.0,Low Value
8399,Wayne Johnson,Bronze,GA,7,11416.4,496.37,2022-01-15,2024-12-03,1053.0,Low Value
9702,Joshua Ochoa,Gold,WA,7,11411.87,671.29,2022-02-15,2024-12-21,1040.0,Low Value
3466,Angela Blake,Bronze,NJ,8,11411.32,345.8,2022-10-19,2024-10-28,740.0,Low Value
254,Emily Carr,Silver,NC,7,11408.62,496.03,2022-06-02,2024-07-09,768.0,Low Value
7433,Brittany Jones,Gold,FL,7,11408.62,438.79,2022-04-27,2024-11-01,919.0,Low Value
1505,Megan Dunn,Platinum,TX,11,11407.43,518.52,2022-04-15,2024-09-02,871.0,Low Value
4470,Joseph Hall,Bronze,MA,9,11406.7,393.33,2023-03-07,2024-11-30,634.0,Low Value
3914,Gary Hoffman,Silver,OH,7,11405.09,518.41,2022-07-03,2024-11-21,872.0,Low Value
6728,Larry Campbell,Bronze,NY,10,11404.34,407.3,2022-03-09,2024-11-27,994.0,Low Value
9009,Casey Miles,Bronze,VA,5,11399.0,712.44,2022-06-25,2023-12-30,553.0,Low Value
5406,William Mullins,Bronze,CA,5,11394.1,949.51,2022-02-25,2024-05-04,799.0,Low Value
2303,Daniel Ramirez,Bronze,TN,11,11392.91,345.24,2022-07-08,2024-04-22,654.0,Low Value
9194,Deanna Ramirez,Gold,AZ,7,11388.9,517.68,2022-11-01,2024-09-13,682.0,Low Value
8366,Stephanie Bell,Bronze,IN,10,11388.34,345.1,2022-02-22,2024-06-13,842.0,Low Value
7580,Heather Martinez,Bronze,IN,5,11387.01,599.32,2022-05-12,2024-05-08,727.0,Low Value
8652,Danielle Doyle,Bronze,VA,10,11385.14,406.61,2022-07-06,2024-12-22,900.0,Low Value
3474,Carolyn Dixon,Silver,NJ,7,11383.24,367.2,2022-06-28,2024-02-01,583.0,Low Value
8091,Maria May,Gold,CA,10,11378.29,325.09,2022-02-08,2024-06-13,856.0,Low Value
9085,Scott Mitchell,Gold,GA,8,11372.36,568.62,2022-03-31,2024-11-30,975.0,Low Value
2206,Theresa Moore,Bronze,PA,7,11371.81,516.9,2023-03-10,2024-12-07,638.0,Low Value
5702,Kimberly Silva,Bronze,PA,7,11369.98,668.82,2022-02-14,2024-03-18,763.0,Low Value
2347,Kimberly Henderson,Gold,GA,4,11367.98,947.33,2024-02-12,2024-11-06,268.0,Low Value
6458,Randy Salazar,Silver,IN,8,11367.43,541.31,2022-05-07,2024-12-12,950.0,Low Value
786,Jeffrey Esparza,Bronze,IL,7,11365.74,541.23,2022-03-23,2024-03-11,719.0,Low Value
982,Alejandro Marshall,Bronze,GA,10,11361.83,378.73,2022-01-09,2024-10-25,1020.0,Low Value
9370,Dominic Rich,Gold,GA,4,11358.02,631.0,2022-08-24,2023-08-02,343.0,Low Value
5574,Gregory Ellis,Platinum,NY,10,11355.29,366.3,2022-04-05,2024-10-05,914.0,Low Value
7627,John Branch,Silver,NC,5,11355.15,811.08,2022-01-07,2024-05-06,850.0,Low Value
7394,Clifford Myers,Gold,FL,7,11354.4,366.27,2022-01-26,2024-03-26,790.0,Low Value
3838,Kristen Waters,Gold,WA,7,11352.48,436.63,2022-02-26,2024-02-01,705.0,Low Value
3168,Michael Rodriguez,Bronze,OH,6,11347.26,515.78,2022-10-24,2024-12-22,790.0,Low Value
5608,Matthew Mullen,Silver,NJ,7,11345.9,630.33,2022-02-18,2024-06-14,847.0,Low Value
7473,Samantha Vargas,Silver,OH,8,11340.26,493.05,2022-03-05,2024-04-18,775.0,Low Value
3234,Anna Garza,Bronze,VA,5,11337.82,436.07,2022-10-01,2024-12-07,798.0,Low Value
1819,Victor Miller,Bronze,NJ,8,11337.8,666.93,2022-02-21,2024-04-21,790.0,Low Value
8122,Joseph Carter,Silver,GA,6,11334.53,596.55,2022-07-16,2024-12-08,876.0,Low Value
294,Kristy Wood,Silver,MD,7,11333.81,419.77,2022-07-26,2024-08-24,760.0,Low Value
863,David Scott,Bronze,WI,9,11327.94,492.52,2022-02-03,2024-08-08,917.0,Low Value
9507,Charlene Reeves,Bronze,WA,8,11323.85,471.83,2022-02-21,2024-09-20,942.0,Low Value
7070,Amanda Brown,Bronze,OH,5,11321.63,707.6,2022-01-05,2023-07-11,552.0,Low Value
5307,Deborah Pearson,Gold,MO,6,11320.31,665.9,2023-06-09,2024-10-22,501.0,Low Value
1306,Patricia Richardson,Platinum,MA,5,11312.7,565.63,2022-10-16,2024-07-23,646.0,Low Value
1962,Robert Sweeney,Bronze,MD,3,11312.6,1131.26,2022-12-19,2024-03-27,464.0,Low Value
4304,Jill Jordan,Platinum,IN,8,11310.99,538.62,2022-06-13,2024-12-12,913.0,Low Value
4859,Tammy Austin,Bronze,AZ,4,11307.6,706.73,2022-07-14,2024-09-25,804.0,Low Value
1728,Ian Bailey,Bronze,NC,4,11302.9,565.14,2023-01-19,2024-11-17,668.0,Low Value
6174,Lori Spencer,Gold,WI,8,11301.66,452.07,2022-09-16,2024-11-21,797.0,Low Value
113,Jeremy Tran,Bronze,MI,10,11297.4,389.57,2022-02-22,2024-12-03,1015.0,Low Value
4031,Matthew Ellis,Gold,MA,5,11296.18,941.35,2022-05-24,2024-09-02,832.0,Low Value
7256,Michael Yates,Silver,MD,4,11293.97,752.93,2022-09-08,2022-12-26,109.0,Low Value
598,Sarah Barrett,Bronze,GA,7,11292.92,451.72,2022-02-09,2024-06-10,852.0,Low Value
6248,Jimmy Willis,Gold,NY,7,11289.96,537.62,2022-04-16,2024-07-30,836.0,Low Value
8429,Mathew Hall,Silver,MD,6,11284.09,512.91,2023-03-11,2024-12-30,660.0,Low Value
2183,Evelyn Norris,Bronze,MI,11,11280.84,402.89,2022-01-02,2024-07-05,915.0,Low Value
6237,Benjamin Andrews,Bronze,GA,6,11279.46,751.96,2022-05-08,2023-11-19,560.0,Low Value
7543,Jessica Case,Silver,CA,9,11276.81,402.74,2022-01-05,2024-05-11,857.0,Low Value
4044,Tracy Lang,Silver,MD,8,11272.15,417.49,2022-01-24,2024-06-12,870.0,Low Value
1,Danielle Johnson,Silver,MO,7,11269.64,433.45,2022-06-13,2024-12-28,929.0,Low Value
2433,Andrea Parks,Bronze,TX,7,11268.21,563.41,2022-01-20,2024-03-09,779.0,Low Value
2200,Michael Bowen,Platinum,VA,2,11263.23,1023.93,2022-03-17,2022-12-09,267.0,Low Value
7109,Matthew Hall,Silver,MO,8,11262.28,489.66,2022-06-27,2024-08-28,793.0,Low Value
2463,Shannon Alexander,Bronze,FL,9,11261.0,450.44,2022-07-18,2024-09-05,780.0,Low Value
1159,Jason Lowery,Gold,TN,5,11259.02,938.25,2023-05-12,2024-07-20,435.0,Low Value
8632,Whitney Haynes,Bronze,WA,8,11252.12,388.0,2022-04-03,2024-12-05,977.0,Low Value
9409,Deborah Olson,Bronze,NC,5,11251.46,803.68,2022-01-26,2024-11-12,1021.0,Low Value
3023,Adam Simpson,Silver,AZ,5,11236.83,591.41,2022-09-24,2024-04-06,560.0,Low Value
2818,Richard Watts,Bronze,MD,7,11235.17,535.01,2022-01-29,2024-07-08,891.0,Low Value
1863,Jacqueline Bowen,Silver,VA,10,11233.58,432.06,2022-03-29,2024-01-02,644.0,Low Value
7061,Joseph Contreras,Bronze,PA,9,11227.38,510.34,2022-03-06,2024-08-16,894.0,Low Value
9293,Haley Palmer,Gold,NY,6,11227.1,660.42,2023-03-11,2023-12-14,278.0,Low Value
8572,Heather Cooper,Silver,OH,6,11226.61,623.7,2022-08-19,2024-12-03,837.0,Low Value
5114,Brian Hodge,Silver,NY,6,11224.74,590.78,2022-09-21,2024-11-22,793.0,Low Value
8343,Shannon Thompson,Platinum,MD,6,11218.12,590.43,2022-03-28,2023-10-14,565.0,Low Value
9953,Kimberly Jacobs,Bronze,WI,9,11216.88,590.36,2022-03-08,2024-12-14,1012.0,Low Value
1959,Samantha Medina,Gold,VA,6,11216.21,934.68,2022-04-03,2023-03-30,361.0,Low Value
4376,Donald Green,Gold,TX,4,11212.06,622.89,2022-06-02,2024-02-05,613.0,Low Value
8527,Judith Cisneros,Silver,WI,6,11211.02,533.86,2022-04-03,2024-05-03,761.0,Low Value
1716,Lori Gomez,Bronze,WA,5,11208.88,622.72,2022-06-22,2024-03-17,634.0,Low Value
5156,Suzanne Alvarado,Gold,WA,7,11207.62,533.7,2022-11-10,2024-09-11,671.0,Low Value
9858,Meghan Chen,Silver,FL,8,11205.34,589.75,2022-01-07,2024-11-27,1055.0,Low Value
907,Michael King,Bronze,NJ,8,11204.26,659.07,2022-04-04,2024-06-21,809.0,Low Value
6779,Joshua Moran,Silver,AZ,6,11202.77,430.88,2022-10-09,2024-04-13,552.0,Low Value
7390,Maxwell Herman,Bronze,WI,10,11202.42,386.29,2022-02-09,2024-10-02,966.0,Low Value
5104,Amber Vazquez,Silver,CA,6,11201.18,658.89,2022-03-03,2024-05-01,790.0,Low Value
3701,Angela Wallace,Gold,VA,8,11200.53,373.35,2022-01-07,2022-12-29,356.0,Low Value
5463,Emily Taylor,Silver,MA,4,11199.02,699.94,2023-03-04,2024-09-11,557.0,Low Value
8602,Heather Warren,Bronze,NJ,8,11193.09,447.72,2022-03-08,2023-09-02,543.0,Low Value
1450,Andrew Gonzales,Platinum,NY,7,11190.18,588.96,2022-05-12,2024-12-25,958.0,Low Value
4393,Kelly Perez,Bronze,TN,9,11189.56,349.67,2022-02-26,2024-09-19,936.0,Low Value
7062,Donald Strong,Bronze,PA,5,11188.68,430.33,2022-08-10,2023-03-14,216.0,Low Value
4756,Tracy Sanders,Silver,TX,11,11185.52,310.71,2022-04-10,2024-09-10,884.0,Low Value
7173,Brian Farmer,Bronze,MA,10,11184.53,360.79,2022-12-22,2024-11-13,692.0,Low Value
1847,James Adams,Bronze,FL,7,11179.76,532.37,2022-01-17,2024-10-05,992.0,Low Value
8641,Denise Pace,Silver,AZ,6,11175.3,558.76,2022-11-30,2024-11-06,707.0,Low Value
7631,Michael Taylor,Silver,TN,8,11175.01,532.14,2022-01-22,2024-06-20,880.0,Low Value
9127,Jill Irwin,Bronze,WA,9,11169.83,413.7,2022-03-14,2024-09-12,913.0,Low Value
636,Daniel Brown,Bronze,TX,10,11168.78,446.75,2022-01-10,2024-10-14,1008.0,Low Value
8470,Miguel Valentine,Bronze,TX,9,11167.76,372.26,2022-03-09,2024-03-17,739.0,Low Value
3106,Sarah Fisher,Silver,IL,6,11166.07,531.72,2022-03-03,2024-12-31,1034.0,Low Value
720,Maria Butler,Gold,PA,8,11158.37,384.77,2022-01-24,2024-12-05,1046.0,Low Value
3304,David Bernard,Silver,IN,8,11155.98,507.09,2022-03-23,2024-04-20,759.0,Low Value
2215,Rebecca Howe,Bronze,MA,8,11154.82,464.78,2022-02-17,2024-02-05,718.0,Low Value
3002,John Ortiz,Bronze,MO,8,11154.46,464.77,2022-05-01,2024-12-03,947.0,Low Value
2901,Edward Villegas,Bronze,OH,6,11153.9,587.05,2022-04-08,2024-07-12,826.0,Low Value
3720,Harold Cunningham,Bronze,NY,8,11153.66,384.61,2022-07-22,2024-11-08,840.0,Low Value
9430,Jon King,Bronze,TN,8,11153.33,446.13,2022-10-23,2024-09-08,686.0,Low Value
4777,Kathryn Ramirez,Gold,PA,6,11150.48,557.52,2022-02-20,2024-09-24,947.0,Low Value
633,Jennifer Neal,Silver,OH,9,11149.72,398.2,2022-01-23,2024-07-23,912.0,Low Value
1414,Stanley Stark,Bronze,CA,6,11149.61,655.86,2022-03-02,2024-08-28,910.0,Low Value
7868,Kenneth Anderson,Bronze,NJ,5,11148.77,586.78,2022-01-09,2024-12-16,1072.0,Low Value
8010,Donald Lopez,Gold,IL,6,11145.75,484.6,2022-01-19,2024-11-23,1039.0,Low Value
1904,Sierra Clark,Bronze,FL,8,11145.52,412.8,2022-05-08,2024-10-29,905.0,Low Value
790,Jimmy Palmer,Gold,PA,9,11144.91,428.65,2022-08-04,2024-09-23,781.0,Low Value
309,Jeffery Gordon,Bronze,IL,8,11142.83,530.61,2022-02-22,2024-11-20,1002.0,Low Value
9206,Anthony Turner,Silver,IL,7,11142.17,530.58,2022-01-20,2023-10-15,633.0,Low Value
1988,Mckenzie Baxter,Bronze,TN,7,11141.65,412.65,2022-07-06,2023-12-25,537.0,Low Value
91,Michael Ingram,Bronze,NC,8,11140.23,428.47,2022-03-19,2024-10-03,929.0,Low Value
2035,David Martinez,Gold,VA,7,11138.75,618.82,2022-10-16,2024-11-15,761.0,Low Value
8400,Tracy Alexander,Gold,OH,7,11137.21,412.49,2022-08-03,2024-08-18,746.0,Low Value
1022,Jennifer Huff,Silver,AZ,12,11136.61,359.25,2022-03-25,2024-11-29,980.0,Low Value
4267,Tony Moreno,Bronze,IL,5,11134.92,556.75,2022-06-25,2024-11-06,865.0,Low Value
8340,Alyssa Adams,Silver,NY,9,11134.54,484.11,2022-03-15,2024-11-18,979.0,Low Value
2320,Peter Hall,Silver,MD,8,11134.15,463.92,2022-05-16,2024-08-29,836.0,Low Value
3383,Cindy Barajas,Silver,MO,7,11128.52,428.02,2022-05-28,2024-03-03,645.0,Low Value
5763,Sarah Silva,Gold,PA,4,11126.74,654.51,2022-01-21,2023-07-15,540.0,Low Value
8529,David Hernandez,Gold,MD,7,11124.7,397.31,2022-03-07,2024-04-24,779.0,Low Value
9137,Kayla Chavez,Bronze,WI,5,11123.02,505.59,2023-10-18,2024-07-14,270.0,Low Value
6070,Colleen Watson,Platinum,TN,5,11120.5,654.15,2022-03-23,2023-07-28,492.0,Low Value
8335,Patrick Wagner,Silver,NJ,9,11114.8,411.66,2022-03-28,2024-10-06,923.0,Low Value
2764,Jennifer Chandler,Gold,MD,3,11109.82,925.82,2023-01-05,2024-12-23,718.0,Low Value
6253,Henry Martinez,Bronze,NY,9,11107.84,396.71,2022-06-26,2024-10-10,837.0,Low Value
5303,Scott Robinson,Bronze,NC,7,11106.26,528.87,2022-03-09,2024-10-04,940.0,Low Value
4696,Laura Smith,Bronze,WI,6,11105.78,504.81,2022-08-06,2024-06-01,665.0,Low Value
3315,Julia Spence,Silver,NY,7,11105.7,528.84,2022-01-27,2024-01-20,723.0,Low Value
736,Rachel King,Bronze,NJ,7,11104.21,528.77,2022-01-02,2024-04-27,846.0,Low Value
5571,Mary Graham,Silver,NY,8,11102.21,504.65,2022-01-22,2024-12-25,1068.0,Low Value
5733,Lisa Davis,Bronze,NJ,9,11097.43,326.39,2022-07-31,2024-11-23,846.0,Low Value
6919,Jessica Stephens,Platinum,MO,7,11091.09,583.74,2022-01-06,2024-11-11,1040.0,Low Value
6434,Michael Beck,Bronze,VA,6,11090.55,528.12,2022-01-04,2024-01-04,730.0,Low Value
9587,Kristin Thomas,Bronze,MD,8,11090.36,426.55,2022-01-06,2024-06-12,888.0,Low Value
2904,Carrie Villanueva,Gold,CA,6,11088.94,410.7,2022-03-31,2024-05-17,778.0,Low Value
3308,Courtney Pugh,Silver,VA,6,11088.17,482.09,2022-01-22,2024-12-03,1046.0,Low Value
9399,Eric Brown,Bronze,NJ,7,11085.58,692.85,2022-01-22,2024-10-23,1005.0,Low Value
8962,Steve Blair,Bronze,MD,4,11082.33,738.82,2023-02-12,2024-03-08,390.0,Low Value
5714,Joshua Brewer,Platinum,OH,10,11078.8,410.33,2022-01-31,2024-10-26,999.0,Low Value
7977,Katrina Patton,Silver,NC,10,11073.57,316.39,2022-01-02,2024-12-09,1072.0,Low Value
1079,Melissa Collins,Bronze,FL,3,11068.86,1106.89,2022-03-17,2023-01-18,307.0,Low Value
7443,Andrew Smith,Silver,TN,8,11067.06,395.25,2023-05-08,2024-05-03,361.0,Low Value
6051,James Roth,Bronze,WI,10,11065.26,335.31,2022-05-22,2024-12-24,947.0,Low Value
4705,Justin Kelly,Bronze,NJ,6,11064.07,368.8,2022-01-17,2024-09-02,959.0,Low Value
6687,Alyssa Myers,Platinum,OH,7,11063.56,356.89,2022-01-01,2024-03-16,805.0,Low Value
8937,Mindy Rivera,Silver,MI,6,11063.5,582.29,2022-01-16,2024-12-08,1057.0,Low Value
7165,David Brown,Platinum,WA,6,11060.23,582.12,2022-01-12,2024-03-25,803.0,Low Value
9292,Ricky Smith,Bronze,MD,4,11059.86,650.58,2023-01-02,2024-09-21,628.0,Low Value
4201,Michael Bradley,Bronze,IN,7,11058.83,614.38,2022-10-24,2024-08-05,651.0,Low Value
8411,Jennifer Johnson,Platinum,VA,10,11056.22,394.87,2022-01-03,2024-10-11,1012.0,Low Value
3771,Sheila Jarvis,Bronze,MA,6,11054.96,552.75,2022-02-18,2024-12-02,1018.0,Low Value
3520,Henry Harris,Bronze,WA,12,11054.82,394.81,2022-01-04,2024-09-17,987.0,Low Value
2361,Thomas Frazier,Bronze,FL,4,11054.13,789.58,2022-11-21,2023-12-23,397.0,Low Value
1155,Thomas Gray,Silver,NY,5,11053.8,614.1,2022-04-18,2024-09-07,873.0,Low Value
8893,Ivan Smith,Gold,MO,5,11051.56,789.4,2023-05-14,2024-06-04,387.0,Low Value
5035,Andrew Martinez,Bronze,TN,5,11051.17,736.74,2022-05-15,2024-03-21,676.0,Low Value
3508,Jordan Brooks,Silver,TN,11,11050.67,368.36,2022-02-05,2024-09-13,951.0,Low Value
1206,Norma Kirby,Bronze,VA,8,11049.03,409.22,2022-05-07,2024-12-19,957.0,Low Value
4122,Paul Johnson,Silver,CA,7,11048.84,441.95,2022-04-08,2024-10-12,918.0,Low Value
4813,Shawna Howard,Bronze,AZ,9,11046.58,380.92,2022-11-07,2024-01-10,429.0,Low Value
9101,Brent Lawrence,Gold,WA,7,11045.6,736.37,2022-01-24,2023-10-21,635.0,Low Value
6222,Roy Smith,Gold,AZ,9,11044.12,409.04,2022-07-06,2024-11-28,876.0,Low Value
8810,Curtis Green,Gold,NY,5,11042.7,736.18,2023-04-26,2024-10-09,532.0,Low Value
4770,Christopher Nelson,Bronze,FL,7,11041.94,441.68,2022-04-21,2024-01-01,620.0,Low Value
4171,Scott Walton,Platinum,WA,6,11041.25,690.08,2022-11-05,2024-12-24,780.0,Low Value
4625,Michael Henry,Silver,MD,8,11039.61,459.98,2022-05-16,2024-11-27,926.0,Low Value
4281,Cody Anderson,Silver,MA,6,11037.88,689.87,2022-01-16,2024-02-12,757.0,Low Value
7738,Christopher Nunez,Platinum,NC,8,11036.57,459.86,2022-04-11,2024-04-30,750.0,Low Value
8127,Brandon Luna,Gold,IN,7,11036.19,479.83,2022-03-13,2024-01-16,674.0,Low Value
5562,Vickie Holmes,Bronze,TN,4,11034.83,1103.48,2022-02-20,2024-03-28,767.0,Low Value
6326,Victoria Dixon,Silver,CA,8,11030.76,612.82,2022-03-04,2024-03-17,744.0,Low Value
5983,William Johnson,Gold,WA,6,11028.12,648.71,2022-08-14,2024-11-13,822.0,Low Value
4222,Dennis Lewis,Silver,NY,6,11027.35,787.67,2023-03-15,2024-07-31,504.0,Low Value
1180,Sara Thompson,Bronze,IL,7,11026.79,689.17,2022-05-06,2024-09-28,876.0,Low Value
9188,Debra Moore,Bronze,WA,7,11025.59,441.02,2022-06-16,2024-11-09,877.0,Low Value
1557,Yolanda Meyer,Bronze,PA,6,11025.04,479.35,2022-05-11,2024-03-27,686.0,Low Value
1576,Barry Gibson,Silver,CA,7,11024.02,440.96,2022-08-16,2024-12-03,840.0,Low Value
2085,Luke Gordon,Bronze,WI,7,11022.52,524.88,2022-12-07,2024-03-24,473.0,Low Value
2576,Hunter Walton,Bronze,MI,6,11018.84,524.71,2022-11-23,2024-10-28,705.0,Low Value
1283,Steven Grant,Bronze,GA,6,11015.93,847.38,2022-09-25,2023-08-13,322.0,Low Value
5326,Joseph Turner,Gold,IL,6,11015.41,611.97,2022-03-02,2024-05-18,808.0,Low Value
3833,Melissa Jones,Bronze,IN,8,11013.33,550.67,2022-04-19,2024-10-05,900.0,Low Value
5590,David Jennings,Gold,NJ,9,11013.19,407.9,2022-01-21,2024-10-06,989.0,Low Value
1363,Thomas Morgan,Bronze,MD,8,11010.69,500.49,2022-07-20,2024-07-08,719.0,Low Value
5930,Ryan Garcia,Silver,MA,13,11009.45,305.82,2022-06-08,2024-12-23,929.0,Low Value
4142,Michael Russo,Silver,FL,6,11007.27,550.36,2022-02-19,2024-12-11,1026.0,Low Value
2394,Danielle Vaughan,Bronze,TN,8,11007.05,366.9,2022-06-22,2024-09-26,827.0,Low Value
7561,Bobby Adkins,Bronze,IL,6,11002.34,550.12,2022-09-11,2024-09-24,744.0,Low Value
7751,Lisa Wilkins,Bronze,NY,10,10991.01,354.55,2022-01-05,2024-10-08,1007.0,Low Value
7287,David Schroeder,Gold,NY,7,10988.67,578.35,2022-11-29,2024-09-27,668.0,Low Value
1669,Tracy King,Gold,IL,10,10980.76,439.23,2022-01-05,2024-09-22,991.0,Low Value
1407,Jodi Hunt,Bronze,GA,8,10980.44,549.02,2023-01-08,2024-09-13,614.0,Low Value
5761,Erin Savage,Silver,NC,8,10979.44,522.83,2022-01-04,2024-12-08,1069.0,Low Value
5365,Nicole Oliver,Silver,NJ,6,10978.56,609.92,2022-05-29,2024-12-11,927.0,Low Value
4745,Traci Kelly,Bronze,WI,8,10977.0,422.19,2022-01-03,2024-05-07,855.0,Low Value
4130,Kevin Ward,Gold,AZ,7,10974.85,645.58,2022-03-08,2024-03-13,736.0,Low Value
7578,Jason Smith,Bronze,NY,7,10971.28,477.01,2022-04-03,2023-12-10,616.0,Low Value
739,Collin Scott,Platinum,MO,7,10971.02,438.84,2022-10-16,2024-03-20,521.0,Low Value
7657,Mike Collins,Bronze,CA,5,10970.86,577.41,2022-08-12,2024-02-09,546.0,Low Value
5338,Brittany Santana,Silver,MA,7,10969.51,522.36,2022-04-13,2024-12-18,980.0,Low Value
9146,Stephanie Mathis,Bronze,OH,7,10968.55,438.74,2022-02-20,2023-10-28,615.0,Low Value
144,Kyle Baker,Bronze,FL,8,10967.74,548.39,2022-01-30,2024-06-11,863.0,Low Value
4768,Michael Williams,Gold,PA,10,10965.99,391.64,2022-01-20,2024-05-10,841.0,Low Value
1652,Kelly Foster,Silver,WA,6,10964.57,522.12,2022-04-08,2024-12-12,979.0,Low Value
6862,Matthew Armstrong,Silver,CA,7,10964.02,498.36,2022-02-17,2024-10-31,987.0,Low Value
2490,Hannah Bailey,Gold,TX,7,10956.5,438.26,2022-12-16,2024-05-19,520.0,Low Value
2710,Christina Cunningham,Bronze,MD,6,10955.82,608.66,2022-02-03,2024-12-12,1043.0,Low Value
8074,Christopher Jones,Silver,WA,7,10955.51,405.76,2023-01-28,2024-10-26,637.0,Low Value
506,Jennifer Morgan,Silver,MD,4,10954.01,684.63,2022-02-09,2024-06-15,857.0,Low Value
4286,Tina Knapp,Bronze,MO,9,10953.88,421.3,2022-12-02,2024-07-09,585.0,Low Value
2592,Amber Fisher,Bronze,IL,12,10952.85,365.1,2022-02-02,2024-11-07,1009.0,Low Value
4261,David Adams,Silver,VA,6,10949.26,521.39,2022-02-01,2024-08-02,913.0,Low Value
962,Teresa Peterson,Silver,AZ,7,10946.23,521.25,2023-01-12,2024-11-01,659.0,Low Value
9761,Brent Romero,Silver,WI,10,10945.18,342.04,2022-06-16,2024-08-17,793.0,Low Value
8799,Nicholas Brown,Silver,WA,6,10935.79,643.28,2022-04-06,2024-08-29,876.0,Low Value
7620,Vickie Davis,Silver,MD,8,10931.46,352.63,2022-02-09,2024-04-02,783.0,Low Value
5949,Alex Day,Bronze,MO,7,10927.25,390.26,2022-05-21,2023-12-22,580.0,Low Value
2182,Michael Smith,Silver,TN,9,10927.15,475.09,2023-04-24,2024-08-07,471.0,Low Value
2693,Alexander Vega,Bronze,NY,4,10925.52,780.39,2022-10-09,2023-11-24,411.0,Low Value
504,Lori Sandoval,Silver,GA,5,10922.23,642.48,2022-04-19,2024-03-04,685.0,Low Value
2790,Lauren Valdez,Gold,FL,10,10921.56,474.85,2022-02-09,2024-12-06,1031.0,Low Value
2692,Penny Rodriguez,Bronze,IL,6,10916.8,519.85,2022-11-10,2024-09-21,681.0,Low Value
5613,Molly Rivera,Platinum,IN,8,10915.36,389.83,2022-03-13,2024-11-24,987.0,Low Value
7093,Jeremy Smith,Silver,WA,7,10915.29,404.27,2022-01-22,2024-04-24,823.0,Low Value
4715,Jennifer Patterson,Silver,IL,8,10913.35,436.53,2022-03-25,2024-10-16,936.0,Low Value
8915,Cynthia Moore,Bronze,NY,5,10909.61,727.31,2022-04-25,2024-11-18,938.0,Low Value
2608,Ashlee Ramirez,Gold,TX,6,10909.0,436.36,2022-03-14,2024-10-18,949.0,Low Value
2248,Vanessa White,Bronze,IN,9,10907.96,294.81,2022-05-01,2024-07-01,792.0,Low Value
9596,Randy Barron,Bronze,GA,3,10907.63,1817.94,2023-09-10,2024-07-27,321.0,Low Value
5701,Alexis Le,Gold,PA,5,10901.33,908.44,2023-04-03,2023-09-12,162.0,Low Value
5458,Joshua Singh,Gold,CA,7,10900.63,545.03,2022-12-23,2024-12-24,732.0,Low Value
1109,Alicia Stout,Bronze,WI,7,10900.02,641.18,2022-03-16,2024-12-06,996.0,Low Value
2552,Sarah Golden,Silver,PA,7,10897.73,419.14,2022-05-03,2024-10-31,912.0,Low Value
2679,Madison Larson,Silver,TN,9,10895.18,473.7,2022-02-11,2024-10-17,979.0,Low Value
7076,Zachary Davis,Bronze,MA,6,10893.69,573.35,2022-04-08,2024-12-19,986.0,Low Value
7907,Gary Williams,Platinum,NC,8,10893.36,375.63,2022-01-31,2024-08-15,927.0,Low Value
9550,Patricia Stuart,Platinum,IN,9,10892.58,418.95,2022-04-02,2024-12-24,997.0,Low Value
8573,Mike Khan,Silver,TN,9,10891.13,340.35,2022-01-14,2024-09-07,967.0,Low Value
1367,Gabriel Hammond,Bronze,PA,9,10890.71,363.02,2022-04-18,2024-11-29,956.0,Low Value
3484,Michelle Stewart,Gold,NC,8,10890.28,435.61,2022-06-08,2024-12-04,910.0,Low Value
7843,David Richardson,Gold,TN,5,10889.57,680.6,2022-12-09,2023-11-24,350.0,Low Value
5127,John Reilly,Silver,AZ,10,10888.89,435.56,2022-04-09,2024-11-28,964.0,Low Value
2024,Veronica Green,Bronze,IL,5,10887.09,837.47,2022-03-21,2024-07-05,837.0,Low Value
4350,Beverly Ramos,Bronze,TN,4,10884.05,725.6,2022-06-14,2024-01-17,582.0,Low Value
3619,Matthew Hamilton,Gold,GA,9,10883.89,351.09,2022-01-06,2024-10-04,1002.0,Low Value
4430,Melissa Mcdonald,Bronze,GA,6,10882.72,837.13,2022-03-24,2024-04-05,743.0,Low Value
8456,Michael Ford,Bronze,CA,5,10882.54,640.15,2022-07-02,2024-05-27,695.0,Low Value
6121,Gary Brown,Silver,CA,5,10882.0,572.74,2022-09-30,2024-09-04,705.0,Low Value
8925,Elizabeth Avila,Silver,AZ,6,10880.1,604.45,2022-01-30,2024-04-23,814.0,Low Value
6913,Rachel Garrett,Bronze,WA,9,10879.56,362.65,2022-02-04,2024-12-06,1036.0,Low Value
5825,Laura Acosta,Silver,MI,9,10878.65,453.28,2022-06-04,2024-12-23,933.0,Low Value
8279,Robin Watkins,Bronze,NJ,6,10878.21,639.89,2023-10-17,2024-04-17,183.0,Low Value
8549,Shirley Aguirre,Bronze,WI,6,10872.54,724.84,2022-02-28,2024-12-17,1023.0,Low Value
7278,Jeffrey Howard,Gold,MA,4,10871.91,543.6,2023-02-03,2024-03-14,405.0,Low Value
1633,Michael Lara,Bronze,MI,4,10870.73,836.21,2022-09-18,2024-04-04,564.0,Low Value
9353,Vanessa Johnson,Silver,TX,7,10868.52,472.54,2022-01-14,2024-06-16,884.0,Low Value
2383,Brent Frost,Bronze,TX,6,10864.52,639.09,2022-04-29,2024-03-15,686.0,Low Value
4535,Emma Shepard,Silver,FL,7,10863.16,493.78,2022-12-07,2024-10-20,683.0,Low Value
1171,Fred Day,Bronze,OH,8,10861.93,374.55,2023-03-06,2024-12-01,636.0,Low Value
2241,Steven Burns,Silver,TN,5,10860.19,543.01,2022-02-28,2024-02-08,710.0,Low Value
2110,David Hale,Bronze,WA,4,10859.49,904.96,2022-07-11,2024-10-21,833.0,Low Value
1010,Jeremy Rodriguez,Gold,AZ,7,10843.72,471.47,2022-01-13,2024-06-23,892.0,Low Value
1359,David Hart,Bronze,MI,7,10843.3,492.88,2022-01-03,2024-08-17,957.0,Low Value
8200,Kimberly Lewis,Silver,MA,6,10843.21,516.34,2022-04-03,2024-06-16,805.0,Low Value
6936,Michael Clark,Bronze,VA,7,10842.79,387.24,2023-02-22,2024-09-09,565.0,Low Value
7469,William Schultz,Silver,WA,8,10842.34,516.3,2022-04-29,2024-06-14,777.0,Low Value
1593,Erica Young,Silver,TX,8,10837.27,471.19,2022-03-08,2024-10-08,945.0,Low Value
9726,Michael Moore,Bronze,IN,12,10830.77,386.81,2022-06-11,2024-08-04,785.0,Low Value
9007,Anthony Huffman,Silver,FL,7,10830.19,386.79,2022-01-26,2024-02-15,750.0,Low Value
2312,Kelly Wolf,Platinum,MD,4,10828.58,676.79,2022-09-07,2024-08-30,723.0,Low Value
9568,Gloria Irwin,Gold,WA,9,10828.33,492.2,2022-02-10,2024-11-16,1010.0,Low Value
6878,Kelly Randall,Silver,VA,10,10826.95,338.34,2022-05-20,2024-09-08,842.0,Low Value
8183,Eddie Floyd,Gold,IN,7,10826.66,416.41,2022-07-24,2024-05-02,648.0,Low Value
5599,Micheal Peterson,Silver,CA,9,10825.61,400.95,2022-02-18,2024-11-26,1012.0,Low Value
1934,Tina Davis,Platinum,MA,5,10824.93,636.76,2022-03-29,2024-07-19,843.0,Low Value
4435,Andre Warren,Bronze,NY,10,10824.67,569.72,2022-02-20,2024-12-29,1043.0,Low Value
4986,Daryl Huber,Gold,NJ,8,10822.97,432.92,2023-05-05,2024-12-25,600.0,Low Value
3699,Albert Walker,Bronze,NC,9,10817.05,373.0,2022-02-01,2024-07-21,901.0,Low Value
8805,Jeffrey Robertson,Silver,TX,7,10816.5,676.03,2022-07-09,2024-11-02,847.0,Low Value
6368,Timothy Alexander,Gold,GA,7,10813.99,450.58,2022-02-02,2024-12-03,1035.0,Low Value
9699,Joseph Smith,Platinum,VA,13,10813.72,318.05,2022-07-09,2024-12-09,884.0,Low Value
5600,Sarah Austin,Bronze,PA,6,10812.58,372.85,2022-04-02,2024-08-03,854.0,Low Value
7326,Lindsey Booth,Gold,OH,9,10812.44,491.47,2022-08-13,2024-09-20,769.0,Low Value
2755,Tyler Garcia,Silver,TN,5,10810.2,831.55,2022-03-15,2024-10-18,948.0,Low Value
8825,Stacy Brown,Bronze,MI,8,10809.63,360.32,2022-01-01,2024-06-19,900.0,Low Value
6505,Derek Collins,Gold,MA,5,10808.82,1080.88,2022-07-24,2024-10-11,810.0,Low Value
1083,Angela Cohen,Silver,FL,7,10807.73,540.39,2023-07-12,2024-10-12,458.0,Low Value
9555,Meagan Green,Bronze,WI,9,10806.51,432.26,2022-03-12,2024-12-14,1008.0,Low Value
5815,Cheyenne Gray,Silver,AZ,6,10805.96,540.3,2023-01-30,2024-08-28,576.0,Low Value
217,Cole Garner,Silver,WI,10,10800.43,432.02,2022-01-16,2024-10-15,1003.0,Low Value
9558,Holly Jensen,Bronze,TN,6,10797.8,635.16,2023-01-10,2024-11-01,661.0,Low Value
8111,Amanda Kane,Bronze,PA,4,10795.58,899.63,2022-03-15,2024-12-23,1014.0,Low Value
5889,Amy Terry,Bronze,NC,5,10795.25,449.8,2023-03-04,2024-12-04,641.0,Low Value
9486,William Bates,Bronze,TN,9,10793.36,359.78,2022-02-22,2024-10-08,959.0,Low Value
7756,Sean Fox,Gold,OH,7,10792.28,513.92,2022-03-28,2024-12-27,1005.0,Low Value
9068,Crystal Vega,Gold,FL,7,10791.63,431.67,2022-09-07,2024-12-26,841.0,Low Value
1392,Jessica Ortiz,Silver,NJ,9,10791.23,431.65,2022-03-31,2024-06-14,806.0,Low Value
9475,Michael Johns,Silver,FL,7,10790.62,634.74,2022-06-16,2024-05-14,698.0,Low Value
1013,Samuel Vaughn,Silver,GA,7,10790.21,674.39,2022-02-11,2024-04-20,799.0,Low Value
8999,Joshua White,Bronze,MO,7,10788.44,567.81,2022-06-27,2024-06-22,726.0,Low Value
9668,Gary Campbell,Bronze,AZ,5,10787.99,567.79,2023-07-11,2024-09-18,435.0,Low Value
1293,Amy Moran,Bronze,VA,6,10787.86,599.33,2022-05-27,2024-07-13,778.0,Low Value
9268,Raven Arnold,Silver,NC,5,10787.22,539.36,2022-06-20,2024-04-13,663.0,Low Value
9746,Philip Brown,Silver,TX,5,10786.85,513.66,2023-12-07,2024-11-10,339.0,Low Value
7726,Melissa Mendoza,Gold,MA,5,10786.26,599.24,2022-06-10,2024-05-03,693.0,Low Value
3583,Elizabeth Jones,Bronze,PA,5,10785.69,513.6,2022-04-14,2024-04-03,720.0,Low Value
150,Benjamin Brown,Silver,NY,6,10785.42,490.25,2022-03-30,2023-12-10,620.0,Low Value
1216,Jeffrey Ramos,Platinum,FL,5,10783.92,770.28,2022-05-16,2024-11-25,924.0,Low Value
949,David Clay,Bronze,OH,8,10781.05,449.21,2022-07-30,2024-10-25,818.0,Low Value
3837,Casey Martinez,Bronze,NY,6,10780.12,431.2,2022-01-07,2024-01-07,730.0,Low Value
5769,Scott Martin,Silver,MA,9,10778.22,538.91,2022-07-23,2024-10-14,814.0,Low Value
7121,Matthew Cooke,Gold,OH,5,10772.17,633.66,2022-03-20,2024-03-10,721.0,Low Value
7009,Curtis Flores,Silver,TN,6,10768.78,371.34,2022-12-04,2024-12-25,752.0,Low Value
7559,Joshua Gonzalez,Bronze,NJ,6,10765.47,538.27,2023-03-20,2024-06-05,443.0,Low Value
5517,Christopher May,Platinum,NY,8,10763.08,398.63,2022-05-06,2024-12-30,969.0,Low Value
1452,Nathan Hernandez,Gold,VA,7,10762.65,448.44,2022-01-16,2024-12-15,1064.0,Low Value
5521,Jessica Humphrey,Silver,AZ,7,10761.65,413.91,2022-01-10,2024-10-13,1007.0,Low Value
4976,Madison Watkins,Silver,NC,8,10760.87,489.13,2022-02-18,2024-10-12,967.0,Low Value
7647,Micheal Conner,Bronze,MD,5,10758.92,566.26,2022-04-28,2024-06-17,781.0,Low Value
2294,Jessica Young,Bronze,NJ,10,10758.8,370.99,2022-02-25,2024-05-23,818.0,Low Value
215,Ivan Coleman,Platinum,CA,5,10757.25,896.44,2022-02-01,2024-06-09,859.0,Low Value
8675,Tammy Mcpherson,Bronze,MD,6,10756.65,448.19,2022-08-15,2024-12-12,850.0,Low Value
670,Sarah Clay,Bronze,IN,11,10756.28,346.98,2022-01-09,2024-10-12,1007.0,Low Value
9309,Brian Warren,Platinum,AZ,8,10753.6,537.68,2022-02-04,2024-08-07,915.0,Low Value
9168,Larry Kent,Platinum,IL,7,10752.47,488.75,2022-01-29,2024-10-17,992.0,Low Value
4100,Johnny Nichols,Platinum,TX,10,10752.38,370.77,2022-05-18,2024-08-17,822.0,Low Value
2290,Jeffery Stephenson,Bronze,TN,7,10748.68,413.41,2022-05-28,2024-06-12,746.0,Low Value
6274,Tyler Grant,Bronze,IN,8,10748.13,398.08,2022-06-12,2024-04-22,680.0,Low Value
1978,Mallory Riley,Bronze,PA,8,10746.24,413.32,2022-01-12,2023-10-23,649.0,Low Value
6970,David Davidson,Silver,VA,7,10744.49,596.92,2022-01-05,2024-11-29,1059.0,Low Value
8501,Eugene Davis,Silver,MA,9,10742.79,306.94,2022-09-16,2024-12-28,834.0,Low Value
2777,Belinda Petersen,Bronze,WA,7,10741.34,370.39,2022-06-15,2024-09-03,811.0,Low Value
2597,William Jensen,Gold,NJ,8,10739.37,536.97,2022-04-27,2024-12-30,978.0,Low Value
6902,Anthony Robles,Platinum,AZ,10,10739.13,397.75,2023-01-01,2024-11-21,690.0,Low Value
7899,David Johnson,Silver,GA,8,10738.18,488.1,2022-10-23,2024-10-09,717.0,Low Value
5046,Jake Thompson,Bronze,MI,8,10738.02,397.7,2022-01-19,2024-10-10,995.0,Low Value
4238,John Nguyen,Bronze,VA,7,10737.3,565.12,2022-05-02,2024-12-14,957.0,Low Value
3870,Tyler Anderson,Bronze,MD,3,10732.78,1533.25,2023-06-19,2023-12-10,174.0,Low Value
1207,Scott Miller,Gold,MA,7,10728.82,631.11,2022-06-17,2024-05-21,704.0,Low Value
1237,Troy Brown,Gold,GA,3,10727.53,825.19,2022-05-14,2024-09-16,856.0,Low Value
6989,Alexandra Allen,Bronze,AZ,7,10725.65,510.75,2022-07-06,2024-11-22,870.0,Low Value
3493,James Williams,Bronze,NJ,8,10718.66,487.21,2023-01-30,2024-04-16,442.0,Low Value
4616,Kyle Scott,Bronze,CA,9,10717.61,446.57,2022-03-15,2024-11-29,990.0,Low Value
6122,Emma Villarreal,Bronze,WA,8,10709.66,563.67,2022-06-27,2024-07-20,754.0,Low Value
2177,Eric Cunningham,Gold,WI,6,10707.79,509.89,2022-03-23,2024-10-02,924.0,Low Value
376,Colleen Riley,Bronze,MA,7,10706.58,446.11,2022-06-01,2024-05-10,709.0,Low Value
3610,Michael Macdonald,Bronze,PA,5,10706.38,486.65,2022-04-26,2024-11-14,933.0,Low Value
6312,Donald Rogers,Bronze,WI,10,10706.37,396.53,2022-01-28,2024-11-19,1026.0,Low Value
3327,Nicole Trujillo,Bronze,TX,12,10705.88,314.88,2022-03-16,2024-08-24,892.0,Low Value
7393,Kristopher Mills,Bronze,OH,6,10703.84,486.54,2022-03-28,2023-10-03,554.0,Low Value
1512,Jerry Taylor,Gold,NY,5,10702.59,594.59,2022-02-22,2024-10-09,960.0,Low Value
8740,Tiffany Johnson,Silver,NC,8,10701.49,445.9,2022-03-31,2024-10-23,937.0,Low Value
3294,Eric Brooks,Silver,AZ,8,10700.75,486.4,2022-09-10,2024-08-07,697.0,Low Value
6209,Kristin Jones,Silver,WA,8,10694.54,594.14,2022-02-14,2024-12-17,1037.0,Low Value
9456,Jessica Wilson,Gold,MI,5,10694.33,594.13,2022-04-25,2024-05-27,763.0,Low Value
6327,Kathryn Bradley,Platinum,GA,7,10691.95,427.68,2022-01-09,2024-10-22,1017.0,Low Value
9244,Ashley Walker,Bronze,AZ,7,10684.51,508.79,2022-02-12,2024-09-14,945.0,Low Value
4959,Lauren Vaughn,Bronze,NC,5,10682.37,667.65,2022-05-04,2023-07-19,441.0,Low Value
5558,William Clark,Bronze,IN,7,10681.1,508.62,2022-11-21,2024-12-25,765.0,Low Value
3543,Phillip Haley,Bronze,FL,6,10678.16,444.92,2022-07-07,2024-09-04,790.0,Low Value
2923,Thomas Swanson,Gold,GA,5,10674.46,667.15,2022-06-22,2024-09-13,814.0,Low Value
793,Lauren Oneill,Bronze,GA,10,10674.4,395.35,2022-02-26,2024-06-27,852.0,Low Value
8338,Teresa Baird,Silver,GA,4,10673.01,762.36,2023-01-21,2024-03-16,420.0,Low Value
7375,Timothy Hernandez,Silver,WI,7,10671.1,395.23,2022-05-21,2024-04-05,685.0,Low Value
9480,Joshua Maldonado,Silver,TX,7,10670.86,485.04,2022-02-09,2024-12-06,1031.0,Low Value
9670,Nicole Malone,Bronze,VA,9,10669.68,484.99,2022-03-14,2024-07-30,869.0,Low Value
2861,Thomas Olson,Silver,NJ,6,10666.3,533.31,2022-07-24,2023-10-11,444.0,Low Value
5513,Amber Fernandez,Gold,AZ,9,10665.48,410.21,2022-08-30,2024-05-06,615.0,Low Value
3443,Jessica Smith,Bronze,NC,7,10664.58,463.68,2023-03-20,2024-12-15,636.0,Low Value
6531,David Hartman,Bronze,OH,5,10664.47,627.32,2022-02-26,2024-02-14,718.0,Low Value
2217,Dana James,Platinum,NJ,8,10664.12,463.66,2022-01-06,2024-10-27,1025.0,Low Value
8771,Cheryl Caldwell,Gold,FL,5,10662.98,592.39,2022-02-16,2023-11-05,627.0,Low Value
5713,Audrey Johnson,Bronze,MO,6,10659.53,343.86,2022-02-28,2024-09-16,931.0,Low Value
7939,Deborah Todd,Silver,MA,8,10657.54,394.72,2022-05-02,2024-08-20,841.0,Low Value
7124,Brenda Meyers,Silver,MA,7,10657.43,343.79,2022-02-18,2024-09-17,942.0,Low Value
3816,Timothy Jacobs,Platinum,MO,7,10657.08,463.35,2023-03-06,2024-12-31,666.0,Low Value
5052,Stacy Lewis,Bronze,WI,4,10656.94,819.76,2023-05-13,2024-11-23,560.0,Low Value
1309,Scott Hodges,Bronze,WA,7,10654.63,409.79,2022-02-22,2024-12-27,1039.0,Low Value
646,Kristopher Cole,Bronze,NY,4,10651.45,560.6,2022-01-23,2024-06-16,875.0,Low Value
7406,Jeffrey Buck,Bronze,FL,7,10646.78,591.49,2023-09-24,2024-12-24,457.0,Low Value
2063,Amanda White,Bronze,NY,7,10645.05,409.42,2022-08-17,2024-12-05,841.0,Low Value
7975,Kristi Harris,Platinum,MD,7,10642.54,425.7,2022-01-11,2024-12-06,1060.0,Low Value
7432,Danielle Howell,Gold,CA,7,10641.17,591.18,2022-04-21,2024-12-03,957.0,Low Value
1825,Carol Sullivan,Bronze,NC,6,10636.18,443.17,2023-12-25,2024-10-30,310.0,Low Value
8768,Sandra Robertson,Platinum,NY,7,10635.99,531.8,2022-06-17,2024-07-27,771.0,Low Value
6933,Terrance Jordan,Silver,NJ,11,10634.87,312.79,2022-02-12,2024-06-12,851.0,Low Value
5323,John Alvarez,Silver,CA,6,10632.94,531.65,2022-04-06,2024-04-16,741.0,Low Value
5547,Maureen Reed,Silver,TN,9,10630.85,393.74,2022-01-03,2024-11-10,1042.0,Low Value
4718,Dennis Henderson,Platinum,VA,7,10627.15,625.13,2022-02-04,2024-03-10,765.0,Low Value
1006,Larry Douglas,Platinum,TX,7,10626.6,408.72,2022-04-04,2024-03-14,710.0,Low Value
1730,Brandon Young,Bronze,MA,11,10624.43,354.15,2022-07-17,2024-12-19,886.0,Low Value
2645,Brianna Chang,Platinum,MI,7,10621.73,590.1,2022-07-24,2024-02-29,585.0,Low Value
1881,Daniel Smith,Bronze,VA,7,10620.74,531.04,2022-09-15,2024-12-02,809.0,Low Value
7438,Kristie Johnson,Bronze,IN,2,10620.67,1180.07,2022-02-18,2024-10-01,956.0,Low Value
9201,Brad Hayes,Bronze,VA,9,10618.96,482.68,2022-02-03,2024-10-07,977.0,Low Value
5334,Betty Roberson,Silver,VA,7,10617.61,530.88,2022-04-16,2024-08-23,860.0,Low Value
4703,Jason Blair,Bronze,IL,6,10617.02,442.38,2023-03-27,2024-06-23,454.0,Low Value
7742,Matthew Phillips,Silver,MI,8,10616.29,408.32,2022-01-18,2024-05-12,845.0,Low Value
2808,Daniel Strong,Platinum,OH,10,10614.91,321.66,2022-03-18,2024-07-15,850.0,Low Value
2410,Stacey Sanchez,Bronze,MI,4,10614.31,758.16,2022-06-25,2024-04-22,667.0,Low Value
9361,Erik Stein,Silver,WI,8,10613.92,442.25,2022-04-17,2024-12-16,974.0,Low Value
6973,Stephanie Castillo,Silver,GA,8,10613.86,393.11,2022-02-06,2024-01-02,695.0,Low Value
4145,Brenda Wilson,Bronze,OH,8,10612.07,424.48,2023-01-14,2024-10-07,632.0,Low Value
6375,Rebecca Watson,Platinum,WA,8,10611.79,530.59,2022-04-24,2024-03-27,703.0,Low Value
9043,Jonathan Knox,Silver,WA,7,10611.12,442.13,2022-02-25,2024-03-10,744.0,Low Value
7316,Denise Taylor,Bronze,TX,5,10610.24,624.13,2023-03-18,2024-07-12,482.0,Low Value
4116,Cory Brewer,Bronze,WI,5,10609.41,663.09,2022-01-11,2024-11-07,1031.0,Low Value
7064,Nicole Flores,Gold,TN,9,10607.06,365.76,2022-03-22,2023-12-30,648.0,Low Value
876,Sara Campbell,Bronze,MA,4,10606.95,815.92,2022-10-29,2024-12-24,787.0,Low Value
8792,Amanda Gonzales,Platinum,PA,6,10605.99,482.09,2023-05-17,2024-12-16,579.0,Low Value
8698,Kevin Hill,Platinum,NJ,6,10605.02,482.05,2022-05-16,2024-05-02,717.0,Low Value
1743,Holly Scott,Silver,AZ,8,10604.88,311.91,2022-01-09,2024-11-04,1030.0,Low Value
9792,Adam Arellano,Bronze,NY,6,10604.61,757.47,2022-04-23,2024-07-16,815.0,Low Value
1287,Steven Silva,Silver,NC,8,10595.68,529.78,2022-02-17,2024-09-26,952.0,Low Value
5770,Laura Knox,Bronze,NJ,7,10593.88,460.6,2022-07-09,2024-12-24,899.0,Low Value
8384,Samuel Clark,Silver,MA,7,10592.96,341.71,2022-11-06,2024-05-29,570.0,Low Value
6599,Kelsey Jones,Bronze,MI,8,10592.54,353.08,2022-12-23,2024-11-03,681.0,Low Value
2026,Janice Wall,Bronze,NY,8,10592.4,353.08,2022-07-14,2024-04-22,648.0,Low Value
8491,Jennifer Olson,Bronze,OH,6,10587.88,460.34,2022-05-25,2024-12-25,945.0,Low Value
6997,Kyle Brown,Bronze,CA,8,10583.53,440.98,2022-07-26,2024-10-07,804.0,Low Value
9540,Allison Jacobs,Bronze,WI,5,10583.39,503.97,2022-02-02,2024-12-13,1045.0,Low Value
477,Wanda Greene,Bronze,TN,7,10582.42,587.91,2022-01-13,2024-01-16,733.0,Low Value
1338,Kendra Richardson,Bronze,MD,5,10579.08,881.59,2022-03-05,2024-05-26,813.0,Low Value
5350,Michael Andrews,Gold,TN,5,10577.11,881.43,2022-07-29,2024-11-28,853.0,Low Value
7459,Daniel Stevens,Bronze,NC,6,10573.86,660.87,2022-11-29,2024-05-31,549.0,Low Value
8496,Mary Patterson,Silver,IN,6,10572.49,621.91,2022-07-15,2024-12-20,889.0,Low Value
1973,Andrea Kelly,Bronze,GA,7,10570.37,621.79,2022-05-26,2024-11-24,913.0,Low Value
6027,Mary Brown,Platinum,NY,7,10570.29,704.69,2022-11-10,2024-09-11,671.0,Low Value
8292,Lori Brown,Gold,TX,6,10569.65,587.2,2022-04-09,2023-09-16,525.0,Low Value
9421,Larry Perez,Silver,CA,7,10564.77,480.22,2022-08-17,2024-06-01,654.0,Low Value
1559,James Norris,Platinum,NY,10,10564.58,391.28,2022-01-01,2024-07-22,933.0,Low Value
2346,Elizabeth Wilson,Bronze,NY,5,10562.24,586.79,2022-02-15,2024-04-02,777.0,Low Value
5170,Zachary Lee,Gold,WA,8,10559.54,479.98,2022-05-17,2024-08-13,819.0,Low Value
1179,Paul Williams,Silver,WA,5,10557.42,459.02,2022-06-04,2023-08-19,441.0,Low Value
2798,Lisa Bowers,Silver,NJ,6,10557.33,659.83,2022-02-21,2024-03-24,762.0,Low Value
4807,Janet Lee,Bronze,PA,7,10557.08,459.0,2022-08-09,2024-01-26,535.0,Low Value
2816,Katherine Knapp,Platinum,TX,9,10551.08,390.78,2022-08-15,2024-11-06,814.0,Low Value
3282,Ryan Bond,Silver,NY,6,10550.73,439.61,2022-01-17,2024-07-24,919.0,Low Value
3847,Kenneth Hicks,Gold,WI,3,10543.77,1171.53,2022-11-04,2024-11-01,728.0,Low Value
5530,John Brady,Bronze,AZ,8,10542.51,479.2,2022-04-14,2024-09-16,886.0,Low Value
5242,Nicholas Parrish,Bronze,NJ,5,10541.93,502.0,2023-01-15,2024-05-12,483.0,Low Value
8965,Erika Parrish,Silver,MD,9,10540.07,363.45,2022-01-14,2024-08-07,936.0,Low Value
4940,Michael Williams,Bronze,NJ,7,10538.81,554.67,2022-06-08,2024-12-27,933.0,Low Value
2859,Jessica Brown,Bronze,MI,8,10532.1,376.15,2022-08-03,2024-05-22,658.0,Low Value
187,Mark Mckinney,Bronze,MO,6,10531.7,619.51,2022-04-09,2024-11-18,954.0,Low Value
1086,James Chase,Silver,GA,6,10531.51,457.89,2022-04-16,2024-10-25,923.0,Low Value
8558,Miguel Lee,Bronze,MI,11,10529.8,554.2,2022-04-15,2024-07-28,835.0,Low Value
3855,Shannon Shah,Platinum,MO,10,10528.16,363.04,2022-05-04,2024-10-21,901.0,Low Value
120,Martin Hogan,Bronze,NC,6,10525.28,619.13,2022-07-24,2024-11-23,853.0,Low Value
9543,Eric Lester,Silver,OH,3,10523.59,751.69,2023-04-07,2024-03-19,347.0,Low Value
2065,James Walker,Platinum,NJ,5,10520.04,526.0,2023-05-02,2024-04-28,362.0,Low Value
5106,Kimberly Thomas,Platinum,OH,6,10519.6,618.8,2022-04-24,2024-07-11,809.0,Low Value
3053,Kenneth Bates,Gold,FL,7,10517.1,404.5,2022-07-19,2024-09-24,798.0,Low Value
5427,Desiree Wilson,Platinum,MI,10,10514.49,389.43,2022-03-19,2024-05-17,790.0,Low Value
4223,Katherine Mccoy,Gold,GA,6,10512.11,404.31,2022-02-17,2024-11-15,1002.0,Low Value
6607,Lauren Cain,Silver,OH,9,10510.2,437.93,2022-03-27,2024-09-10,898.0,Low Value
4544,Michele Wood,Gold,AZ,5,10508.67,808.36,2022-01-03,2024-05-21,869.0,Low Value
2097,Maxwell Rogers,Bronze,MI,6,10508.61,338.99,2022-04-06,2023-08-09,490.0,Low Value
8631,Martin Woodard,Gold,TN,5,10506.56,477.57,2023-05-01,2024-10-25,543.0,Low Value
4533,Lisa Carroll,Silver,VA,7,10505.36,437.72,2022-07-05,2024-11-04,853.0,Low Value
108,Jesse Mann,Bronze,MO,9,10504.69,300.13,2022-03-23,2024-05-28,797.0,Low Value
8039,Jennifer Morgan,Gold,AZ,8,10502.66,403.95,2022-01-06,2024-12-26,1085.0,Low Value
1749,Leslie Wilson,Gold,MD,10,10499.94,283.78,2022-04-25,2024-11-20,940.0,Low Value
9371,Danny Patton,Bronze,IN,7,10495.88,524.79,2023-01-27,2024-11-03,646.0,Low Value
3579,Michael Castillo,Bronze,GA,6,10495.03,655.94,2022-01-06,2024-06-29,905.0,Low Value
6163,Marcus Goodwin,Gold,NC,9,10491.28,327.85,2022-01-05,2024-12-03,1063.0,Low Value
2650,Melissa Gardner,Gold,CA,6,10489.18,655.57,2022-01-02,2024-09-05,977.0,Low Value
8534,Abigail King,Silver,MI,5,10487.2,499.39,2022-06-06,2023-12-22,564.0,Low Value
3906,Rebecca Bryant,Bronze,OH,7,10484.17,419.37,2022-05-26,2024-11-17,906.0,Low Value
6329,Brandon Delgado,Silver,AZ,9,10483.48,338.18,2022-11-10,2024-11-08,729.0,Low Value
8580,Sarah Wise,Bronze,PA,9,10480.15,455.66,2022-04-28,2024-08-14,839.0,Low Value
2635,Kimberly Taylor,Bronze,WI,7,10480.02,436.67,2022-01-30,2024-09-17,961.0,Low Value
1655,Joshua Wilson,Bronze,NY,5,10479.69,806.13,2022-09-15,2023-10-06,386.0,Low Value
5346,Christopher Powell,Bronze,TX,7,10477.62,616.33,2022-09-15,2024-10-19,765.0,Low Value
9741,James Frederick,Silver,GA,8,10476.94,476.22,2022-07-31,2024-08-01,732.0,Low Value
5033,Ethan Jacobs,Platinum,FL,6,10467.56,523.38,2022-05-09,2023-09-15,494.0,Low Value
263,Curtis Daniels,Gold,TX,9,10466.95,387.66,2022-05-03,2024-05-19,747.0,Low Value
5514,Shane Orr,Bronze,MA,10,10466.4,418.66,2022-02-27,2024-09-08,924.0,Low Value
2030,Kristopher Powers,Silver,CA,7,10466.05,436.09,2022-02-22,2024-04-26,794.0,Low Value
9251,Kristy Cobb,Bronze,MD,7,10465.84,498.37,2022-07-01,2024-11-25,878.0,Low Value
2028,Rhonda Edwards,Bronze,OH,7,10464.33,498.3,2022-03-16,2024-07-02,839.0,Low Value
8917,Carrie Mendez,Silver,WA,7,10462.92,581.27,2022-03-17,2024-11-14,973.0,Low Value
902,Lindsay Gallegos,Bronze,VA,10,10458.31,298.81,2022-02-13,2023-01-18,339.0,Low Value
6682,Timothy Jackson,Silver,NJ,5,10457.51,746.97,2022-04-22,2024-09-18,880.0,Low Value
4339,Kevin Rowland,Gold,VA,8,10455.33,360.53,2022-04-05,2024-09-30,909.0,Low Value
5473,George Wallace,Silver,WI,6,10454.78,580.82,2022-02-23,2024-07-21,879.0,Low Value
9908,Breanna Russo,Silver,WA,8,10454.41,435.6,2022-05-16,2024-08-08,815.0,Low Value
1191,Kelly Jordan,Bronze,MI,7,10451.6,580.64,2022-02-07,2024-11-10,1007.0,Low Value
5027,Eric Vance,Bronze,GA,9,10449.6,580.53,2022-03-22,2024-09-10,903.0,Low Value
8706,Jennifer Garcia,Silver,MO,7,10447.46,497.5,2022-11-25,2024-12-07,743.0,Low Value
7261,Scott Reed,Bronze,PA,5,10446.36,696.42,2022-02-24,2024-07-05,862.0,Low Value
6960,Valerie Nelson,Gold,CA,9,10445.86,454.17,2022-05-17,2024-08-13,819.0,Low Value
1337,Sandra Jones,Silver,TN,7,10445.61,580.31,2022-07-25,2024-02-09,564.0,Low Value
4328,Richard Simpson,Bronze,FL,9,10442.53,401.64,2022-06-02,2024-10-09,860.0,Low Value
3783,Heidi Moore,Bronze,WA,6,10439.97,497.14,2022-09-15,2024-12-29,836.0,Low Value
7604,Angela Brooks,Bronze,MA,4,10435.39,549.23,2022-04-01,2023-08-05,491.0,Low Value
1641,Julie Estrada,Silver,IN,5,10435.04,745.36,2023-01-22,2024-07-22,547.0,Low Value
3687,Tara Lopez,Bronze,IN,4,10433.14,579.62,2022-04-02,2023-01-28,301.0,Low Value
3507,Julie Bishop,Bronze,AZ,5,10432.23,521.61,2023-03-15,2024-08-22,526.0,Low Value
1196,Ronald Smith,Bronze,MI,8,10431.44,434.64,2022-03-09,2024-06-15,829.0,Low Value
6369,Ann Murray,Bronze,CA,10,10431.1,434.63,2022-04-05,2024-12-23,993.0,Low Value
3625,Reginald Morris,Gold,WA,7,10427.13,521.36,2022-02-19,2024-07-10,872.0,Low Value
8432,Michael Chase,Bronze,CA,5,10425.85,521.29,2022-05-14,2024-04-21,708.0,Low Value
1172,Sherry Sanchez,Silver,CA,7,10421.05,694.74,2022-02-26,2024-07-29,884.0,Low Value
9871,Jesus Hernandez,Gold,CA,8,10421.03,496.24,2022-07-17,2024-12-28,895.0,Low Value
7395,Daniel Evans,Bronze,VA,9,10419.83,400.76,2022-12-09,2024-11-25,717.0,Low Value
5142,Aaron Wright,Platinum,FL,7,10418.72,694.58,2022-04-14,2024-11-24,955.0,Low Value
662,Nicholas Johnson,Bronze,MA,8,10418.68,694.58,2022-01-07,2024-10-31,1028.0,Low Value
9277,Jared Griffin,Bronze,GA,7,10417.48,548.29,2022-01-10,2024-11-08,1033.0,Low Value
5384,Alex Powers,Bronze,WI,7,10417.46,452.93,2022-05-10,2024-10-24,898.0,Low Value
6807,Thomas Morales,Platinum,TN,5,10417.26,548.28,2022-12-09,2024-07-08,577.0,Low Value
8950,Lori Greene,Gold,IN,7,10416.78,578.71,2022-04-23,2024-06-18,787.0,Low Value
444,Brittany Smith,Gold,VA,4,10413.81,548.1,2023-01-26,2024-09-06,589.0,Low Value
1999,Kristen Brown,Gold,WA,6,10413.34,578.52,2023-04-30,2024-02-21,297.0,Low Value
529,Jennifer Ramirez,Silver,FL,6,10412.27,452.71,2022-01-29,2024-12-27,1063.0,Low Value
7689,Melissa Alexander,Bronze,FL,9,10410.51,306.19,2022-02-13,2024-06-10,848.0,Low Value
1726,Tammy Morrison,Silver,GA,8,10409.41,433.73,2022-04-10,2024-08-22,865.0,Low Value
6279,Nicole Wilcox,Bronze,TN,7,10407.87,612.23,2022-04-12,2024-12-02,965.0,Low Value
424,Angela Mcbride,Bronze,NY,9,10406.92,358.86,2022-05-31,2024-11-04,888.0,Low Value
9872,Roy Keith,Bronze,AZ,7,10404.96,612.06,2022-06-26,2024-05-28,702.0,Low Value
1616,Mary Matthews,Bronze,GA,9,10403.95,346.8,2022-01-12,2024-07-08,908.0,Low Value
2281,Jennifer Mckinney,Bronze,NY,9,10400.74,433.36,2023-01-06,2024-12-18,712.0,Low Value
3979,Jennifer Brown,Bronze,MO,6,10397.68,472.62,2022-02-16,2024-08-08,904.0,Low Value
6015,Blake Vazquez,Bronze,VA,5,10394.1,494.96,2022-12-15,2024-02-29,441.0,Low Value
6708,William Chambers,Platinum,NC,8,10393.61,451.9,2022-05-17,2024-09-03,840.0,Low Value
4885,Ann Jones,Platinum,IN,8,10386.96,494.62,2022-08-26,2024-08-15,720.0,Low Value
3428,Teresa Raymond,Platinum,TX,10,10386.59,451.59,2022-05-14,2024-08-05,814.0,Low Value
3730,Cynthia Carter,Platinum,TN,12,10384.96,296.71,2022-05-17,2024-10-19,886.0,Low Value
5660,Michael Rogers,Bronze,MO,7,10384.62,415.38,2022-02-11,2024-03-12,760.0,Low Value
3055,Deborah Johnson,Silver,NC,7,10383.72,471.99,2022-08-05,2024-11-08,826.0,Low Value
7143,Andrew Frank,Silver,NY,6,10382.33,576.8,2022-02-10,2024-06-01,842.0,Low Value
137,Holly Blair,Silver,FL,9,10379.9,384.44,2022-01-08,2024-11-25,1052.0,Low Value
1599,Kristin Murphy,Bronze,IL,5,10377.03,610.41,2022-07-04,2023-11-17,501.0,Low Value
3247,Heidi Blanchard,Bronze,MO,6,10375.53,546.08,2023-06-20,2024-12-01,530.0,Low Value
9687,Victor Smith,Bronze,NJ,6,10374.12,691.61,2022-01-08,2023-02-03,391.0,Low Value
773,Carlos Lee,Bronze,TN,5,10372.59,471.48,2022-04-23,2024-10-08,899.0,Low Value
7300,Carol Conrad,Bronze,MD,6,10371.51,648.22,2022-06-01,2024-11-20,903.0,Low Value
6080,Ronald Lee,Bronze,WI,8,10369.9,432.08,2022-04-08,2024-07-26,840.0,Low Value
5092,Gilbert Cannon,Silver,MA,4,10369.33,471.33,2022-02-26,2023-02-09,348.0,Low Value
4602,Gabriel Benson,Gold,FL,5,10368.79,493.75,2022-02-06,2024-10-05,972.0,Low Value
6065,Christopher Rosario,Gold,NC,11,10365.67,357.44,2022-01-07,2024-11-26,1054.0,Low Value
9083,Jonathan Gomez,Platinum,MO,8,10364.97,334.35,2022-08-20,2024-06-08,658.0,Low Value
6357,Harold Carlson,Gold,MO,8,10364.85,345.5,2022-09-21,2024-07-24,672.0,Low Value
9472,Jennifer James,Silver,AZ,6,10362.0,690.8,2022-09-09,2024-06-11,641.0,Low Value
5515,Jose Cook,Silver,CA,6,10361.16,575.62,2022-06-22,2024-08-04,774.0,Low Value
5525,Jessica Young,Platinum,TN,6,10360.14,518.01,2022-03-16,2023-09-01,534.0,Low Value
9943,Lauren King,Bronze,VA,6,10357.98,398.38,2022-02-03,2024-10-06,976.0,Low Value
4623,Michele Solomon,Bronze,PA,7,10352.87,608.99,2022-02-17,2024-11-21,1008.0,Low Value
6381,Samuel Smith,Bronze,TN,9,10350.26,492.87,2022-01-07,2024-11-23,1051.0,Low Value
9195,Jessica Greene,Bronze,TX,7,10349.92,470.45,2022-07-30,2024-12-22,876.0,Low Value
6686,Holly Reyes,Bronze,NJ,8,10349.86,608.82,2022-02-02,2024-09-09,950.0,Low Value
9160,Steven Shaw,Silver,TN,7,10347.03,449.87,2022-06-22,2024-09-08,809.0,Low Value
7414,David Campbell,Silver,IN,6,10345.28,517.26,2022-03-27,2024-10-03,921.0,Low Value
3528,Nicole Abbott,Bronze,WI,6,10344.57,449.76,2022-03-07,2024-07-17,863.0,Low Value
9072,Luke Reed,Bronze,FL,8,10344.57,646.54,2023-10-05,2024-12-23,445.0,Low Value
4538,Benjamin Welch,Platinum,AZ,7,10341.14,449.61,2022-01-26,2024-10-16,994.0,Low Value
2282,Holly Cruz,Bronze,WA,10,10338.83,397.65,2022-01-12,2024-05-07,846.0,Low Value
9039,Nathan Thornton,Platinum,PA,9,10336.12,397.54,2022-04-04,2024-10-15,925.0,Low Value
8560,Renee Pineda,Bronze,WA,8,10335.15,382.78,2022-05-16,2024-06-25,771.0,Low Value
2940,Brenda Page,Bronze,IN,5,10334.05,543.9,2023-02-18,2024-07-09,507.0,Low Value
6060,David Frye,Bronze,VA,10,10333.27,382.71,2022-01-10,2024-10-11,1005.0,Low Value
9198,Jasmine Underwood,Gold,MI,8,10332.68,543.83,2022-05-05,2024-11-30,940.0,Low Value
731,Mallory Carter,Silver,OH,9,10332.02,516.6,2022-03-03,2024-11-14,987.0,Low Value
8616,Erin Howard,Bronze,IL,9,10332.0,397.38,2022-05-01,2024-10-14,897.0,Low Value
5472,Lance Lopez,Gold,PA,9,10330.33,430.43,2022-01-05,2024-12-17,1077.0,Low Value
4633,Robert Mcdaniel,Silver,WI,6,10328.77,413.15,2022-01-31,2024-04-25,815.0,Low Value
5622,Jonathan Edwards,Bronze,TX,9,10327.94,397.23,2022-01-28,2024-12-20,1057.0,Low Value
8544,Wayne Juarez,Bronze,PA,8,10326.76,397.18,2022-09-18,2024-04-27,587.0,Low Value
476,Peter Henry,Bronze,OH,3,10325.38,1475.05,2022-05-07,2023-01-30,268.0,Low Value
8958,William Fowler,Gold,VA,9,10324.33,322.64,2022-01-17,2024-05-14,848.0,Low Value
1759,Laurie Davidson,Bronze,PA,6,10317.76,429.91,2022-05-24,2024-06-27,765.0,Low Value
3843,Jose Nash,Silver,NJ,7,10313.0,468.77,2022-02-15,2024-10-01,959.0,Low Value
402,Kristin Williams,Silver,IN,7,10311.93,448.34,2022-01-29,2024-07-09,892.0,Low Value
6793,Linda Torres,Gold,MA,7,10311.48,396.6,2022-09-14,2024-08-14,700.0,Low Value
9621,Shane Lucas,Bronze,GA,12,10311.32,312.46,2022-01-02,2024-12-28,1091.0,Low Value
5151,David Quinn,Gold,NY,8,10311.1,542.69,2022-04-02,2024-05-28,787.0,Low Value
9938,Jeffrey Hernandez,Gold,PA,4,10310.99,1145.67,2022-05-29,2024-07-07,770.0,Low Value
9961,Jacqueline Mason,Silver,AZ,6,10307.02,429.46,2022-01-07,2024-10-01,998.0,Low Value
8526,Harold Washington,Bronze,NJ,6,10305.86,412.23,2022-06-26,2024-10-09,836.0,Low Value
399,Jason Kelly,Silver,IL,5,10302.88,606.05,2023-06-18,2024-04-06,293.0,Low Value
1768,Sophia Miller,Gold,GA,6,10300.97,468.23,2022-10-14,2024-11-30,778.0,Low Value
3552,James Cline,Gold,PA,8,10300.53,381.5,2022-01-02,2024-10-28,1030.0,Low Value
2185,Marc Thomas,Bronze,IN,5,10300.3,643.77,2022-02-17,2024-06-29,863.0,Low Value
7732,Leah Jensen,Gold,MA,8,10299.94,412.0,2022-01-16,2024-09-09,967.0,Low Value
5741,David Burns,Bronze,MD,6,10297.81,541.99,2022-04-01,2024-04-15,745.0,Low Value
6194,Troy Nielsen,Gold,IN,11,10297.25,302.86,2022-04-05,2024-07-10,827.0,Low Value
8832,Amanda Baker,Platinum,OH,4,10296.3,792.02,2022-04-16,2024-10-14,912.0,Low Value
5005,Taylor Wu,Silver,MI,10,10292.48,428.85,2022-12-21,2024-10-30,679.0,Low Value
4504,Patrick Moreno,Bronze,WI,6,10292.29,643.27,2022-09-24,2024-11-14,782.0,Low Value
3923,Matthew Robinson,Bronze,FL,4,10288.7,1143.19,2022-11-08,2024-10-11,703.0,Low Value
8300,Douglas Wilkinson,Bronze,MI,3,10287.38,935.22,2024-01-23,2024-12-20,332.0,Low Value
9989,Robert Brown,Silver,MA,5,10285.22,571.4,2022-05-23,2024-09-15,846.0,Low Value
4166,Cindy Johnston,Bronze,MO,7,10284.72,311.66,2022-12-20,2024-01-14,390.0,Low Value
7303,John Stokes,Bronze,MD,12,10284.14,285.67,2022-02-09,2024-06-03,845.0,Low Value
2601,Krista Roberts,Bronze,GA,10,10281.29,354.53,2022-01-14,2023-12-27,712.0,Low Value
525,Scott Adams,Gold,MO,9,10279.96,277.84,2022-04-23,2024-11-04,926.0,Low Value
8339,Mark Rodriguez,Bronze,MO,5,10279.2,571.07,2022-03-26,2024-12-12,992.0,Low Value
8476,Jose Ponce,Silver,MI,8,10278.28,321.2,2022-03-21,2024-04-07,748.0,Low Value
7035,Mark Mueller,Gold,MA,12,10277.13,321.16,2022-03-11,2024-12-02,997.0,Low Value
77,Donna Parker,Platinum,MD,8,10276.46,467.11,2022-02-01,2024-11-02,1005.0,Low Value
9736,Lucas Torres,Bronze,NJ,7,10276.33,642.27,2022-05-04,2024-06-29,787.0,Low Value
520,Kenneth Duncan,Gold,AZ,8,10275.57,513.78,2022-08-23,2024-09-19,758.0,Low Value
4841,Barbara Klein,Gold,GA,3,10273.76,1027.38,2022-05-28,2024-09-02,828.0,Low Value
4579,George Scott,Gold,IN,8,10273.66,489.22,2022-03-18,2024-12-30,1018.0,Low Value
7002,David Ball,Gold,TN,9,10272.89,540.68,2022-04-01,2024-12-13,987.0,Low Value
8963,Monique Washington,Silver,MI,3,10266.96,855.58,2022-12-10,2024-09-24,654.0,Low Value
6799,Kelsey Smith,Gold,WA,4,10261.0,1026.1,2023-06-23,2024-11-28,524.0,Low Value
8412,Michelle Buck,Silver,PA,9,10260.02,380.0,2022-01-07,2024-08-09,945.0,Low Value
9845,Kevin Ibarra,Gold,TN,5,10259.66,789.2,2022-09-21,2024-05-02,589.0,Low Value
8117,Michael Reed,Bronze,VA,6,10258.9,488.52,2022-11-09,2024-06-26,595.0,Low Value
5205,Shelia Warren,Bronze,TN,8,10253.51,445.8,2023-03-18,2024-11-27,620.0,Low Value
8174,Elaine Taylor,Bronze,NY,7,10251.09,640.69,2022-03-21,2024-10-02,926.0,Low Value
6161,Emily Harris,Silver,VA,11,10248.71,269.7,2022-08-15,2024-08-30,746.0,Low Value
8535,Mark Vargas,Platinum,NY,6,10244.64,487.84,2022-08-26,2024-05-06,619.0,Low Value
6485,Holly Wilson,Bronze,VA,12,10243.8,238.23,2022-01-20,2024-08-18,941.0,Low Value
7685,Stanley Mitchell,Bronze,MA,7,10243.63,341.45,2022-02-04,2023-10-01,604.0,Low Value
3894,Nathan Thompson,Bronze,IN,8,10243.41,445.37,2022-01-20,2024-11-22,1037.0,Low Value
9718,Aaron Wilson,Platinum,MD,8,10240.51,487.64,2022-01-03,2024-11-18,1050.0,Low Value
7598,Robert Wallace,Silver,AZ,10,10236.08,487.43,2022-02-12,2024-10-21,982.0,Low Value
7700,Michelle Hernandez,Silver,AZ,7,10234.08,538.64,2022-06-16,2024-12-01,899.0,Low Value
5277,Renee Howard,Bronze,TX,7,10233.37,538.6,2022-01-16,2024-06-29,895.0,Low Value
2456,Heidi Guzman,Bronze,TN,10,10228.08,249.47,2022-02-21,2024-12-29,1042.0,Low Value
7675,Mark Hicks,Gold,MA,6,10226.85,444.65,2022-02-01,2024-11-17,1020.0,Low Value
123,Jane Flynn,Silver,IN,8,10226.32,393.32,2022-11-05,2024-09-08,673.0,Low Value
7801,Roy Owens,Gold,FL,8,10224.55,340.82,2022-02-07,2024-04-14,797.0,Low Value
2932,Allen Williams,Bronze,OH,13,10224.29,292.12,2022-07-12,2024-08-02,752.0,Low Value
6754,Christopher Hamilton,Silver,VA,7,10221.07,352.45,2022-03-26,2024-12-28,1008.0,Low Value
2447,Amber Buchanan,Silver,OH,9,10219.41,352.39,2022-09-16,2024-11-24,800.0,Low Value
4690,William Miller,Platinum,GA,3,10217.76,681.18,2022-05-25,2023-11-26,550.0,Low Value
8484,Jesus Garcia,Gold,GA,8,10216.11,392.93,2022-03-25,2024-12-30,1011.0,Low Value
7757,Timothy Mooney,Gold,GA,7,10215.91,537.68,2022-01-10,2024-11-21,1046.0,Low Value
5251,Danielle Davis,Bronze,WI,9,10214.66,444.12,2022-02-16,2024-08-29,925.0,Low Value
4471,Isabel Ortiz,Silver,GA,12,10212.1,300.36,2022-05-03,2024-12-27,969.0,Low Value
2775,Dawn Stout,Bronze,NC,9,10211.6,392.75,2022-03-05,2024-11-17,988.0,Low Value
7180,Derek Schultz,Silver,IL,6,10208.5,510.43,2022-04-12,2024-09-15,887.0,Low Value
8417,Christine White,Silver,TN,5,10205.88,485.99,2022-05-10,2024-09-07,851.0,Low Value
5257,Roy Mahoney,Bronze,MO,4,10203.66,680.24,2022-01-31,2024-05-23,843.0,Low Value
4895,Dawn Austin,Silver,MI,8,10203.41,485.88,2022-01-11,2024-12-10,1064.0,Low Value
83,Marcia Johnson,Gold,PA,8,10201.75,485.8,2022-02-17,2024-01-29,711.0,Low Value
9332,Whitney Wagner,Bronze,WI,9,10201.31,408.05,2022-01-25,2024-07-04,891.0,Low Value
4730,Shelby Brown,Silver,VA,10,10200.56,408.02,2022-03-10,2024-09-20,925.0,Low Value
4671,Paul Dillon,Gold,NY,7,10200.28,443.49,2022-05-18,2024-11-29,926.0,Low Value
3125,Christina Mason,Bronze,VA,9,10198.73,407.95,2022-03-26,2024-06-18,815.0,Low Value
364,Brian Hudson,Bronze,MD,6,10198.69,509.93,2022-01-07,2024-12-13,1071.0,Low Value
4173,Amanda Lopez,Bronze,IL,6,10198.63,424.94,2022-05-16,2024-02-05,630.0,Low Value
3865,Charles Harris,Silver,MD,6,10196.36,599.79,2022-02-18,2024-10-22,977.0,Low Value
4876,Brandy Herman,Bronze,MO,7,10196.18,599.78,2022-02-25,2024-10-22,970.0,Low Value
2170,Jeffrey Hensley,Silver,WI,3,10196.09,784.31,2022-02-04,2024-05-25,841.0,Low Value
5059,Vincent Wagner,Platinum,IL,7,10194.5,377.57,2023-05-02,2024-03-27,330.0,Low Value
2442,James Harrison,Bronze,NY,9,10190.42,339.68,2022-04-05,2024-07-16,833.0,Low Value
3690,David Franco,Bronze,WI,7,10189.45,536.29,2022-09-05,2024-06-19,653.0,Low Value
1386,Adam Anderson,Bronze,GA,6,10188.5,783.73,2022-05-03,2024-12-02,944.0,Low Value
3117,Kelly Clay,Bronze,IN,4,10185.23,848.77,2022-04-01,2024-09-12,895.0,Low Value
7815,Laura Mueller,Bronze,NJ,5,10184.86,636.55,2022-04-05,2024-04-09,735.0,Low Value
1053,Jonathan Gutierrez,Gold,MO,8,10182.8,407.31,2022-03-16,2024-11-05,965.0,Low Value
6018,Shelley Marquez,Bronze,PA,8,10180.07,484.77,2022-08-21,2024-08-03,713.0,Low Value
998,Gregory Welch,Gold,NJ,10,10178.71,535.72,2022-01-23,2024-07-21,910.0,Low Value
4386,Heather Owen,Bronze,NC,4,10175.42,635.96,2022-12-04,2024-06-10,554.0,Low Value
8774,Autumn Smith,Bronze,IL,9,10173.66,339.12,2022-02-17,2024-12-31,1048.0,Low Value
5460,Tonya Sheppard,Bronze,NJ,8,10171.23,782.4,2022-01-02,2024-03-19,807.0,Low Value
3182,Patricia Cox,Bronze,WI,8,10163.0,390.88,2022-06-19,2024-09-02,806.0,Low Value
2067,Elizabeth Stanton,Bronze,PA,4,10161.46,923.77,2022-04-02,2024-09-13,895.0,Low Value
3219,Luis Donovan,Bronze,NJ,6,10158.96,597.59,2022-03-04,2023-09-01,546.0,Low Value
9512,Linda Roman,Gold,NJ,9,10155.61,317.36,2022-01-06,2024-12-26,1085.0,Low Value
1509,Paul Crane,Silver,MO,6,10154.09,564.12,2022-01-22,2024-04-27,826.0,Low Value
4364,Kayla Wright,Silver,WI,3,10154.05,1015.4,2022-08-18,2024-04-25,616.0,Low Value
8627,Jay Day,Bronze,CA,7,10154.04,483.53,2022-06-06,2024-04-25,689.0,Low Value
1674,Jenna Roberts,Bronze,MO,6,10152.46,534.34,2022-05-07,2024-11-13,921.0,Low Value
7465,David Wheeler,Silver,NJ,8,10152.46,441.41,2022-02-05,2024-11-08,1007.0,Low Value
563,Jason Graham,Silver,IN,8,10150.33,350.01,2022-01-29,2024-10-05,980.0,Low Value
8762,Tara Paul,Bronze,PA,5,10145.9,563.66,2022-03-08,2023-12-24,656.0,Low Value
6749,Bianca Welch,Silver,NY,8,10143.95,441.04,2023-03-25,2024-12-07,623.0,Low Value
3517,Michelle Pacheco,Platinum,MI,9,10141.85,375.62,2022-01-04,2024-10-13,1013.0,Low Value
4185,Julia Cook,Bronze,VA,6,10136.45,440.72,2022-02-21,2024-12-25,1038.0,Low Value
3085,Dawn Morris,Bronze,WI,6,10134.59,361.95,2022-01-09,2024-08-24,958.0,Low Value
5477,Justin Wagner,Silver,WA,6,10134.38,460.65,2022-01-03,2024-10-18,1019.0,Low Value
8445,Brian Alvarez,Bronze,AZ,7,10133.73,723.84,2022-05-15,2024-10-22,891.0,Low Value
2402,Bryan Lewis,Silver,NJ,6,10133.12,405.32,2022-05-20,2024-05-10,721.0,Low Value
5749,Laura Fischer,Bronze,MD,7,10131.28,375.23,2022-02-13,2024-10-17,977.0,Low Value
3815,Erika Sanchez,Silver,MI,6,10131.1,422.13,2022-06-30,2024-12-09,893.0,Low Value
3920,Bruce Henderson,Bronze,GA,10,10130.52,361.8,2022-12-03,2024-11-13,711.0,Low Value
9162,Patrick Mckinney,Bronze,MD,6,10130.47,562.8,2022-03-16,2024-11-17,977.0,Low Value
8670,Christopher Henry,Silver,WA,9,10129.98,361.78,2022-01-17,2024-06-01,866.0,Low Value
5830,Maurice Turner,Bronze,WI,6,10123.46,674.9,2022-11-24,2024-11-18,725.0,Low Value
1670,Emily Diaz,Gold,NC,5,10122.69,723.05,2023-03-06,2024-09-11,555.0,Low Value
5990,Ellen Webb,Gold,FL,6,10121.04,595.36,2023-07-19,2024-08-14,392.0,Low Value
7806,Leon Dunn,Platinum,IL,5,10120.52,506.03,2022-06-09,2024-02-10,611.0,Low Value
8139,David Mills,Bronze,MI,9,10119.93,297.64,2022-03-10,2024-11-05,971.0,Low Value
2469,Samuel Hart,Bronze,NJ,10,10119.67,306.66,2022-06-02,2024-11-18,900.0,Low Value
9393,Cindy Salinas,Gold,WI,5,10118.21,595.19,2022-02-14,2023-10-29,622.0,Low Value
7786,Joseph Zimmerman,Bronze,VA,8,10113.98,532.31,2022-01-07,2024-11-07,1035.0,Low Value
8062,Jesse Huber,Bronze,TX,5,10113.11,842.76,2023-02-09,2024-09-03,572.0,Low Value
6640,Matthew Whitaker,Platinum,IL,7,10113.07,361.18,2022-08-13,2024-11-23,833.0,Low Value
3386,Donald Hart,Bronze,PA,7,10110.94,439.61,2022-09-02,2024-09-24,753.0,Low Value
4446,Raymond King,Silver,TX,9,10109.43,505.47,2022-06-21,2024-11-25,888.0,Low Value
4646,Mary Hoffman,Silver,WI,8,10108.42,631.78,2022-03-31,2024-10-12,926.0,Low Value
3705,Michael Fowler,Gold,GA,4,10107.96,505.4,2022-10-18,2024-06-26,617.0,Low Value
3485,Steven Raymond,Silver,NC,8,10107.08,439.44,2022-09-06,2024-02-06,518.0,Low Value
4558,Kathleen Bishop,Silver,WI,6,10105.77,404.23,2022-02-21,2024-11-07,990.0,Low Value
199,Maria Davenport,Platinum,NC,10,10105.55,481.22,2022-02-11,2024-12-12,1035.0,Low Value
8770,Leslie Guerra,Silver,TX,7,10105.25,439.36,2022-05-16,2024-05-02,717.0,Low Value
9597,Katie Mathews,Bronze,MO,10,10102.03,360.79,2022-01-13,2024-12-23,1075.0,Low Value
5259,Alexandria Ferguson,Bronze,MI,4,10097.66,458.98,2022-02-03,2023-07-18,530.0,Low Value
7263,Yolanda Grant,Silver,NY,7,10095.99,480.76,2022-12-20,2024-10-31,681.0,Low Value
5724,Timothy Moyer,Gold,NY,8,10091.33,480.54,2022-09-10,2024-10-29,780.0,Low Value
3946,Timothy Bailey,Bronze,GA,8,10087.86,504.39,2022-05-13,2024-12-22,954.0,Low Value
6675,Donna Rojas,Silver,MO,3,10087.18,1441.03,2022-07-04,2023-10-23,476.0,Low Value
1858,Tyler Gregory,Gold,VA,6,10085.77,630.36,2022-06-05,2023-12-05,548.0,Low Value
9939,Sharon Garcia,Bronze,IL,7,10082.88,360.1,2022-08-12,2024-05-03,630.0,Low Value
3754,Jeffrey Hill,Silver,TN,5,10081.83,530.62,2022-03-03,2024-11-25,998.0,Low Value
7260,Samantha Gonzalez,Bronze,MI,7,10079.26,559.96,2022-02-02,2024-09-29,970.0,Low Value
6134,Brenda Sanchez,Silver,IN,7,10077.0,403.08,2022-01-15,2024-02-18,764.0,Low Value
1838,David Nguyen,Gold,AZ,9,10075.76,359.85,2022-02-03,2024-09-05,945.0,Low Value
5671,Debra Wilson,Bronze,CA,6,10071.7,592.45,2022-01-09,2024-12-09,1065.0,Low Value
4877,Emily Arnold,Bronze,NJ,10,10071.08,402.84,2022-02-06,2024-09-22,959.0,Low Value
7006,Melissa Richards,Platinum,TN,8,10068.93,387.27,2022-03-27,2024-10-25,943.0,Low Value
127,Shannon Bailey,Platinum,MA,8,10068.46,419.52,2022-01-14,2024-12-24,1075.0,Low Value
5840,Lauren Hawkins,Silver,WI,4,10065.0,1006.5,2022-01-29,2024-12-26,1062.0,Low Value
9232,Joshua Morales,Platinum,MD,4,10064.07,914.92,2022-04-25,2024-12-23,973.0,Low Value
9588,Brett Harris,Bronze,PA,5,10061.23,479.11,2022-05-28,2024-10-15,871.0,Low Value
4803,Deborah Payne,Bronze,MD,8,10055.35,402.21,2022-04-09,2024-10-31,936.0,Low Value
9866,Julia Jones,Silver,NJ,6,10054.42,478.78,2022-03-19,2024-04-14,757.0,Low Value
2888,Travis Lopez,Bronze,GA,8,10053.16,418.88,2022-10-26,2023-10-04,343.0,Low Value
4112,Bobby Ross,Gold,GA,7,10052.69,437.07,2022-03-22,2024-12-07,991.0,Low Value
5360,Sheryl Dickerson,Gold,TN,8,10050.29,478.59,2022-01-15,2024-10-21,1010.0,Low Value
3290,Daniel Price,Gold,TN,6,10049.39,478.54,2022-05-01,2023-12-22,600.0,Low Value
6843,Dawn Jones,Gold,NY,8,10049.0,386.5,2022-02-27,2024-08-09,894.0,Low Value
4854,Barbara West,Bronze,MA,7,10036.77,669.12,2022-01-25,2024-05-27,853.0,Low Value
2075,Kimberly Jones,Gold,MA,5,10036.39,477.92,2023-01-13,2024-05-04,477.0,Low Value
9864,Zachary Mccarty,Bronze,OH,6,10035.85,501.79,2022-07-23,2024-09-30,800.0,Low Value
3225,Kevin Stanley,Gold,NC,7,10035.53,627.22,2022-07-06,2024-10-01,818.0,Low Value
3054,Daniel Briggs,Bronze,TX,8,10034.75,590.28,2022-02-14,2024-11-17,1007.0,Low Value
3850,Nicholas Mora,Bronze,NC,8,10032.87,418.04,2022-04-26,2024-11-16,935.0,Low Value
6224,Kimberly Moreno,Bronze,OH,11,10032.43,323.63,2022-03-15,2024-10-05,935.0,Low Value
3255,Jeremy Charles,Silver,CA,6,10030.28,455.92,2022-01-01,2024-09-23,996.0,Low Value
1019,Denise Schmidt,Silver,NC,8,10028.06,527.79,2023-06-27,2024-12-18,540.0,Low Value
1939,Roger Nguyen,Silver,OH,9,10026.65,313.33,2022-05-04,2024-11-01,912.0,Low Value
5602,Stephen Fox,Bronze,MA,5,10023.99,716.0,2022-01-29,2023-11-04,644.0,Low Value
2985,Teresa Fowler,Bronze,NJ,10,10022.61,294.78,2022-07-05,2024-11-24,873.0,Low Value
7617,Timothy Cox,Gold,FL,2,10022.18,1252.77,2023-05-25,2024-01-03,223.0,Low Value
1008,Shawna Clark,Bronze,WA,4,10020.96,556.72,2022-09-09,2023-10-09,395.0,Low Value
7492,Laura Robinson,Silver,IL,6,10020.68,626.29,2022-09-20,2024-04-15,573.0,Low Value
2991,Maria Long,Gold,TX,7,10019.84,357.85,2022-02-19,2024-04-19,790.0,Low Value
8718,David Blevins,Silver,VA,7,10018.49,556.58,2022-02-08,2024-09-15,950.0,Low Value
1496,Jacob Lara,Bronze,MO,5,10016.7,626.04,2022-02-03,2024-06-25,873.0,Low Value
6961,Toni Cisneros,Bronze,MI,5,10014.23,400.57,2022-10-06,2024-12-21,807.0,Low Value
6984,Kyle West,Bronze,PA,9,10013.56,476.84,2022-05-09,2024-04-02,694.0,Low Value
616,Melissa Cook,Gold,MI,9,10011.96,345.24,2022-07-10,2024-05-07,667.0,Low Value
38,Gabriel Parker,Silver,MO,6,10010.79,417.12,2022-07-17,2024-04-03,626.0,Low Value
4744,Marc Wall,Bronze,IN,5,10009.4,667.29,2022-09-22,2024-12-26,826.0,Low Value
5379,Melissa Gonzalez,Silver,AZ,9,10006.53,384.87,2022-01-07,2024-12-10,1068.0,Low Value
7955,Patrick Fuentes,Silver,MO,6,10006.32,435.06,2022-04-10,2024-08-08,851.0,Low Value
1983,Michelle Pena,Platinum,NY,11,10006.07,333.54,2022-01-26,2024-07-03,889.0,Low Value
613,Linda Sanchez,Bronze,TN,9,10004.73,357.31,2022-02-01,2024-12-08,1041.0,Low Value
5297,Roger Myers,Silver,NC,5,10004.15,588.48,2022-11-28,2024-02-02,431.0,Low Value
220,Jackie Miller,Bronze,CA,5,10000.65,625.04,2022-04-01,2023-09-05,522.0,Low Value
2934,Bruce Wolf,Bronze,NJ,8,9998.14,357.08,2022-03-10,2024-11-27,993.0,Low Value
7965,Timothy Thomas,Silver,OH,7,9996.65,434.64,2022-12-13,2024-10-31,688.0,Low Value
3594,Nicole Liu,Bronze,CA,6,9996.21,399.85,2022-05-13,2024-02-01,629.0,Low Value
6412,William Munoz,Bronze,IN,7,9993.58,555.2,2022-02-21,2024-12-04,1017.0,Low Value
3476,John Jones,Silver,NC,7,9993.25,384.36,2022-03-25,2024-07-17,845.0,Low Value
6813,John Jefferson,Gold,NY,10,9991.11,434.4,2022-06-14,2024-08-13,791.0,Low Value
8485,James Kramer,Bronze,NC,8,9991.08,454.14,2022-04-11,2024-07-20,831.0,Low Value
7236,Danielle Allen,Bronze,OH,7,9984.31,399.37,2022-09-20,2024-08-12,692.0,Low Value
5967,Matthew Rhodes,Bronze,MA,6,9984.02,525.47,2022-07-26,2024-12-26,884.0,Low Value
2980,Steven Torres,Silver,CA,6,9981.64,554.54,2022-07-17,2024-08-04,749.0,Low Value
8092,James Davis,Silver,PA,7,9981.17,433.96,2022-12-03,2024-03-04,457.0,Low Value
9157,Ariel Blackburn,Bronze,MO,5,9972.87,623.3,2022-02-11,2024-05-26,835.0,Low Value
9805,Tom Newman,Silver,WI,8,9972.48,474.88,2022-04-16,2024-11-15,944.0,Low Value
3272,Joshua Sanchez,Silver,FL,8,9969.07,524.69,2022-09-24,2024-09-14,721.0,Low Value
3807,Kirk Horton,Bronze,NY,8,9967.93,453.09,2022-02-26,2024-08-26,912.0,Low Value
1015,Lisa Jones,Gold,NY,8,9965.94,383.31,2022-01-07,2024-08-15,951.0,Low Value
9951,Michele Wallace,Gold,FL,3,9963.64,830.3,2022-05-30,2024-02-23,634.0,Low Value
7974,Sherry Walls,Silver,TN,7,9962.88,433.17,2022-08-24,2024-12-19,848.0,Low Value
8114,Brian Lambert,Silver,MI,10,9956.71,398.27,2022-02-06,2024-11-21,1019.0,Low Value
8748,Derek Garcia,Bronze,OH,6,9956.37,553.13,2022-08-08,2024-09-03,757.0,Low Value
8830,Stephen Bowen,Bronze,MI,6,9955.47,474.07,2022-01-08,2024-02-03,756.0,Low Value
2905,David Williamson,Silver,IL,7,9955.12,355.54,2022-03-21,2024-10-12,936.0,Low Value
7719,Andrew Wheeler,Bronze,NJ,5,9953.58,829.47,2023-07-01,2024-12-25,543.0,Low Value
1692,Jessica Mckenzie,Silver,GA,6,9953.38,473.97,2022-10-19,2024-11-12,755.0,Low Value
4478,Tonya Fisher,Silver,OH,5,9952.57,995.26,2022-07-19,2023-01-28,193.0,Low Value
6794,Laura Adams,Gold,FL,6,9952.48,585.44,2022-03-30,2024-10-15,930.0,Low Value
7626,Rachel Valdez,Gold,TN,9,9951.86,414.66,2022-11-12,2024-08-25,652.0,Low Value
842,Tanner Singh,Platinum,GA,8,9944.45,368.31,2022-03-13,2024-08-28,899.0,Low Value
3104,Lisa Scott,Silver,IL,10,9942.04,368.22,2022-03-13,2024-09-28,930.0,Low Value
5291,Lisa Cook,Gold,NJ,5,9940.82,710.06,2022-02-09,2023-04-16,431.0,Low Value
8253,Claire Hamilton,Gold,MA,9,9940.37,382.32,2022-01-10,2024-08-15,948.0,Low Value
28,Karen Decker,Gold,IL,9,9939.18,397.57,2022-03-28,2024-08-28,884.0,Low Value
1548,Alison Dixon,Silver,WI,5,9938.81,662.59,2022-09-05,2024-01-01,483.0,Low Value
6138,Jeff Edwards,Bronze,PA,6,9936.11,522.95,2022-01-20,2024-02-19,760.0,Low Value
6344,Brandon Murray,Bronze,MD,4,9935.27,993.53,2022-05-20,2024-05-03,714.0,Low Value
4174,Melissa Snyder,Silver,WI,5,9932.61,709.47,2022-08-22,2023-09-10,384.0,Low Value
3568,Hailey Cherry,Bronze,OH,8,9929.42,330.98,2022-01-06,2024-11-20,1049.0,Low Value
6115,Maurice Whitaker,Silver,OH,7,9927.07,451.23,2022-04-07,2024-08-26,872.0,Low Value
9400,David Ellis,Bronze,OH,5,9925.43,763.49,2022-02-19,2024-10-15,969.0,Low Value
2445,Zachary Sanders,Platinum,TX,9,9925.21,367.6,2022-01-20,2024-03-19,789.0,Low Value
9585,Austin Walker,Silver,WI,12,9923.92,354.43,2022-07-11,2024-07-22,742.0,Low Value
1583,Michele Nichols,Bronze,AZ,9,9921.71,320.06,2022-01-01,2024-11-13,1047.0,Low Value
9158,Lee Olsen,Bronze,VA,7,9920.51,431.33,2022-06-30,2024-10-06,829.0,Low Value
5991,Shelby Walsh,Bronze,TX,8,9918.72,431.25,2022-10-10,2024-12-25,807.0,Low Value
1976,Ryan Walker,Silver,IL,7,9916.46,396.66,2022-06-26,2024-12-05,893.0,Low Value
1228,Lawrence Moore,Silver,MI,5,9916.2,450.74,2022-05-29,2023-11-25,545.0,Low Value
988,Emily Martinez,Gold,IL,10,9914.18,260.9,2022-04-17,2024-12-31,989.0,Low Value
4548,Elizabeth Madden,Gold,OH,5,9913.51,708.11,2023-01-25,2024-10-05,619.0,Low Value
3180,Jill House,Gold,MA,12,9910.91,300.33,2022-01-15,2024-12-16,1066.0,Low Value
6605,Christopher Cohen,Gold,VA,6,9910.56,550.59,2022-06-20,2023-05-05,319.0,Low Value
182,Mary Webb,Bronze,PA,8,9910.16,495.51,2022-02-12,2024-11-30,1022.0,Low Value
1461,Joe Smith,Bronze,PA,6,9908.12,430.79,2023-07-28,2024-11-01,462.0,Low Value
3334,Regina Evans,Bronze,PA,7,9907.6,412.82,2022-04-17,2024-03-06,689.0,Low Value
6917,Crystal Ryan,Platinum,WA,10,9906.15,396.25,2022-07-10,2024-12-01,875.0,Low Value
3692,Jennifer Johnson,Bronze,CA,7,9903.48,495.17,2022-07-30,2024-03-11,590.0,Low Value
3667,Chelsea Ryan,Bronze,NC,7,9899.35,471.4,2022-01-06,2024-09-10,978.0,Low Value
3123,Amy Arnold,Gold,AZ,9,9894.63,430.2,2022-03-05,2024-12-05,1006.0,Low Value
6646,Alan Lambert,Silver,OH,4,9894.1,659.61,2022-01-11,2023-11-01,659.0,Low Value
3808,Sherri Hunter,Bronze,MI,8,9892.33,494.62,2022-11-11,2024-06-16,583.0,Low Value
2102,Linda Rodriguez,Silver,MI,4,9891.44,430.06,2022-02-17,2024-05-11,814.0,Low Value
1820,Michael Rodriguez,Platinum,MO,5,9890.87,470.99,2022-04-08,2024-04-27,750.0,Low Value
6818,Amber Nguyen,Silver,FL,8,9888.94,659.26,2022-04-25,2024-09-15,874.0,Low Value
1181,Jackson Williams,Gold,MO,8,9883.77,429.73,2022-04-09,2024-12-02,968.0,Low Value
7017,Christine Holden,Bronze,CA,7,9883.59,549.09,2022-07-29,2024-11-16,841.0,Low Value
8065,Johnny Lopez,Gold,VA,7,9882.35,658.82,2023-07-07,2024-10-17,468.0,Low Value
6187,Sean Roberts,Platinum,AZ,10,9878.82,395.15,2022-01-30,2024-12-04,1039.0,Low Value
9710,Kathleen Williams,Bronze,FL,8,9877.96,379.92,2022-09-05,2024-10-31,787.0,Low Value
9464,Glenn Robinson,Bronze,MA,3,9877.7,987.77,2023-02-15,2023-03-02,15.0,Low Value
178,Darlene Hernandez,Silver,IN,8,9877.49,429.46,2022-03-12,2024-11-11,975.0,Low Value
383,Louis Jordan,Bronze,NY,6,9870.11,519.48,2022-04-07,2024-09-19,896.0,Low Value
6410,William James,Bronze,MA,8,9869.91,411.25,2022-08-12,2024-11-08,819.0,Low Value
6228,Erica Kidd,Gold,MA,7,9869.86,429.12,2022-06-18,2024-12-25,921.0,Low Value
1685,Jose Lee,Gold,IN,6,9869.57,548.31,2022-02-25,2023-08-19,540.0,Low Value
9900,Edward Hull,Silver,FL,9,9868.9,411.2,2022-04-26,2024-09-21,879.0,Low Value
2749,Nicholas Webster,Silver,GA,7,9866.33,428.97,2022-01-02,2024-12-25,1088.0,Low Value
2696,Clayton Hicks,Bronze,CA,6,9864.6,448.39,2022-01-19,2024-01-12,723.0,Low Value
4154,Travis Reynolds,Platinum,IL,7,9860.42,394.42,2022-04-10,2024-08-19,862.0,Low Value
4534,Michael Hill,Platinum,WA,5,9860.28,758.48,2022-07-05,2023-10-24,476.0,Low Value
8509,Steven Johnson,Gold,IN,7,9858.33,821.53,2022-02-05,2024-03-08,762.0,Low Value
2780,Tamara Rodgers,Silver,TN,4,9851.65,615.73,2022-02-25,2024-10-30,978.0,Low Value
3639,Michael Washington,Silver,PA,6,9848.96,579.35,2022-03-06,2024-10-19,958.0,Low Value
3612,David Oliver,Silver,TN,11,9846.43,317.63,2022-05-04,2024-10-30,910.0,Low Value
1990,Julie Livingston,Bronze,IL,7,9843.17,393.73,2022-09-21,2024-11-22,793.0,Low Value
1299,Ebony Walters,Silver,NY,6,9843.07,393.72,2023-04-21,2024-08-18,485.0,Low Value
6366,James Elliott,Bronze,FL,6,9840.34,492.02,2022-01-23,2024-04-16,814.0,Low Value
9042,Jonathan Boyd,Gold,MI,5,9840.25,820.02,2022-06-02,2024-04-15,683.0,Low Value
8268,Paula Smith,Gold,MO,11,9838.78,298.14,2022-05-06,2024-11-27,936.0,Low Value
6423,Rebecca Gomez,Silver,CA,10,9835.87,339.17,2022-05-20,2024-12-04,929.0,Low Value
638,Yvette Macias,Bronze,MO,6,9835.53,546.42,2022-06-14,2024-10-02,841.0,Low Value
9928,Gregory Gonzales,Gold,NY,12,9834.93,339.14,2022-01-01,2024-11-19,1053.0,Low Value
7537,Chelsey Armstrong,Bronze,WI,9,9829.57,338.95,2022-06-26,2024-12-03,891.0,Low Value
1495,Monica Clark,Gold,MI,6,9828.38,546.02,2023-01-08,2024-12-25,717.0,Low Value
6177,Willie Dunn,Bronze,GA,9,9826.91,327.56,2022-02-18,2024-05-08,810.0,Low Value
2021,Brooke Hill,Bronze,GA,6,9822.77,755.6,2022-02-12,2024-07-14,883.0,Low Value
7494,Barbara Yoder,Platinum,MO,6,9821.98,654.8,2022-09-14,2024-09-07,724.0,Low Value
5043,Todd Gardner,Silver,NJ,7,9816.03,426.78,2022-01-13,2024-12-26,1078.0,Low Value
3450,Heather Davis,Silver,MD,6,9815.64,516.61,2023-01-20,2024-04-19,455.0,Low Value
7545,Jennifer Martinez,Silver,GA,5,9810.56,490.53,2022-08-18,2024-09-15,759.0,Low Value
1285,Shelly Jordan,Gold,TX,7,9809.32,467.11,2022-01-30,2024-12-16,1051.0,Low Value
4875,John Page,Gold,WA,5,9809.13,754.55,2022-10-09,2024-11-20,773.0,Low Value
9167,Sean May,Bronze,FL,6,9809.05,392.36,2022-04-28,2024-12-21,968.0,Low Value
6255,Marilyn Davis,Silver,MD,7,9808.96,363.29,2022-03-04,2024-04-20,778.0,Low Value
156,Collin Clark,Gold,AZ,7,9805.18,653.68,2022-01-21,2024-10-13,996.0,Low Value
1319,Elizabeth Cardenas,Bronze,IN,9,9802.29,490.11,2022-11-04,2024-08-18,653.0,Low Value
6175,Brandi Collins,Gold,VA,5,9801.91,490.1,2022-01-17,2024-06-12,877.0,Low Value
7392,Nathan Butler,Gold,WA,3,9801.38,700.1,2023-06-08,2024-10-26,506.0,Low Value
3842,Troy Payne,Bronze,VA,6,9801.13,376.97,2022-02-09,2024-10-08,972.0,Low Value
9404,Patrick Roy,Silver,NY,7,9797.01,544.28,2023-01-05,2024-08-30,603.0,Low Value
2746,Heidi Brown,Silver,MA,5,9796.36,699.74,2023-03-16,2024-08-12,515.0,Low Value
5667,Brandi Clark,Silver,IL,8,9796.02,326.53,2022-01-21,2024-12-20,1064.0,Low Value
8704,Pamela Perkins,Bronze,CA,5,9793.65,652.91,2022-03-22,2024-10-14,937.0,Low Value
8846,Michael Lewis,Bronze,WI,8,9791.7,407.99,2022-06-13,2024-08-20,799.0,Low Value
3624,Elizabeth Carpenter,Bronze,CA,7,9791.18,407.97,2022-02-13,2024-06-22,860.0,Low Value
1314,Michael Williams,Silver,WI,6,9791.1,575.95,2022-02-03,2024-10-10,980.0,Low Value
3449,Timothy Pittman,Bronze,TN,8,9780.16,391.21,2022-02-07,2024-11-15,1012.0,Low Value
4874,Scott Pope,Platinum,AZ,4,9779.21,651.95,2022-08-18,2024-11-01,806.0,Low Value
467,James Mcmahon,Silver,TX,8,9778.35,362.16,2022-06-18,2024-11-21,887.0,Low Value
3780,John Williams,Silver,IL,13,9777.14,271.59,2022-03-26,2024-11-12,962.0,Low Value
2354,Justin Martin,Silver,MO,8,9776.66,376.03,2022-11-22,2024-12-17,756.0,Low Value
2938,Linda Phillips,Bronze,TX,5,9776.27,611.02,2022-01-12,2024-01-24,742.0,Low Value
5773,Martha King,Bronze,IL,7,9773.29,390.93,2022-08-18,2024-10-17,791.0,Low Value
5097,Louis Ware,Bronze,WI,7,9766.53,443.93,2022-05-18,2023-08-21,460.0,Low Value
2334,Brian Phillips,Bronze,NC,7,9763.62,542.42,2022-02-01,2024-01-17,715.0,Low Value
9850,Kelly Lee,Silver,MI,5,9760.92,488.05,2022-12-16,2024-08-08,601.0,Low Value
2086,Jonathan Schultz,Silver,MO,6,9760.88,488.04,2022-05-12,2024-03-09,667.0,Low Value
1875,Thomas Welch,Gold,IN,5,9759.9,609.99,2022-02-28,2024-09-08,923.0,Low Value
3664,Stephen Lopez,Silver,VA,10,9758.83,424.3,2022-07-01,2024-10-07,829.0,Low Value
785,Susan Bradshaw,Silver,NJ,7,9757.86,573.99,2023-03-08,2024-11-12,615.0,Low Value
528,Chelsea Rodriguez,Silver,WI,6,9757.62,443.53,2022-02-08,2024-09-09,944.0,Low Value
1121,Larry Dean,Silver,AZ,8,9752.83,348.32,2022-08-18,2024-12-18,853.0,Low Value
4561,Christie Johnson,Silver,CA,6,9750.48,513.18,2022-02-12,2024-06-15,854.0,Low Value
9452,Collin Sanders,Bronze,WI,4,9748.75,649.92,2022-01-15,2024-11-30,1050.0,Low Value
2407,Jeremy Keller,Silver,VA,10,9744.37,324.81,2022-04-01,2024-11-07,951.0,Low Value
1587,Benjamin Snyder,Silver,FL,6,9736.26,463.63,2022-10-23,2024-05-07,562.0,Low Value
2662,Jessica Fitzgerald,Bronze,VA,7,9736.14,463.63,2022-03-26,2024-11-17,967.0,Low Value
7154,Gabriel White,Bronze,NY,7,9734.28,512.33,2022-05-11,2024-05-23,743.0,Low Value
9750,Dustin Clark,Gold,MI,8,9733.24,423.18,2023-04-03,2024-11-02,579.0,Low Value
8321,Donald Meyers,Silver,MI,5,9732.77,442.4,2022-05-19,2024-12-25,951.0,Low Value
667,Kenneth Norris,Bronze,TX,7,9720.01,388.8,2022-06-08,2024-04-07,669.0,Low Value
3912,Jennifer Sullivan,Silver,NJ,6,9719.85,485.99,2022-03-28,2024-05-16,780.0,Low Value
6493,Patrick Lynch,Bronze,IN,6,9718.55,647.9,2022-07-13,2024-08-02,751.0,Low Value
540,Richard Cardenas,Bronze,VA,7,9716.09,373.7,2022-03-18,2024-05-09,783.0,Low Value
7053,Michelle Freeman,Gold,TX,7,9715.69,388.63,2022-11-08,2024-02-29,478.0,Low Value
5987,Brandon Johnson,Silver,GA,8,9714.76,404.78,2022-04-06,2024-09-21,899.0,Low Value
6335,Richard Sanchez,Silver,AZ,6,9712.4,462.5,2022-12-09,2024-12-08,730.0,Low Value
4571,Christina Rubio,Bronze,FL,6,9710.15,539.45,2022-07-06,2024-06-13,708.0,Low Value
4977,Theresa Cunningham,Gold,PA,6,9707.19,571.01,2023-04-01,2024-11-17,596.0,Low Value
6295,Brian White,Gold,WI,5,9706.37,882.4,2022-04-30,2023-10-16,534.0,Low Value
9153,Andrew Castillo,Gold,WI,4,9703.76,808.65,2022-02-26,2024-08-27,913.0,Low Value
2336,Tony Russell,Bronze,NC,5,9700.92,570.64,2022-04-14,2024-11-25,956.0,Low Value
7555,Patricia Castillo,Silver,MD,3,9696.3,1385.19,2022-01-27,2023-11-03,645.0,Low Value
4688,Justin Shaw,Bronze,GA,4,9695.58,807.97,2022-12-15,2024-07-02,565.0,Low Value
9921,John Morrison,Silver,MD,7,9695.18,421.53,2022-06-08,2024-04-18,680.0,Low Value
3966,Bryan Ramirez,Bronze,IN,8,9693.25,440.6,2022-02-14,2024-08-28,926.0,Low Value
7286,John Boyle,Silver,WA,7,9692.51,387.7,2022-04-29,2024-07-15,808.0,Low Value
335,Raymond Lewis,Silver,AZ,7,9689.71,440.44,2022-03-26,2024-12-05,985.0,Low Value
4015,Miranda Simmons,Gold,MA,6,9689.05,645.94,2022-01-23,2024-05-01,829.0,Low Value
320,Brian Baker,Bronze,IN,4,9686.49,509.82,2022-03-31,2024-06-22,814.0,Low Value
7045,Courtney Martinez,Silver,VA,8,9683.04,421.0,2022-10-13,2024-04-14,549.0,Low Value
7452,Kimberly Gillespie,Bronze,CA,7,9681.81,322.73,2022-10-22,2024-07-11,628.0,Low Value
9653,Timothy Baker,Bronze,MA,9,9681.28,333.84,2022-10-15,2024-06-05,599.0,Low Value
288,Megan Pruitt,Silver,MA,6,9676.11,537.56,2022-03-14,2024-09-24,925.0,Low Value
1372,Mark Fuentes,Gold,NC,5,9673.95,569.06,2022-02-19,2024-07-10,872.0,Low Value
6959,Jennifer Richards,Silver,NJ,5,9671.98,744.0,2022-10-22,2024-08-26,674.0,Low Value
7344,Allison Johnson,Silver,WA,6,9671.0,537.28,2022-02-20,2024-10-17,970.0,Low Value
1076,Samantha Werner,Bronze,NJ,6,9670.83,508.99,2022-07-13,2024-06-13,701.0,Low Value
3489,Lisa Juarez,Silver,AZ,4,9670.2,879.11,2022-06-05,2024-10-01,849.0,Low Value
8291,Marissa Russell,Platinum,MA,6,9669.03,644.6,2022-01-24,2024-04-08,805.0,Low Value
4782,Todd Leon,Bronze,MO,6,9663.95,644.26,2022-03-16,2024-03-14,729.0,Low Value
3151,Isaiah Klein,Gold,NY,4,9662.25,603.89,2023-05-05,2024-10-23,537.0,Low Value
1018,Katherine Kirby,Silver,TX,7,9659.21,386.37,2022-08-06,2024-10-19,805.0,Low Value
7265,Sherry Miller,Platinum,MI,5,9659.18,603.7,2022-03-21,2024-11-06,961.0,Low Value
4681,Eric Barnes,Gold,AZ,5,9659.12,743.01,2022-04-05,2024-12-04,974.0,Low Value
7029,Vincent Gilmore,Silver,TN,12,9658.67,301.83,2022-05-16,2024-10-12,880.0,Low Value
828,Kathleen Petersen,Gold,MO,4,9657.48,643.83,2023-06-13,2024-11-04,510.0,Low Value
9575,Ashley Little,Platinum,MD,6,9656.82,742.83,2022-05-10,2024-08-26,839.0,Low Value
2363,Jared Bartlett,Bronze,MD,7,9656.38,742.8,2022-08-22,2024-12-15,846.0,Low Value
219,Brenda Sheppard,Silver,NY,9,9655.4,419.8,2022-04-28,2024-11-20,937.0,Low Value
3011,Martin Hunter,Bronze,IN,4,9654.81,567.93,2022-12-04,2024-12-24,751.0,Low Value
4434,John Garcia,Bronze,NC,11,9650.69,419.6,2022-02-20,2024-12-09,1023.0,Low Value
8282,Tracey Hudson,Silver,OH,10,9650.63,332.78,2022-01-07,2024-02-13,767.0,Low Value
659,Shannon Waters,Bronze,MI,4,9646.01,602.88,2022-01-18,2023-11-16,667.0,Low Value
6988,Roberto Burch,Silver,MD,7,9644.0,401.83,2022-04-06,2024-11-25,964.0,Low Value
2884,Amy Neal,Bronze,AZ,9,9641.41,292.16,2022-01-09,2024-09-10,975.0,Low Value
5911,Tammy Garcia,Silver,WA,5,9640.95,803.41,2022-09-08,2024-11-23,807.0,Low Value
8696,Kimberly Clayton,Bronze,IN,6,9639.22,567.01,2022-05-01,2023-10-22,539.0,Low Value
2698,Melanie Thomas,Platinum,VA,6,9638.69,566.98,2022-04-16,2024-07-04,810.0,Low Value
2043,Roger Alvarado,Bronze,MO,9,9636.79,344.17,2022-01-29,2024-03-10,771.0,Low Value
4787,Julie Castillo,Silver,CA,7,9636.68,418.99,2022-03-13,2024-11-12,975.0,Low Value
7122,Barbara Figueroa,Bronze,WI,6,9636.63,481.83,2022-02-16,2024-11-18,1006.0,Low Value
6206,James Leonard,Platinum,PA,2,9636.34,1070.7,2024-01-06,2024-07-18,194.0,Low Value
9429,Debra Holmes,Bronze,FL,8,9635.51,401.48,2022-01-15,2024-09-28,987.0,Low Value
1884,Keith Flores,Gold,MI,6,9634.11,566.71,2022-06-20,2024-11-05,869.0,Low Value
9536,Ethan Johnson,Bronze,IL,5,9633.95,481.7,2022-12-08,2024-01-16,404.0,Low Value
3668,Amy Bird,Bronze,MO,8,9633.34,535.19,2022-12-14,2024-10-14,670.0,Low Value
8482,Christopher Davidson,Bronze,TN,5,9627.25,687.66,2022-06-29,2024-07-11,743.0,Low Value
7057,Ricky Jackson,Platinum,GA,4,9626.46,566.26,2022-09-23,2024-10-15,753.0,Low Value
745,Michele Stephens,Bronze,CA,7,9623.09,481.15,2022-03-29,2023-05-11,408.0,Low Value
7747,Brandon Torres,Platinum,NC,6,9621.55,534.53,2022-02-12,2024-09-23,954.0,Low Value
846,Jose Brown,Platinum,OH,4,9621.52,687.25,2022-09-14,2023-08-15,335.0,Low Value
4574,Brett Diaz,Bronze,OH,7,9620.39,437.29,2022-01-05,2024-12-10,1070.0,Low Value
4416,Darren Graves,Gold,FL,8,9620.23,400.84,2022-01-12,2024-03-23,801.0,Low Value
2297,Allison Chen,Gold,MD,6,9619.99,506.32,2022-02-17,2024-08-23,918.0,Low Value
4749,Kyle Fuller,Bronze,MI,7,9617.8,400.74,2022-07-26,2024-08-28,764.0,Low Value
835,Deborah Garcia,Bronze,CA,7,9614.44,457.83,2023-08-12,2024-06-07,300.0,Low Value
6328,Valerie Alvarado,Silver,FL,6,9613.85,436.99,2022-05-11,2024-06-14,765.0,Low Value
2628,Andrea Terry,Gold,NY,5,9612.7,505.93,2022-05-17,2024-10-14,881.0,Low Value
6926,Kevin Sutton,Silver,TN,7,9612.51,417.94,2022-05-13,2024-07-03,782.0,Low Value
3004,Linda Thompson,Bronze,TX,8,9609.36,436.79,2022-01-31,2023-07-02,517.0,Low Value
5415,Lynn Taylor,Gold,NJ,9,9608.35,369.55,2022-02-10,2024-05-06,816.0,Low Value
3691,Kimberly Ramirez,Bronze,WI,8,9606.4,417.67,2022-03-12,2024-05-26,806.0,Low Value
8961,Maria Ellis,Gold,MO,8,9606.36,355.79,2022-04-19,2024-05-18,760.0,Low Value
9879,Mario Brown,Bronze,CA,4,9603.9,533.55,2022-08-23,2023-03-16,205.0,Low Value
7724,Joseph Buchanan,Gold,VA,4,9603.47,564.91,2022-01-02,2024-03-27,815.0,Low Value
4081,John Fischer,Silver,PA,6,9601.48,436.43,2022-02-03,2024-07-01,879.0,Low Value
3024,Matthew Delacruz,Gold,OH,6,9596.83,599.8,2022-02-16,2024-10-28,985.0,Low Value
6098,Karen Lee,Silver,AZ,5,9596.66,436.21,2022-02-12,2024-05-04,812.0,Low Value
9091,Rachel Oconnor,Silver,NY,4,9596.17,872.38,2022-02-28,2024-10-02,947.0,Low Value
4354,Richard Baker,Silver,VA,8,9595.68,436.17,2022-03-06,2024-11-13,983.0,Low Value
7748,Ashley Rice,Bronze,FL,8,9595.43,533.08,2022-02-24,2024-07-26,883.0,Low Value
9734,Jonathan Ramirez,Bronze,IL,7,9594.7,383.79,2022-05-05,2024-12-14,954.0,Low Value
5430,Martin Braun,Bronze,MA,3,9593.45,532.97,2022-03-31,2023-08-07,494.0,Low Value
884,Cheryl Walker,Platinum,MD,9,9593.26,417.1,2022-06-06,2024-10-29,876.0,Low Value
2056,Joshua Bowman,Silver,IL,8,9592.84,399.7,2022-02-09,2024-09-01,935.0,Low Value
6890,Nancy Johnston,Silver,GA,4,9592.03,872.0,2022-06-04,2024-01-21,596.0,Low Value
3065,Michael Martin,Bronze,IN,7,9587.46,599.22,2022-05-04,2024-10-03,883.0,Low Value
2860,Patricia Bonilla,Bronze,MA,5,9587.01,737.46,2022-01-14,2024-08-16,945.0,Low Value
6587,Jeffrey Shaw,Silver,TX,6,9581.07,532.28,2022-01-02,2023-12-10,707.0,Low Value
4459,Ashley Mitchell,Gold,IN,5,9580.43,563.55,2022-02-09,2024-11-09,1004.0,Low Value
5644,Sarah Beltran,Gold,GA,8,9579.79,290.3,2022-04-17,2024-09-28,895.0,Low Value
7741,Brian Baker,Bronze,IN,7,9579.57,504.19,2022-02-18,2024-06-18,851.0,Low Value
680,Laurie Nichols,Bronze,OH,6,9579.38,456.16,2022-02-11,2024-08-30,931.0,Low Value
2314,Krystal Mendoza,Bronze,MA,7,9575.54,478.78,2022-09-17,2024-11-25,800.0,Low Value
1899,Christopher Brown,Silver,MD,7,9575.3,563.25,2022-01-07,2024-01-14,737.0,Low Value
8270,Alicia Murphy,Bronze,MO,5,9572.06,683.72,2022-08-01,2024-10-29,820.0,Low Value
7720,Frank Chavez,Platinum,MI,6,9570.91,341.82,2022-09-07,2024-09-20,744.0,Low Value
7871,Amanda Brown,Silver,AZ,5,9570.12,503.69,2022-04-17,2024-12-25,983.0,Low Value
6165,Angela Turner,Bronze,WI,7,9569.05,503.63,2022-01-23,2024-12-27,1069.0,Low Value
367,Richard Washington,Gold,IN,4,9566.56,683.33,2022-08-19,2024-07-19,700.0,Low Value
4742,Dennis Cordova,Platinum,TN,7,9559.03,455.19,2022-06-11,2024-07-23,773.0,Low Value
8618,Julie Glass,Gold,NY,7,9558.79,477.94,2023-01-08,2024-10-27,658.0,Low Value
9259,Isabella Rocha,Gold,MD,8,9556.96,415.52,2022-02-03,2024-12-06,1037.0,Low Value
1346,Robert Cameron,Gold,TX,9,9556.89,329.55,2022-05-04,2024-08-15,834.0,Low Value
6529,Gary Alexander,Silver,FL,10,9556.65,382.27,2022-05-26,2024-12-04,923.0,Low Value
2573,Zachary Howard,Bronze,MO,3,9553.82,734.91,2022-07-14,2023-07-08,359.0,Low Value
2454,Gregory Johnston,Silver,AZ,5,9552.8,597.05,2022-08-27,2024-03-20,571.0,Low Value
573,Eric Richards,Silver,NY,6,9552.06,561.89,2022-03-31,2023-06-23,449.0,Low Value
1095,Shane Bowman,Platinum,IL,8,9551.11,382.04,2022-11-15,2024-09-28,683.0,Low Value
4565,Jill Moran,Bronze,MO,9,9550.95,318.37,2022-01-11,2024-10-20,1013.0,Low Value
7530,Jonathan Armstrong,Bronze,MD,8,9549.1,367.27,2022-01-05,2024-12-26,1086.0,Low Value
2541,Melissa Gonzalez,Silver,TN,6,9549.03,636.6,2022-04-13,2024-07-13,822.0,Low Value
3596,Philip Logan,Bronze,MI,6,9548.27,530.46,2022-03-22,2024-11-06,960.0,Low Value
8953,Paul Flowers,Gold,CA,6,9546.62,561.57,2022-02-27,2023-12-14,655.0,Low Value
46,Barry Jones,Platinum,MD,4,9545.74,1060.64,2022-02-05,2024-09-25,963.0,Low Value
5452,David Hansen,Silver,MA,7,9545.54,502.4,2022-07-24,2024-09-12,781.0,Low Value
480,Brenda Carter,Silver,OH,8,9543.44,397.64,2022-02-26,2024-11-08,986.0,Low Value
9164,Richard Bradley,Bronze,TX,4,9539.24,1192.4,2022-10-18,2024-07-18,639.0,Low Value
4247,Sarah Roberts,Bronze,AZ,7,9537.59,397.4,2022-08-02,2023-09-27,421.0,Low Value
6737,Charles Huerta,Silver,AZ,8,9536.24,317.87,2022-03-31,2024-05-18,779.0,Low Value
5060,Craig Garcia,Silver,FL,7,9534.74,397.28,2022-02-24,2023-11-27,641.0,Low Value
7328,Sherry Sanchez,Silver,OH,5,9534.63,529.7,2022-03-15,2024-06-30,838.0,Low Value
7100,Jerry Olsen,Bronze,CA,10,9529.44,433.16,2022-01-17,2024-08-03,929.0,Low Value
2222,Alexandria Navarro,Silver,MD,8,9528.91,501.52,2022-12-12,2024-07-12,578.0,Low Value
2189,Kim Potter,Bronze,NC,13,9524.2,221.49,2022-01-13,2024-10-12,1003.0,Low Value
2709,Isabella Russell,Silver,TX,7,9521.94,529.0,2022-04-04,2024-08-16,865.0,Low Value
2212,Jacob Martin,Silver,OH,6,9517.23,559.84,2022-11-19,2024-07-22,611.0,Low Value
7938,Andrew Meyer,Platinum,IN,5,9517.0,500.89,2022-03-29,2024-02-08,681.0,Low Value
4098,Charles Robinson,Gold,TX,8,9514.32,365.94,2022-01-17,2024-10-23,1010.0,Low Value
4821,Joseph Thompson,Gold,AZ,5,9513.27,864.84,2023-05-06,2024-12-04,578.0,Low Value
3035,Lisa King,Bronze,WI,5,9511.83,951.18,2022-04-13,2024-11-17,949.0,Low Value
369,Mary Campbell,Bronze,TN,8,9511.23,452.92,2022-04-12,2024-11-11,944.0,Low Value
799,Danielle Young,Bronze,NJ,8,9510.48,500.55,2022-09-12,2024-06-06,633.0,Low Value
8154,Rebecca Smith,Silver,VA,10,9509.98,380.4,2022-02-10,2024-09-29,962.0,Low Value
1514,Savannah Byrd,Bronze,IL,7,9507.13,413.35,2022-09-29,2024-05-14,593.0,Low Value
8879,Lynn Bennett,Gold,MA,7,9501.18,475.06,2022-09-01,2024-09-16,746.0,Low Value
742,Mary Reynolds,Gold,IL,6,9496.16,678.3,2022-07-24,2023-12-30,524.0,Low Value
1421,Cheryl Huff,Gold,AZ,9,9495.79,365.22,2022-02-12,2024-08-18,918.0,Low Value
7423,Justin Bradley,Silver,FL,9,9494.61,474.73,2022-02-06,2024-07-07,882.0,Low Value
9735,Brandon Schmidt,Bronze,WA,6,9490.27,499.49,2022-04-23,2024-01-28,645.0,Low Value
9022,Martha Walsh,Bronze,PA,5,9488.8,729.91,2022-03-26,2023-12-16,630.0,Low Value
12,Scott Callahan,Gold,PA,8,9487.59,316.25,2022-05-16,2024-09-29,867.0,Low Value
1130,Sean Brown,Silver,OH,5,9487.5,677.68,2022-08-09,2024-04-18,618.0,Low Value
4181,Kristine Herrera,Gold,OH,5,9486.06,395.25,2022-08-08,2023-11-26,475.0,Low Value
2384,Jonathan Shaw,Bronze,FL,7,9484.51,431.11,2022-07-04,2024-12-15,895.0,Low Value
2506,James Thompson,Bronze,AZ,5,9483.42,677.39,2022-06-30,2024-08-19,781.0,Low Value
2260,Andrea Lee,Bronze,NY,6,9482.11,499.06,2022-04-18,2024-12-28,985.0,Low Value
3297,Joe Hernandez,Bronze,VA,8,9481.66,499.03,2022-10-25,2024-08-24,669.0,Low Value
7197,Thomas Stewart,Gold,TX,8,9477.11,430.78,2022-02-14,2024-06-26,863.0,Low Value
6785,Hector Bailey,Gold,AZ,6,9476.46,526.47,2023-02-01,2024-10-19,626.0,Low Value
2943,Rhonda Moore,Silver,MO,6,9475.93,498.73,2022-01-13,2024-09-20,981.0,Low Value
8319,Maria Perez,Silver,VA,7,9475.5,526.42,2022-04-09,2024-06-16,799.0,Low Value
3415,Randall Robinson,Bronze,OH,8,9472.98,378.92,2022-10-17,2024-11-25,770.0,Low Value
5201,Brandon Ferguson,Bronze,TN,7,9472.59,451.08,2022-04-24,2024-12-25,976.0,Low Value
4516,Thomas Clark,Gold,GA,8,9469.93,286.97,2022-03-09,2024-01-04,666.0,Low Value
1157,Crystal Turner,Gold,CA,9,9468.54,378.74,2022-11-27,2024-09-10,653.0,Low Value
9791,Debra Davis,Silver,TX,8,9468.07,394.5,2022-03-17,2024-11-16,975.0,Low Value
1551,Lori Eaton,Gold,WA,3,9467.2,788.93,2022-10-04,2024-04-11,555.0,Low Value
8713,Susan Barker,Bronze,TN,8,9464.4,450.69,2022-03-24,2024-10-26,947.0,Low Value
5241,Tina Fernandez,Gold,NY,8,9464.39,305.3,2022-01-10,2024-09-19,983.0,Low Value
2613,Nancy Sanders,Silver,TX,8,9463.99,498.1,2022-03-31,2024-06-13,805.0,Low Value
7196,Karl Peterson,Silver,IL,9,9459.87,378.39,2022-03-23,2023-10-31,587.0,Low Value
6000,Kelli Jackson,Bronze,TX,6,9459.84,630.66,2022-02-25,2024-07-08,864.0,Low Value
2508,Alexis Salazar,Bronze,MA,5,9448.65,524.92,2022-12-20,2024-05-17,514.0,Low Value
4452,Sabrina Whitaker,Platinum,MI,6,9443.75,674.55,2022-05-04,2024-12-03,944.0,Low Value
4169,Molly Anderson,Gold,PA,5,9443.38,472.17,2022-10-12,2023-10-11,364.0,Low Value
8353,Clinton Smith,Bronze,TX,5,9442.0,590.13,2022-10-22,2024-06-03,590.0,Low Value
2782,Sara Watts,Bronze,MO,2,9441.27,786.77,2022-03-03,2024-10-28,970.0,Low Value
5591,Sandy Harris,Gold,MI,6,9437.9,471.89,2022-01-18,2024-11-04,1021.0,Low Value
3682,Austin Bowman,Bronze,NY,6,9437.8,524.32,2022-02-10,2024-07-29,900.0,Low Value
5383,Peter Vasquez,Silver,AZ,4,9436.13,786.34,2022-02-21,2024-02-25,734.0,Low Value
4363,Maria Mills,Silver,IN,6,9434.87,589.68,2022-12-24,2024-11-30,707.0,Low Value
5789,Michael Newman,Silver,IN,7,9432.56,349.35,2022-01-26,2024-06-12,868.0,Low Value
484,Jennifer Perez,Bronze,MD,6,9432.52,524.03,2022-02-10,2024-07-17,888.0,Low Value
4495,Kevin Meyer,Silver,IN,7,9431.23,471.56,2022-02-19,2024-04-27,798.0,Low Value
704,David Moyer,Gold,AZ,7,9428.39,325.12,2022-03-23,2024-12-21,1004.0,Low Value
2721,Logan Anderson,Platinum,NJ,4,9426.76,1047.42,2022-03-09,2024-01-21,683.0,Low Value
9494,Lisa Wright,Silver,IN,5,9425.09,673.22,2022-02-20,2023-06-13,478.0,Low Value
3111,Brianna Kline,Bronze,TN,6,9424.1,523.56,2022-05-29,2024-10-10,865.0,Low Value
2911,Eric Miller,Bronze,TX,8,9424.0,428.36,2022-01-03,2024-06-14,893.0,Low Value
3189,Angela Williams,Silver,MD,8,9423.75,523.54,2022-10-18,2024-12-30,804.0,Low Value
1903,Michael Vargas,Gold,AZ,5,9423.2,471.16,2022-08-29,2024-11-20,814.0,Low Value
599,James Wise,Silver,TX,4,9422.85,724.83,2022-08-14,2024-06-26,682.0,Low Value
2119,Tyler Brown,Bronze,MD,9,9422.84,303.96,2022-09-15,2024-10-30,776.0,Low Value
6696,Connie Walker,Bronze,VA,7,9420.77,448.61,2022-08-30,2024-11-29,822.0,Low Value
8474,Lisa Davis,Bronze,TX,3,9418.51,1046.5,2023-01-19,2024-11-10,661.0,Low Value
2722,Ronald Sullivan,Bronze,NC,7,9417.61,409.46,2022-06-12,2024-07-09,758.0,Low Value
51,Parker Little,Gold,MD,8,9415.55,313.85,2022-01-15,2024-12-18,1068.0,Low Value
6500,Vincent Pruitt,Platinum,TN,7,9412.71,409.25,2023-02-15,2024-12-24,678.0,Low Value
8226,James Ross,Bronze,TN,7,9412.08,362.0,2022-09-01,2024-05-15,622.0,Low Value
5163,Daniel Ellis,Bronze,MA,7,9409.97,427.73,2022-05-09,2023-09-19,498.0,Low Value
4054,Rachel Roberson,Silver,MA,10,9406.93,268.77,2022-09-17,2024-12-01,806.0,Low Value
6033,Desiree Herrera,Bronze,IL,8,9406.69,303.44,2022-05-12,2024-09-02,844.0,Low Value
8041,Carmen Hayes,Platinum,WA,7,9403.33,470.17,2022-06-25,2024-11-29,888.0,Low Value
7717,Matthew Brown,Gold,MO,7,9402.4,470.12,2022-01-01,2024-11-21,1055.0,Low Value
1213,Rachel Hinton,Gold,OH,9,9401.81,361.61,2022-06-03,2024-06-20,748.0,Low Value
6225,Diana Nelson,Platinum,MD,7,9400.09,552.95,2022-02-16,2024-11-20,1008.0,Low Value
6867,Danielle Booth,Gold,NY,6,9399.28,469.96,2022-11-01,2024-06-10,587.0,Low Value
2187,Timothy Roberts,Bronze,AZ,7,9396.92,427.13,2022-01-13,2023-12-14,700.0,Low Value
2207,George Allen,Gold,CA,6,9396.25,522.01,2023-03-23,2024-06-20,455.0,Low Value
9426,Michelle Norman,Bronze,WA,7,9396.01,469.8,2022-04-09,2024-08-25,869.0,Low Value
2563,Philip Figueroa,Gold,VA,7,9394.95,427.04,2022-05-25,2024-09-21,850.0,Low Value
5610,Connor Barton,Gold,GA,6,9393.13,521.84,2022-10-29,2024-12-21,784.0,Low Value
5003,Alexander Noble,Platinum,TN,6,9390.85,670.77,2022-01-08,2024-09-28,994.0,Low Value
3179,Benjamin Bates,Silver,MD,7,9389.82,469.49,2022-04-28,2024-05-20,753.0,Low Value
9863,Emily Phillips,Gold,OH,6,9389.33,447.11,2022-04-22,2024-08-18,849.0,Low Value
9006,Eric Frazier,Silver,TN,7,9388.98,426.77,2022-04-07,2024-06-25,810.0,Low Value
6624,Leah Patterson,Bronze,IN,7,9387.6,521.53,2022-07-12,2024-02-29,597.0,Low Value
9352,Lauren Hernandez,Platinum,VA,9,9382.92,302.67,2022-05-30,2024-09-01,825.0,Low Value
8939,Kristen Garcia,Silver,WI,9,9382.56,335.09,2022-01-19,2024-10-22,1007.0,Low Value
9650,Timothy Watts,Silver,TX,4,9382.42,670.17,2022-06-29,2024-10-06,830.0,Low Value
7762,Jessica Oliver,Gold,GA,10,9379.06,312.64,2022-05-13,2024-06-07,756.0,Low Value
2393,Meagan Moyer,Silver,GA,5,9378.53,669.9,2022-05-18,2024-06-28,772.0,Low Value
2194,Gabrielle Berry,Bronze,MO,7,9377.14,426.23,2022-03-15,2024-03-03,719.0,Low Value
9918,Gary Frazier,Gold,IL,8,9365.36,445.97,2022-01-04,2023-11-11,676.0,Low Value
1502,Mary Grimes,Bronze,NC,7,9362.64,445.84,2022-09-15,2024-12-31,838.0,Low Value
4024,Mitchell Walsh,Platinum,PA,5,9361.79,585.11,2023-11-13,2024-12-05,388.0,Low Value
8623,Crystal Henry,Platinum,MI,5,9361.56,492.71,2022-02-03,2023-06-14,496.0,Low Value
4359,Brad Grimes,Silver,MD,6,9360.39,492.65,2022-07-12,2024-10-23,834.0,Low Value
9684,Charles Mason,Platinum,WI,6,9360.11,850.92,2022-01-21,2024-09-23,976.0,Low Value
7692,Sarah Riley,Bronze,NC,5,9359.96,520.0,2022-06-26,2024-10-05,832.0,Low Value
2914,Jennifer Garcia,Platinum,WI,7,9357.28,467.86,2022-06-20,2024-12-22,916.0,Low Value
2572,Michael Cohen,Bronze,IN,7,9356.28,425.29,2022-02-06,2024-12-30,1058.0,Low Value
5285,Denise Davis,Bronze,MI,8,9354.94,425.22,2022-07-04,2024-08-31,789.0,Low Value
8278,Michael Scott,Bronze,TN,5,9353.87,492.31,2022-03-03,2024-11-24,997.0,Low Value
627,Tyler Munoz,Silver,TX,6,9350.31,467.52,2022-06-02,2024-10-15,866.0,Low Value
6417,Christopher Bullock,Bronze,OH,10,9349.54,333.91,2022-06-08,2024-07-01,754.0,Low Value
9221,Christopher Brooks,Silver,MI,9,9349.42,406.5,2022-10-13,2024-11-20,769.0,Low Value
6024,Brett Rangel,Gold,TN,8,9348.83,467.44,2022-03-26,2024-10-30,949.0,Low Value
3793,Alan Chambers,Gold,IN,7,9348.66,322.37,2022-07-20,2024-09-07,780.0,Low Value
4929,Richard Castillo,Bronze,FL,8,9345.49,467.27,2022-02-15,2024-12-11,1030.0,Low Value
4556,Alexander Lee,Bronze,OH,7,9344.4,406.28,2022-02-01,2024-02-03,732.0,Low Value
8831,Rebecca Newton,Bronze,TN,5,9337.54,389.06,2022-09-04,2023-12-17,469.0,Low Value
6463,Jonathan Huerta,Bronze,OH,6,9337.0,466.85,2022-03-09,2024-08-23,898.0,Low Value
5133,Jacob Meyer,Bronze,TX,5,9335.86,666.85,2022-02-22,2024-10-11,962.0,Low Value
2918,Anthony Jordan,Bronze,AZ,8,9331.04,466.55,2022-06-20,2024-11-24,888.0,Low Value
4979,Renee Burns,Gold,NJ,8,9330.44,373.22,2022-04-14,2024-11-28,959.0,Low Value
5659,Alison Hall,Silver,AZ,3,9330.28,1166.29,2022-03-05,2024-12-13,1014.0,Low Value
1494,Alan Riddle,Silver,IL,5,9328.89,548.76,2022-05-06,2024-11-28,937.0,Low Value
4572,James Braun,Bronze,FL,10,9327.67,310.92,2022-02-28,2024-06-05,828.0,Low Value
240,Malik Wheeler,Silver,OH,8,9324.06,423.82,2022-06-15,2024-12-07,906.0,Low Value
5884,Michael Lloyd,Bronze,MI,7,9323.92,444.0,2022-01-17,2024-08-01,927.0,Low Value
6086,Ronnie Miller,Silver,NY,5,9323.55,665.97,2022-12-15,2024-11-20,706.0,Low Value
8129,Jack Greer,Platinum,PA,3,9320.97,776.75,2022-02-28,2024-11-20,996.0,Low Value
5706,Jennifer Hernandez,Bronze,OH,11,9320.9,372.84,2022-03-09,2024-11-29,996.0,Low Value
7277,Timothy Hawkins,Silver,NJ,6,9318.87,423.58,2022-05-16,2024-12-13,942.0,Low Value
139,Michele Jackson,Silver,MO,4,9318.46,517.69,2022-04-12,2024-10-11,913.0,Low Value
2877,Cameron Gutierrez,Bronze,PA,6,9317.86,490.41,2022-01-07,2024-07-15,920.0,Low Value
1051,Zachary Gross,Bronze,NY,10,9317.79,291.18,2022-07-12,2024-10-11,822.0,Low Value
1941,Michele Ramirez,Gold,NJ,7,9316.94,388.21,2022-09-03,2023-09-28,390.0,Low Value
5964,William Hutchinson,Silver,MD,6,9315.3,405.01,2022-08-30,2024-08-18,719.0,Low Value
1014,Alexandra Scott,Silver,MO,6,9313.62,547.86,2022-04-23,2024-07-27,826.0,Low Value
7656,Samantha Santana,Bronze,CA,9,9312.89,388.04,2023-01-28,2024-10-17,628.0,Low Value
6095,Jeffrey Greene,Bronze,TN,6,9310.44,620.7,2022-03-20,2024-05-21,793.0,Low Value
162,Richard Deleon,Silver,OH,5,9308.94,664.92,2022-03-09,2024-11-19,986.0,Low Value
8261,Savannah Williams,Gold,IL,8,9308.7,443.27,2022-04-07,2024-04-03,727.0,Low Value
7874,Andre Ortiz,Silver,AZ,4,9308.34,716.03,2023-02-19,2024-05-20,456.0,Low Value
617,Erik Jackson,Bronze,TX,8,9306.46,387.77,2022-03-01,2024-11-11,986.0,Low Value
6291,Tracy Phillips,Bronze,IL,5,9305.44,664.67,2022-10-18,2024-07-09,630.0,Low Value
1078,Gavin Crawford,Bronze,NY,8,9305.22,357.89,2022-02-04,2024-11-10,1010.0,Low Value
2564,Paul Gardner,Gold,CA,6,9304.49,489.71,2022-01-18,2024-05-05,838.0,Low Value
9692,Pamela Mcneil,Platinum,MA,5,9304.36,422.93,2022-04-15,2024-09-13,882.0,Low Value
481,Anna Cruz,Silver,TN,7,9304.24,489.7,2022-08-19,2024-09-05,748.0,Low Value
4265,Stephanie Mitchell,Platinum,NY,7,9304.05,489.69,2022-02-28,2024-01-13,684.0,Low Value
530,Nicole Simon,Silver,VA,7,9303.58,465.18,2022-03-01,2024-12-28,1033.0,Low Value
2100,Sharon Ramirez,Silver,GA,5,9301.88,775.16,2023-01-03,2024-12-22,719.0,Low Value
391,Antonio Barker,Silver,FL,6,9300.93,465.05,2022-02-27,2024-10-03,949.0,Low Value
5548,Dana Burnett,Platinum,NJ,8,9300.9,320.72,2022-02-27,2024-11-17,994.0,Low Value
1681,Megan Cantrell,Bronze,NC,9,9300.54,581.28,2022-08-06,2024-12-13,860.0,Low Value
4857,Christopher Mason,Gold,WA,5,9296.8,664.06,2022-08-19,2023-11-27,465.0,Low Value
5419,Chad Miller,Bronze,NY,10,9295.97,357.54,2022-02-14,2024-07-02,869.0,Low Value
1007,Julie Rice,Bronze,MO,10,9294.4,344.24,2022-01-30,2024-11-21,1026.0,Low Value
142,Jennifer Davis,Bronze,WA,7,9290.83,580.68,2022-04-27,2024-12-26,974.0,Low Value
2197,Daniel Doyle,Bronze,AZ,7,9290.19,422.28,2022-02-16,2024-12-01,1019.0,Low Value
7625,Veronica Garrett,Bronze,OH,9,9288.39,331.73,2022-03-31,2024-12-12,987.0,Low Value
6881,Tracy Berry,Silver,PA,7,9286.94,464.35,2022-01-31,2024-09-12,955.0,Low Value
9008,Elizabeth Santiago,Bronze,IN,7,9286.31,464.32,2023-03-07,2024-09-27,570.0,Low Value
759,Jessica Morrow,Bronze,NC,9,9284.27,357.09,2022-06-03,2024-12-03,914.0,Low Value
6857,Joseph Jenkins,Silver,CA,7,9279.85,386.66,2022-03-08,2024-08-09,885.0,Low Value
5453,Jason Collins,Bronze,NC,6,9277.33,545.73,2022-12-28,2024-10-21,663.0,Low Value
1573,Michelle Watson,Silver,FL,5,9276.76,488.25,2022-05-20,2024-08-18,821.0,Low Value
7943,Gail Figueroa,Bronze,IN,7,9276.64,356.79,2022-04-06,2024-11-27,966.0,Low Value
4195,Ellen Parker,Bronze,WA,4,9276.35,662.6,2023-07-28,2024-11-11,472.0,Low Value
7634,Amy Townsend,Platinum,IN,6,9275.92,488.21,2022-01-22,2024-01-08,716.0,Low Value
3425,Robert Edwards,Bronze,WI,5,9273.3,515.18,2022-09-11,2023-08-26,349.0,Low Value
1835,Lorraine Graham,Silver,MD,12,9271.47,264.9,2022-09-22,2024-11-08,778.0,Low Value
2571,Danny Daniels,Bronze,MO,12,9270.68,280.93,2022-03-16,2024-09-30,929.0,Low Value
6644,Ashley Rojas,Gold,MI,6,9269.49,463.47,2022-05-07,2024-10-14,891.0,Low Value
1127,Alexander Tucker,Bronze,VA,6,9268.92,421.31,2023-05-09,2024-09-16,496.0,Low Value
321,Jimmy Collins,Bronze,TX,8,9266.79,487.73,2022-02-15,2024-10-19,977.0,Low Value
9300,Lisa Le,Silver,MA,7,9266.31,289.57,2022-08-11,2024-04-28,626.0,Low Value
3325,Anthony Burns,Silver,NY,7,9264.18,487.59,2022-02-12,2023-10-20,615.0,Low Value
6199,Robert Calhoun,Bronze,NJ,9,9262.96,463.15,2022-02-05,2024-05-29,844.0,Low Value
4905,Wayne White,Bronze,NY,8,9262.69,370.51,2022-02-23,2024-12-05,1016.0,Low Value
3733,Michael Evans,Platinum,OH,4,9262.1,617.47,2022-08-04,2024-06-23,689.0,Low Value
5869,Joshua Smith,Silver,MA,6,9262.1,441.05,2022-02-03,2023-11-14,649.0,Low Value
5831,Robin Trujillo,Bronze,PA,9,9258.4,330.66,2022-06-05,2024-10-03,851.0,Low Value
8837,Michelle Jones,Silver,VA,7,9254.32,342.75,2022-02-02,2024-05-30,848.0,Low Value
6820,Jonathan Washington,Bronze,FL,8,9249.04,420.41,2022-02-08,2024-10-06,971.0,Low Value
4755,Lindsey Fuller,Bronze,MO,4,9245.88,543.88,2022-04-09,2024-11-22,958.0,Low Value
2092,Joseph Jordan,Platinum,MI,6,9243.96,513.55,2022-06-28,2024-07-12,745.0,Low Value
5087,Roger Medina,Silver,MO,5,9243.31,513.52,2022-07-18,2024-06-28,711.0,Low Value
6093,Dennis Lee,Gold,MI,9,9241.24,355.43,2022-01-03,2024-07-28,937.0,Low Value
1317,Rachael Olson,Silver,WA,8,9238.03,419.91,2022-01-25,2024-12-18,1058.0,Low Value
4637,Brian Caldwell,Bronze,PA,6,9236.15,577.26,2022-04-27,2023-11-21,573.0,Low Value
3801,Joseph Guzman,Silver,FL,8,9233.72,318.4,2022-03-18,2024-12-01,989.0,Low Value
3741,Emily Quinn,Platinum,WI,8,9233.7,355.14,2022-04-24,2024-04-11,718.0,Low Value
3079,Kevin Lawrence,Silver,VA,6,9233.39,543.14,2022-01-16,2024-11-30,1049.0,Low Value
9441,Kenneth Webster,Gold,NJ,8,9232.55,384.69,2022-05-26,2024-09-04,832.0,Low Value
7532,Jennifer Patterson,Silver,WI,5,9232.53,659.47,2022-04-13,2024-05-10,758.0,Low Value
9793,Elizabeth Russell,Bronze,VA,6,9231.87,485.89,2023-05-12,2024-05-17,371.0,Low Value
8531,Denise Nunez,Gold,NC,6,9227.23,576.7,2022-01-03,2024-09-18,989.0,Low Value
9484,Brittany Bowen,Gold,IL,11,9227.19,288.35,2022-03-23,2024-12-03,986.0,Low Value
2524,Danielle Morris,Bronze,MI,7,9225.22,615.01,2022-05-15,2024-04-20,706.0,Low Value
6942,Felicia Perez,Bronze,NJ,8,9221.85,354.69,2022-01-09,2024-12-03,1059.0,Low Value
920,Jaime Dominguez,Platinum,GA,6,9216.06,400.7,2022-07-15,2024-05-06,661.0,Low Value
4074,Charlene Mccormick,Silver,IN,5,9215.29,575.96,2022-01-16,2024-07-23,919.0,Low Value
2280,Robert Day,Bronze,NY,9,9214.2,354.39,2022-01-21,2024-08-08,930.0,Low Value
5677,Theresa Reynolds,Silver,CA,8,9212.3,418.74,2022-02-10,2024-05-16,826.0,Low Value
2629,Marissa Wallace,Bronze,MI,5,9210.9,484.78,2023-04-21,2024-09-18,516.0,Low Value
6944,Alyssa Chambers,Bronze,GA,10,9210.35,484.76,2022-07-08,2024-07-27,750.0,Low Value
1843,Matthew Haynes,Silver,MD,7,9208.44,438.5,2022-08-14,2024-09-09,757.0,Low Value
8461,Tiffany Howell,Silver,NC,6,9205.49,541.5,2022-07-30,2024-12-23,877.0,Low Value
4701,Edwin Lewis,Platinum,MI,7,9205.33,438.35,2022-10-24,2024-06-24,609.0,Low Value
4818,Michael Morales,Bronze,AZ,7,9203.14,400.14,2023-02-03,2024-02-12,374.0,Low Value
1801,Megan Snyder,Bronze,WI,8,9202.62,418.3,2022-01-08,2024-02-13,766.0,Low Value
9358,Emily Marshall,Gold,WI,3,9200.99,766.75,2023-04-17,2024-02-20,309.0,Low Value
9040,Monica Gray,Platinum,NC,8,9196.25,383.18,2022-01-29,2023-11-18,658.0,Low Value
9685,Jimmy Meyer,Platinum,MO,7,9196.08,484.0,2022-06-10,2024-09-13,826.0,Low Value
9031,Charles Cruz,Bronze,MD,6,9195.4,459.77,2022-02-06,2024-09-18,955.0,Low Value
1246,Jessica Keith,Bronze,GA,7,9188.74,399.51,2022-08-31,2024-07-24,693.0,Low Value
2429,Tracy Mora,Platinum,MA,6,9187.32,483.54,2022-10-04,2024-11-10,768.0,Low Value
9181,Patricia Rosales,Silver,NJ,5,9184.11,765.34,2022-03-28,2024-03-18,721.0,Low Value
9644,Craig Vega,Silver,IL,6,9180.54,459.03,2023-01-14,2023-10-02,261.0,Low Value
126,Kimberly Cunningham,Gold,MO,9,9178.94,437.09,2022-01-31,2024-11-26,1030.0,Low Value
9548,Joshua Nelson,Silver,MI,7,9176.87,417.13,2022-09-25,2024-12-14,811.0,Low Value
6543,Donald Long,Bronze,PA,6,9172.59,458.63,2022-05-04,2024-04-21,718.0,Low Value
3224,Catherine Sloan,Silver,NC,6,9170.57,611.37,2022-12-02,2024-07-29,605.0,Low Value
6658,Erik Hanson,Silver,IN,8,9169.34,458.47,2022-04-28,2024-11-12,929.0,Low Value
7558,Michael Peterson,Gold,WI,7,9164.35,295.62,2022-05-15,2024-09-26,865.0,Low Value
4346,Rachel Gilbert,Bronze,MO,8,9160.73,398.29,2022-01-20,2024-03-23,793.0,Low Value
6842,Chase Torres,Bronze,WI,7,9158.26,352.24,2022-04-10,2024-12-21,986.0,Low Value
9241,Kelli Castro,Platinum,CA,6,9157.43,538.67,2022-04-10,2024-11-01,936.0,Low Value
1602,Rita Whitaker,Platinum,WA,9,9155.78,416.17,2022-05-29,2024-08-27,821.0,Low Value
6924,Joseph Simon,Platinum,MO,8,9153.54,366.14,2022-03-18,2024-08-28,894.0,Low Value
4274,Cynthia Scott,Silver,MD,4,9152.33,366.09,2022-09-15,2023-10-27,407.0,Low Value
6937,Jamie Odonnell,Bronze,WI,8,9151.45,397.89,2022-04-09,2024-04-04,726.0,Low Value
7988,Tara Gonzalez,Silver,VA,6,9149.59,831.78,2023-03-24,2024-10-08,564.0,Low Value
8848,Robert Gomez,Gold,TX,8,9148.39,338.83,2022-03-14,2024-12-17,1009.0,Low Value
5149,Kristina Mason,Silver,IL,10,9148.32,269.07,2022-01-08,2024-09-24,990.0,Low Value
4812,Brian Morrison,Silver,IL,9,9142.79,315.27,2022-03-20,2024-08-10,874.0,Low Value
4099,Benjamin Deleon,Bronze,NJ,3,9142.48,914.25,2023-02-27,2024-05-13,441.0,Low Value
4343,Steven Perry,Gold,WI,3,9142.02,703.23,2023-02-03,2024-12-02,668.0,Low Value
1598,Derrick Berger,Bronze,MA,8,9140.26,571.27,2022-09-18,2024-09-30,743.0,Low Value
9093,Justin Khan,Silver,NJ,8,9138.71,380.78,2022-12-20,2024-07-08,566.0,Low Value
7253,Alexander Schmidt,Silver,TN,7,9136.51,456.83,2022-01-16,2024-06-29,895.0,Low Value
7611,Matthew Payne,Bronze,OH,7,9133.19,480.69,2022-01-14,2024-04-22,829.0,Low Value
7097,Edward Simmons,Bronze,MI,8,9131.58,415.07,2022-01-10,2024-12-21,1076.0,Low Value
2038,William Robinson,Gold,IL,6,9131.52,456.58,2022-07-13,2024-11-22,863.0,Low Value
8575,Yvonne Mooney,Silver,NC,7,9131.44,434.83,2022-03-14,2024-03-14,731.0,Low Value
8596,Valerie Moody,Silver,NY,8,9129.53,314.81,2022-02-25,2024-06-10,836.0,Low Value
8903,Patrick Hall,Bronze,GA,3,9128.94,912.89,2023-03-17,2024-07-20,491.0,Low Value
4014,Edward Bishop,Bronze,OH,8,9127.85,434.66,2022-09-03,2024-12-19,838.0,Low Value
9021,Jose Robinson,Gold,TN,6,9125.32,536.78,2022-05-24,2023-09-20,484.0,Low Value
79,Anthony Lopez,Silver,NJ,8,9118.1,414.46,2022-03-11,2024-12-05,1000.0,Low Value
5985,John Rojas,Gold,MA,5,9109.83,535.87,2022-05-01,2023-04-02,336.0,Low Value
257,Juan Tyler,Bronze,AZ,6,9109.03,414.05,2022-10-06,2024-12-13,799.0,Low Value
112,Kevin Elliott,Silver,NJ,7,9105.68,505.87,2022-11-05,2024-12-27,783.0,Low Value
6859,Glenn Brown,Bronze,AZ,7,9101.03,455.05,2022-03-02,2024-10-05,948.0,Low Value
7487,Leah Brown,Platinum,MD,7,9098.99,433.29,2022-01-08,2024-09-25,991.0,Low Value
7548,Keith Obrien,Silver,GA,9,9093.26,433.01,2022-01-06,2024-11-16,1045.0,Low Value
5471,Andrew Kane,Bronze,PA,6,9091.01,413.23,2022-07-15,2024-12-09,878.0,Low Value
8217,Brittany Roberson,Bronze,VA,6,9090.69,478.46,2022-01-07,2024-09-27,994.0,Low Value
2330,Melinda Miller,Silver,PA,8,9087.3,504.85,2022-06-24,2023-02-17,238.0,Low Value
1534,Christopher Martinez,Platinum,GA,4,9087.14,699.01,2023-04-22,2024-12-06,594.0,Low Value
2634,William Lutz,Bronze,OH,5,9084.51,534.38,2022-09-01,2024-05-11,618.0,Low Value
2288,Brittany Robbins,Platinum,VA,5,9083.78,504.65,2022-03-17,2022-09-03,170.0,Low Value
8741,Walter Hines,Bronze,NJ,11,9080.81,259.45,2022-05-06,2024-11-30,939.0,Low Value
5021,Rebecca Hardin,Bronze,TN,4,9069.07,453.45,2022-06-24,2024-12-14,904.0,Low Value
5244,Brenda Jones,Gold,MI,8,9069.06,533.47,2022-01-17,2024-06-15,880.0,Low Value
7690,Raymond Hooper,Gold,TX,7,9064.6,604.31,2022-04-01,2024-12-23,997.0,Low Value
1645,Brandi Rogers,Gold,VA,5,9062.6,604.17,2022-01-18,2023-10-12,632.0,Low Value
8802,Susan Sanchez,Bronze,WI,6,9061.94,476.94,2022-04-20,2024-05-14,755.0,Low Value
9739,Theresa Brooks,Silver,MO,7,9061.07,431.48,2023-01-25,2024-12-13,688.0,Low Value
203,Wesley Wilson,Bronze,IL,2,9058.29,754.86,2023-02-19,2024-03-27,402.0,Low Value
8031,Lauren Green,Bronze,IN,7,9056.82,532.75,2022-03-08,2024-02-28,722.0,Low Value
5573,Mark Adkins,Bronze,NY,9,9055.27,431.2,2022-04-17,2024-11-23,951.0,Low Value
3261,Craig Davis,Bronze,PA,5,9053.04,532.53,2022-02-25,2024-08-15,902.0,Low Value
5408,Todd Clark,Bronze,PA,6,9050.52,430.98,2022-10-23,2024-10-30,738.0,Low Value
5409,Joy Flores,Gold,IL,5,9047.57,603.17,2023-02-22,2024-10-25,611.0,Low Value
7683,Jonathan Boyle,Silver,CA,5,9047.02,753.92,2022-07-04,2024-11-15,865.0,Low Value
3181,April Thompson,Bronze,NC,7,9046.12,347.93,2022-04-16,2024-11-16,945.0,Low Value
3394,Ray Campbell,Bronze,IN,6,9042.52,475.92,2022-06-29,2023-10-04,462.0,Low Value
3152,Marc Wells,Silver,IN,6,9039.51,430.45,2022-03-07,2024-05-14,799.0,Low Value
7297,Nancy Tucker,Gold,OH,4,9038.93,695.3,2023-06-05,2024-11-08,522.0,Low Value
2419,Tracy Rogers,Gold,OH,5,9035.53,392.85,2022-10-07,2023-09-19,347.0,Low Value
5045,Andrea Khan,Bronze,PA,6,9031.79,376.32,2023-02-21,2024-09-08,565.0,Low Value
264,Philip Bush,Platinum,VA,5,9028.99,601.93,2022-04-23,2024-06-09,778.0,Low Value
9316,Gina Reyes,Silver,TX,3,9023.09,751.92,2022-06-16,2024-08-19,795.0,Low Value
485,Brandy Wilson,Bronze,MA,4,9019.85,601.32,2022-05-26,2024-09-21,849.0,Low Value
1729,John Esparza,Silver,GA,9,9018.99,429.48,2022-03-16,2024-09-21,920.0,Low Value
5800,Valerie Bell,Silver,NY,8,9018.4,474.65,2022-04-26,2024-04-29,734.0,Low Value
7043,Karen Gill,Bronze,WA,6,9014.06,474.42,2022-12-06,2023-10-24,322.0,Low Value
7725,Alicia Turner,Platinum,MD,5,9013.02,600.87,2022-02-04,2024-10-23,992.0,Low Value
3794,Charles Hernandez,Bronze,TN,8,9011.55,474.29,2022-11-20,2024-04-23,520.0,Low Value
755,Angela Mason,Gold,MO,7,9009.5,429.02,2022-06-18,2024-06-30,743.0,Low Value
6507,Ashley Campbell,Gold,MA,7,9009.06,500.5,2022-01-03,2023-11-14,680.0,Low Value
8516,Sarah Jarvis,Silver,NJ,7,9006.18,300.21,2022-01-05,2024-06-26,903.0,Low Value
5330,Kathryn Miller,Gold,NC,9,9004.7,428.8,2022-01-02,2024-12-18,1081.0,Low Value
1073,Adam Jones,Platinum,TN,5,9002.16,750.18,2022-02-07,2024-12-17,1044.0,Low Value
539,Angela Wright,Bronze,NY,4,9001.8,750.15,2022-06-21,2023-12-18,545.0,Low Value
1584,John Giles,Gold,OH,8,9001.59,333.39,2022-11-03,2024-09-27,694.0,Low Value
8804,Daniel Whitney,Bronze,WA,6,9001.54,600.1,2022-04-04,2024-11-07,948.0,Low Value
4609,Rebecca Dean,Bronze,WI,8,9000.39,333.35,2022-10-08,2024-05-06,576.0,Low Value
6081,Melissa Frye,Gold,OH,6,8999.7,473.67,2022-08-17,2024-10-14,789.0,Low Value
2309,Andrea Lynch,Bronze,IL,7,8995.55,374.81,2022-01-05,2024-11-18,1048.0,Low Value
8068,Barbara Salazar,Silver,VA,3,8994.59,817.69,2023-11-20,2024-02-23,95.0,Low Value
9723,David Henson,Gold,TX,8,8994.53,321.23,2022-03-11,2023-09-24,562.0,Low Value
3809,Zachary Neal,Platinum,AZ,8,8993.38,345.9,2022-04-06,2024-10-21,929.0,Low Value
3657,Jeremiah Park,Silver,OH,5,8991.04,499.5,2022-12-21,2024-02-10,416.0,Low Value
1092,Meredith Andrews,Gold,NY,12,8989.83,359.59,2022-02-04,2024-11-10,1010.0,Low Value
5221,Kevin Evans,Gold,IN,5,8985.51,691.19,2022-01-07,2024-03-13,796.0,Low Value
3178,Dennis Lewis,Platinum,OH,8,8985.37,309.84,2022-03-26,2024-06-30,827.0,Low Value
3943,Sherri Hanson,Bronze,MO,7,8984.86,390.65,2022-01-17,2024-10-07,994.0,Low Value
6240,Emily Campbell,Bronze,WI,7,8983.4,449.17,2023-05-16,2024-03-31,320.0,Low Value
3,Michael Cooper,Bronze,MI,4,8979.88,690.76,2024-06-13,2024-09-03,82.0,Low Value
7034,Jason Green,Silver,CA,6,8979.77,448.99,2022-03-07,2024-03-02,726.0,Low Value
7976,Corey Hernandez,Silver,NJ,6,8972.71,640.91,2022-04-25,2024-07-30,827.0,Low Value
1424,Mark Martin,Bronze,NJ,6,8971.7,498.43,2022-02-04,2023-10-11,614.0,Low Value
6276,Cindy Fowler,Silver,MO,5,8968.72,472.04,2022-06-22,2024-09-26,827.0,Low Value
9501,Christopher Herrera,Bronze,NC,4,8962.48,814.77,2022-05-20,2024-10-21,885.0,Low Value
7320,Colleen Heath,Bronze,WA,6,8961.79,373.41,2022-02-27,2024-02-28,731.0,Low Value
716,Jacqueline Johnson,Bronze,VA,9,8961.73,320.06,2022-01-24,2024-10-06,986.0,Low Value
1970,Ronald Clements,Silver,AZ,5,8958.57,559.91,2022-03-08,2024-02-22,716.0,Low Value
8735,Jasmine Reyes,Silver,AZ,8,8957.26,308.87,2022-05-01,2024-07-06,797.0,Low Value
2822,Jessica Hughes,Silver,OH,5,8956.33,559.77,2022-02-28,2023-11-05,615.0,Low Value
8448,Willie Hendrix,Bronze,WI,7,8955.13,526.77,2022-03-22,2024-11-27,981.0,Low Value
6895,David Wright,Silver,PA,6,8950.22,497.23,2022-04-19,2024-12-03,959.0,Low Value
5957,Alexis Lewis,Bronze,VA,11,8945.82,271.09,2022-01-21,2024-10-02,985.0,Low Value
7219,Brandon Hodges,Bronze,TX,8,8945.78,470.83,2022-03-31,2024-09-29,913.0,Low Value
2126,Tina Pace,Silver,MO,7,8944.58,308.43,2022-03-28,2024-11-28,976.0,Low Value
4158,Jose Lee,Silver,CA,6,8944.49,406.57,2022-01-28,2024-11-14,1021.0,Low Value
9626,Kevin Holmes,Bronze,FL,6,8939.52,496.64,2022-05-29,2024-02-04,616.0,Low Value
2486,Ryan Ochoa,Bronze,OH,6,8939.24,372.47,2022-02-03,2024-09-29,969.0,Low Value
2551,Stephanie Walton,Silver,GA,4,8937.43,638.39,2022-05-06,2024-10-23,901.0,Low Value
7800,Michele Norris,Bronze,VA,4,8937.11,638.36,2022-01-16,2024-11-06,1025.0,Low Value
8643,Brian Thompson,Gold,OH,9,8931.71,357.27,2022-01-29,2024-06-16,869.0,Low Value
6256,Taylor Gomez,Silver,WI,9,8929.6,405.89,2022-06-10,2024-07-11,762.0,Low Value
3039,Laura Baker,Bronze,CA,2,8928.87,1275.55,2022-01-02,2022-01-10,8.0,Low Value
3927,Michael Park,Silver,IN,5,8925.65,686.59,2022-12-14,2023-11-26,347.0,Low Value
2606,Amy Jones,Bronze,MA,11,8924.22,307.73,2022-02-25,2024-10-03,951.0,Low Value
2889,Latasha Baker,Silver,WI,7,8923.07,387.96,2022-06-10,2024-11-05,879.0,Low Value
4505,Jonathon Moreno,Platinum,AZ,9,8922.33,287.82,2022-03-25,2023-11-06,591.0,Low Value
5827,Jesse Williams,Silver,TN,6,8920.21,469.48,2022-02-26,2024-03-11,744.0,Low Value
943,Aaron Jones,Bronze,GA,7,8918.78,445.94,2022-06-20,2024-11-22,886.0,Low Value
9812,Amber Delacruz,Platinum,IN,7,8915.23,445.76,2022-10-06,2024-11-27,783.0,Low Value
5810,Matthew Abbott,Silver,IL,4,8914.42,742.87,2022-08-13,2024-04-18,614.0,Low Value
6016,Luke Hunter,Gold,IL,6,8914.12,495.23,2022-01-26,2024-08-29,946.0,Low Value
5459,Amy Diaz,Silver,IL,6,8912.39,445.62,2022-06-04,2024-12-10,920.0,Low Value
7573,Christine Smith,Silver,VA,5,8912.27,524.25,2022-10-14,2024-08-17,673.0,Low Value
3070,Patrick Vega,Platinum,AZ,11,8907.8,307.17,2022-01-11,2024-10-06,999.0,Low Value
1486,Kathleen Berry,Bronze,VA,5,8907.18,523.95,2022-01-29,2024-04-10,802.0,Low Value
4653,Dana Vasquez,Silver,CA,8,8905.05,318.04,2022-04-17,2024-11-21,949.0,Low Value
6402,Shirley Wagner,Bronze,FL,5,8900.49,593.37,2022-02-21,2024-11-14,997.0,Low Value
6376,Rachel Smith,Silver,OH,6,8892.51,444.63,2022-05-04,2024-06-07,765.0,Low Value
3166,Kayla Wheeler,Gold,IN,7,8889.96,555.62,2022-06-08,2024-02-22,624.0,Low Value
5467,Vernon Harris,Bronze,IN,5,8889.18,555.57,2022-01-05,2024-01-01,726.0,Low Value
6731,Julie Wright,Bronze,TN,7,8888.99,386.48,2022-08-02,2024-10-24,814.0,Low Value
4113,Steven Bailey,Platinum,MA,6,8886.35,634.74,2022-03-20,2024-09-28,923.0,Low Value
2522,Donna Hardy,Silver,WI,5,8885.05,403.87,2022-09-09,2024-03-28,566.0,Low Value
4932,Nancy Brown,Bronze,FL,6,8884.12,386.27,2022-06-25,2024-12-29,918.0,Low Value
541,Joseph Douglas,Gold,WA,7,8882.98,467.53,2022-03-24,2024-12-17,999.0,Low Value
5474,Kathleen Ellis,Gold,VA,11,8880.2,306.21,2023-01-15,2024-09-22,616.0,Low Value
7838,Connor Gardner,Gold,TN,9,8878.43,341.48,2022-05-30,2024-10-26,880.0,Low Value
8193,Patrick Gilmore,Silver,FL,5,8876.76,554.8,2022-01-23,2023-09-23,608.0,Low Value
4288,Kimberly Johnson,Bronze,CA,5,8874.75,422.61,2023-01-24,2024-12-19,695.0,Low Value
4754,Thomas Davidson,Bronze,OH,8,8874.73,385.86,2023-03-28,2024-04-10,379.0,Low Value
2713,Angela Cole,Bronze,MI,7,8874.23,403.37,2022-01-21,2024-10-11,994.0,Low Value
5214,Michele Copeland,Platinum,GA,7,8873.89,554.62,2022-04-14,2024-11-26,957.0,Low Value
4049,Kevin Jacobson,Silver,PA,8,8870.63,354.83,2022-05-28,2024-12-12,929.0,Low Value
608,Carolyn Hernandez,Silver,WA,8,8866.27,354.65,2022-06-13,2024-12-09,910.0,Low Value
1449,Gina Miller,Bronze,IN,2,8865.56,1266.51,2023-10-15,2024-09-26,347.0,Low Value
2817,Nathaniel Gould,Bronze,MO,7,8864.31,521.43,2022-03-17,2024-10-13,941.0,Low Value
2734,Eric Hess,Bronze,MO,8,8863.81,340.92,2022-01-17,2024-11-14,1032.0,Low Value
1623,Jacob Moore,Silver,GA,6,8862.92,492.38,2022-12-09,2024-02-26,444.0,Low Value
5587,Aaron Michael,Bronze,TX,6,8862.87,738.57,2022-08-01,2024-02-28,576.0,Low Value
5041,Anthony Moore,Bronze,CA,6,8862.63,492.37,2022-02-25,2024-11-20,999.0,Low Value
655,Joshua Lee,Gold,NY,7,8862.38,590.83,2022-01-06,2024-04-14,829.0,Low Value
5894,Susan Hansen,Bronze,VA,7,8861.86,369.24,2022-04-24,2024-09-06,866.0,Low Value
1113,Charles Reyes,Bronze,TX,4,8860.19,738.35,2022-09-24,2024-09-16,723.0,Low Value
157,Anne Hernandez,Gold,NC,6,8859.9,492.22,2022-08-10,2024-07-03,693.0,Low Value
995,Robert Johnson,Silver,MA,7,8854.84,354.19,2022-06-15,2024-06-14,730.0,Low Value
1195,Clayton Chavez,Gold,NY,6,8853.89,421.61,2022-02-18,2023-09-28,587.0,Low Value
7605,Sheila Collins,Bronze,MA,6,8853.06,520.77,2022-09-10,2024-10-23,774.0,Low Value
1963,Bruce Burch,Gold,NJ,5,8852.59,553.29,2022-04-03,2024-10-29,940.0,Low Value
9898,Kelli Dyer,Gold,TX,5,8849.82,680.76,2022-01-09,2024-01-10,731.0,Low Value
5630,Amy Mcmahon,Silver,MA,6,8846.03,631.86,2022-01-12,2024-08-25,956.0,Low Value
5274,Micheal Farrell,Gold,NY,9,8845.35,353.81,2022-04-14,2024-12-14,975.0,Low Value
2835,Kevin Cain,Gold,PA,10,8844.56,304.98,2022-02-26,2024-11-25,1003.0,Low Value
815,Hunter Schmidt,Gold,WA,7,8844.31,402.01,2022-04-12,2024-09-28,900.0,Low Value
7063,Steven Rowe,Silver,VA,5,8841.8,631.56,2022-03-07,2024-11-02,971.0,Low Value
3424,Vanessa Gonzalez,Silver,TX,8,8838.7,353.55,2022-01-04,2024-12-22,1083.0,Low Value
2137,Rebecca Pearson,Platinum,MO,9,8831.77,315.42,2022-08-26,2024-10-24,790.0,Low Value
6196,David Miller,Gold,PA,6,8828.9,420.42,2023-10-23,2024-10-25,368.0,Low Value
4694,Robin Ortega,Gold,AZ,6,8828.14,551.76,2022-02-24,2024-06-20,847.0,Low Value
3452,Robert Bell,Bronze,MO,7,8827.75,401.26,2022-02-20,2024-12-20,1034.0,Low Value
589,Katie Kennedy,Silver,OH,7,8827.07,353.08,2022-01-17,2024-12-10,1058.0,Low Value
1687,Ryan Adams,Gold,MI,5,8820.86,441.04,2022-05-25,2024-08-15,813.0,Low Value
5732,Tiffany Gonzalez,Silver,TX,7,8817.63,518.68,2022-01-31,2024-01-24,723.0,Low Value
2062,Jason Randolph,Silver,MA,5,8817.26,678.25,2022-07-11,2024-12-30,903.0,Low Value
4593,Jackson Peterson,Bronze,IN,7,8813.79,489.66,2022-04-20,2024-09-02,866.0,Low Value
5040,Brandon Barrett,Bronze,TN,10,8813.01,284.29,2022-02-27,2024-12-11,1018.0,Low Value
2935,Thomas Evans,Silver,IL,6,8812.37,629.46,2023-05-25,2024-09-30,494.0,Low Value
82,April Torres,Bronze,MI,7,8808.82,400.4,2022-04-21,2024-12-27,981.0,Low Value
7156,Daniel Anderson,Bronze,VA,10,8806.77,366.95,2022-06-28,2024-07-05,738.0,Low Value
9422,Kevin Osborn,Platinum,WA,9,8805.54,352.22,2022-03-27,2024-12-10,989.0,Low Value
6822,Gabrielle Cole,Bronze,NC,8,8804.05,419.24,2022-10-11,2024-12-26,807.0,Low Value
6511,Jack Davenport,Bronze,TN,7,8803.15,440.16,2022-01-10,2024-09-04,968.0,Low Value
1199,Danielle Chandler,Silver,MD,7,8801.14,400.05,2022-03-01,2024-03-28,758.0,Low Value
7644,Raymond Wade,Bronze,TX,6,8795.08,382.39,2022-02-04,2024-05-30,846.0,Low Value
9379,Elijah Allen,Gold,GA,6,8795.03,488.61,2022-01-22,2024-09-18,970.0,Low Value
5178,Jean Morrow,Gold,NY,6,8794.67,418.79,2022-08-01,2024-03-25,602.0,Low Value
7667,Nicole Mcintosh,Silver,MI,7,8792.78,351.71,2022-04-15,2024-09-05,874.0,Low Value
3324,Hannah Frazier,Bronze,NY,10,8792.24,237.63,2022-03-28,2024-12-29,1007.0,Low Value
8942,Christina Thompson,Gold,NC,5,8789.0,439.45,2022-02-19,2024-12-14,1029.0,Low Value
6212,Joseph Pittman,Platinum,VA,7,8788.72,399.49,2022-07-26,2024-02-18,572.0,Low Value
8032,Mark Gonzalez,Silver,WI,7,8787.06,418.43,2022-05-27,2024-10-16,873.0,Low Value
3522,Sheila Thomas,Gold,MO,4,8785.43,976.16,2022-06-08,2024-09-07,822.0,Low Value
2528,Anthony Barnes,Gold,CA,7,8785.39,337.9,2022-05-28,2024-03-10,652.0,Low Value
5694,Daniel Mendoza,Platinum,GA,7,8785.0,488.06,2022-06-19,2024-02-08,599.0,Low Value
1082,Amber Rollins,Platinum,WI,6,8782.38,381.84,2022-04-15,2024-08-31,869.0,Low Value
722,Gregory Douglas,Gold,PA,7,8781.41,351.26,2022-01-28,2024-11-13,1020.0,Low Value
3422,James Lynch,Bronze,GA,8,8780.93,418.14,2022-09-22,2024-10-21,760.0,Low Value
3482,Kristen Torres,Bronze,OH,6,8780.14,516.48,2022-05-02,2024-12-29,972.0,Low Value
5271,Brian Bates,Silver,NC,6,8779.54,516.44,2022-10-31,2024-10-19,719.0,Low Value
782,Bryan Burton,Silver,MO,4,8778.39,798.04,2022-02-12,2024-02-17,735.0,Low Value
3184,Dylan Vasquez,Gold,NJ,6,8774.36,548.4,2022-01-12,2024-09-29,991.0,Low Value
9103,Christina Rivera,Bronze,IN,5,8766.57,626.18,2022-07-27,2023-05-05,282.0,Low Value
6502,Christina Smith,Gold,GA,9,8762.53,302.16,2022-07-07,2024-11-10,857.0,Low Value
9796,Heather Oliver,Bronze,IL,5,8760.41,584.03,2022-05-16,2024-06-13,759.0,Low Value
5264,Brian Armstrong,Silver,MO,8,8760.11,438.01,2022-06-17,2024-05-06,689.0,Low Value
3810,Rebecca Maxwell,Silver,FL,6,8759.97,486.66,2022-04-04,2024-08-19,868.0,Low Value
9060,Ashley Wright,Gold,NC,8,8756.01,350.24,2022-06-14,2024-08-13,791.0,Low Value
2023,Jose Hart,Bronze,PA,7,8751.02,350.04,2022-03-20,2024-01-31,682.0,Low Value
5288,Elizabeth Thornton,Platinum,GA,4,8750.49,729.21,2022-08-25,2024-07-15,690.0,Low Value
1472,Amanda Hardin,Silver,OH,4,8749.49,583.3,2022-02-19,2024-07-18,880.0,Low Value
1746,Richard Marsh,Gold,WI,6,8747.49,397.61,2023-02-03,2024-05-15,467.0,Low Value
5461,Bruce May,Silver,CA,5,8745.31,583.02,2023-08-25,2024-10-11,413.0,Low Value
1226,Erika Odonnell,Silver,NC,8,8744.78,364.37,2022-01-19,2024-12-09,1055.0,Low Value
8001,Dominique Huffman,Bronze,GA,7,8744.66,460.25,2022-02-12,2024-10-21,982.0,Low Value
2422,Jennifer Burns,Bronze,NJ,5,8742.57,546.41,2022-11-11,2024-04-04,510.0,Low Value
7123,Rebecca Holt,Bronze,VA,6,8741.54,546.35,2022-02-12,2024-12-25,1047.0,Low Value
3795,Keith Martin,Silver,WI,6,8740.35,460.02,2023-02-22,2023-12-19,300.0,Low Value
1675,Jennifer Miranda,Gold,MD,7,8737.88,582.53,2022-10-06,2024-09-23,718.0,Low Value
5961,Gabriella Hernandez,Platinum,MI,8,8735.5,256.93,2022-05-06,2024-05-10,735.0,Low Value
8089,Penny Pollard,Silver,MO,7,8733.67,513.75,2022-05-01,2024-09-02,855.0,Low Value
2701,Brian Alvarez,Gold,VA,7,8733.27,349.33,2022-01-07,2024-05-08,852.0,Low Value
1517,Erin Luna,Silver,IN,8,8729.11,415.67,2022-01-03,2024-09-10,981.0,Low Value
7596,Michael Solis,Silver,PA,6,8728.79,623.49,2022-03-04,2024-08-09,889.0,Low Value
209,Michael Richmond,Bronze,VA,6,8726.03,459.26,2023-06-09,2024-05-29,355.0,Low Value
6716,Michael Taylor,Bronze,TX,9,8724.77,436.24,2022-03-19,2024-06-01,805.0,Low Value
2924,Cynthia Rhodes,Bronze,TX,3,8720.7,872.07,2022-10-08,2024-08-22,684.0,Low Value
7318,Jamie Wheeler,Bronze,AZ,5,8719.57,458.92,2022-01-26,2024-12-21,1060.0,Low Value
4309,Damon Foster,Bronze,WI,7,8718.18,348.73,2022-02-03,2024-11-04,1005.0,Low Value
1744,Jennifer Long,Platinum,MA,8,8716.3,335.24,2022-06-04,2023-10-18,501.0,Low Value
6346,Frank Dunn,Gold,OH,6,8715.96,581.06,2022-08-03,2024-04-19,625.0,Low Value
5457,Dana Miller,Platinum,CA,8,8715.82,458.73,2022-10-26,2024-09-16,691.0,Low Value
74,Theresa Jones,Bronze,WI,8,8715.0,348.6,2022-08-17,2024-04-29,621.0,Low Value
4371,Steven Fleming,Silver,VA,6,8714.84,396.13,2022-01-31,2023-10-10,617.0,Low Value
5528,Juan Harris,Bronze,NY,5,8713.34,670.26,2022-07-27,2024-04-02,615.0,Low Value
3322,Susan Miller,Silver,AZ,7,8710.18,414.77,2024-05-09,2024-12-21,226.0,Low Value
5223,Amanda Gonzalez,Bronze,GA,6,8709.76,414.75,2022-02-11,2023-08-11,546.0,Low Value
1897,Elizabeth Williams,Silver,WA,9,8705.62,310.92,2022-03-03,2024-09-22,934.0,Low Value
6482,Morgan Sandoval,Silver,MI,6,8703.02,378.39,2022-02-22,2024-11-14,996.0,Low Value
3963,Patricia Gregory,Platinum,PA,11,8703.01,322.33,2022-06-08,2024-08-20,804.0,Low Value
8271,Richard Salinas,Silver,MI,8,8699.88,362.49,2022-11-24,2024-07-08,592.0,Low Value
4725,Diane Jordan,Platinum,MD,5,8698.91,511.7,2022-07-24,2024-11-11,841.0,Low Value
6643,Tammy Jones,Bronze,TN,6,8697.56,434.88,2023-01-27,2024-10-10,622.0,Low Value
5929,Robin Ayala,Bronze,MD,9,8697.45,414.16,2022-01-24,2024-07-18,906.0,Low Value
6833,Nicole Duncan,Bronze,MI,7,8696.32,395.29,2022-02-21,2024-11-04,987.0,Low Value
1075,Regina Rivera,Bronze,MA,8,8695.46,395.25,2022-03-16,2024-10-11,940.0,Low Value
3349,Stephen Brewer,Gold,MO,8,8693.98,543.37,2022-01-17,2024-11-01,1019.0,Low Value
4892,Ricky Smith,Gold,IN,5,8688.64,482.7,2022-11-01,2023-11-15,379.0,Low Value
380,Christina Barnes,Gold,MD,4,8678.81,578.59,2022-10-12,2024-09-26,715.0,Low Value
8536,Bryan Kelley,Bronze,MA,5,8677.84,578.52,2022-05-17,2024-02-10,634.0,Low Value
1321,Courtney Wilson,Silver,NY,7,8673.46,619.53,2022-01-28,2024-10-21,997.0,Low Value
8763,Ashley Robbins,Silver,VA,6,8671.51,541.97,2023-05-03,2024-11-11,558.0,Low Value
9382,Stacy Stewart,Silver,NY,7,8670.38,376.97,2022-01-08,2024-12-12,1069.0,Low Value
2033,Roy Ellison,Silver,MI,9,8670.13,321.12,2022-05-13,2024-05-28,746.0,Low Value
2770,Meghan Wheeler,Gold,MA,5,8669.91,412.85,2022-04-27,2024-09-09,866.0,Low Value
67,Christopher Alvarado,Bronze,MA,9,8668.54,288.95,2022-10-10,2024-10-21,742.0,Low Value
7594,Joseph Aguilar,Bronze,GA,7,8667.24,393.97,2022-01-18,2024-12-11,1058.0,Low Value
6262,David Crawford,Bronze,WI,10,8666.37,393.93,2022-01-14,2024-07-21,919.0,Low Value
4527,Matthew Guzman,Platinum,WA,7,8662.83,412.52,2022-10-01,2024-11-08,769.0,Low Value
3736,Tanya Hansen,Gold,MA,8,8662.22,288.74,2022-01-09,2024-07-29,932.0,Low Value
5445,Erik Thompson,Gold,AZ,5,8658.47,393.57,2022-07-01,2024-12-25,908.0,Low Value
1426,Tara Smith,Silver,WA,4,8654.93,480.83,2022-06-23,2024-03-04,620.0,Low Value
4882,Robert Harris,Gold,MA,9,8654.74,376.29,2022-02-11,2024-12-24,1047.0,Low Value
6549,Joseph Hernandez,Bronze,GA,7,8653.39,360.56,2022-06-26,2024-10-10,837.0,Low Value
5654,Matthew Mendez,Platinum,PA,3,8652.84,961.43,2022-01-14,2023-04-20,461.0,Low Value
4592,James Nelson,Silver,VA,9,8652.5,393.3,2022-07-18,2024-03-12,603.0,Low Value
1254,Megan Cannon,Bronze,OH,6,8649.35,617.81,2022-12-18,2024-11-20,703.0,Low Value
4219,Lori Howe,Gold,MA,7,8645.59,455.03,2022-08-10,2024-06-07,667.0,Low Value
7420,Faith Meza,Silver,IN,10,8643.32,278.82,2022-02-06,2024-12-06,1034.0,Low Value
7905,Lori Elliott,Bronze,OH,3,8643.16,864.32,2022-06-10,2024-10-06,849.0,Low Value
6451,Alyssa Jones,Silver,NC,4,8638.09,539.88,2022-04-14,2024-09-09,879.0,Low Value
2731,Kyle Maxwell,Bronze,TX,6,8635.56,375.46,2022-12-11,2024-11-28,718.0,Low Value
8773,Joel Lopez,Bronze,MA,7,8634.92,507.94,2022-04-16,2024-07-31,837.0,Low Value
1575,Deanna Meyer,Bronze,TX,3,8633.35,863.34,2022-05-22,2024-05-28,737.0,Low Value
3268,Jessica Alvarez,Bronze,OH,9,8629.03,308.18,2022-04-02,2024-06-28,818.0,Low Value
8356,Kristin Hughes,Bronze,AZ,7,8626.18,331.78,2023-01-11,2024-12-07,696.0,Low Value
9563,Mary Miller,Silver,MO,4,8621.44,1077.68,2024-01-02,2024-03-17,75.0,Low Value
4634,Richard Nelson,Silver,CA,9,8618.81,261.18,2022-01-30,2024-12-05,1040.0,Low Value
358,Jessica Skinner,Bronze,WI,7,8615.0,478.61,2022-02-01,2024-11-19,1022.0,Low Value
4855,Melissa Cooper,Silver,GA,4,8611.77,861.18,2022-05-11,2024-08-13,825.0,Low Value
8976,Steven Marshall,Bronze,TN,8,8609.65,358.74,2022-04-27,2024-07-14,809.0,Low Value
4636,Sarah Scott,Bronze,IN,7,8609.29,453.12,2022-07-23,2024-12-27,888.0,Low Value
1077,Eric Duran,Bronze,WI,8,8608.91,358.7,2022-01-25,2024-06-26,883.0,Low Value
9130,Sandra Burns,Bronze,GA,8,8605.94,374.17,2022-04-28,2024-10-28,914.0,Low Value
3439,Jennifer Burns,Silver,MD,3,8605.47,717.12,2023-07-12,2024-09-18,434.0,Low Value
1812,Kelly Weber,Gold,AZ,5,8601.94,614.42,2022-04-07,2024-08-18,864.0,Low Value
3974,Tracy Rivera,Bronze,TX,8,8599.48,318.5,2022-01-30,2024-12-16,1051.0,Low Value
634,Marissa Lopez,Bronze,NY,6,8598.93,390.86,2022-08-29,2024-10-18,781.0,Low Value
1718,Jack Clay,Gold,OH,8,8598.72,373.86,2022-07-13,2024-12-17,888.0,Low Value
825,Cynthia Adams,Bronze,TN,8,8597.4,330.67,2022-02-18,2024-05-16,818.0,Low Value
7201,Gregory Combs,Silver,FL,9,8594.19,277.23,2022-01-17,2024-08-28,954.0,Low Value
5935,Edward Thomas,Bronze,IN,6,8593.22,452.27,2022-10-05,2024-10-30,756.0,Low Value
2010,Carrie Bennett,Bronze,TX,6,8590.86,780.99,2022-04-02,2024-06-08,798.0,Low Value
5956,Lori Simmons,Bronze,OH,8,8590.65,505.33,2022-08-13,2024-09-24,773.0,Low Value
7778,Karen Williams,Platinum,VA,8,8585.44,536.59,2022-02-14,2023-12-07,661.0,Low Value
2627,Christian Cooper,Silver,IN,9,8584.05,572.27,2022-07-21,2024-08-25,766.0,Low Value
4292,Allen Deleon,Silver,MO,7,8578.8,317.73,2022-04-03,2024-09-11,892.0,Low Value
7012,Douglas Stephens,Silver,CA,4,8576.04,612.57,2022-01-07,2023-12-21,713.0,Low Value
2350,Ian Jones,Bronze,IL,7,8574.56,408.31,2022-04-04,2024-11-30,971.0,Low Value
4212,Jerry Brown,Silver,TN,5,8573.76,535.86,2022-01-09,2023-11-28,688.0,Low Value
1701,Debra Bryant,Bronze,AZ,9,8571.68,317.47,2022-12-13,2024-10-05,662.0,Low Value
4129,Rachel Morales,Bronze,NY,6,8571.67,476.2,2022-06-16,2024-12-20,918.0,Low Value
4791,Melinda Golden,Gold,MO,6,8564.74,503.81,2023-02-03,2024-10-03,608.0,Low Value
6057,Glenn Graham,Bronze,MI,4,8562.17,778.38,2022-07-20,2024-05-06,656.0,Low Value
3696,Savannah Herman,Platinum,MI,5,8561.75,475.65,2022-05-09,2024-06-13,766.0,Low Value
9224,Joseph Le,Silver,IL,6,8561.36,611.53,2022-02-14,2024-10-10,969.0,Low Value
6777,Walter Webb,Gold,CA,5,8558.67,450.46,2022-05-02,2024-06-14,774.0,Low Value
6340,Mario Jones,Bronze,WA,9,8556.05,407.43,2022-03-23,2024-06-16,816.0,Low Value
7579,Richard Gonzales,Silver,NY,7,8555.75,427.79,2022-04-30,2024-11-18,933.0,Low Value
7145,Jason Cameron,Platinum,WA,9,8555.33,356.47,2022-02-13,2023-12-08,663.0,Low Value
7094,Charles Cisneros,Bronze,WI,5,8554.23,450.22,2022-11-27,2024-08-06,618.0,Low Value
7983,Anthony Mckenzie,Silver,NC,8,8553.61,356.4,2022-01-25,2024-08-25,943.0,Low Value
4489,Angela Larsen,Platinum,NC,10,8552.95,294.93,2022-09-06,2024-11-10,796.0,Low Value
8743,Kevin Smith,Bronze,WI,7,8552.82,388.76,2022-07-04,2024-09-12,801.0,Low Value
4159,Phillip Johnson,Silver,WA,8,8551.54,328.91,2022-08-14,2024-10-14,792.0,Low Value
2387,Melissa Brown,Platinum,GA,11,8548.6,294.78,2022-02-19,2024-01-10,690.0,Low Value
2002,Melissa Brown,Gold,NY,6,8547.89,474.88,2022-03-27,2024-06-24,820.0,Low Value
1464,Kenneth Brennan,Bronze,MA,6,8545.95,474.77,2022-01-10,2023-03-09,423.0,Low Value
2883,Susan Heath,Silver,WI,7,8543.01,474.61,2022-01-11,2023-09-14,611.0,Low Value
1297,Eric Butler,Bronze,WA,5,8541.52,449.55,2022-03-02,2024-04-04,764.0,Low Value
1375,Michael Fry,Gold,NJ,7,8539.75,502.34,2023-01-01,2024-11-03,672.0,Low Value
7483,Brittany Lee,Platinum,CA,4,8539.73,569.32,2023-03-21,2024-12-29,649.0,Low Value
8716,Patricia Romero,Gold,NY,7,8539.0,426.95,2022-03-11,2023-09-28,566.0,Low Value
1134,Julia Armstrong,Silver,MA,5,8533.57,948.17,2022-04-25,2024-11-09,929.0,Low Value
9015,Cynthia Huff,Silver,WA,8,8531.69,328.14,2023-03-27,2024-12-14,628.0,Low Value
4080,William Acosta,Bronze,MI,8,8530.37,387.74,2022-02-18,2024-06-09,842.0,Low Value
9897,Angela Shelton,Bronze,NY,8,8530.33,501.78,2022-03-05,2024-12-28,1029.0,Low Value
3376,Stacey Schneider,Platinum,MD,7,8528.99,473.83,2022-01-08,2024-10-13,1009.0,Low Value
9048,Lisa Johnson,Silver,MD,7,8523.31,370.58,2022-02-12,2024-11-11,1003.0,Low Value
5266,Dawn Ferguson,Silver,WA,9,8522.24,274.91,2022-09-18,2024-09-03,716.0,Low Value
8349,Angela Jenkins,Silver,NY,9,8521.81,568.12,2022-06-23,2024-06-07,715.0,Low Value
9141,Curtis Brooks,Silver,IL,6,8518.73,473.26,2022-04-02,2024-12-02,975.0,Low Value
1888,Billy Maxwell,Bronze,NC,9,8517.7,370.33,2022-01-17,2024-12-21,1069.0,Low Value
4967,Jonathon Wilkinson,Bronze,AZ,7,8513.82,448.1,2022-02-11,2024-10-12,974.0,Low Value
8778,Crystal Russell,Silver,TN,7,8512.12,448.01,2022-01-12,2024-07-07,907.0,Low Value
6558,Lisa Wong,Gold,MD,11,8509.41,315.16,2022-01-11,2024-11-14,1038.0,Low Value
8256,Debra Bates,Platinum,NY,5,8507.03,607.65,2022-03-17,2024-10-14,942.0,Low Value
7546,Kristine Vance,Gold,MD,6,8500.84,386.4,2022-12-19,2024-10-29,680.0,Low Value
6200,Thomas Perkins,Bronze,NJ,9,8494.92,339.8,2022-03-14,2024-07-24,863.0,Low Value
6474,Jessica Stanton,Silver,TN,4,8494.31,653.41,2022-04-23,2023-10-02,527.0,Low Value
4382,Lisa Fisher,Platinum,MI,4,8492.64,707.72,2022-10-14,2024-08-11,667.0,Low Value
3846,Frank Graves,Bronze,NJ,5,8492.08,530.75,2022-09-29,2024-12-26,819.0,Low Value
9313,Julie Gordon,Gold,TX,5,8489.8,707.48,2022-07-03,2024-10-02,822.0,Low Value
5982,Marissa Brown,Gold,OH,4,8481.18,771.02,2022-02-01,2024-06-14,864.0,Low Value
4576,Brandon Bennett,Bronze,WA,8,8480.61,353.36,2022-07-19,2024-12-07,872.0,Low Value
4476,Alexander Rivera,Platinum,IL,6,8479.77,423.99,2022-02-16,2024-09-26,953.0,Low Value
6490,Robert Anderson,Bronze,TX,7,8479.6,385.44,2022-07-01,2024-08-19,780.0,Low Value
6552,Monique Schultz,Bronze,NC,7,8477.31,470.96,2022-09-13,2024-08-20,707.0,Low Value
9889,Michelle Choi,Silver,IL,6,8475.98,565.07,2022-01-15,2024-08-24,952.0,Low Value
5253,Gary Sanchez,Silver,NY,8,8473.34,403.49,2022-03-18,2024-10-04,931.0,Low Value
18,Angel Doyle,Bronze,TX,6,8471.55,651.66,2022-01-28,2024-08-10,925.0,Low Value
3505,Crystal Collins,Bronze,OH,5,8471.54,651.66,2022-11-29,2024-12-06,738.0,Low Value
2848,Theresa Fox,Bronze,NJ,6,8468.12,325.7,2022-04-26,2024-08-14,841.0,Low Value
3012,Larry Jackson,Silver,MD,6,8466.81,529.18,2022-02-17,2024-08-18,913.0,Low Value
7897,Mike Schmidt,Bronze,IL,7,8465.96,470.33,2022-01-07,2024-02-12,766.0,Low Value
3632,Cynthia Rogers,Gold,NJ,7,8460.39,470.02,2022-03-31,2024-07-10,832.0,Low Value
6853,Sheila Ross,Gold,IN,5,8459.08,469.95,2022-03-31,2024-10-27,941.0,Low Value
9998,Gabriela Brown,Gold,GA,8,8458.13,367.74,2022-03-27,2024-02-17,692.0,Low Value
9106,Dennis Hall,Silver,FL,8,8456.43,352.35,2022-05-08,2024-05-29,752.0,Low Value
6306,Amber Wallace,Bronze,FL,6,8455.14,497.36,2022-05-24,2024-06-23,761.0,Low Value
6870,April Lee,Bronze,GA,5,8454.94,704.58,2022-03-18,2024-11-22,980.0,Low Value
6446,Renee Mcgee,Silver,WA,6,8454.57,469.7,2022-03-07,2024-10-26,964.0,Low Value
3150,Christopher Martinez,Platinum,GA,6,8451.52,422.58,2022-03-18,2024-10-08,935.0,Low Value
1734,George Mendez,Silver,OH,7,8449.38,469.41,2022-03-12,2024-11-12,976.0,Low Value
3500,Diane Simpson,Silver,GA,6,8449.31,469.41,2023-02-25,2024-11-21,635.0,Low Value
833,Ashley Barker,Bronze,AZ,4,8449.25,768.11,2022-02-14,2024-07-20,887.0,Low Value
4617,Paul Evans,Bronze,NC,7,8448.98,352.04,2022-01-17,2024-10-10,997.0,Low Value
848,Lisa Hensley,Bronze,WA,10,8446.15,272.46,2022-02-06,2024-05-22,836.0,Low Value
586,Luis Walters,Bronze,AZ,7,8446.11,422.31,2022-03-23,2024-07-20,850.0,Low Value
3248,Michelle Rogers,Silver,TN,5,8443.37,496.67,2022-02-13,2024-08-29,928.0,Low Value
1693,Carlos Jackson,Bronze,TX,8,8441.22,422.06,2022-01-05,2023-11-19,683.0,Low Value
8992,Matthew Foster,Platinum,NC,9,8436.36,366.8,2022-03-29,2024-08-11,866.0,Low Value
7397,Brittney Vaughan,Bronze,MI,7,8435.93,444.0,2022-01-21,2024-08-10,932.0,Low Value
7284,Cathy Macdonald,Silver,PA,8,8435.59,301.27,2022-06-09,2024-12-26,931.0,Low Value
9856,Angela Lopez,Silver,PA,6,8433.72,527.11,2022-04-07,2023-10-22,563.0,Low Value
1140,Ian Jennings,Bronze,PA,5,8433.2,468.51,2022-02-11,2024-12-18,1041.0,Low Value
8576,Mariah Lee,Silver,FL,9,8432.54,272.02,2022-10-26,2024-11-03,739.0,Low Value
6039,Javier Cooley,Silver,NC,6,8429.88,468.33,2022-03-19,2024-04-05,748.0,Low Value
6178,Jillian Owens,Bronze,MI,8,8425.05,351.04,2022-12-05,2024-11-21,717.0,Low Value
6461,Allen Flores,Bronze,MD,5,8422.18,421.11,2023-04-26,2024-09-04,497.0,Low Value
2042,Chad Holland,Bronze,PA,8,8421.51,336.86,2022-04-27,2024-08-30,856.0,Low Value
4183,Janice Burgess,Silver,MI,9,8417.34,280.58,2022-03-06,2024-04-16,772.0,Low Value
4299,Lauren Diaz,Silver,AZ,7,8416.18,420.81,2022-02-20,2024-09-22,945.0,Low Value
5154,Sarah Fletcher,Silver,CA,5,8416.08,647.39,2022-07-17,2024-04-07,630.0,Low Value
1568,Raymond Johns,Bronze,MI,7,8410.4,467.24,2022-01-18,2023-11-05,656.0,Low Value
3562,Joy Taylor,Gold,WI,9,8409.34,271.27,2022-04-24,2024-11-29,950.0,Low Value
926,Shawn Martin,Bronze,MA,7,8407.83,700.65,2022-05-10,2024-11-29,934.0,Low Value
3279,Peter Carter,Platinum,MD,3,8400.8,1050.1,2022-02-18,2024-07-15,878.0,Low Value
6148,Leslie Monroe,Platinum,TN,4,8397.65,839.76,2023-05-24,2024-06-10,383.0,Low Value
852,Adam Quinn,Silver,TN,6,8396.89,349.87,2022-01-19,2024-08-12,936.0,Low Value
552,Glenn Brady,Bronze,OH,5,8395.14,381.6,2022-10-05,2024-06-16,620.0,Low Value
9497,Brian Reese,Bronze,IL,5,8394.79,381.58,2022-06-29,2024-09-02,796.0,Low Value
8044,Amber Moyer,Bronze,IN,6,8392.04,466.22,2022-08-31,2024-08-09,709.0,Low Value
1366,Tiffany Bishop,Bronze,PA,6,8390.35,419.52,2022-11-09,2024-01-10,427.0,Low Value
7055,Alan Curtis,Platinum,IL,6,8389.05,524.32,2022-02-01,2024-09-29,971.0,Low Value
7269,Derek Mcdowell,Silver,IL,7,8388.8,399.47,2022-06-02,2024-10-27,878.0,Low Value
2672,Peter Wilson,Silver,MO,5,8388.63,559.24,2022-02-11,2024-12-07,1030.0,Low Value
9004,Laura Watson,Platinum,IN,8,8386.29,399.35,2022-01-05,2024-10-27,1026.0,Low Value
1020,Allen Lopez,Silver,WI,4,8386.16,698.85,2022-06-01,2024-01-26,604.0,Low Value
1438,Dylan Rhodes,Bronze,FL,12,8384.88,262.03,2022-04-01,2024-08-21,873.0,Low Value
1333,Daniel Stephens,Silver,MI,6,8384.48,698.71,2022-01-29,2024-10-05,980.0,Low Value
4674,Nancy Frazier,Silver,GA,11,8381.91,299.35,2022-03-06,2024-10-11,950.0,Low Value
8209,Eric Hunt,Platinum,TX,5,8380.48,523.78,2022-04-25,2024-03-14,689.0,Low Value
6444,Claudia Phillips,Silver,OH,7,8380.29,399.06,2022-04-12,2024-08-23,864.0,Low Value
5229,Jasmin Bennett,Platinum,MD,6,8377.4,698.12,2022-02-04,2024-06-14,861.0,Low Value
9704,Amanda Garcia,Gold,WA,10,8376.55,288.85,2022-03-29,2024-12-22,999.0,Low Value
3243,Erin Kaufman,Silver,IN,6,8375.74,398.84,2022-04-13,2024-06-19,798.0,Low Value
3527,Kevin Curry,Bronze,CA,12,8373.48,288.74,2022-01-23,2024-12-04,1046.0,Low Value
9569,Charles Howard,Silver,TX,9,8373.12,253.73,2022-01-09,2024-09-09,974.0,Low Value
6968,Jermaine Davis,Bronze,NC,7,8371.93,364.0,2022-01-22,2024-12-22,1065.0,Low Value
8184,Erica Lee,Bronze,WA,6,8369.81,418.49,2022-06-22,2024-03-30,647.0,Low Value
6659,Paul Mcdonald,Platinum,FL,10,8368.55,269.95,2022-05-18,2024-09-07,843.0,Low Value
5966,Stephanie Petty,Bronze,AZ,6,8368.22,398.49,2022-05-29,2023-12-07,557.0,Low Value
5683,Christian Riley,Silver,VA,4,8364.61,522.79,2023-09-07,2024-09-30,389.0,Low Value
3538,Kyle Newman,Bronze,FL,7,8357.87,464.33,2022-02-14,2024-03-31,776.0,Low Value
2945,Craig Hawkins,Bronze,OH,5,8357.58,642.89,2022-04-13,2024-08-02,842.0,Low Value
2537,Benjamin Alvarez,Bronze,MD,5,8355.91,417.8,2022-03-28,2024-11-10,958.0,Low Value
3511,Derrick Rivers,Bronze,AZ,7,8354.66,464.15,2022-06-16,2024-10-29,866.0,Low Value
2333,Jorge Massey,Gold,VA,9,8354.29,278.48,2022-04-19,2024-12-18,974.0,Low Value
9865,James Jennings,Bronze,MO,5,8351.71,463.98,2022-12-19,2024-12-30,742.0,Low Value
882,Daniel Fisher,Bronze,NJ,4,8350.34,556.69,2022-10-17,2023-10-19,367.0,Low Value
4437,Rebecca Krause,Bronze,MO,4,8350.25,1043.78,2023-06-09,2024-12-28,568.0,Low Value
5319,Laura Perez,Platinum,WI,4,8348.32,642.18,2022-08-15,2023-01-29,167.0,Low Value
5918,Jessica Lopez,Silver,MI,4,8347.23,521.7,2022-02-07,2024-05-25,838.0,Low Value
4660,Luke Knight,Gold,TX,6,8345.63,463.65,2022-01-02,2024-12-16,1079.0,Low Value
7103,Margaret Smith,Bronze,MD,5,8342.48,926.94,2022-05-30,2024-11-05,890.0,Low Value
7884,Susan Erickson,Platinum,WA,8,8340.46,308.91,2022-02-03,2024-09-27,967.0,Low Value
7016,Steven Smith,Platinum,WI,5,8337.07,362.48,2022-08-18,2024-10-22,796.0,Low Value
379,Miguel Smith,Silver,FL,9,8330.21,320.39,2022-01-07,2024-10-29,1026.0,Low Value
1163,Melissa Evans,Bronze,IN,12,8327.33,308.42,2022-02-11,2024-09-28,960.0,Low Value
1385,Samuel Carroll,Silver,MD,6,8323.88,462.44,2022-04-01,2024-01-28,667.0,Low Value
697,Jennifer Johnson,Platinum,FL,4,8320.65,640.05,2022-11-25,2024-09-23,668.0,Low Value
4906,Amber Ramos,Silver,IL,7,8319.03,378.14,2022-06-15,2024-10-05,843.0,Low Value
4259,Brittney Noble,Gold,GA,7,8316.39,554.43,2022-03-07,2024-03-27,751.0,Low Value
2954,Katie Pugh,Gold,TN,5,8314.34,519.65,2022-11-11,2024-10-10,699.0,Low Value
1231,Daniel Johnson,Gold,CA,6,8310.76,437.41,2023-02-12,2024-11-22,649.0,Low Value
5016,Jared Adams,Bronze,NC,6,8309.51,415.48,2022-02-06,2024-11-24,1022.0,Low Value
2912,Matthew Adams,Gold,TX,4,8309.12,593.51,2022-01-16,2024-11-13,1032.0,Low Value
1310,Savannah Smith,Silver,IN,10,8308.75,296.74,2022-06-09,2024-12-16,921.0,Low Value
4862,Jeffrey Serrano,Bronze,PA,8,8304.95,296.61,2022-03-13,2024-12-26,1019.0,Low Value
7096,Kevin Poole,Silver,PA,6,8302.22,436.96,2022-01-16,2024-10-21,1009.0,Low Value
8110,Jared Nunez,Bronze,MA,5,8300.05,488.24,2022-02-01,2024-03-18,776.0,Low Value
7967,David Trujillo,Bronze,MI,6,8297.43,436.71,2022-05-15,2024-11-21,921.0,Low Value
9096,Pamela Cherry,Platinum,TN,11,8295.69,251.38,2022-04-08,2024-08-29,874.0,Low Value
9808,Carolyn Keller,Platinum,MA,6,8294.63,487.92,2022-06-09,2023-10-11,489.0,Low Value
3296,Jennifer Davila,Bronze,PA,7,8294.08,345.59,2022-01-16,2024-11-22,1041.0,Low Value
4939,Brandon Hodges,Silver,NJ,6,8293.49,518.34,2022-02-06,2024-09-18,955.0,Low Value
3115,Emily Smith,Bronze,PA,7,8292.49,414.62,2022-04-09,2024-07-01,814.0,Low Value
4399,Michael Richardson,Gold,MI,4,8290.52,518.16,2022-02-25,2024-10-05,953.0,Low Value
4189,Thomas Stewart,Silver,WA,8,8287.05,394.62,2022-01-10,2024-11-09,1034.0,Low Value
2112,Briana Butler,Bronze,FL,3,8283.46,637.19,2022-10-04,2024-03-27,540.0,Low Value
7083,Charles Reese,Bronze,NJ,3,8282.07,752.92,2023-01-20,2024-08-23,581.0,Low Value
8665,Courtney Grimes,Gold,CA,8,8280.8,376.4,2022-04-06,2024-11-04,943.0,Low Value
5905,David Lyons,Gold,MO,9,8280.46,306.68,2023-04-26,2024-10-29,552.0,Low Value
966,Christopher Landry,Bronze,PA,9,8279.84,258.75,2022-08-05,2024-06-29,694.0,Low Value
2504,Caitlyn Walker,Gold,CA,6,8278.43,459.91,2022-01-09,2023-03-20,435.0,Low Value
9027,Jessica Butler,Gold,TX,6,8278.29,517.39,2022-02-02,2023-07-23,536.0,Low Value
1663,Christopher Simmons,Bronze,NJ,6,8273.38,359.71,2022-09-12,2024-08-11,699.0,Low Value
6227,Candace Collins,Bronze,AZ,6,8271.24,413.56,2022-02-01,2024-05-18,837.0,Low Value
7600,Scott Miller,Gold,VA,6,8268.16,413.41,2022-11-28,2024-12-12,745.0,Low Value
5709,Melinda Shepard,Bronze,AZ,6,8266.1,393.62,2022-01-01,2023-12-13,711.0,Low Value
7137,James Harris,Bronze,AZ,5,8264.99,486.18,2023-01-31,2024-12-18,687.0,Low Value
847,Donna Sawyer,Silver,NC,4,8262.23,486.01,2022-01-11,2024-01-11,730.0,Low Value
7401,Paul Sullivan,Silver,NJ,7,8262.06,413.1,2023-03-01,2024-07-24,511.0,Low Value
7493,Tiffany Pruitt,Bronze,CA,9,8257.5,330.3,2022-03-22,2024-12-06,990.0,Low Value
1733,Cody Lopez,Silver,OH,7,8254.39,358.89,2022-01-06,2024-05-10,855.0,Low Value
89,Kyle Roach,Bronze,NY,9,8254.23,284.63,2022-09-30,2024-10-05,736.0,Low Value
3360,John Roberts,Gold,CA,9,8253.49,330.14,2022-01-10,2024-02-21,772.0,Low Value
9749,David Brewer,Platinum,NJ,4,8249.45,515.59,2022-02-06,2024-06-30,875.0,Low Value
983,Daniel Fernandez,Bronze,NC,6,8248.54,434.13,2022-04-06,2024-05-12,767.0,Low Value
2646,Aaron Elliott,Silver,CA,6,8248.4,515.52,2022-05-05,2024-02-26,662.0,Low Value
5234,Joy Brown,Silver,MD,8,8247.75,317.22,2022-09-04,2024-11-26,814.0,Low Value
4684,Michael Navarro,Bronze,WI,7,8246.66,434.03,2022-01-12,2024-09-05,967.0,Low Value
1760,Charles Jackson,Platinum,TN,4,8241.75,749.25,2022-01-14,2023-12-25,710.0,Low Value
1892,Brandon Padilla,Gold,CA,8,8235.07,343.13,2022-11-09,2023-12-26,412.0,Low Value
3933,Katie Powell,Platinum,FL,6,8231.04,433.21,2022-01-16,2024-04-29,834.0,Low Value
7144,Nicholas Jacobs,Gold,IL,7,8228.65,342.86,2022-01-17,2024-03-26,799.0,Low Value
715,Kirk Valdez,Silver,AZ,8,8226.0,304.67,2022-01-14,2024-10-10,1000.0,Low Value
4902,Oscar Hernandez,Silver,NY,5,8226.0,514.13,2022-01-12,2024-12-18,1071.0,Low Value
8552,Juan Young,Platinum,NY,7,8224.79,373.85,2022-10-26,2024-09-01,676.0,Low Value
1637,Danielle Martinez,Platinum,TN,8,8224.09,483.77,2023-03-06,2024-11-19,624.0,Low Value
6008,Joshua Cox,Gold,WI,6,8222.46,456.8,2022-04-14,2024-12-20,981.0,Low Value
6938,Melissa Anderson,Gold,WA,9,8219.65,373.62,2022-05-21,2024-08-08,810.0,Low Value
9,Katie Anderson,Bronze,PA,6,8217.98,456.55,2022-03-21,2024-09-24,918.0,Low Value
5317,Carolyn Stephenson,Bronze,PA,7,8216.59,456.48,2022-10-15,2024-12-25,802.0,Low Value
7856,Christina Riley,Silver,WA,5,8213.52,456.31,2022-06-26,2024-07-04,739.0,Low Value
8936,Elizabeth Scott,Silver,NY,6,8211.68,410.58,2022-04-27,2024-08-13,839.0,Low Value
8905,Karen Davis,Bronze,NY,8,8205.87,328.23,2022-02-04,2024-09-21,960.0,Low Value
5128,Michael Guerrero,Silver,OH,5,8205.26,683.77,2022-01-09,2024-02-09,761.0,Low Value
421,Meagan Howe,Platinum,FL,5,8204.48,482.62,2022-01-07,2024-02-09,763.0,Low Value
544,Wyatt Trevino,Platinum,NY,7,8202.98,356.65,2022-03-07,2024-11-17,986.0,Low Value
6652,Veronica Meyer,Silver,MI,9,8202.62,341.78,2022-01-25,2023-12-19,693.0,Low Value
9321,Daniel Baker,Bronze,WI,4,8202.0,630.92,2022-01-20,2023-01-04,349.0,Low Value
4056,Wayne Young,Bronze,NJ,6,8197.78,585.56,2022-03-17,2024-11-09,968.0,Low Value
325,Edward Jennings,Gold,VA,7,8195.53,390.26,2022-02-22,2024-09-28,949.0,Low Value
1492,Charles Ryan,Bronze,MO,5,8195.1,546.34,2023-01-15,2024-08-04,567.0,Low Value
5845,Emma Richardson,Silver,IL,6,8193.98,455.22,2022-01-24,2024-11-09,1020.0,Low Value
1169,Rickey Lee,Silver,CA,4,8190.48,744.59,2022-02-06,2024-02-27,751.0,Low Value
4293,Janet Lloyd,Gold,IN,7,8189.11,431.01,2022-10-10,2024-09-02,693.0,Low Value
1667,Alyssa Cortez,Gold,AZ,7,8186.14,430.85,2022-06-20,2024-08-12,784.0,Low Value
6931,Elizabeth Anderson,Silver,OH,8,8180.46,389.55,2022-07-25,2024-12-08,867.0,Low Value
5402,Jerry Williams,Gold,VA,7,8180.4,389.54,2022-06-13,2024-12-12,913.0,Low Value
772,Brian Hahn,Bronze,MO,7,8177.23,511.08,2022-04-07,2024-03-07,700.0,Low Value
3688,Christine Martin,Silver,VA,5,8176.68,545.11,2022-01-11,2024-07-31,932.0,Low Value
9056,Erin Peck,Bronze,OH,5,8176.25,584.02,2022-01-28,2024-06-27,881.0,Low Value
8803,Robert Gutierrez,Bronze,MO,2,8174.31,743.12,2022-09-27,2023-03-23,177.0,Low Value
6582,Ricky Barr,Bronze,AZ,7,8174.17,371.55,2022-04-16,2024-05-21,766.0,Low Value
2633,Kristy Hall,Bronze,IL,4,8173.75,430.2,2022-02-18,2024-10-01,956.0,Low Value
826,Troy Arnold,Silver,WA,8,8172.45,371.47,2022-01-05,2023-06-05,516.0,Low Value
3514,William Sandoval,Silver,MO,5,8171.68,510.73,2022-11-10,2024-06-17,585.0,Low Value
270,Jason Thompson,Silver,NJ,8,8171.19,314.28,2022-10-21,2024-07-24,642.0,Low Value
7004,Samantha Jones,Bronze,FL,6,8171.06,583.65,2022-11-22,2024-11-24,733.0,Low Value
5643,Denise Shah,Silver,PA,5,8170.65,1021.33,2022-02-05,2024-04-07,792.0,Low Value
4271,Angela Sosa,Gold,TX,6,8168.81,480.52,2022-08-08,2024-12-30,875.0,Low Value
9081,Joseph Jennings,Platinum,OH,5,8166.02,371.18,2022-06-11,2024-09-28,840.0,Low Value
9618,Connor Dickson,Bronze,TX,3,8163.19,627.94,2022-03-24,2024-10-12,933.0,Low Value
3479,Jacob Thomas,Bronze,GA,7,8162.05,388.67,2022-05-12,2024-07-10,790.0,Low Value
235,Kevin Walker,Silver,MA,5,8161.15,370.96,2022-01-31,2024-07-24,905.0,Low Value
3001,Denise Tran,Bronze,GA,5,8159.28,326.37,2022-02-25,2024-08-25,912.0,Low Value
7842,James Gilbert,Silver,FL,5,8157.51,582.68,2022-02-25,2023-03-19,387.0,Low Value
6374,Jessica Patel,Silver,FL,8,8155.31,370.7,2022-08-18,2024-04-18,609.0,Low Value
4996,Chad Mitchell,Silver,NC,6,8151.71,509.48,2022-01-17,2024-07-04,899.0,Low Value
8929,Curtis Green,Gold,TX,8,8149.77,354.34,2022-06-05,2024-10-10,858.0,Low Value
7959,Tiffany Johnson,Bronze,VA,9,8148.2,220.22,2023-05-16,2024-12-28,592.0,Low Value
5704,Timothy West,Silver,FL,7,8147.17,354.22,2022-03-09,2024-09-05,911.0,Low Value
6699,Brandon Robertson,Bronze,NY,5,8147.02,814.7,2022-06-06,2023-10-12,493.0,Low Value
1030,Michelle Tran,Platinum,NC,9,8146.51,339.44,2022-05-18,2024-09-22,858.0,Low Value
1818,Charles Jones,Bronze,OH,10,8145.23,280.87,2022-08-12,2024-12-29,870.0,Low Value
9819,James Adams,Bronze,WA,9,8145.16,301.67,2022-03-15,2024-07-09,847.0,Low Value
2008,Julie Martinez,Silver,MO,5,8143.94,509.0,2023-04-24,2024-04-15,357.0,Low Value
7409,Andres Silva,Bronze,NC,5,8139.77,581.41,2022-03-13,2023-07-15,489.0,Low Value
4596,Christopher Shaw,Bronze,NJ,7,8136.66,353.77,2022-03-15,2024-09-08,908.0,Low Value
8817,Gina Hayes,Gold,WI,9,8134.42,369.75,2022-01-07,2024-12-22,1080.0,Low Value
4315,William Taylor,Bronze,IL,6,8133.03,508.31,2022-05-19,2024-10-23,888.0,Low Value
7896,Brett Mckinney,Gold,TX,8,8132.17,478.36,2022-03-07,2024-11-29,998.0,Low Value
1745,Sheila Mccoy,Bronze,GA,5,8128.61,903.18,2022-04-27,2023-10-22,543.0,Low Value
6094,Benjamin Mills,Silver,TN,10,8125.26,325.01,2022-03-21,2023-12-24,643.0,Low Value
1542,Aaron Morris,Bronze,MO,7,8121.03,451.17,2022-05-15,2024-12-11,941.0,Low Value
6805,Kaitlyn Hood,Bronze,TX,7,8120.98,406.05,2022-03-02,2024-07-17,868.0,Low Value
5541,Lucas Castaneda,Bronze,IL,6,8117.64,352.94,2022-06-24,2024-10-07,836.0,Low Value
6010,Chelsea Matthews,Gold,NY,6,8116.57,338.19,2022-07-22,2024-12-19,881.0,Low Value
5367,Deborah Sullivan,Gold,FL,5,8115.57,450.87,2023-01-10,2024-10-28,657.0,Low Value
3347,David Cook,Silver,WI,7,8115.09,427.11,2022-12-03,2024-11-09,707.0,Low Value
4819,Marcus Mendoza,Gold,OH,5,8113.52,540.9,2022-03-07,2023-11-29,632.0,Low Value
4541,Virginia Blake,Bronze,GA,5,8113.31,737.57,2022-05-02,2024-08-26,847.0,Low Value
2867,Danielle Delgado,Bronze,MI,6,8113.18,386.34,2022-04-05,2024-07-12,829.0,Low Value
5185,Taylor Camacho,Platinum,MA,7,8109.5,368.61,2023-10-04,2024-09-26,358.0,Low Value
5672,Benjamin Bean,Bronze,OH,7,8107.44,324.3,2022-03-20,2024-10-14,939.0,Low Value
6932,Erika Mahoney,Bronze,TX,6,8106.81,506.68,2022-04-28,2024-05-19,752.0,Low Value
1037,Samantha King,Silver,FL,6,8106.68,506.67,2022-02-16,2024-08-27,923.0,Low Value
1699,Amy Lee,Bronze,PA,6,8105.23,385.96,2022-05-25,2024-08-21,819.0,Low Value
4822,Melanie Bond,Bronze,NJ,5,8104.36,426.55,2022-09-27,2024-07-02,644.0,Low Value
7730,Madison Brown,Bronze,TN,5,8103.85,450.21,2023-01-24,2024-06-23,516.0,Low Value
3986,Jennifer Neal,Gold,TX,11,8098.81,261.25,2022-02-10,2024-12-01,1025.0,Low Value
6076,Stephanie Schwartz,Bronze,CA,3,8094.0,674.5,2022-09-18,2024-04-10,570.0,Low Value
6619,Renee Cruz,Platinum,CA,5,8090.55,449.48,2022-01-15,2024-10-27,1016.0,Low Value
1144,Crystal Landry,Silver,MO,6,8088.25,539.22,2022-08-02,2024-07-10,708.0,Low Value
9147,Jeremiah Cruz,Gold,CA,4,8087.37,673.95,2022-08-19,2023-11-30,468.0,Low Value
5019,Audrey Miller,Bronze,MO,8,8085.82,385.04,2022-03-03,2024-12-25,1028.0,Low Value
236,Jonathan Evans,Silver,TX,4,8084.75,538.98,2022-01-25,2022-10-08,256.0,Low Value
7822,Rebekah Lewis,Silver,TX,8,8083.53,367.43,2022-01-30,2024-11-26,1031.0,Low Value
9680,Robert Lee,Gold,AZ,5,8082.66,673.55,2022-02-23,2024-08-17,906.0,Low Value
1630,Elizabeth Hudson,Platinum,WA,5,8079.85,504.99,2023-12-04,2024-12-18,380.0,Low Value
2111,Bryan Williams,Silver,PA,9,8079.27,351.27,2022-01-28,2024-11-20,1027.0,Low Value
4341,Daniel Allen,Bronze,MD,7,8076.11,504.76,2022-08-05,2024-05-06,640.0,Low Value
7373,Douglas Maldonado,Gold,VA,5,8067.9,537.86,2022-10-11,2024-09-13,703.0,Low Value
4188,Mary Lang,Bronze,MO,6,8067.34,350.75,2022-10-03,2024-07-03,639.0,Low Value
5222,Edward Zhang,Bronze,AZ,7,8066.86,474.52,2022-07-30,2024-12-17,871.0,Low Value
103,Erika Peters,Bronze,OH,8,8065.33,298.72,2022-07-03,2024-12-24,905.0,Low Value
8545,Steven Chen,Bronze,FL,6,8064.46,424.45,2022-10-06,2024-04-25,567.0,Low Value
4680,Brenda Simmons,Gold,MO,6,8064.34,620.33,2022-07-01,2024-01-05,553.0,Low Value
8912,Bonnie Weaver,Gold,AZ,9,8064.23,268.81,2022-01-14,2024-09-23,983.0,Low Value
9681,Stephanie Frank,Silver,FL,6,8061.53,298.58,2022-06-02,2024-05-02,700.0,Low Value
5618,Lisa Jones,Gold,AZ,5,8059.73,575.69,2022-10-02,2024-08-30,698.0,Low Value
2344,Richard Wise,Silver,NJ,4,8055.54,732.32,2022-07-12,2024-05-21,679.0,Low Value
4988,Rachael Snyder,Bronze,NC,10,8051.75,268.39,2022-03-09,2024-12-08,1005.0,Low Value
3641,Thomas Maddox,Bronze,NC,6,8049.38,423.65,2022-04-11,2024-06-25,806.0,Low Value
2530,Morgan Garrett,Gold,MD,6,8047.47,383.21,2022-06-16,2024-08-13,789.0,Low Value
8787,Jessica Stephens,Silver,VA,4,8047.32,574.81,2022-08-04,2024-12-03,852.0,Low Value
3751,Joseph Lindsey,Silver,WI,10,8045.7,402.28,2022-06-03,2024-08-08,797.0,Low Value
8146,David Moss,Silver,IL,7,8037.2,401.86,2022-04-29,2024-03-31,702.0,Low Value
9026,David Mckee,Silver,IN,7,8034.68,382.6,2022-09-18,2024-08-06,688.0,Low Value
5051,Joseph Harris,Silver,CA,5,8030.89,422.68,2022-10-26,2024-09-30,705.0,Low Value
692,Blake Jones,Bronze,VA,7,8030.67,349.16,2022-09-02,2024-09-06,735.0,Low Value
2984,Wayne Campbell,Bronze,NY,4,8028.54,573.47,2023-03-18,2024-06-23,463.0,Low Value
6355,Darlene Brown,Silver,NY,7,8026.01,382.19,2022-05-10,2024-12-08,943.0,Low Value
3000,Karina Dixon,Silver,FL,6,8025.59,472.09,2022-02-03,2024-10-26,996.0,Low Value
2695,Melissa Black,Bronze,IN,4,8021.9,729.26,2022-04-02,2024-05-16,775.0,Low Value
8221,Michael Foster,Gold,IL,7,8020.86,381.95,2022-03-23,2024-07-29,859.0,Low Value
938,Mark Doyle,Silver,AZ,4,8018.4,471.67,2022-06-27,2024-08-23,788.0,Low Value
1789,Jacob Shah,Bronze,WA,7,8015.09,296.86,2022-04-29,2024-08-29,853.0,Low Value
6618,Anita Keith,Silver,WI,8,8013.15,348.4,2022-01-18,2024-11-29,1046.0,Low Value
8749,Angela Thomas,Silver,TX,8,8010.17,400.51,2022-06-17,2024-12-20,917.0,Low Value
3492,William Smith,Bronze,NC,5,8006.0,533.73,2022-06-09,2024-12-08,913.0,Low Value
3723,Brandi Mason,Bronze,WA,6,8002.09,615.55,2022-06-27,2024-10-26,852.0,Low Value
6139,Amanda Mcdonald,Silver,IL,7,7997.59,363.53,2022-04-01,2024-09-12,895.0,Low Value
2071,Seth Hansen,Silver,PA,9,7996.78,275.75,2022-02-04,2024-07-31,908.0,Low Value
3446,Sara Reyes,Gold,WA,5,7996.56,571.18,2022-09-01,2024-05-07,614.0,Low Value
2512,Ashley Williams,Bronze,TX,8,7993.47,333.06,2022-02-09,2024-11-28,1023.0,Low Value
8548,Karen Russell,Bronze,GA,4,7991.0,799.1,2023-04-13,2024-06-11,425.0,Low Value
2754,Danielle Madden,Gold,AZ,7,7990.45,443.91,2022-03-24,2024-12-01,983.0,Low Value
4338,John Rice,Silver,MA,6,7990.44,399.52,2022-03-20,2024-04-25,767.0,Low Value
5340,Catherine Brown,Bronze,IL,8,7988.44,420.44,2022-02-06,2024-12-31,1059.0,Low Value
8159,Brian Jenkins,Bronze,FL,5,7987.76,532.52,2022-07-15,2024-11-25,864.0,Low Value
6084,Christian Waller,Gold,MD,5,7984.79,665.4,2022-10-29,2024-12-24,787.0,Low Value
8699,Antonio Harris,Silver,GA,8,7984.16,362.92,2023-02-08,2024-08-13,552.0,Low Value
8219,Mark Johnson,Gold,WA,8,7983.12,347.09,2022-02-24,2024-03-12,747.0,Low Value
84,Todd Harris,Gold,MI,7,7978.0,469.29,2023-03-22,2024-12-17,636.0,Low Value
510,Colleen Sawyer,Silver,WI,6,7975.1,379.77,2022-12-01,2024-12-14,744.0,Low Value
395,Shannon King,Silver,IL,6,7973.59,284.77,2023-04-12,2024-11-02,570.0,Low Value
2234,Katherine Smith,Bronze,NY,5,7971.63,398.58,2022-03-02,2024-03-04,733.0,Low Value
1657,Sherry Perez,Silver,NC,9,7971.1,419.53,2022-04-16,2024-10-16,914.0,Low Value
6251,Dwayne Davis,Bronze,FL,6,7967.6,468.68,2022-04-20,2024-03-20,700.0,Low Value
6726,Wayne Brown,Silver,IN,6,7967.53,346.41,2022-05-07,2024-08-30,846.0,Low Value
6221,Lindsay Guzman,Gold,GA,8,7967.12,346.4,2022-02-25,2024-09-29,947.0,Low Value
3236,Derrick Leonard,Gold,PA,5,7966.76,398.34,2022-10-17,2024-08-09,662.0,Low Value
8755,Monica Garcia,Gold,NJ,5,7965.56,663.8,2022-05-25,2024-08-01,799.0,Low Value
7513,Mark Zimmerman,Platinum,FL,6,7964.25,568.88,2022-04-08,2024-08-28,873.0,Low Value
4886,Derek Yates,Gold,NY,7,7952.83,418.57,2023-01-03,2024-11-06,673.0,Low Value
8756,Rebekah Roman,Silver,CA,9,7952.24,397.61,2022-03-28,2024-12-16,994.0,Low Value
4379,Todd Green,Platinum,GA,5,7952.15,345.75,2022-10-19,2024-11-16,759.0,Low Value
2173,Brandon Nichols,Gold,TX,6,7951.16,265.04,2023-03-03,2024-06-11,466.0,Low Value
2588,Jessica Diaz,Silver,FL,6,7949.28,397.46,2022-01-13,2024-12-10,1062.0,Low Value
7040,Amy Underwood,Gold,TN,6,7949.28,467.6,2022-01-27,2024-10-03,980.0,Low Value
3969,Donna Perkins,Bronze,MD,6,7949.12,496.82,2023-02-27,2024-10-19,600.0,Low Value
1761,Ray Scott,Gold,MA,7,7949.06,361.32,2022-10-08,2024-05-24,594.0,Low Value
9506,Shari Lewis,Bronze,MO,5,7947.84,361.27,2022-03-20,2024-08-17,881.0,Low Value
2127,Kylie Hill,Gold,IN,6,7946.54,467.44,2022-01-24,2024-07-15,903.0,Low Value
3697,Andrew Rodriguez,Silver,MI,7,7945.79,345.47,2022-08-25,2024-09-08,745.0,Low Value
7268,Charles Atkins,Bronze,IN,6,7940.97,360.95,2022-01-03,2024-10-29,1030.0,Low Value
7119,Carl Moore,Gold,MD,7,7940.54,317.62,2023-01-08,2024-07-12,551.0,Low Value
7020,Christina Sloan,Bronze,AZ,4,7936.12,610.47,2023-01-17,2024-12-10,693.0,Low Value
8136,Nicole Wagner,Bronze,WA,5,7934.43,528.96,2022-12-21,2024-09-09,628.0,Low Value
1300,Sheila Thomas,Bronze,IN,4,7934.29,610.33,2022-06-12,2024-10-30,871.0,Low Value
2020,Tyler Mitchell,Silver,TN,3,7930.93,1321.82,2022-07-29,2024-12-19,874.0,Low Value
5121,Brenda Sullivan,Silver,GA,5,7923.96,528.26,2022-04-16,2024-08-21,858.0,Low Value
6637,David Ruiz,Gold,IL,8,7923.68,344.51,2022-04-12,2024-10-26,928.0,Low Value
6286,Isaiah Odonnell,Bronze,OH,4,7920.83,792.08,2023-04-06,2024-11-23,597.0,Low Value
72,Devin Mitchell,Silver,WI,7,7919.9,396.0,2022-04-29,2024-12-11,957.0,Low Value
1700,Keith Hernandez,Bronze,FL,5,7916.06,494.75,2022-10-22,2024-06-24,611.0,Low Value
261,Kimberly Thomas,Silver,IL,5,7912.48,565.18,2022-09-21,2024-03-03,529.0,Low Value
6886,Scott Doyle,Gold,MO,5,7909.96,395.5,2022-09-05,2024-11-08,795.0,Low Value
6320,Taylor French,Silver,CA,4,7908.94,988.62,2022-04-14,2023-11-21,586.0,Low Value
2373,George Mann,Silver,OH,4,7908.81,718.98,2022-02-11,2022-12-20,312.0,Low Value
1063,Samantha Barrett,Platinum,VA,10,7907.95,359.45,2022-01-12,2024-09-14,976.0,Low Value
3958,Alexander Vincent,Bronze,FL,12,7905.93,225.88,2022-07-06,2024-10-02,819.0,Low Value
1535,Lisa Peterson,Gold,MA,5,7905.26,564.66,2022-03-20,2023-12-07,627.0,Low Value
1764,Jacob Thomas,Platinum,AZ,8,7901.51,303.9,2022-08-25,2024-12-14,842.0,Low Value
7460,Kayla Lane,Gold,WA,7,7900.24,493.76,2022-06-30,2024-11-12,866.0,Low Value
2263,Amanda Holt,Silver,NJ,7,7899.95,292.59,2023-02-08,2024-12-27,688.0,Low Value
696,Carolyn Hale,Platinum,AZ,7,7896.96,292.48,2022-02-23,2024-10-08,958.0,Low Value
53,Christopher Lewis,Platinum,NY,5,7895.63,526.38,2023-02-21,2024-08-03,529.0,Low Value
9491,Erin Thomas,Platinum,MD,5,7894.69,394.73,2022-10-07,2024-03-01,511.0,Low Value
3154,Kenneth Lopez,Platinum,OH,7,7892.93,375.85,2022-10-29,2024-04-04,523.0,Low Value
5314,Mercedes Mcbride,Bronze,TN,6,7890.51,657.54,2022-05-15,2024-06-10,757.0,Low Value
9785,Kenneth Allen,Gold,TX,7,7890.19,315.61,2022-02-09,2024-09-23,957.0,Low Value
8997,Steven Thomas,Silver,NJ,8,7885.37,358.43,2022-08-01,2024-12-01,853.0,Low Value
5908,Debra Thompson,Bronze,NY,8,7885.12,375.48,2022-05-20,2024-11-24,919.0,Low Value
9759,Richard Rogers,Bronze,PA,5,7884.48,563.18,2022-04-12,2024-10-28,930.0,Low Value
1069,Whitney Wright,Silver,CA,3,7880.2,656.68,2022-05-22,2024-01-02,590.0,Low Value
202,Douglas Aguilar,Platinum,WI,6,7879.61,463.51,2022-07-08,2024-12-28,904.0,Low Value
1717,Jane Knight,Silver,NJ,8,7867.18,414.06,2022-06-09,2024-12-05,910.0,Low Value
1433,Michael Wyatt,Bronze,MI,12,7866.72,271.27,2022-01-30,2024-06-27,879.0,Low Value
9161,Holly Allen,Platinum,MI,6,7866.66,561.9,2022-01-27,2024-02-23,757.0,Low Value
2256,Nicholas Cox,Bronze,IN,6,7866.37,462.73,2022-09-23,2024-05-07,592.0,Low Value
4975,Andrew Pitts,Bronze,MA,7,7864.24,491.51,2022-02-08,2024-09-24,959.0,Low Value
4659,Lauren Jennings,Gold,NJ,7,7864.16,231.3,2022-12-19,2024-04-15,483.0,Low Value
2313,Hector Morrison,Bronze,MD,6,7863.02,413.84,2022-03-14,2024-05-02,780.0,Low Value
8147,Antonio Brennan,Platinum,CA,5,7861.11,714.65,2023-05-29,2024-08-29,458.0,Low Value
7768,Catherine Thomas,Gold,OH,6,7860.51,561.47,2022-03-27,2024-10-10,928.0,Low Value
9252,Howard Jones,Silver,PA,5,7858.83,436.6,2022-01-24,2024-04-06,803.0,Low Value
2302,William Taylor,Bronze,WI,7,7850.61,356.85,2022-05-11,2024-03-31,690.0,Low Value
9806,Noah Lee,Silver,NJ,4,7850.45,560.75,2022-07-14,2024-02-12,578.0,Low Value
1302,Mark Randall,Bronze,IL,6,7846.27,523.08,2022-12-14,2024-09-07,633.0,Low Value
268,Troy Keller,Gold,TN,4,7844.19,522.95,2022-01-19,2024-05-16,848.0,Low Value
6525,Eugene Bentley,Silver,MA,9,7842.95,313.72,2022-04-05,2024-11-26,966.0,Low Value
6656,Mary Steele,Silver,AZ,7,7838.43,461.08,2022-03-09,2024-12-10,1007.0,Low Value
580,John Green,Gold,TN,3,7834.14,979.27,2022-11-13,2023-12-03,385.0,Low Value
5120,Jennifer Carroll,Silver,TN,9,7828.72,340.38,2022-01-26,2024-06-09,865.0,Low Value
2356,Adam Wilson,Bronze,CA,7,7824.75,372.61,2022-08-28,2024-08-23,726.0,Low Value
5812,Howard Hill,Bronze,PA,6,7823.34,460.2,2022-02-18,2024-05-29,831.0,Low Value
7441,Amy Logan,Bronze,TN,4,7822.79,434.6,2022-05-26,2024-11-13,902.0,Low Value
2778,Tammy Tapia,Bronze,MO,5,7821.93,391.1,2022-11-26,2024-08-25,638.0,Low Value
7279,Dylan Dennis,Bronze,GA,9,7820.3,252.27,2022-05-23,2024-08-21,821.0,Low Value
7866,Michael Fernandez,Bronze,MA,6,7818.62,411.51,2022-02-06,2024-11-25,1023.0,Low Value
4973,Anna Willis,Gold,CA,7,7817.53,558.39,2022-04-25,2024-10-05,894.0,Low Value
4604,Jessica Moore,Bronze,NY,4,7815.91,488.49,2022-08-17,2023-12-29,499.0,Low Value
3710,Kathy Reyes,Silver,NC,5,7815.69,521.05,2022-09-22,2024-07-21,668.0,Low Value
6782,Nathan Williams,Silver,IL,4,7814.99,521.0,2022-08-08,2023-07-05,331.0,Low Value
735,Ethan Walker,Bronze,TX,9,7813.47,312.54,2022-08-10,2024-12-07,850.0,Low Value
7244,Samantha Wells,Silver,OH,4,7812.38,781.24,2022-04-29,2024-06-06,769.0,Low Value
9020,Hunter Johnson,Bronze,OH,4,7810.1,520.67,2022-08-25,2024-12-29,857.0,Low Value
193,Deborah Bernard,Bronze,NJ,4,7799.49,410.5,2023-04-16,2024-09-09,512.0,Low Value
7226,Melissa Peters,Silver,NJ,9,7796.63,354.39,2022-06-01,2024-09-20,842.0,Low Value
813,Jerry Cole,Gold,WI,8,7793.9,432.99,2022-11-20,2024-10-01,681.0,Low Value
649,Chad Aguilar,Gold,VA,5,7792.39,519.49,2023-04-18,2024-10-14,545.0,Low Value
9794,James Gordon,Bronze,IN,5,7791.96,458.35,2023-02-27,2024-12-12,654.0,Low Value
2937,Patricia Morrison,Silver,TX,6,7790.93,556.5,2023-06-20,2024-04-20,305.0,Low Value
821,Mary Guerrero,Silver,NC,5,7785.21,486.58,2022-02-19,2023-11-08,627.0,Low Value
9223,Jason Green,Gold,FL,5,7784.33,486.52,2022-01-03,2024-02-21,779.0,Low Value
1940,Ronald Dyer,Silver,NJ,7,7781.62,518.77,2022-04-22,2023-08-19,484.0,Low Value
7698,Daniel Green,Gold,AZ,5,7779.89,648.32,2022-01-04,2024-05-19,866.0,Low Value
9926,Heather Park,Gold,AZ,7,7779.55,353.62,2022-04-25,2024-07-08,805.0,Low Value
8956,Michael Nielsen,Gold,MO,5,7779.27,648.27,2023-01-19,2024-04-09,446.0,Low Value
1446,Holly Nelson,Bronze,PA,2,7778.49,864.28,2022-06-07,2024-03-19,651.0,Low Value
3036,Jeffrey Mason,Silver,FL,4,7777.93,707.08,2022-05-11,2024-01-03,602.0,Low Value
6590,Mary Woods,Bronze,MD,4,7775.29,518.35,2023-05-21,2024-02-06,261.0,Low Value
3341,Haley Kent,Gold,WI,7,7775.04,338.05,2022-12-11,2024-11-03,693.0,Low Value
397,Austin Leonard,Gold,NY,6,7769.7,388.49,2022-08-04,2024-10-15,803.0,Low Value
9591,Mary Hanson,Gold,WA,11,7769.66,250.63,2022-04-08,2024-11-26,963.0,Low Value
7117,Tonya Howard,Silver,NJ,8,7769.43,323.73,2022-08-23,2024-07-22,699.0,Low Value
9173,April Roy,Gold,NC,5,7769.09,353.14,2022-08-26,2024-05-19,632.0,Low Value
2802,Michele Sosa,Silver,MI,4,7766.07,647.17,2023-05-21,2024-07-19,425.0,Low Value
372,Jeffrey Baird,Silver,MD,8,7765.23,323.55,2022-01-18,2024-12-01,1048.0,Low Value
2052,Melanie Stevens,Gold,WI,5,7761.12,554.37,2022-06-06,2024-12-25,933.0,Low Value
1193,Douglas Chambers,Bronze,FL,5,7760.07,456.47,2022-12-09,2024-09-27,658.0,Low Value
872,Rick Tucker,Gold,WA,4,7759.53,862.17,2022-06-05,2023-03-14,282.0,Low Value
3939,Tanya Adams,Bronze,NJ,7,7758.31,408.33,2022-08-19,2024-03-26,585.0,Low Value
8888,Amanda Taylor,Bronze,GA,5,7756.62,387.83,2022-02-26,2024-09-05,922.0,Low Value
811,Robert Anderson,Bronze,NJ,7,7755.45,352.52,2022-06-14,2024-10-06,845.0,Low Value
4187,James Oneal,Bronze,VA,6,7754.41,352.47,2022-02-28,2024-11-25,1001.0,Low Value
6439,Nathan Contreras,Bronze,TN,9,7752.6,276.88,2023-06-11,2024-11-03,511.0,Low Value
4485,Joseph Jones,Bronze,CA,10,7752.33,228.01,2022-04-25,2024-12-14,964.0,Low Value
2368,Michelle Neal,Bronze,VA,9,7749.38,352.24,2022-05-20,2024-11-30,925.0,Low Value
3818,Alexander Martinez,Silver,VA,7,7749.37,322.89,2022-03-14,2024-03-19,736.0,Low Value
8002,Kristin Cole,Bronze,GA,6,7747.92,336.87,2022-05-29,2024-08-17,811.0,Low Value
2801,Lisa Davenport,Bronze,NC,6,7746.65,352.12,2022-07-27,2024-03-14,596.0,Low Value
6621,Joshua Duke,Silver,MI,8,7743.47,407.55,2022-02-17,2024-10-13,969.0,Low Value
4658,Gerald Cox,Gold,OH,9,7742.74,276.53,2022-06-06,2024-10-04,851.0,Low Value
6261,Ellen Navarro,Silver,PA,10,7741.99,286.74,2022-08-11,2024-12-24,866.0,Low Value
9671,James Gonzalez,Bronze,MO,5,7740.03,552.86,2022-09-19,2024-10-05,747.0,Low Value
296,Carl Fletcher,Bronze,MI,6,7734.18,407.06,2022-06-28,2024-12-10,896.0,Low Value
3799,Eric Carlson,Silver,WI,7,7728.75,454.63,2022-11-14,2024-02-25,468.0,Low Value
6452,Kimberly Harris,Platinum,MD,8,7727.96,406.73,2022-08-07,2024-11-29,845.0,Low Value
5444,Francisco Edwards,Bronze,OH,4,7724.83,702.26,2023-08-03,2024-02-25,206.0,Low Value
4563,Suzanne Marshall,Gold,CA,4,7720.47,593.88,2022-03-02,2024-12-22,1026.0,Low Value
7099,Erin Rogers,Silver,GA,5,7720.18,386.01,2022-06-20,2023-07-04,379.0,Low Value
1908,Joanna Mitchell,Bronze,TN,6,7719.62,350.89,2022-11-13,2024-09-29,686.0,Low Value
1783,Dana Coleman,Bronze,MD,8,7717.38,453.96,2022-03-14,2024-12-13,1005.0,Low Value
2895,Gary Brown,Bronze,VA,5,7715.23,482.2,2022-01-11,2024-09-07,970.0,Low Value
9190,Trevor Hill,Gold,MA,7,7713.46,550.96,2022-05-10,2024-07-30,812.0,Low Value
4118,Paul Rogers,Platinum,VA,5,7712.98,308.52,2022-02-02,2024-09-18,959.0,Low Value
1570,Brandon Rojas,Platinum,CA,7,7711.78,296.61,2023-03-31,2024-09-03,522.0,Low Value
3753,Casey Smith,Silver,IN,8,7710.55,405.82,2022-04-26,2024-09-25,883.0,Low Value
9001,Amanda Allen,Silver,NC,4,7709.86,642.49,2022-07-08,2024-09-08,793.0,Low Value
9581,Amanda Harris,Gold,MA,5,7709.75,405.78,2022-06-14,2023-08-26,438.0,Low Value
596,Ryan Hill,Silver,WI,6,7707.34,321.14,2022-08-02,2024-11-16,837.0,Low Value
1021,Wendy West,Silver,NY,9,7706.88,275.25,2022-07-22,2024-11-27,859.0,Low Value
1250,Scott Navarro,Bronze,FL,9,7704.0,285.33,2022-01-12,2024-12-31,1084.0,Low Value
2561,Casey Krause,Bronze,TN,6,7703.89,513.59,2023-04-11,2024-08-29,506.0,Low Value
4475,Micheal Cook,Bronze,TX,6,7703.63,385.18,2022-09-06,2024-08-08,702.0,Low Value
3841,Emily York,Silver,NC,10,7703.49,285.31,2022-02-02,2024-12-03,1035.0,Low Value
3455,Benjamin Grant,Bronze,IL,10,7700.48,308.02,2022-04-23,2024-12-05,957.0,Low Value
4295,Michael Lopez,Bronze,WA,8,7697.74,334.68,2022-01-18,2024-11-17,1034.0,Low Value
2681,Isaac Oliver,Platinum,TN,2,7696.68,1539.34,2022-08-23,2023-10-06,409.0,Low Value
8156,Jennifer Roberts,Bronze,MD,6,7692.29,334.45,2022-02-03,2024-10-20,990.0,Low Value
457,Theresa Jacobs,Bronze,FL,7,7689.24,334.31,2022-07-24,2024-11-21,851.0,Low Value
2272,Michelle Murphy,Bronze,FL,9,7687.74,334.25,2022-01-30,2024-07-28,910.0,Low Value
8407,Mark Price,Silver,NJ,7,7684.53,365.93,2022-01-30,2024-12-18,1053.0,Low Value
4227,Tara Romero,Platinum,MA,5,7682.38,640.2,2023-01-07,2024-08-07,578.0,Low Value
3703,James Lewis,Silver,IL,8,7682.13,365.82,2022-01-28,2024-04-01,794.0,Low Value
1536,Karen Kirby,Bronze,PA,6,7681.97,334.0,2022-09-07,2024-08-18,711.0,Low Value
105,Kevin Stout,Bronze,TX,9,7681.38,480.09,2022-03-10,2024-10-05,940.0,Low Value
746,Jennifer Payne,Gold,NC,5,7680.35,480.02,2022-03-08,2024-08-07,883.0,Low Value
3671,Andrea Briggs,Silver,MI,6,7678.86,333.86,2022-05-26,2024-12-16,935.0,Low Value
812,Calvin Ramos,Bronze,MI,7,7664.2,306.57,2022-10-17,2024-02-09,480.0,Low Value
6456,Kyle Marshall,Bronze,MD,6,7663.55,383.18,2022-10-24,2024-06-01,586.0,Low Value
1854,Michael Rice,Silver,AZ,8,7662.92,333.17,2022-12-13,2024-09-25,652.0,Low Value
8916,Jessica Swanson,Silver,MA,4,7661.43,696.49,2022-10-05,2024-10-23,749.0,Low Value
8857,Brandy Simmons,Silver,OH,7,7658.22,348.1,2022-02-05,2024-07-09,885.0,Low Value
2444,Jackie Woods,Silver,AZ,5,7657.52,546.97,2022-05-18,2024-09-07,843.0,Low Value
9133,Annette Burke,Silver,OH,7,7656.09,306.24,2022-08-08,2024-11-27,842.0,Low Value
6229,Amanda Davis,Bronze,MO,6,7652.01,382.6,2022-03-11,2024-11-14,979.0,Low Value
5719,Frank Sheppard,Silver,WA,5,7650.75,450.04,2022-12-22,2024-12-24,733.0,Low Value
1066,Joseph Nguyen,Gold,PA,7,7650.31,450.02,2023-09-02,2024-12-25,480.0,Low Value
1223,Brooke Little,Bronze,TN,6,7650.12,347.73,2022-02-14,2024-10-28,987.0,Low Value
7944,Stacy Sullivan,Gold,TX,4,7649.67,402.61,2022-05-17,2023-12-30,592.0,Low Value
1928,Matthew Rodriguez,Bronze,NY,7,7648.48,332.54,2023-03-12,2024-12-06,635.0,Low Value
253,Shawn Ramos,Bronze,NY,7,7644.92,382.25,2022-03-30,2024-04-19,751.0,Low Value
9586,Kimberly Wright,Bronze,NJ,6,7642.34,477.65,2022-02-03,2024-12-02,1033.0,Low Value
6294,Lindsay Chen,Silver,NJ,6,7640.22,449.42,2022-07-04,2024-03-23,628.0,Low Value
2163,Robert Newman,Bronze,IL,6,7638.46,381.92,2022-09-15,2024-08-30,715.0,Low Value
1469,Victor Reeves,Bronze,MI,7,7637.21,282.86,2022-01-07,2024-09-22,989.0,Low Value
8313,Angela Moreno,Bronze,VA,7,7635.93,401.89,2022-02-11,2024-10-03,965.0,Low Value
1348,Taylor White,Silver,PA,7,7635.34,477.21,2022-01-06,2024-08-30,967.0,Low Value
5405,Mckenzie Rivers,Bronze,NJ,4,7632.57,508.84,2022-05-01,2023-07-29,454.0,Low Value
3683,Sarah Andrews,Gold,TN,7,7632.26,381.61,2022-02-16,2024-08-29,925.0,Low Value
7333,Keith Hall,Gold,WA,4,7630.69,586.98,2023-02-19,2024-03-24,399.0,Low Value
6162,Lynn Moore,Silver,NC,8,7628.22,423.79,2022-05-14,2024-10-13,883.0,Low Value
7723,Valerie Guerrero,Bronze,WI,3,7624.22,693.11,2023-07-04,2024-11-30,515.0,Low Value
7934,Vincent Gibbs,Gold,OH,4,7622.41,448.38,2022-10-13,2024-10-23,741.0,Low Value
5470,Stephanie Turner,Silver,VA,5,7619.7,380.99,2022-01-11,2024-07-26,927.0,Low Value
8533,Jackson Elliott,Gold,WA,10,7618.39,282.16,2022-01-09,2024-12-28,1084.0,Low Value
1435,Marc Smith,Bronze,IL,6,7616.53,346.21,2022-02-10,2024-10-06,969.0,Low Value
4213,Andrew Johnson,Bronze,NJ,7,7613.09,422.95,2022-08-15,2024-07-26,711.0,Low Value
3645,Michael Hansen,Silver,MA,2,7612.12,761.21,2023-11-26,2024-08-14,262.0,Low Value
8452,Jonathan Buchanan,Platinum,IN,11,7611.63,253.72,2022-08-13,2024-12-17,857.0,Low Value
9330,Alison Todd,Gold,MD,7,7605.61,422.53,2022-06-17,2024-01-31,593.0,Low Value
3390,Sarah Little,Bronze,OH,6,7604.46,475.28,2023-01-08,2024-10-10,641.0,Low Value
1260,Carolyn Brown,Bronze,MI,6,7604.03,400.21,2022-04-29,2024-01-23,634.0,Low Value
871,Ross Hunter,Silver,MO,6,7602.18,475.14,2022-07-19,2024-11-06,841.0,Low Value
111,Tiffany Dickson,Silver,CA,6,7602.01,316.75,2022-07-16,2024-07-16,731.0,Low Value
4191,Andrew Hudson,Bronze,MI,6,7601.58,400.08,2022-08-06,2024-09-06,762.0,Low Value
5503,Jennifer Bennett,Silver,MI,8,7596.12,345.28,2022-01-03,2024-12-19,1081.0,Low Value
3363,Jennifer Walker,Bronze,MO,9,7595.19,281.3,2022-04-22,2024-11-17,940.0,Low Value
446,Jeffrey Sanford,Silver,PA,7,7594.9,379.75,2022-06-19,2024-07-10,752.0,Low Value
2103,Courtney Aguilar,Gold,TX,7,7592.09,330.09,2022-06-17,2024-10-02,838.0,Low Value
9120,James Jackson,Silver,CA,10,7589.85,291.92,2022-03-12,2024-09-24,927.0,Low Value
7502,Steve Blanchard,Bronze,MI,6,7586.85,421.49,2022-12-25,2024-06-14,537.0,Low Value
9071,Rebekah Evans,Platinum,MA,4,7586.09,505.74,2022-02-14,2024-03-14,759.0,Low Value
302,Erica Wilson,Bronze,NJ,8,7582.67,361.08,2022-07-17,2024-07-17,731.0,Low Value
1401,Brian Williamson,Bronze,TX,7,7581.19,344.6,2022-03-15,2024-03-13,729.0,Low Value
4760,Nathaniel Johnson,Bronze,VA,7,7580.88,291.57,2022-05-29,2024-09-29,854.0,Low Value
6935,Amy Wright,Silver,NJ,9,7579.38,252.65,2022-01-11,2024-12-09,1063.0,Low Value
1097,Jenna Schmitt,Silver,GA,7,7577.56,360.84,2022-04-13,2024-10-26,927.0,Low Value
9444,Angela Wilson,Bronze,VA,6,7577.51,582.89,2022-01-13,2024-10-17,1008.0,Low Value
7535,Eric Davis,Bronze,MO,5,7576.67,541.19,2022-04-03,2024-02-29,697.0,Low Value
8208,Krista Carroll,Bronze,MI,6,7576.17,291.39,2022-09-08,2024-12-19,833.0,Low Value
7853,Larry Newton,Bronze,NJ,7,7571.09,420.62,2022-02-06,2024-06-14,859.0,Low Value
1143,Brett Rice,Bronze,OH,4,7565.76,472.86,2022-03-09,2024-09-16,922.0,Low Value
8644,Darren Johnson,Silver,WI,5,7564.19,378.21,2022-12-16,2024-12-01,716.0,Low Value
5082,Parker Fisher,Silver,AZ,7,7561.57,397.98,2022-05-25,2024-07-02,769.0,Low Value
5497,Eduardo Turner,Bronze,VA,5,7559.87,444.7,2022-04-26,2024-10-28,916.0,Low Value
8779,Jonathan Martin,Bronze,VA,5,7556.79,419.82,2022-01-05,2023-10-17,650.0,Low Value
69,Lisa Martin,Silver,NY,8,7556.77,472.3,2022-05-06,2024-10-08,886.0,Low Value
9036,Jacob Schultz,Gold,VA,8,7556.18,343.46,2022-01-30,2024-06-13,865.0,Low Value
2236,Brenda Curry,Platinum,PA,6,7552.8,377.64,2023-02-20,2024-11-02,621.0,Low Value
8341,Carmen Williams,Gold,PA,8,7552.41,269.73,2022-05-06,2024-07-15,801.0,Low Value
222,Jeremy Davis,Silver,WI,4,7550.76,444.16,2022-05-28,2024-03-08,650.0,Low Value
845,Melanie Ibarra,Platinum,FL,6,7549.43,377.47,2022-01-11,2023-10-04,631.0,Low Value
8687,John Mckenzie,Platinum,WI,4,7548.15,539.15,2022-07-16,2024-12-10,878.0,Low Value
5312,Kenneth Perez,Bronze,GA,7,7547.58,279.54,2023-03-10,2024-09-15,555.0,Low Value
7139,Angelica Martinez,Gold,MO,4,7544.3,328.01,2022-01-07,2024-08-15,951.0,Low Value
8141,Christopher Stanley,Silver,OH,6,7540.98,685.54,2022-02-12,2023-05-15,457.0,Low Value
9874,James Tate,Silver,NC,6,7539.56,471.22,2022-05-14,2024-11-05,906.0,Low Value
8789,Gabriella Johnson,Silver,WA,7,7534.09,538.15,2022-03-08,2024-11-04,972.0,Low Value
6056,Gabrielle Lee,Silver,OH,9,7524.49,342.02,2022-06-08,2024-07-07,760.0,Low Value
7947,William Perez,Platinum,NY,5,7523.35,537.38,2023-06-05,2024-12-24,568.0,Low Value
1428,Katie Vega,Bronze,AZ,7,7517.1,469.82,2022-12-07,2024-05-21,531.0,Low Value
6244,Kimberly Fernandez,Bronze,TN,4,7513.66,683.06,2023-05-08,2024-12-06,578.0,Low Value
405,Brooke Hernandez,Bronze,WA,5,7511.94,469.5,2022-05-07,2023-11-15,557.0,Low Value
9331,Alex Cline,Bronze,OH,7,7509.96,268.21,2022-03-25,2024-12-12,993.0,Low Value
7985,Devin Parrish,Bronze,MI,9,7508.95,288.81,2022-10-22,2024-09-30,709.0,Low Value
9884,Nicole Fernandez,Bronze,FL,8,7508.76,417.15,2022-01-07,2024-12-23,1081.0,Low Value
4407,William Waller,Bronze,TN,7,7507.12,395.11,2022-01-27,2023-10-27,638.0,Low Value
9233,Matthew Rodriguez,Silver,VA,6,7505.63,375.28,2022-01-02,2024-12-08,1071.0,Low Value
7467,Kathryn Hampton,Bronze,TX,8,7505.27,326.32,2022-03-08,2024-11-20,988.0,Low Value
2925,Blake Sims,Bronze,FL,3,7505.01,625.42,2022-10-16,2024-09-06,691.0,Low Value
8511,Sean Miller,Bronze,IL,8,7504.56,258.78,2022-03-20,2024-11-11,967.0,Low Value
8968,Brooke Walker,Platinum,IL,5,7501.52,625.13,2022-09-21,2024-02-12,509.0,Low Value
7836,Amy White,Gold,TX,9,7498.75,326.03,2022-04-15,2024-11-18,948.0,Low Value
6841,Christine Mcmahon,Gold,TN,7,7497.38,340.79,2023-02-17,2024-11-28,650.0,Low Value
5854,Dalton Campbell,Silver,TN,5,7497.33,468.58,2023-04-22,2024-07-06,441.0,Low Value
6597,Deanna Powell,Gold,TN,4,7496.92,416.5,2022-04-03,2024-10-13,924.0,Low Value
5032,Joanne Brown,Gold,CA,5,7495.78,356.94,2022-01-08,2024-05-20,863.0,Low Value
8235,Julian Ritter,Bronze,GA,7,7495.37,340.7,2022-01-11,2024-08-18,950.0,Low Value
9966,Jonathan Dorsey,Bronze,AZ,8,7491.79,340.54,2022-02-23,2024-12-22,1033.0,Low Value
4911,Jessica Gonzalez,Gold,CA,5,7491.66,499.44,2022-02-08,2024-10-05,970.0,Low Value
366,Christina Nguyen,Gold,CA,7,7490.13,440.6,2022-05-08,2024-08-24,839.0,Low Value
7374,Melissa Phillips,Silver,GA,6,7486.64,415.92,2022-06-06,2024-11-08,886.0,Low Value
2352,Jennifer Hall,Silver,AZ,4,7479.45,1068.49,2022-03-26,2023-12-04,618.0,Low Value
5240,Michael Hughes,Silver,MI,6,7476.21,415.35,2022-05-11,2024-11-12,916.0,Low Value
2141,Elizabeth Little,Gold,MD,6,7474.53,324.98,2023-06-07,2024-12-27,569.0,Low Value
1720,Antonio Moran,Bronze,WA,6,7474.21,373.71,2022-07-31,2024-04-16,625.0,Low Value
4974,Courtney Larson,Bronze,OH,7,7471.5,373.57,2022-03-15,2024-03-10,726.0,Low Value
7273,Sean Gonzalez,Platinum,MD,5,7467.82,574.45,2022-05-16,2024-03-05,659.0,Low Value
3726,Christopher Estrada,Bronze,IL,5,7467.16,678.83,2022-12-26,2024-10-31,675.0,Low Value
2813,Joe Black,Bronze,MD,5,7464.19,392.85,2022-08-27,2024-05-11,623.0,Low Value
3074,Anthony Moore,Bronze,MA,9,7463.6,392.82,2022-01-23,2024-12-25,1067.0,Low Value
7999,Jared Simmons,Silver,MA,5,7462.8,497.52,2023-01-30,2024-05-17,473.0,Low Value
7766,John Love,Silver,OH,5,7462.36,574.03,2022-03-25,2024-05-18,785.0,Low Value
7155,Jenna Rocha,Silver,FL,4,7461.2,573.94,2023-10-24,2024-12-30,433.0,Low Value
9255,Kristin Hancock,Bronze,FL,6,7460.51,355.26,2022-07-08,2024-11-01,847.0,Low Value
8807,Katherine Jarvis,Platinum,NJ,9,7460.0,339.09,2022-05-01,2024-11-11,925.0,Low Value
3228,Vanessa Henry,Gold,WA,4,7458.49,438.73,2022-06-17,2024-11-21,888.0,Low Value
4443,Sandra Blanchard,Bronze,TN,5,7456.62,372.83,2022-08-15,2024-09-19,766.0,Low Value
4824,Robin Tucker,Bronze,CA,5,7456.1,621.34,2022-02-01,2024-08-21,932.0,Low Value
8124,Margaret Long,Silver,IL,6,7455.68,438.57,2022-03-19,2024-10-10,936.0,Low Value
4146,Monique Garza,Gold,IN,5,7452.93,532.35,2022-01-12,2024-08-15,946.0,Low Value
5144,Jennifer George,Gold,OH,7,7452.93,496.86,2022-03-05,2024-04-22,779.0,Low Value
3441,Katie Miller,Bronze,VA,5,7452.1,621.01,2022-08-23,2024-11-17,817.0,Low Value
3119,Raymond Smith,Bronze,TX,5,7451.67,496.78,2022-04-16,2024-08-26,863.0,Low Value
5728,Timothy King,Bronze,WA,10,7450.15,310.42,2022-03-21,2024-06-07,809.0,Low Value
6459,Zachary Martin,Silver,MD,5,7449.5,438.21,2022-08-26,2024-04-14,597.0,Low Value
4562,Antonio Livingston,Gold,MD,4,7448.03,532.0,2023-02-04,2024-03-02,392.0,Low Value
5090,James James,Silver,FL,9,7443.54,286.29,2022-03-05,2024-06-21,839.0,Low Value
3457,Steven Powell,Silver,TX,3,7443.18,827.02,2023-03-25,2023-12-22,272.0,Low Value
6321,Lee Brady,Bronze,NC,7,7434.13,437.3,2022-05-15,2024-02-27,653.0,Low Value
8164,Gary Randolph,Bronze,GA,5,7431.91,571.69,2022-06-19,2024-03-11,631.0,Low Value
1270,Mackenzie Patton,Silver,IL,8,7429.1,437.01,2022-04-17,2024-12-28,986.0,Low Value
1682,Alicia Brown,Platinum,VA,5,7428.3,390.96,2022-02-23,2024-10-06,956.0,Low Value
6849,Kenneth Glass,Gold,AZ,7,7426.74,390.88,2022-01-29,2024-09-16,961.0,Low Value
9646,Patrick Rivera,Bronze,FL,6,7424.11,412.45,2022-08-16,2024-09-09,755.0,Low Value
204,Ronald Scott,Silver,WI,5,7423.7,390.72,2022-03-13,2024-11-25,988.0,Low Value
9487,David White,Bronze,IN,7,7422.62,390.66,2022-01-09,2024-04-10,822.0,Low Value
4209,Todd Thomas,Gold,AZ,5,7422.51,390.66,2022-04-29,2024-12-04,950.0,Low Value
1880,Arthur Cohen,Bronze,OH,8,7422.28,322.71,2022-01-01,2024-04-08,828.0,Low Value
8360,Tony Lawson,Bronze,IN,7,7420.99,494.73,2022-05-16,2024-11-18,917.0,Low Value
8323,John Hardy,Bronze,MD,7,7411.72,435.98,2023-03-25,2024-11-12,598.0,Low Value
5803,Paul Santiago,Bronze,IN,6,7411.12,390.06,2022-03-26,2024-12-02,982.0,Low Value
4581,Jessica Dickson,Silver,MA,6,7410.59,463.16,2022-04-27,2024-09-26,883.0,Low Value
230,Shawn Parsons,Gold,MA,10,7410.22,239.04,2022-09-05,2024-11-12,799.0,Low Value
5625,Larry Adams,Silver,PA,7,7408.48,389.92,2022-01-01,2024-10-26,1029.0,Low Value
7089,Timothy Estrada,Silver,MO,5,7407.76,352.75,2022-06-28,2024-01-02,553.0,Low Value
4001,Denise Sanchez,Bronze,VA,7,7407.7,411.54,2022-05-18,2024-10-29,895.0,Low Value
2158,Brianna Luna,Bronze,VA,8,7407.25,435.72,2022-04-27,2024-07-30,825.0,Low Value
2728,Sean Schneider,Platinum,IN,6,7406.3,370.31,2023-01-03,2024-04-28,481.0,Low Value
9867,Charles Odom,Gold,NC,5,7403.18,493.55,2022-06-10,2024-06-06,727.0,Low Value
9592,Megan Anderson,Gold,IN,7,7397.82,462.36,2022-01-09,2024-02-10,762.0,Low Value
8473,Lauren Luna,Silver,MA,9,7397.02,308.21,2022-11-17,2024-12-03,747.0,Low Value
1304,David Le,Bronze,IL,4,7394.8,462.18,2022-05-22,2024-02-11,630.0,Low Value
2714,Amy Holmes,Silver,MD,10,7390.78,254.85,2022-01-02,2024-08-31,972.0,Low Value
5881,Arthur Tate,Silver,OH,6,7388.64,388.88,2022-08-17,2024-02-02,534.0,Low Value
4957,Thomas Fernandez,Bronze,MO,5,7386.1,410.34,2022-01-20,2023-03-14,418.0,Low Value
6534,Tony Johnson,Gold,FL,7,7385.43,351.69,2022-04-06,2024-07-20,836.0,Low Value
3995,Stephanie Harper,Silver,MD,4,7385.17,492.34,2022-11-12,2024-08-19,646.0,Low Value
1234,Maria Edwards,Platinum,GA,5,7384.4,388.65,2022-06-04,2024-06-07,734.0,Low Value
1739,Donna Johnson,Bronze,OH,8,7381.87,295.27,2022-04-19,2024-04-10,722.0,Low Value
9051,Shawna Rogers,Bronze,IL,2,7377.07,1844.27,2022-05-04,2023-11-29,574.0,Low Value
719,Jason Cook,Silver,MI,6,7375.67,526.83,2022-02-25,2024-11-20,999.0,Low Value
9119,Emily Brock,Bronze,NY,6,7373.49,320.59,2022-01-04,2024-05-29,876.0,Low Value
6806,Jonathan Abbott,Bronze,IL,7,7372.9,460.81,2022-10-06,2024-05-08,580.0,Low Value
6347,Jeremy Olson,Silver,NC,7,7372.32,409.57,2022-02-03,2024-10-18,988.0,Low Value
9689,Valerie Miles,Silver,IL,7,7370.73,335.03,2022-03-11,2024-03-04,724.0,Low Value
3038,Jonathan Dunn,Silver,MA,6,7367.15,460.45,2022-06-18,2024-11-10,876.0,Low Value
9375,Alexandra Dean,Bronze,WI,4,7363.27,409.07,2022-10-30,2023-08-19,293.0,Low Value
394,Patrick Hopkins,Gold,MO,6,7361.33,368.07,2022-08-29,2024-12-06,830.0,Low Value
6265,Andrew Kennedy,Platinum,VA,2,7360.67,920.08,2022-07-15,2022-08-21,37.0,Low Value
2607,Jessica Watson,Bronze,MI,5,7360.5,368.02,2022-06-14,2024-09-06,815.0,Low Value
8224,Jennifer Bradley,Silver,IN,6,7358.07,490.54,2022-01-02,2023-10-05,641.0,Low Value
2365,Richard Odonnell,Bronze,GA,10,7355.09,272.41,2022-01-20,2024-11-05,1020.0,Low Value
2671,Tanya Gould,Gold,MD,6,7353.83,306.41,2022-05-25,2023-10-09,502.0,Low Value
1787,William Carney,Silver,MA,8,7352.58,306.36,2022-01-05,2024-09-23,992.0,Low Value
5655,Kayla Neal,Platinum,PA,7,7351.06,367.55,2022-05-23,2023-04-28,340.0,Low Value
4598,Michael Mccarthy,Platinum,PA,4,7350.82,668.26,2022-03-31,2024-08-17,870.0,Low Value
8143,Sean Evans,Silver,AZ,6,7350.56,432.39,2022-03-11,2024-04-07,758.0,Low Value
4123,Chelsea Stein,Gold,TX,10,7349.79,319.56,2022-07-25,2024-12-23,882.0,Low Value
8853,Jason James,Gold,VA,6,7347.19,333.96,2022-07-27,2024-11-26,853.0,Low Value
9496,Cindy Powell,Silver,NC,7,7344.85,367.24,2022-07-27,2024-11-13,840.0,Low Value
4316,Danielle Smith,Gold,MD,8,7340.92,282.34,2022-05-27,2024-08-04,800.0,Low Value
1872,Tara Malone,Gold,NY,4,7340.47,667.32,2022-01-05,2024-10-08,1007.0,Low Value
3384,Dennis Ford,Gold,WA,6,7339.94,333.63,2022-07-02,2024-02-22,600.0,Low Value
837,Tami Lee,Gold,MA,5,7338.43,489.23,2022-03-13,2024-08-05,876.0,Low Value
3787,James Hansen,Silver,NY,4,7337.7,524.12,2022-11-10,2024-08-23,652.0,Low Value
3764,Jason Barajas,Bronze,IN,5,7336.02,458.5,2023-01-29,2024-12-09,680.0,Low Value
6980,John Lee,Bronze,NJ,7,7333.95,333.36,2022-05-23,2024-11-19,911.0,Low Value
7603,Brittany Norris,Silver,CA,5,7333.16,611.1,2022-02-25,2024-07-20,876.0,Low Value
6047,Crystal Garcia,Silver,MO,3,7332.16,564.01,2022-03-04,2024-08-03,883.0,Low Value
5527,Derek Barnes,Gold,CA,7,7324.45,292.98,2022-01-22,2024-12-07,1050.0,Low Value
4474,Clayton Carroll,Bronze,OH,7,7324.26,348.77,2022-01-03,2024-07-15,924.0,Low Value
7160,Jesse Huff,Gold,WA,7,7322.99,292.92,2022-04-30,2024-07-16,808.0,Low Value
9693,Tanner Edwards,Silver,GA,6,7322.74,348.7,2022-06-15,2024-05-21,706.0,Low Value
2462,Alexandra Bennett,Bronze,FL,8,7322.5,332.84,2022-02-05,2024-12-19,1048.0,Low Value
4018,Tyler Owens,Bronze,WA,6,7322.25,366.11,2022-07-09,2024-10-22,836.0,Low Value
8081,Jose Turner,Platinum,MI,5,7321.09,488.07,2022-09-22,2024-09-17,726.0,Low Value
9079,Lauren Love,Silver,CA,5,7320.5,332.75,2022-05-30,2024-11-28,913.0,Low Value
62,Jane Mason,Bronze,WI,5,7316.8,457.3,2022-05-03,2023-10-07,522.0,Low Value
9797,Amy Pearson,Platinum,AZ,6,7307.72,292.31,2022-01-18,2024-11-02,1019.0,Low Value
7049,John Smith,Gold,TX,4,7298.06,521.29,2024-02-15,2024-08-30,197.0,Low Value
6615,Shawn Brooks,Silver,CA,8,7297.04,317.26,2022-02-19,2024-10-06,960.0,Low Value
5031,Heather Vasquez,Silver,MO,6,7296.65,405.37,2023-03-05,2024-08-13,527.0,Low Value
7404,Harry Thompson,Gold,AZ,5,7296.27,405.35,2023-01-21,2024-12-13,692.0,Low Value
2643,Tammy Carroll,Bronze,IN,5,7295.45,561.19,2022-08-24,2024-11-22,821.0,Low Value
6513,David Rosales,Bronze,OH,5,7295.09,486.34,2022-01-15,2024-06-28,895.0,Low Value
2941,Brian Garcia,Silver,TN,4,7291.97,729.2,2022-07-06,2024-11-14,862.0,Low Value
6992,Erika Olson,Bronze,MI,6,7284.92,346.9,2022-08-12,2024-08-24,743.0,Low Value
9395,Haley Fisher,Bronze,AZ,8,7282.64,331.03,2022-03-28,2024-12-26,1004.0,Low Value
6583,Tammy Atkins,Bronze,PA,5,7281.07,455.07,2022-03-15,2024-06-27,835.0,Low Value
4110,Katie Reynolds,Bronze,MO,8,7279.48,404.42,2022-01-02,2024-09-18,990.0,Low Value
9695,Chelsea Doyle,Platinum,TX,5,7279.39,559.95,2022-09-06,2024-06-23,656.0,Low Value
6678,Matthew Roberts,Gold,NJ,4,7273.18,661.2,2022-03-06,2023-08-21,533.0,Low Value
6293,Stephen Potter,Bronze,CA,7,7268.86,330.4,2023-01-19,2024-12-22,703.0,Low Value
7575,Sydney Sanchez,Silver,FL,6,7268.65,363.43,2022-02-21,2024-01-28,706.0,Low Value
5200,Christian Davila,Silver,TX,3,7268.34,1453.67,2022-01-19,2023-04-15,451.0,Low Value
4378,Angela Webb,Bronze,CA,4,7265.65,605.47,2022-03-03,2022-08-28,178.0,Low Value
4394,Joseph Martin,Bronze,FL,8,7261.82,315.73,2022-07-26,2024-07-19,724.0,Low Value
6283,Rhonda Wright,Bronze,IN,7,7261.79,290.47,2022-02-02,2024-10-27,998.0,Low Value
6879,Jose Orozco,Bronze,WA,5,7260.8,363.04,2022-02-16,2024-12-06,1024.0,Low Value
6289,Christina Clark,Bronze,PA,9,7259.8,234.19,2022-01-20,2024-12-25,1070.0,Low Value
7882,Claire Hickman,Silver,PA,5,7258.37,659.85,2022-12-25,2024-01-31,402.0,Low Value
1770,Ashley Bryan,Bronze,WA,4,7257.04,483.8,2022-03-23,2024-08-23,884.0,Low Value
17,Barry Wood,Gold,NC,9,7256.71,362.84,2022-01-11,2024-11-02,1026.0,Low Value
4644,Keith Fischer,Bronze,MA,3,7255.87,806.21,2022-10-09,2023-12-02,419.0,Low Value
1187,Ronald Rogers,Bronze,MO,5,7255.55,453.47,2022-04-23,2024-12-03,955.0,Low Value
7586,Amanda Martinez,Bronze,NJ,7,7255.37,362.77,2022-01-10,2024-10-18,1012.0,Low Value
1563,Brandy Foster,Bronze,NY,5,7254.01,345.43,2022-07-12,2024-06-15,704.0,Low Value
628,Jasmine Combs,Platinum,VA,10,7252.49,278.94,2023-02-07,2024-12-02,664.0,Low Value
2195,Emily Fernandez,Bronze,NJ,8,7248.9,362.45,2022-02-20,2024-10-03,956.0,Low Value
4880,Brooke Cervantes,Silver,MO,6,7246.99,402.61,2022-02-25,2024-07-27,883.0,Low Value
4983,Tyler Sharp,Bronze,GA,7,7244.65,381.3,2022-05-24,2024-09-15,845.0,Low Value
1116,Joseph Clark,Platinum,MD,5,7236.72,425.69,2022-01-11,2024-12-22,1076.0,Low Value
3286,Sharon Johnson,Gold,NY,6,7233.75,344.46,2022-05-05,2024-10-03,882.0,Low Value
2070,Tami Douglas,Bronze,MI,3,7232.9,904.11,2022-03-13,2023-09-11,547.0,Low Value
1229,Hannah Delacruz,Silver,WA,7,7230.8,451.93,2022-05-24,2024-11-13,904.0,Low Value
6180,Justin Valenzuela,Bronze,OH,6,7230.26,301.26,2022-04-05,2024-11-13,953.0,Low Value
4909,Craig Arnold,Gold,PA,7,7228.3,361.42,2022-05-05,2024-09-29,878.0,Low Value
1821,Samantha Brown,Bronze,NC,7,7224.13,451.51,2022-07-28,2024-08-28,762.0,Low Value
9923,Walter Doyle,Silver,FL,8,7220.28,313.93,2022-03-11,2024-03-05,725.0,Low Value
9139,Elizabeth Wood,Bronze,MI,4,7216.21,515.44,2023-03-15,2024-12-12,638.0,Low Value
3617,Nicholas Martinez,Gold,IL,5,7215.2,515.37,2022-04-05,2023-09-20,533.0,Low Value
2296,Richard Thompson,Bronze,AZ,6,7214.29,379.7,2022-11-19,2024-12-23,765.0,Low Value
5329,Sharon Lynch,Silver,MA,7,7212.89,313.6,2022-03-26,2023-09-04,527.0,Low Value
7228,Anthony Reed,Bronze,CA,9,7211.78,327.81,2022-03-03,2024-07-15,865.0,Low Value
1361,Carolyn Holmes,Bronze,NC,7,7211.34,313.54,2022-03-17,2024-11-16,975.0,Low Value
8011,Jared Haas,Gold,NJ,5,7210.08,360.5,2022-11-29,2024-06-06,555.0,Low Value
2969,Kathy Davis,Bronze,IL,8,7207.99,288.32,2022-04-07,2024-12-23,991.0,Low Value
9933,Joseph Potts,Bronze,VA,5,7195.21,654.11,2022-04-26,2024-02-12,657.0,Low Value
374,David Holmes,Silver,VA,5,7191.67,449.48,2022-02-16,2024-07-31,896.0,Low Value
1115,Cheryl Nichols,Silver,CA,7,7190.34,342.4,2022-07-09,2024-01-12,552.0,Low Value
4398,Jennifer Kim,Bronze,NC,5,7190.09,553.08,2023-01-24,2024-07-20,543.0,Low Value
1035,Rebecca Carr,Gold,IN,5,7188.44,513.46,2022-01-18,2024-10-05,991.0,Low Value
7343,Aaron Ortiz,Gold,MI,5,7184.85,478.99,2022-01-12,2024-01-07,725.0,Low Value
1796,Daniel Haley,Silver,VA,6,7184.47,513.18,2022-03-31,2024-07-18,840.0,Low Value
6249,Shannon Powell,Silver,TN,6,7173.98,398.55,2022-05-11,2024-12-24,958.0,Low Value
6378,Darlene Rodriguez,Bronze,CA,3,7173.79,551.83,2022-01-14,2023-12-07,692.0,Low Value
7878,Kelsey Stephens,Silver,MO,7,7173.17,398.51,2022-01-12,2024-02-19,768.0,Low Value
6414,Jamie Riley,Silver,GA,6,7167.89,447.99,2022-03-03,2024-12-05,1008.0,Low Value
3836,Jason Martinez,Silver,MO,5,7167.76,358.39,2022-09-13,2024-12-29,838.0,Low Value
246,Lonnie Grant,Bronze,MD,9,7159.08,311.26,2022-02-24,2024-09-20,939.0,Low Value
511,Tammy Jones,Gold,WI,5,7153.3,550.25,2022-01-29,2024-12-20,1056.0,Low Value
3393,Jason Lowe,Silver,PA,3,7148.72,595.73,2023-04-19,2024-05-02,379.0,Low Value
5813,Michelle Wright,Gold,TX,6,7148.48,476.57,2023-02-04,2024-11-17,652.0,Low Value
5635,Daniel Williams,Bronze,CA,7,7148.16,255.29,2022-04-30,2024-12-31,976.0,Low Value
5013,Charles Mayer,Bronze,NJ,8,7147.79,420.46,2022-01-01,2024-02-14,774.0,Low Value
2535,Susan Brown,Gold,NJ,6,7141.25,649.2,2022-02-06,2024-08-28,934.0,Low Value
3935,Brittney Oconnor,Bronze,PA,6,7140.9,375.84,2022-07-26,2024-02-13,567.0,Low Value
4860,Jason Hernandez,Gold,AZ,6,7140.15,310.44,2022-06-15,2024-06-11,727.0,Low Value
3026,Henry Bean,Silver,TN,5,7139.46,419.97,2022-03-23,2024-08-31,892.0,Low Value
1131,Jose Cherry,Silver,IL,7,7138.73,419.93,2022-01-01,2024-11-22,1056.0,Low Value
6880,Austin Keith,Silver,VA,4,7129.92,548.46,2023-01-28,2024-02-26,394.0,Low Value
1732,Kelly Rice,Platinum,TN,9,7129.06,285.16,2022-02-20,2024-10-11,964.0,Low Value
5325,Nicholas Perry,Silver,WA,3,7127.25,791.92,2022-09-11,2023-07-16,308.0,Low Value
6064,Helen Santos,Silver,MO,6,7126.24,356.31,2022-02-13,2023-06-13,485.0,Low Value
9291,Michelle Rosales,Platinum,MA,4,7124.54,445.28,2023-07-06,2024-09-10,432.0,Low Value
73,Robert Bauer,Gold,AZ,8,7123.14,296.8,2022-04-25,2024-06-30,797.0,Low Value
8060,Jon White,Bronze,GA,9,7120.07,284.8,2022-06-17,2024-09-16,822.0,Low Value
3021,Erica Anderson,Bronze,NJ,6,7116.31,323.47,2022-01-05,2024-06-03,880.0,Low Value
8040,Colleen Krause,Silver,OH,5,7112.28,418.37,2022-01-07,2024-11-09,1037.0,Low Value
1613,Oscar Rodriguez,Bronze,AZ,5,7112.15,592.68,2022-03-10,2023-10-23,592.0,Low Value
5857,Mary Lee,Bronze,AZ,3,7111.79,547.06,2022-06-10,2024-04-02,662.0,Low Value
8107,Virginia Jackson,Bronze,FL,5,7110.56,374.24,2022-06-01,2023-04-28,331.0,Low Value
5867,John Sullivan,Silver,NY,5,7110.23,592.52,2022-03-02,2024-06-21,842.0,Low Value
337,Tiffany Porter,Silver,WI,6,7107.89,338.47,2022-08-12,2024-07-25,713.0,Low Value
1960,Terri Morse,Silver,GA,8,7107.55,394.86,2022-02-17,2024-10-10,966.0,Low Value
6904,Lisa Miller,Silver,NC,6,7103.87,355.19,2023-06-09,2024-11-24,534.0,Low Value
9184,Emily Harrison,Bronze,TX,6,7103.59,355.18,2022-01-13,2024-08-09,939.0,Low Value
4141,James Haynes,Silver,TX,7,7102.42,308.8,2022-01-07,2024-04-29,843.0,Low Value
4982,Aaron Morgan,Bronze,NY,7,7099.11,394.39,2022-08-04,2024-11-09,828.0,Low Value
2565,Nathan Underwood,Gold,MO,6,7096.61,295.69,2022-04-16,2024-11-13,942.0,Low Value
5531,Brandon Mccormick,Gold,NJ,3,7093.58,709.36,2022-04-09,2024-08-10,854.0,Low Value
553,Christina Smith,Bronze,VA,7,7088.86,443.05,2022-01-06,2024-11-19,1048.0,Low Value
8940,Lisa Snyder,Bronze,OH,6,7086.06,372.95,2022-01-14,2024-09-24,984.0,Low Value
2840,Stephen Lee,Bronze,PA,6,7085.73,442.86,2022-01-15,2024-12-08,1058.0,Low Value
6657,Cheryl Smith,Silver,WA,6,7084.51,416.74,2022-03-31,2024-06-03,795.0,Low Value
8873,Morgan Parker,Gold,WI,6,7083.72,321.99,2022-04-21,2024-05-21,761.0,Low Value
5746,Carol Jones,Gold,TX,6,7083.19,590.27,2022-06-10,2024-09-06,819.0,Low Value
5388,Jessica Silva,Silver,CA,7,7082.69,337.27,2022-11-11,2024-08-24,652.0,Low Value
963,Kenneth Hill,Bronze,PA,10,7078.05,272.23,2022-01-09,2024-10-25,1020.0,Low Value
2166,Gail Garrison,Bronze,OH,5,7077.69,544.44,2022-12-16,2024-05-08,509.0,Low Value
7681,John Williamson,Silver,WI,5,7077.46,442.34,2022-01-15,2024-05-15,851.0,Low Value
8924,Michael Smith,Bronze,TX,5,7076.3,505.45,2022-07-18,2024-12-30,896.0,Low Value
3426,Alexander Adams,Bronze,TN,3,7075.76,1010.82,2022-07-17,2023-06-09,327.0,Low Value
870,Michael Johnson,Platinum,GA,5,7074.07,416.12,2023-02-06,2024-12-28,691.0,Low Value
1394,Joseph Wells,Silver,IN,6,7070.65,372.14,2022-02-21,2024-10-09,961.0,Low Value
2493,Donald Mcdonald,Silver,NY,7,7070.14,336.67,2022-07-19,2024-11-01,836.0,Low Value
9724,Richard Horn,Bronze,NC,6,7069.63,392.76,2022-04-22,2024-08-29,860.0,Low Value
7369,Ralph Ashley,Gold,WA,5,7067.11,588.93,2022-01-17,2024-04-03,807.0,Low Value
458,Cameron Harper,Platinum,GA,7,7066.9,307.26,2022-08-30,2024-10-07,769.0,Low Value
9002,Valerie Graves,Platinum,MO,4,7066.34,642.39,2022-03-21,2024-05-03,774.0,Low Value
5233,Crystal Allen,Bronze,IN,4,7062.13,588.51,2023-10-28,2024-12-06,405.0,Low Value
6898,David Lin,Bronze,MI,6,7057.06,392.06,2022-08-05,2024-08-17,743.0,Low Value
9207,Michael Anthony,Silver,MD,7,7052.14,271.24,2023-03-29,2024-01-09,286.0,Low Value
4479,Cody Page,Gold,NJ,6,7051.96,414.82,2022-04-01,2024-10-06,919.0,Low Value
3665,Troy Ross,Platinum,AZ,6,7051.22,335.77,2022-11-06,2024-12-30,785.0,Low Value
7272,Brian French,Silver,WI,5,7051.11,335.77,2022-07-24,2024-02-02,558.0,Low Value
2298,Stephen Wilson,Gold,AZ,4,7049.84,640.89,2022-01-08,2023-10-21,651.0,Low Value
7881,Kathy Fowler,Bronze,CA,3,7048.04,881.0,2022-07-16,2023-02-22,221.0,Low Value
8207,Angela Herrera,Gold,MD,7,7037.59,413.98,2022-02-04,2024-10-30,999.0,Low Value
6401,Joshua Johnson,Silver,IL,5,7036.26,586.36,2022-10-30,2024-06-15,594.0,Low Value
9398,David Johnson,Gold,FL,3,7032.26,703.23,2023-06-16,2023-07-29,43.0,Low Value
8776,Mark Goodman,Silver,TX,4,7032.12,586.01,2023-07-01,2024-05-08,312.0,Low Value
671,Heather Lewis,Bronze,FL,4,7031.5,468.77,2022-03-11,2024-06-06,818.0,Low Value
8455,Alison Lewis,Silver,MO,9,7028.75,369.93,2022-05-09,2024-11-27,933.0,Low Value
2677,David Morgan,Silver,PA,6,7027.05,250.97,2022-09-27,2024-03-22,542.0,Low Value
3813,Kenneth Dixon,Bronze,CA,9,7026.35,250.94,2022-02-07,2024-01-24,716.0,Low Value
4203,Kevin Lamb,Silver,NY,10,7025.04,234.17,2022-06-06,2024-09-25,842.0,Low Value
3278,Erica Sanders,Gold,VA,3,7023.86,780.43,2022-04-05,2023-06-02,423.0,Low Value
868,Cynthia Sullivan,Bronze,AZ,7,7022.91,351.15,2022-04-15,2024-06-29,806.0,Low Value
2157,Brandon Garcia,Bronze,NY,8,7016.86,438.55,2022-03-10,2024-12-24,1020.0,Low Value
8595,David Hawkins,Gold,FL,7,7014.13,438.38,2022-02-25,2024-07-22,878.0,Low Value
2455,Matthew Ramos,Bronze,GA,7,7012.59,389.59,2022-11-25,2024-12-19,755.0,Low Value
685,Tim Fritz,Bronze,CA,6,7011.73,500.84,2022-09-08,2024-11-28,812.0,Low Value
7131,Cheryl Smith,Silver,NY,6,7011.14,369.01,2022-04-20,2024-01-30,650.0,Low Value
5886,Thomas Novak,Gold,VA,6,7009.11,350.46,2022-11-22,2024-12-27,766.0,Low Value
2705,Nicole Graves,Bronze,MA,3,7008.73,778.75,2022-11-23,2024-05-06,530.0,Low Value
8720,Thomas Evans,Gold,WA,8,7008.66,333.75,2022-01-04,2024-12-22,1083.0,Low Value
6660,Debra Harris,Bronze,PA,6,7007.49,368.82,2022-02-03,2024-10-05,975.0,Low Value
820,Haley Robertson,Gold,IN,5,7007.2,583.93,2022-02-07,2024-10-28,994.0,Low Value
4017,Donald Austin,Platinum,WA,8,7004.99,318.41,2022-04-22,2024-10-04,896.0,Low Value
8840,Christina Hensley,Silver,CA,7,7004.96,291.87,2022-01-26,2024-12-02,1041.0,Low Value
2823,Stacy Thompson,Bronze,GA,10,7004.15,225.94,2022-01-01,2024-11-01,1035.0,Low Value
7491,Christopher Sanchez,Bronze,FL,4,7002.11,538.62,2022-07-05,2024-09-25,813.0,Low Value
8332,Katrina Garcia,Bronze,TN,3,6999.81,999.97,2022-02-06,2022-11-03,270.0,Low Value
5837,Candice Green,Silver,VA,5,6999.47,636.32,2022-11-03,2024-09-28,695.0,Low Value
9600,Alejandro King,Bronze,OH,6,6998.11,437.38,2022-01-28,2023-12-06,677.0,Low Value
312,Colin Martinez,Silver,GA,8,6997.31,304.23,2023-01-15,2024-10-07,631.0,Low Value
4404,Jessica Perry,Gold,IL,7,6995.68,368.19,2022-01-12,2024-08-26,957.0,Low Value
8145,Kathleen Scott,Bronze,NY,3,6994.84,349.74,2022-12-11,2023-12-06,360.0,Low Value
2788,Richard Evans,Silver,FL,7,6993.86,368.1,2022-10-13,2024-09-01,689.0,Low Value
2276,Tracey Gibbs,Gold,PA,5,6991.71,499.41,2022-09-30,2024-07-26,665.0,Low Value
3064,Margaret Jenkins,Gold,CA,7,6987.21,291.13,2023-02-26,2024-08-23,544.0,Low Value
9598,Mark Rojas,Gold,WI,6,6985.95,499.0,2022-07-28,2024-03-26,607.0,Low Value
7262,Jose Schroeder,Silver,IL,6,6985.78,367.67,2022-05-06,2024-06-30,786.0,Low Value
4519,Brittany Ferrell,Bronze,IN,8,6985.01,349.25,2022-02-11,2024-06-11,851.0,Low Value
824,Clayton Kirby,Bronze,WA,5,6984.86,776.1,2022-10-06,2024-05-26,598.0,Low Value
6851,Jerry Keller,Silver,FL,3,6983.79,872.97,2022-06-24,2024-08-30,798.0,Low Value
4956,Gary Gray,Silver,AZ,3,6982.88,537.14,2022-03-03,2023-10-04,580.0,Low Value
9545,Kristie Johnson,Silver,WI,4,6979.16,634.47,2022-05-31,2024-08-10,802.0,Low Value
5507,Angel Morrison,Bronze,NY,5,6978.19,581.52,2023-01-07,2024-10-21,653.0,Low Value
6776,Troy Mcdonald,Gold,WA,7,6969.52,331.88,2022-05-03,2024-11-14,926.0,Low Value
8878,Rebecca Cook,Platinum,GA,9,6968.46,278.74,2022-02-13,2024-02-14,731.0,Low Value
8358,Jeremy Williams,Gold,PA,4,6968.44,497.75,2022-04-24,2024-11-14,935.0,Low Value
5947,Monica Lawrence,Bronze,PA,5,6966.78,409.81,2022-05-13,2023-11-05,541.0,Low Value
3640,Paula Henson,Platinum,WI,5,6963.77,535.67,2022-02-21,2024-12-22,1035.0,Low Value
2379,Jonathan Martin,Bronze,MD,4,6963.05,580.25,2022-04-14,2024-03-30,716.0,Low Value
3354,Jimmy Stephens,Silver,NC,5,6960.96,497.21,2022-02-17,2024-10-15,971.0,Low Value
9991,Zachary Smith,Gold,GA,6,6959.61,409.39,2023-06-13,2024-11-15,521.0,Low Value
4802,Shane Obrien,Silver,TX,4,6958.62,632.6,2023-08-14,2024-11-30,474.0,Low Value
2737,Tammy Walker,Platinum,IL,6,6957.53,496.97,2022-03-16,2024-08-09,877.0,Low Value
8624,Jennifer Miller,Silver,CA,7,6952.62,331.08,2022-05-11,2024-12-07,941.0,Low Value
8051,Jeremy Avila,Gold,MO,6,6952.19,289.67,2022-07-11,2024-07-04,724.0,Low Value
6593,Gary Robinson,Bronze,MI,5,6948.94,434.31,2022-03-10,2024-07-10,853.0,Low Value
7290,Patricia Smith,Bronze,GA,4,6945.83,534.29,2022-03-17,2024-07-13,849.0,Low Value
9471,Brandon King,Silver,MD,5,6937.85,433.62,2022-10-05,2024-10-09,735.0,Low Value
3454,Justin Smith,Silver,IN,9,6936.56,266.79,2022-08-14,2024-11-09,818.0,Low Value
6002,Ryan Anderson,Bronze,CA,5,6936.51,770.72,2022-02-06,2024-12-10,1038.0,Low Value
1605,Caitlin Hernandez,Bronze,NJ,6,6932.66,330.13,2022-01-05,2024-12-17,1077.0,Low Value
5029,David Brown,Bronze,TN,6,6930.73,577.56,2022-01-31,2023-04-18,442.0,Low Value
8254,Susan Dixon,Bronze,GA,6,6926.86,432.93,2022-03-22,2024-03-13,722.0,Low Value
8621,Anthony Martinez,Platinum,MI,7,6925.82,384.77,2023-03-31,2024-10-22,571.0,Low Value
5475,Zachary Holden,Platinum,OH,6,6924.04,329.72,2022-01-23,2024-06-17,876.0,Low Value
5203,Kimberly Guerrero,Bronze,NC,6,6923.01,461.53,2022-04-26,2024-11-10,929.0,Low Value
4323,Laura Torres,Silver,OH,6,6920.19,364.22,2022-05-05,2024-12-31,971.0,Low Value
1546,Teresa Parsons,Bronze,WA,7,6918.49,314.48,2022-04-29,2024-09-07,862.0,Low Value
8033,Kevin Hancock,Silver,MA,3,6915.77,864.47,2022-01-10,2023-08-05,572.0,Low Value
1411,Megan Martin,Bronze,AZ,4,6915.41,461.03,2023-10-05,2024-07-09,278.0,Low Value
3968,Linda Gonzalez,Gold,AZ,5,6913.46,314.25,2022-02-27,2023-12-07,648.0,Low Value
4673,Edward Johnson,Bronze,NC,5,6912.95,406.64,2022-02-24,2024-03-07,742.0,Low Value
4120,Dana Garrett,Gold,MA,5,6904.1,575.34,2022-03-18,2024-02-28,712.0,Low Value
7489,Trevor Perez,Bronze,IN,7,6899.31,313.61,2022-02-25,2024-11-26,1005.0,Low Value
2837,Christine Johnson,Silver,TX,7,6896.46,405.67,2023-03-14,2024-07-27,501.0,Low Value
657,Angela Ray,Platinum,PA,9,6895.24,246.26,2022-02-14,2024-11-05,995.0,Low Value
2871,Sarah Moore,Bronze,IL,7,6892.01,344.6,2022-02-03,2024-07-02,880.0,Low Value
9876,Jacob Hart,Bronze,TN,8,6887.62,299.46,2022-01-11,2024-12-28,1082.0,Low Value
4889,Eric Hunt,Bronze,PA,7,6887.61,491.97,2022-09-05,2024-12-10,827.0,Low Value
3263,Sandra Collins,Bronze,NC,5,6886.24,688.62,2022-02-26,2024-11-30,1008.0,Low Value
683,Elizabeth Griffin,Silver,TN,5,6882.93,404.88,2022-04-20,2024-10-21,915.0,Low Value
5536,Mike Stephenson,Platinum,TN,6,6880.2,573.35,2022-06-01,2024-11-18,901.0,Low Value
6356,Heather Smith,Bronze,TX,4,6878.43,573.2,2022-02-01,2022-12-09,311.0,Low Value
2077,Stephanie Macdonald,Bronze,VA,6,6878.05,312.64,2022-01-26,2024-12-28,1067.0,Low Value
8028,Steven Shannon,Bronze,NC,8,6874.69,381.93,2022-10-25,2024-09-25,701.0,Low Value
2807,Travis Santos,Bronze,AZ,8,6874.67,327.37,2022-06-03,2023-12-28,573.0,Low Value
7979,Melissa Donaldson,Platinum,GA,7,6873.87,458.26,2022-01-29,2024-06-27,880.0,Low Value
314,Scott Rosario,Bronze,IL,4,6872.13,528.63,2022-07-31,2024-07-26,726.0,Low Value
5959,Christopher Page,Bronze,OH,7,6867.61,429.23,2022-01-02,2024-11-27,1060.0,Low Value
6021,Daniel Elliott,Silver,PA,5,6864.99,457.67,2022-10-04,2024-09-18,715.0,Low Value
8660,Maria Smith,Bronze,WA,7,6864.21,361.27,2022-10-30,2024-09-16,687.0,Low Value
9888,Darrell Huynh,Silver,FL,7,6863.65,311.98,2022-03-10,2024-04-28,780.0,Low Value
3981,Michael Jackson,Silver,TX,5,6863.6,381.31,2022-08-23,2024-12-13,843.0,Low Value
8854,Colleen Burton,Gold,AZ,8,6863.57,274.54,2022-04-11,2024-05-05,755.0,Low Value
2864,Matthew Rodriguez,Bronze,AZ,9,6859.52,228.65,2022-07-14,2024-12-02,872.0,Low Value
7457,Keith Greene,Bronze,CA,5,6858.31,381.02,2023-05-04,2024-09-28,513.0,Low Value
3374,Tyler Smith,Bronze,GA,6,6855.38,527.34,2022-03-30,2024-10-14,929.0,Low Value
1937,Robert Ramirez,Silver,CA,9,6849.9,263.46,2022-05-14,2024-07-09,787.0,Low Value
8620,James Collier,Gold,VA,10,6842.68,360.14,2022-01-02,2024-07-01,911.0,Low Value
2074,Jane Johnson,Gold,NC,9,6841.5,285.06,2022-03-05,2024-10-11,951.0,Low Value
7601,Heather Jackson,Gold,MI,6,6841.4,360.07,2022-05-21,2024-12-22,946.0,Low Value
3100,Clarence Burgess,Bronze,AZ,5,6841.22,402.42,2022-05-27,2024-12-27,945.0,Low Value
8876,Taylor Williams,Gold,NJ,4,6836.52,683.65,2022-01-20,2024-01-27,737.0,Low Value
2147,Michael Fletcher,Silver,VA,4,6835.27,569.61,2023-05-05,2024-10-31,545.0,Low Value
5284,Randall Sparks,Bronze,NC,6,6829.16,401.72,2022-10-13,2024-01-11,455.0,Low Value
6214,Ray Calderon,Silver,VA,3,6828.41,975.49,2022-07-22,2024-02-17,575.0,Low Value
1332,Rachel Rodriguez,Bronze,OH,6,6817.91,358.84,2022-09-17,2024-12-26,831.0,Low Value
2105,Maurice Martinez,Silver,WI,7,6815.81,324.56,2023-04-10,2024-10-13,552.0,Low Value
6144,Joseph Bailey,Bronze,NJ,6,6815.14,378.62,2023-02-20,2024-11-30,649.0,Low Value
8738,Jennifer Johnson,Silver,IN,5,6814.25,340.71,2023-01-01,2024-02-01,396.0,Low Value
5439,Daniel Kline,Gold,NY,9,6811.92,234.89,2022-05-23,2024-12-14,936.0,Low Value
6243,Jennifer Parker,Bronze,AZ,5,6810.22,486.44,2022-07-07,2024-10-09,825.0,Low Value
1952,Dana Rollins,Bronze,IN,6,6807.2,453.81,2022-03-03,2024-05-24,813.0,Low Value
5502,Victoria Taylor,Bronze,FL,5,6805.84,567.15,2022-06-03,2023-07-07,399.0,Low Value
1247,Amanda Rhodes,Bronze,WI,7,6802.41,283.43,2022-09-30,2024-08-16,686.0,Low Value
3886,Peter Sweeney,Bronze,MA,3,6801.81,755.76,2023-01-08,2024-04-19,467.0,Low Value
415,Jeffrey Scott,Bronze,NC,7,6800.21,400.01,2022-04-09,2024-09-07,882.0,Low Value
7408,Gary Dorsey,Silver,WI,8,6798.99,377.72,2022-01-31,2024-06-19,870.0,Low Value
9910,David Fox,Gold,AZ,7,6795.63,283.15,2022-04-10,2024-10-14,918.0,Low Value
7658,Joseph Bailey,Silver,MI,7,6794.6,424.66,2022-05-06,2024-11-14,923.0,Low Value
7945,Jennifer Harvey,Bronze,CA,7,6793.69,424.61,2022-11-14,2024-12-27,774.0,Low Value
1400,Valerie Castillo,Bronze,TX,6,6792.56,452.84,2023-01-19,2024-11-03,654.0,Low Value
7340,Amanda Campbell,Silver,PA,6,6788.58,357.29,2022-09-28,2023-11-07,405.0,Low Value
8460,Brittany Hahn,Bronze,WA,4,6787.88,617.08,2022-12-21,2024-12-28,738.0,Low Value
8593,Brandon Booker,Gold,OH,6,6787.55,339.38,2022-05-11,2024-09-15,858.0,Low Value
8695,Christopher Collins,Gold,AZ,8,6787.02,377.06,2022-09-17,2024-11-11,786.0,Low Value
5333,Nicole Russell,Bronze,NY,4,6781.85,521.68,2023-01-16,2023-07-09,174.0,Low Value
9059,Regina Bonilla,Silver,MD,5,6780.46,521.57,2022-03-03,2024-11-02,975.0,Low Value
582,Jonathan Perez,Platinum,TX,9,6777.62,308.07,2022-02-14,2024-08-15,913.0,Low Value
6032,Tammy York,Bronze,MD,7,6775.65,451.71,2022-03-02,2024-11-11,985.0,Low Value
5410,Tanner Smith,Bronze,WI,5,6774.67,483.91,2022-07-07,2023-12-11,522.0,Low Value
942,Ryan Sanchez,Bronze,NY,3,6773.23,846.65,2022-03-20,2023-06-08,445.0,Low Value
262,Abigail Hopkins,Bronze,WI,4,6770.5,483.61,2023-05-05,2024-10-01,515.0,Low Value
10000,Yesenia Howard,Gold,IN,10,6770.36,282.1,2022-09-21,2024-05-14,601.0,Low Value
8505,David Munoz,Silver,WA,7,6767.87,307.63,2022-06-10,2024-02-03,603.0,Low Value
3205,Eileen Everett,Silver,AZ,5,6765.86,451.06,2022-03-13,2024-07-07,847.0,Low Value
2146,Jason Andrews,Gold,WA,4,6764.45,483.18,2022-12-23,2024-04-18,482.0,Low Value
795,Jeffery Cervantes,Gold,PA,8,6762.41,294.02,2022-01-02,2024-07-27,937.0,Low Value
8410,Shaun Hanna,Silver,NJ,5,6762.08,355.9,2022-05-08,2024-08-11,826.0,Low Value
6521,James Hampton,Bronze,TN,6,6760.67,520.05,2022-08-09,2024-05-29,659.0,Low Value
223,Carla Robles,Silver,IN,5,6758.0,321.81,2022-10-18,2024-04-26,556.0,Low Value
3277,Barbara Cohen,Bronze,NY,10,6757.86,233.03,2022-01-05,2024-04-27,843.0,Low Value
114,Kathleen Garcia,Silver,MI,4,6753.92,519.53,2022-04-08,2024-10-03,909.0,Low Value
1830,Elizabeth Ayala,Silver,GA,6,6752.42,270.1,2022-01-17,2023-09-21,612.0,Low Value
7848,Pamela Vance,Bronze,WA,10,6749.96,259.61,2022-06-15,2024-11-21,890.0,Low Value
9424,Barry Escobar,Bronze,WI,6,6749.4,241.05,2022-09-09,2024-01-25,503.0,Low Value
3014,Heather Nichols,Gold,NY,6,6747.75,337.39,2022-01-24,2024-12-04,1045.0,Low Value
7455,Michael Miller,Bronze,MA,3,6746.11,674.61,2022-10-03,2023-10-26,388.0,Low Value
9208,Jennifer Kelly,Bronze,PA,7,6744.7,281.03,2022-01-25,2024-01-30,735.0,Low Value
3245,Roy Smith,Silver,CA,4,6742.51,481.61,2023-04-25,2024-10-30,554.0,Low Value
3953,Ian Rivera,Gold,NY,9,6741.92,293.13,2022-04-07,2024-12-05,973.0,Low Value
2269,David Gutierrez,Gold,MD,7,6739.35,374.41,2022-05-24,2024-02-11,628.0,Low Value
7913,William Mcintyre,Bronze,NC,5,6738.88,449.26,2022-12-12,2024-07-14,580.0,Low Value
7624,Matthew Hoffman,Bronze,TX,6,6737.46,320.83,2022-10-18,2024-08-11,663.0,Low Value
4865,Jasmine Young,Gold,NC,5,6731.44,448.76,2022-04-05,2024-05-22,778.0,Low Value
6725,Sandra Smith,Platinum,TN,7,6730.12,320.48,2022-02-16,2024-06-21,856.0,Low Value
319,Shannon Farrell,Bronze,OH,4,6726.06,672.61,2023-02-08,2024-02-24,381.0,Low Value
3745,Lucas Dawson,Bronze,TX,6,6720.23,373.35,2022-02-01,2023-08-07,552.0,Low Value
1275,Daniel Graves,Silver,MD,4,6719.27,839.91,2022-05-28,2024-12-28,945.0,Low Value
6611,Corey Terry,Bronze,WA,6,6717.28,335.86,2022-04-15,2024-03-17,702.0,Low Value
9116,James Rios,Silver,TX,7,6717.19,353.54,2022-03-26,2024-09-25,914.0,Low Value
2885,Nicholas Abbott,Bronze,WI,8,6714.18,319.72,2022-02-26,2024-07-26,881.0,Low Value
298,Edward Harris,Gold,MI,4,6709.64,516.13,2022-01-25,2023-06-26,517.0,Low Value
1981,Margaret Grant,Silver,NJ,5,6705.31,319.3,2022-01-18,2024-12-31,1078.0,Low Value
403,Molly Jones,Gold,WI,9,6704.55,257.87,2022-11-02,2024-05-23,568.0,Low Value
2044,Jared Cross,Platinum,AZ,8,6702.31,304.65,2022-02-08,2024-11-07,1003.0,Low Value
8590,Mark Sanchez,Bronze,NY,8,6700.47,268.02,2022-10-16,2024-11-10,756.0,Low Value
5946,Kathleen Ellis,Bronze,IN,6,6698.26,352.54,2022-12-27,2024-03-18,447.0,Low Value
5879,Bruce Rojas,Platinum,TN,4,6697.41,558.12,2022-05-26,2024-12-25,944.0,Low Value
6912,Nathaniel Davis,Gold,PA,6,6697.24,304.42,2023-04-27,2024-06-06,406.0,Low Value
3586,Katherine Wright,Silver,FL,6,6694.03,371.89,2022-02-20,2024-09-01,924.0,Low Value
3041,Michael Giles,Bronze,MO,4,6691.52,446.1,2022-03-01,2024-04-06,767.0,Low Value
2435,Jeffrey Dixon,Silver,IL,6,6689.08,352.06,2022-03-15,2024-11-17,978.0,Low Value
9977,Dennis Friedman,Bronze,OH,5,6688.09,668.81,2022-06-13,2024-10-01,841.0,Low Value
3127,Jeffrey Nguyen,Bronze,OH,4,6687.87,668.79,2022-03-17,2023-05-24,433.0,Low Value
1529,Craig Walker,Gold,NY,5,6686.64,445.78,2022-03-04,2024-08-02,882.0,Low Value
9950,Matthew Nguyen,Bronze,MI,6,6686.13,334.31,2022-03-13,2024-12-17,1010.0,Low Value
6523,Adriana Lee,Silver,MO,6,6684.34,334.22,2022-01-24,2023-11-21,666.0,Low Value
8525,Karen Bray,Bronze,AZ,9,6683.23,303.78,2022-02-08,2024-09-06,941.0,Low Value
6054,Christina Wiggins,Bronze,WI,6,6679.92,334.0,2022-01-06,2022-10-12,279.0,Low Value
1650,Carlos Hernandez,Gold,TN,6,6678.0,477.0,2022-09-18,2024-11-11,785.0,Low Value
1265,James Patterson,Bronze,NC,5,6677.39,417.34,2022-06-01,2024-09-23,845.0,Low Value
7802,Gregory Mcdonald,Bronze,OH,7,6677.17,417.32,2022-04-15,2024-01-24,649.0,Low Value
3648,Ashley Moore,Bronze,NJ,5,6676.92,417.31,2022-11-23,2024-08-27,643.0,Low Value
7618,Wendy Torres,Silver,VA,4,6676.85,370.94,2022-02-04,2024-09-28,967.0,Low Value
3540,Christine Ponce,Silver,MA,5,6668.7,476.34,2022-06-21,2024-10-14,846.0,Low Value
9635,Susan Gonzales,Silver,PA,4,6667.59,606.14,2022-06-12,2024-11-16,888.0,Low Value
2792,Kelly Allen,Gold,MO,5,6667.37,317.49,2022-04-15,2023-11-04,568.0,Low Value
7781,Katherine Cameron,Bronze,TN,5,6665.99,444.4,2022-01-03,2024-09-01,972.0,Low Value
7674,Anthony Davis,Bronze,TN,5,6662.02,416.38,2022-01-28,2024-05-17,840.0,Low Value
3738,Robert Cardenas,Bronze,FL,5,6659.21,317.11,2022-08-11,2023-11-04,450.0,Low Value
7310,Margaret Smith,Bronze,IN,8,6655.32,237.69,2022-01-27,2024-05-23,847.0,Low Value
7506,Amanda Jones,Bronze,VA,6,6653.81,391.4,2022-07-03,2023-11-29,514.0,Low Value
7380,Thomas Griffin,Silver,IN,4,6651.86,369.55,2024-07-01,2024-12-27,179.0,Low Value
6825,Amy Hamilton,Silver,CA,4,6651.12,475.08,2022-08-18,2022-11-29,103.0,Low Value
2190,Alicia Barrett,Bronze,TX,6,6645.77,415.36,2022-01-12,2024-07-01,901.0,Low Value
20,Catherine Dixon,Bronze,CA,3,6642.03,948.86,2022-02-19,2024-05-21,822.0,Low Value
8790,Hunter Hunt,Silver,PA,8,6641.05,316.24,2022-04-09,2024-08-07,851.0,Low Value
2205,Bobby Allen,Gold,NY,7,6639.24,368.85,2022-04-19,2024-09-04,869.0,Low Value
5220,Jean Dickerson,Gold,FL,3,6639.07,663.91,2022-03-18,2024-10-30,957.0,Low Value
1992,Margaret Davis,Bronze,IL,7,6638.39,390.49,2022-01-08,2022-08-25,229.0,Low Value
8015,Jessica Joseph,Gold,FL,4,6637.37,663.74,2022-07-06,2024-06-15,710.0,Low Value
5801,Calvin Adams,Silver,AZ,7,6637.21,414.83,2022-06-09,2024-12-29,934.0,Low Value
229,Rachel Washington,Gold,MD,8,6635.73,331.79,2022-01-31,2024-08-31,943.0,Low Value
5504,Jennifer Ellis,Silver,TN,4,6634.06,510.31,2022-06-18,2023-08-09,417.0,Low Value
57,Stephanie Mcdaniel,Bronze,MA,7,6632.81,276.37,2022-02-26,2024-07-14,869.0,Low Value
1781,Austin Wyatt,Silver,MD,4,6632.28,602.93,2022-12-20,2024-04-27,494.0,Low Value
7339,Eric Lam,Platinum,MI,6,6630.56,331.53,2022-03-27,2024-11-10,959.0,Low Value
4103,Donald Mcintyre,Gold,MA,3,6627.13,473.37,2023-04-25,2024-11-29,584.0,Low Value
5518,Daniel Clark,Gold,IN,8,6627.12,368.17,2022-03-11,2024-12-29,1024.0,Low Value
6153,Michael Holden,Platinum,NY,5,6625.27,441.68,2022-06-27,2024-06-30,734.0,Low Value
8920,Thomas Morales,Silver,WA,6,6622.68,441.51,2022-02-22,2024-12-31,1043.0,Low Value
1597,Shelly Sims,Gold,NJ,4,6621.53,472.97,2022-06-10,2023-07-06,391.0,Low Value
7077,Edward Hill,Bronze,CA,7,6621.08,413.82,2022-05-13,2024-11-18,920.0,Low Value
8236,Jennifer Burns,Gold,MO,4,6619.96,601.81,2022-01-09,2024-07-10,913.0,Low Value
6882,David Ortiz,Bronze,CA,6,6618.67,330.93,2023-02-14,2024-04-24,435.0,Low Value
3519,Michael Jackson,Bronze,NJ,5,6617.49,472.68,2022-01-09,2024-07-22,925.0,Low Value
2598,Andrew Snyder,Gold,VA,9,6607.91,275.33,2022-01-13,2024-10-07,998.0,Low Value
2615,Rachel Scott,Bronze,WI,7,6607.1,367.06,2022-06-18,2024-12-06,902.0,Low Value
5710,Debbie Hensley,Bronze,MD,6,6606.22,275.26,2022-05-26,2024-11-24,913.0,Low Value
9565,Sean Clark,Silver,CA,4,6605.92,600.54,2022-10-03,2024-08-24,691.0,Low Value
9862,Kelly Harmon,Gold,OH,7,6605.35,347.65,2023-02-09,2024-12-05,665.0,Low Value
8025,Ann Brown,Silver,MD,5,6604.44,412.78,2022-03-01,2024-10-14,958.0,Low Value
4007,Michael Rios,Silver,CA,4,6604.3,508.02,2022-03-16,2024-11-09,969.0,Low Value
9869,Robert Barker,Silver,NY,4,6603.25,660.33,2022-10-31,2023-11-04,369.0,Low Value
9781,Jessica Garcia,Bronze,NC,3,6602.86,733.65,2022-07-30,2024-05-07,647.0,Low Value
1243,David Lucas,Gold,NC,6,6598.82,388.17,2022-08-07,2023-04-05,241.0,Low Value
164,Robert Smith,Platinum,VA,6,6596.63,507.43,2022-04-13,2023-08-27,501.0,Low Value
6460,Samuel Sanchez,Silver,TN,6,6595.9,366.44,2022-11-19,2024-11-18,730.0,Low Value
8693,Shelly Bridges,Platinum,MI,5,6595.7,599.61,2022-05-06,2023-07-15,435.0,Low Value
2073,Bonnie Austin,Gold,MD,4,6588.08,549.01,2022-01-17,2024-11-20,1038.0,Low Value
3499,Nathaniel Wilson,Bronze,MD,5,6584.67,470.33,2022-01-24,2023-12-31,706.0,Low Value
8926,Dylan Wilkinson,Gold,TX,8,6584.59,299.3,2022-05-13,2024-02-19,647.0,Low Value
3717,Kyle Larson,Bronze,GA,7,6584.33,411.52,2022-10-06,2024-12-14,800.0,Low Value
8966,Natalie Hall,Bronze,MD,8,6584.15,329.21,2022-04-17,2024-08-17,853.0,Low Value
3757,Alyssa Olson,Bronze,TN,8,6579.49,253.06,2022-02-07,2024-04-25,808.0,Low Value
8175,Jennifer Fields,Bronze,CA,2,6575.8,1095.97,2022-11-15,2023-07-01,228.0,Low Value
1533,Amber Price,Silver,IL,5,6572.49,386.62,2022-03-16,2024-10-22,951.0,Low Value
6223,Margaret Munoz,Silver,FL,5,6571.58,328.58,2022-05-16,2023-12-18,581.0,Low Value
2676,Riley Roberts,Silver,VA,5,6569.85,656.99,2022-02-12,2024-03-03,750.0,Low Value
6055,Melissa Brown,Bronze,MD,2,6568.63,656.86,2022-08-31,2023-03-19,200.0,Low Value
175,Michael Rhodes,Silver,WA,7,6560.66,312.41,2022-07-13,2024-06-07,695.0,Low Value
7223,Kevin Fisher,Silver,NY,3,6560.32,504.64,2022-02-12,2024-08-01,901.0,Low Value
5651,Clayton Farmer,Gold,WA,5,6559.35,504.57,2022-04-05,2024-05-09,765.0,Low Value
1118,James Collins,Platinum,GA,7,6558.45,409.9,2022-08-27,2024-08-18,722.0,Low Value
3947,Heidi Martinez,Bronze,AZ,7,6558.15,327.91,2023-07-20,2024-11-24,493.0,Low Value
549,Christian Booker,Gold,AZ,5,6557.0,546.42,2022-04-28,2024-12-24,971.0,Low Value
7090,Don Arnold,Platinum,CA,5,6556.21,345.06,2023-02-27,2024-12-31,673.0,Low Value
151,Craig Turner,Bronze,FL,8,6555.82,327.79,2022-02-15,2024-12-15,1034.0,Low Value
5771,Theresa Arias,Bronze,MI,8,6554.91,285.0,2022-05-08,2024-08-05,820.0,Low Value
9372,Robert Ferrell,Bronze,MI,10,6554.56,204.83,2022-03-02,2024-12-25,1029.0,Low Value
503,Collin Harris,Platinum,AZ,3,6553.68,655.37,2024-02-11,2024-04-27,76.0,Low Value
4162,Zachary Davis,Platinum,MI,4,6551.51,727.95,2022-11-20,2024-02-24,461.0,Low Value
841,Amanda Murray,Bronze,GA,8,6550.32,327.52,2022-04-28,2024-10-30,916.0,Low Value
1774,Jeffrey Evans,Bronze,WA,7,6540.64,311.46,2022-05-23,2024-07-10,779.0,Low Value
6038,Jared Harrison,Platinum,IL,5,6539.16,326.96,2022-06-04,2024-08-03,791.0,Low Value
2412,Veronica Jackson,Bronze,NJ,7,6539.08,311.38,2022-04-05,2024-12-08,978.0,Low Value
891,Vickie Nelson,Gold,OH,6,6537.21,408.58,2022-02-27,2024-05-02,795.0,Low Value
290,Zachary Jones,Bronze,TN,7,6536.82,326.84,2022-05-10,2024-05-06,727.0,Low Value
7305,Victoria Tran,Gold,NY,4,6535.79,502.75,2022-04-08,2024-07-11,825.0,Low Value
5611,Heather Willis,Platinum,VA,7,6533.26,343.86,2022-01-16,2023-12-26,709.0,Low Value
6088,Pamela Gray,Bronze,GA,7,6532.17,311.06,2022-01-03,2024-10-30,1031.0,Low Value
1105,Ashley Smith,Silver,GA,4,6527.88,502.14,2022-05-06,2024-12-18,957.0,Low Value
3289,Charles Mcclain,Bronze,NJ,6,6525.13,343.43,2022-01-06,2024-12-30,1089.0,Low Value
4899,Mary Elliott,Bronze,TX,6,6524.28,434.95,2022-12-20,2024-06-24,552.0,Low Value
9777,Rhonda Morris,Silver,AZ,7,6523.19,343.33,2022-06-21,2024-10-23,855.0,Low Value
8964,Kimberly Orr,Gold,PA,6,6521.5,362.31,2022-02-25,2023-05-05,434.0,Low Value
3872,Dominique Clark,Bronze,NY,4,6519.39,501.49,2022-09-16,2024-06-04,627.0,Low Value
2833,Gary Scott,Bronze,PA,6,6519.23,543.27,2022-01-15,2024-12-09,1059.0,Low Value
4726,Melinda Jordan,Bronze,IN,6,6516.87,342.99,2022-06-07,2024-07-27,781.0,Low Value
61,Erika Tucker,Gold,FL,7,6516.6,434.44,2022-07-10,2024-12-14,888.0,Low Value
4901,Kathleen Henderson,Silver,WI,7,6515.85,383.29,2022-01-27,2024-09-30,977.0,Low Value
7490,Kaitlyn Diaz,Silver,VA,7,6515.19,383.25,2022-05-18,2023-07-01,409.0,Low Value
1198,Michelle Thomas,Silver,WA,7,6514.74,383.22,2022-02-25,2024-04-13,778.0,Low Value
5740,James Huff,Platinum,NC,5,6510.78,465.06,2022-01-31,2024-12-21,1055.0,Low Value
9205,Desiree Smith,Platinum,MI,4,6509.19,464.94,2022-06-11,2023-12-11,548.0,Low Value
6020,Sean Mendoza,Bronze,TX,6,6505.14,382.66,2022-09-07,2024-09-29,753.0,Low Value
6758,Sabrina Cole,Platinum,IN,5,6502.85,361.27,2022-08-12,2024-11-11,822.0,Low Value
961,Joshua James,Gold,WI,3,6500.09,928.58,2023-07-04,2024-08-01,394.0,Low Value
1916,Misty Savage,Bronze,IN,8,6497.48,309.4,2022-03-28,2024-08-08,864.0,Low Value
4361,Martin Scott,Gold,OH,5,6497.35,433.16,2022-10-16,2024-03-30,531.0,Low Value
34,Kevin Erickson,Gold,IL,4,6492.49,590.23,2022-09-29,2024-04-16,565.0,Low Value
2358,Mark Trevino,Silver,FL,6,6484.37,432.29,2022-05-11,2024-09-22,865.0,Low Value
2874,Deborah Martinez,Platinum,MD,7,6483.8,405.24,2022-02-06,2024-06-12,857.0,Low Value
2426,Amy Church,Platinum,TN,4,6483.6,324.18,2023-02-18,2024-09-04,564.0,Low Value
8312,Aaron Weber,Platinum,FL,6,6478.42,381.08,2022-06-03,2024-10-01,851.0,Low Value
7251,Christine Huang,Bronze,GA,3,6477.92,539.83,2022-02-24,2024-12-27,1037.0,Low Value
3071,Susan Foley,Bronze,GA,5,6476.79,340.88,2022-02-07,2024-01-06,698.0,Low Value
2049,Julie Khan,Silver,TN,8,6474.35,249.01,2022-01-06,2024-09-09,977.0,Low Value
2004,Jesse Johnson,Gold,TX,5,6472.25,497.87,2022-10-25,2023-07-28,276.0,Low Value
1460,Lauren Howell,Silver,OH,4,6470.69,588.24,2023-02-24,2024-12-03,648.0,Low Value
9218,John Ramirez,Bronze,WI,7,6468.93,497.61,2022-01-29,2024-09-16,961.0,Low Value
1855,Lisa Randolph,Bronze,MA,6,6467.7,431.18,2022-02-20,2024-11-13,997.0,Low Value
7980,Richard Coleman,Bronze,FL,5,6465.92,404.12,2022-01-31,2024-09-29,972.0,Low Value
6202,Nancy Wong,Gold,CA,4,6465.8,359.21,2022-09-12,2024-05-27,623.0,Low Value
2915,Susan Dalton,Bronze,MO,4,6464.82,497.29,2022-07-15,2024-11-30,869.0,Low Value
8333,Crystal Hall,Gold,FL,4,6464.29,538.69,2022-07-06,2024-03-03,606.0,Low Value
9176,George Lucero,Silver,TX,5,6463.43,538.62,2022-10-14,2024-05-16,580.0,Low Value
623,Kim Jones,Silver,IN,4,6463.24,497.17,2022-03-18,2024-01-02,655.0,Low Value
5129,Jeffery Powers,Bronze,IN,5,6460.4,403.77,2022-02-16,2024-09-22,949.0,Low Value
87,Marcia Hanson,Gold,NC,8,6458.42,322.92,2022-08-27,2024-12-26,852.0,Low Value
205,Michael Moore,Bronze,GA,5,6450.54,430.04,2022-08-22,2023-06-21,303.0,Low Value
4914,Evelyn Wolfe,Gold,MD,4,6450.2,430.01,2022-04-27,2024-05-20,754.0,Low Value
3585,Brenda Hudson,Gold,MA,5,6449.74,403.11,2022-09-18,2023-08-15,331.0,Low Value
4840,Joshua Fernandez,Bronze,IN,4,6449.56,379.39,2022-06-17,2023-10-18,488.0,Low Value
5612,Olivia Lopez,Bronze,CA,4,6448.82,716.54,2022-01-11,2024-09-22,985.0,Low Value
5942,Leah Ross,Bronze,MO,5,6447.08,402.94,2022-07-07,2024-04-06,639.0,Low Value
4610,Joshua Vaughn,Bronze,CA,5,6446.62,339.3,2022-06-16,2024-07-25,770.0,Low Value
3867,Wendy Smith,Bronze,NY,6,6446.49,358.14,2022-11-26,2024-06-13,565.0,Low Value
2123,Ricky Beltran,Gold,NC,12,6445.85,189.58,2022-05-30,2024-10-20,874.0,Low Value
1813,Jason Sanders,Platinum,NJ,7,6443.23,292.87,2022-08-25,2024-02-23,547.0,Low Value
2557,James Murray,Bronze,FL,4,6441.88,585.63,2023-04-27,2024-07-03,433.0,Low Value
1596,Chelsea Jackson,Bronze,WA,4,6441.73,378.93,2022-10-21,2024-03-29,525.0,Low Value
4256,Hannah Hooper,Bronze,GA,4,6440.18,585.47,2022-04-25,2024-05-05,741.0,Low Value
2498,Nicole Thompson,Silver,IN,6,6440.13,495.39,2022-02-10,2024-08-23,925.0,Low Value
2036,Patricia Bell,Bronze,TX,5,6437.6,402.35,2022-05-22,2024-05-21,730.0,Low Value
6698,Matthew Wright,Silver,AZ,4,6436.55,495.12,2022-03-12,2024-08-28,900.0,Low Value
1748,Cheryl Barrera,Bronze,MO,5,6434.08,428.94,2022-09-17,2024-12-27,832.0,Low Value
7176,Paige Lewis,Bronze,GA,4,6433.86,643.39,2022-09-05,2024-10-12,768.0,Low Value
9912,Amy Delgado,Gold,WI,5,6433.04,338.58,2023-04-10,2024-04-03,359.0,Low Value
5396,Carolyn Johnson,Platinum,NJ,7,6430.28,321.51,2022-01-14,2023-11-25,680.0,Low Value
5022,Richard Swanson,Silver,PA,7,6429.74,357.21,2023-09-23,2024-12-22,456.0,Low Value
7332,Amanda Soto,Platinum,FL,6,6428.6,459.19,2022-06-30,2024-06-06,707.0,Low Value
8784,William Bolton,Silver,MA,5,6427.13,535.59,2022-08-01,2024-05-15,653.0,Low Value
3557,Jeremy Jenkins,Bronze,CA,7,6427.02,257.08,2022-02-26,2024-09-17,934.0,Low Value
8061,Daniel Sanders,Silver,MO,9,6426.86,238.03,2022-07-29,2024-08-28,761.0,Low Value
2623,Jeremy Bird,Bronze,IL,5,6426.17,338.22,2023-10-04,2024-08-26,327.0,Low Value
4771,Ryan Foster,Gold,NY,7,6425.06,458.93,2022-03-17,2024-11-13,972.0,Low Value
7951,Mike Gonzalez,Silver,PA,6,6422.46,401.4,2022-12-06,2024-11-21,716.0,Low Value
4648,Michael Lambert,Bronze,WI,5,6421.86,458.7,2022-10-30,2024-10-03,704.0,Low Value
5920,Sandra Smith,Gold,OH,6,6417.12,534.76,2023-04-19,2024-06-06,414.0,Low Value
8352,Christopher Mitchell,Silver,WA,6,6414.32,641.43,2022-04-21,2023-12-20,608.0,Low Value
8946,Scott Brown,Gold,MA,5,6413.05,458.07,2023-02-21,2024-07-03,498.0,Low Value
7529,Michael Doyle,Bronze,IL,5,6412.84,320.64,2022-07-03,2024-11-18,869.0,Low Value
1664,Joseph Daniel,Silver,MO,5,6411.81,457.99,2022-12-16,2023-09-02,260.0,Low Value
2134,Courtney Galloway,Platinum,OH,2,6410.8,1068.47,2022-07-18,2024-05-11,663.0,Low Value
1308,Sharon Morris,Gold,AZ,7,6407.89,376.93,2022-02-03,2024-08-26,935.0,Low Value
1894,Leslie Gonzalez,Silver,TX,9,6407.01,337.21,2022-06-30,2024-04-05,645.0,Low Value
8409,Alison Potts,Silver,VA,7,6404.06,304.96,2022-05-06,2024-11-06,915.0,Low Value
422,Julie Parsons,Bronze,MA,7,6403.86,291.08,2022-02-16,2024-12-17,1035.0,Low Value
94,Sarah Johnson,Gold,VA,3,6401.63,581.97,2023-09-29,2024-05-27,241.0,Low Value
3372,Dawn Stanley,Bronze,FL,6,6400.15,376.48,2022-07-25,2024-02-09,564.0,Low Value
5123,Michael Ramos,Bronze,AZ,8,6395.61,245.98,2023-01-10,2024-10-26,655.0,Low Value
7434,Destiny Gilmore,Gold,MD,7,6392.61,426.17,2022-08-03,2024-05-02,638.0,Low Value
5907,Julie Boyer,Silver,GA,3,6391.94,798.99,2022-08-23,2023-03-29,218.0,Low Value
918,Michele Martinez,Silver,PA,8,6387.91,277.74,2022-04-21,2024-07-12,813.0,Low Value
3533,Cody Stewart,Bronze,NJ,7,6387.8,319.39,2022-01-30,2024-04-24,815.0,Low Value
6748,Savannah Day,Bronze,GA,7,6387.42,354.86,2022-01-26,2024-08-23,940.0,Low Value
7354,Dale Simmons,Silver,IL,6,6384.13,354.67,2022-02-22,2024-06-10,839.0,Low Value
5304,Joseph Estrada,Platinum,MA,3,6381.65,709.07,2022-04-14,2024-06-17,795.0,Low Value
308,James Burton,Silver,NJ,3,6381.42,425.43,2022-03-30,2023-07-23,480.0,Low Value
1057,Megan Walsh,Silver,CA,5,6375.1,531.26,2022-12-20,2024-07-10,568.0,Low Value
9107,Tina Foster,Platinum,IN,4,6371.51,424.77,2023-11-18,2024-11-30,378.0,Low Value
4799,Kimberly White,Bronze,CA,5,6371.04,398.19,2023-02-16,2024-06-28,498.0,Low Value
7317,Tammie Moore,Silver,GA,6,6369.82,335.25,2022-04-20,2024-08-11,844.0,Low Value
1043,Erik White,Bronze,MI,8,6361.03,424.07,2022-02-03,2024-07-09,887.0,Low Value
7659,Brendan Webb,Bronze,AZ,6,6359.17,397.45,2022-05-29,2024-08-05,799.0,Low Value
408,Maria King,Platinum,GA,5,6356.11,454.01,2022-03-04,2023-11-20,626.0,Low Value
3488,Shannon Davis,Silver,NC,6,6352.28,397.02,2022-06-06,2024-08-25,811.0,Low Value
9155,Deanna White,Gold,OH,7,6351.46,334.29,2022-08-31,2024-09-17,748.0,Low Value
9129,Daniel Blair,Platinum,NJ,6,6350.63,423.38,2022-06-30,2024-06-02,703.0,Low Value
1168,William Sosa,Bronze,GA,7,6350.61,276.11,2022-09-16,2024-07-09,662.0,Low Value
9238,Jacqueline Smith,Bronze,MI,4,6348.25,634.83,2022-03-17,2023-10-31,593.0,Low Value
5423,Victor Shields,Bronze,PA,5,6348.01,423.2,2022-09-29,2023-11-22,419.0,Low Value
6518,Andrew Hanson,Silver,NY,8,6345.7,352.54,2022-02-28,2024-11-14,990.0,Low Value
6483,William Stanley,Silver,MO,5,6342.47,422.83,2023-02-04,2024-12-15,680.0,Low Value
7665,John Byrd,Platinum,WA,3,6341.74,528.48,2023-09-03,2024-08-21,353.0,Low Value
8983,Martin Vasquez,Platinum,NC,6,6337.25,396.08,2022-01-23,2024-12-20,1062.0,Low Value
2590,Christina Hurley,Gold,OH,3,6336.6,487.43,2023-01-27,2024-06-05,495.0,Low Value
8284,Gabriela Avila,Platinum,MA,7,6333.54,351.86,2022-02-05,2024-07-19,895.0,Low Value
2300,Crystal Brooks,Platinum,AZ,4,6332.37,395.77,2022-08-22,2023-07-29,341.0,Low Value
892,Kathleen Carlson,Gold,MA,4,6329.39,575.4,2022-01-02,2024-12-18,1081.0,Low Value
8772,Sergio Fisher,Gold,IN,4,6329.07,791.13,2022-02-25,2023-01-01,310.0,Low Value
3051,Emily Melton,Silver,WI,8,6327.98,253.12,2022-02-08,2023-10-08,607.0,Low Value
2680,Hector Cooper,Bronze,WI,6,6323.84,486.45,2022-01-27,2024-11-27,1035.0,Low Value
1982,Harry West,Silver,VA,5,6318.74,421.25,2022-05-11,2024-10-21,894.0,Low Value
6940,Lisa Smith,Silver,CA,6,6317.97,421.2,2022-12-25,2024-08-22,606.0,Low Value
1209,Christina Richardson,Bronze,NC,6,6315.75,263.16,2022-01-16,2024-04-18,823.0,Low Value
332,Kathryn Bradford,Silver,MO,5,6315.57,485.81,2022-07-22,2024-06-29,708.0,Low Value
7302,Timothy Duncan,Silver,GA,7,6312.46,332.23,2023-03-31,2024-12-17,627.0,Low Value
8865,Alex Garcia,Bronze,NY,5,6311.15,394.45,2022-11-24,2024-05-27,550.0,Low Value
6804,Randy Taylor,Bronze,NC,5,6304.08,525.34,2022-01-12,2024-12-06,1059.0,Low Value
5036,Whitney Henderson,Bronze,IN,5,6304.04,350.22,2022-06-12,2024-07-07,756.0,Low Value
2847,Zachary Fernandez,Bronze,PA,4,6303.84,450.27,2022-02-05,2023-04-30,449.0,Low Value
7085,Daniel Hanson,Bronze,TN,3,6303.09,700.34,2023-06-15,2024-10-19,492.0,Low Value
1284,Jennifer Duncan,Bronze,VA,7,6301.03,331.63,2022-02-03,2024-11-24,1025.0,Low Value
1470,Tasha Rivera,Silver,AZ,5,6297.37,419.82,2022-01-04,2024-07-26,934.0,Low Value
3101,Melissa Noble,Bronze,CA,6,6297.1,419.81,2022-01-29,2023-11-30,670.0,Low Value
2160,Kimberly Hamilton,Gold,WI,7,6295.24,314.76,2022-08-29,2024-10-04,767.0,Low Value
7252,Thomas Parker,Silver,CA,3,6294.36,786.79,2023-06-05,2024-02-22,262.0,Low Value
4856,Andrew Morse,Silver,MD,4,6293.85,572.17,2023-09-28,2024-08-07,314.0,Low Value
2039,Diane Hines,Bronze,NY,5,6292.35,349.58,2022-03-09,2024-05-16,799.0,Low Value
1145,James Middleton,Bronze,TN,5,6290.51,449.32,2022-02-22,2023-11-04,620.0,Low Value
3057,Deborah Martin,Gold,AZ,7,6288.83,369.93,2022-03-22,2024-12-27,1011.0,Low Value
7190,Lisa Moody,Gold,WI,8,6287.37,273.36,2022-03-07,2024-02-07,702.0,Low Value
9661,Jonathan Wright,Gold,IN,5,6287.2,523.93,2022-06-09,2024-04-27,688.0,Low Value
1930,Michael Griffin,Bronze,WI,8,6283.46,285.61,2022-03-06,2024-04-16,772.0,Low Value
710,Kevin Kaufman,Bronze,MD,7,6279.11,251.16,2022-04-08,2024-09-26,902.0,Low Value
2987,Jessica Taylor,Bronze,MI,7,6277.9,313.89,2022-02-08,2024-12-22,1048.0,Low Value
7837,Amber Carter,Gold,WA,3,6277.84,482.91,2022-09-01,2024-04-10,587.0,Low Value
7669,Gloria Schultz,Silver,IL,5,6273.77,627.38,2022-01-14,2024-09-11,971.0,Low Value
4536,Angelica Zamora,Platinum,MI,5,6273.06,482.54,2023-08-04,2024-12-22,506.0,Low Value
9651,Audrey George,Gold,VA,4,6265.82,522.15,2022-08-17,2023-04-03,229.0,Low Value
4920,Crystal Rangel,Bronze,OH,3,6265.46,895.07,2022-12-02,2024-04-24,509.0,Low Value
2258,Mark Sharp,Silver,GA,7,6261.05,368.3,2022-05-14,2024-12-14,945.0,Low Value
8454,Shelly Evans,Gold,MO,6,6260.63,347.81,2022-08-03,2024-05-12,648.0,Low Value
2216,Alexis Olson,Gold,MO,8,6259.59,272.16,2022-04-18,2024-04-03,716.0,Low Value
9853,Rachel Lopez,Platinum,MA,4,6254.9,521.24,2023-02-28,2023-12-30,305.0,Low Value
9882,Crystal Williams,Bronze,IN,4,6247.8,446.27,2022-11-21,2023-07-24,245.0,Low Value
66,Toni Miller,Bronze,MO,8,6246.05,283.91,2022-05-17,2024-04-23,707.0,Low Value
2301,Patrick Vazquez,Bronze,MI,5,6245.47,328.71,2023-03-19,2024-08-06,506.0,Low Value
4089,Amy Pope,Bronze,WA,7,6243.42,283.79,2022-04-22,2023-12-09,596.0,Low Value
5896,Heather Tucker,Bronze,IN,3,6242.24,624.22,2022-11-03,2023-01-23,81.0,Low Value
6846,Melissa Parker,Gold,TN,6,6241.77,445.84,2022-02-23,2024-03-12,748.0,Low Value
2733,Robert Ortiz,Gold,PA,5,6241.65,445.83,2023-07-22,2024-12-16,513.0,Low Value
7654,Misty Pratt,Silver,NY,4,6238.75,891.25,2022-09-26,2024-09-01,706.0,Low Value
8055,Clayton Guzman,Bronze,CA,7,6237.66,366.92,2022-01-25,2024-02-25,761.0,Low Value
6273,Scott Martinez,Bronze,PA,5,6235.49,415.7,2022-07-05,2024-05-13,678.0,Low Value
1562,Lauren Cruz,Silver,IN,8,6234.02,366.71,2022-08-20,2024-10-13,785.0,Low Value
4417,Natasha Mitchell,Bronze,NJ,7,6233.66,415.58,2022-06-05,2024-12-28,937.0,Low Value
3147,Tracy Calderon,Gold,MO,6,6233.23,311.66,2022-06-18,2024-11-08,874.0,Low Value
3170,Tiffany Hays,Silver,TX,5,6232.43,415.5,2022-07-26,2023-10-06,437.0,Low Value
4942,Aaron Ramos,Gold,VA,4,6230.73,566.43,2022-05-18,2024-04-27,710.0,Low Value
3068,Matthew Myers,Bronze,VA,4,6225.59,565.96,2022-04-13,2024-04-28,746.0,Low Value
3292,David Davis,Bronze,PA,8,6221.86,345.66,2022-01-26,2024-05-27,852.0,Low Value
5678,George Rios,Silver,MI,6,6213.38,443.81,2022-06-16,2024-04-24,678.0,Low Value
7534,Jeremy Parks,Bronze,PA,6,6209.77,365.28,2022-04-25,2024-07-08,805.0,Low Value
6420,Gerald King,Silver,NC,6,6208.88,388.06,2022-04-07,2024-10-23,930.0,Low Value
765,Wanda Braun,Bronze,MI,5,6208.23,388.01,2023-02-11,2024-12-17,675.0,Low Value
898,Jessica Jones,Silver,NY,8,6206.92,269.87,2022-04-24,2024-11-12,933.0,Low Value
7599,Miguel Lewis,Silver,AZ,4,6204.7,413.65,2022-01-13,2024-07-03,902.0,Low Value
7355,David Bush,Silver,GA,7,6203.68,344.65,2022-10-08,2024-08-30,692.0,Low Value
594,Jennifer Edwards,Bronze,PA,4,6201.86,477.07,2022-04-25,2024-02-05,651.0,Low Value
1296,Zoe Yang,Bronze,TX,3,6200.06,688.9,2022-08-05,2024-06-23,688.0,Low Value
4020,Jason Guerra,Bronze,MI,8,6190.06,309.5,2022-04-05,2024-08-21,869.0,Low Value
513,Tyler Perez,Bronze,PA,7,6189.01,325.74,2022-06-04,2024-11-05,885.0,Low Value
5529,Joseph Bryant,Silver,MI,4,6185.15,515.43,2022-12-15,2023-12-31,381.0,Low Value
5210,Jerry Wade,Bronze,OH,8,6182.85,386.43,2022-02-05,2024-10-13,981.0,Low Value
9453,Charlotte Crosby,Gold,NC,9,6181.95,325.37,2022-04-27,2024-10-02,889.0,Low Value
331,Holly Hunter,Bronze,MI,4,6180.65,515.05,2022-09-01,2023-09-27,391.0,Low Value
7341,Kristopher Torres,Gold,NC,6,6179.95,325.26,2022-07-09,2024-10-22,836.0,Low Value
569,Richard White,Bronze,FL,6,6178.74,268.64,2022-01-18,2024-06-08,872.0,Low Value
8667,Aaron Leon,Silver,IN,10,6177.71,268.6,2022-01-02,2024-09-19,991.0,Low Value
7616,Anthony Sanchez,Bronze,FL,6,6174.4,363.2,2022-05-14,2024-11-05,906.0,Low Value
4733,Philip Wiggins,Gold,PA,6,6174.32,324.96,2022-01-21,2024-01-26,735.0,Low Value
4935,John Jennings,Platinum,NC,6,6171.9,411.46,2022-06-23,2024-11-21,882.0,Low Value
1672,Jasmine Phillips,Bronze,NC,4,6169.67,440.69,2022-07-05,2024-12-07,886.0,Low Value
3058,Stephanie Taylor,Bronze,AZ,3,6167.65,685.29,2022-03-25,2022-09-04,163.0,Low Value
4551,Jennifer Delacruz,Silver,VA,4,6167.48,440.53,2022-07-18,2024-04-05,627.0,Low Value
4907,Laura Washington,Gold,TX,9,6164.46,342.47,2022-02-24,2024-12-05,1015.0,Low Value
1833,Paul Lamb,Gold,NC,4,6164.21,474.17,2022-05-05,2024-06-18,775.0,Low Value
5295,Kenneth Smith,Bronze,WI,6,6163.0,237.04,2022-08-25,2024-04-30,614.0,Low Value
3345,Joseph Olson,Platinum,CA,6,6161.78,440.13,2022-09-25,2024-08-07,682.0,Low Value
1839,Michael Castillo,Gold,OH,6,6160.52,324.24,2022-02-12,2024-11-20,1012.0,Low Value
9763,Samantha Jones,Silver,TN,6,6160.26,410.68,2022-01-31,2024-05-08,828.0,Low Value
6666,Elizabeth Forbes,Bronze,IL,3,6157.41,684.16,2023-09-24,2024-02-01,130.0,Low Value
4177,Kayla Meza,Silver,VA,6,6154.21,362.01,2022-04-17,2023-09-27,528.0,Low Value
2181,Chelsea Wise,Bronze,AZ,7,6153.47,341.86,2022-05-07,2024-12-29,967.0,Low Value
191,Richard Stewart,Bronze,MA,3,6153.46,879.07,2022-08-07,2024-10-23,808.0,Low Value
8851,Michelle Roberts,Silver,FL,7,6152.23,279.65,2022-09-16,2024-10-19,764.0,Low Value
7453,Douglas Hale,Silver,IN,5,6150.73,384.42,2022-04-21,2024-02-04,654.0,Low Value
4903,Tammie Lewis,Bronze,WI,7,6150.61,292.89,2022-07-14,2024-12-09,879.0,Low Value
5393,Kevin Dean,Silver,NJ,5,6147.08,361.59,2022-09-01,2024-07-30,698.0,Low Value
6815,Chelsea Smith,Bronze,MA,7,6145.71,361.51,2022-12-23,2024-08-19,605.0,Low Value
2939,Sharon Patel,Gold,MD,7,6143.16,361.36,2022-01-24,2024-11-04,1015.0,Low Value
4369,Brandi Herman,Bronze,TN,8,6141.19,245.65,2022-11-29,2024-12-08,740.0,Low Value
8163,James Kramer,Bronze,NJ,6,6134.39,383.4,2022-01-20,2024-09-07,961.0,Low Value
8645,Kimberly Schroeder,Bronze,VA,6,6129.81,437.84,2022-03-19,2024-07-05,839.0,Low Value
2245,Jennifer Valdez,Bronze,VA,6,6128.15,306.41,2023-08-17,2024-11-06,447.0,Low Value
3556,Randall Krause,Bronze,MI,4,6128.11,437.72,2022-06-26,2023-08-21,421.0,Low Value
9485,Timothy Blair,Platinum,VA,4,6125.52,612.55,2022-07-23,2024-06-12,690.0,Low Value
3092,Brenda Howe,Bronze,OH,5,6124.43,382.78,2022-04-22,2023-08-25,490.0,Low Value
5805,Justin Turner,Bronze,AZ,6,6121.56,360.09,2022-02-03,2024-09-23,963.0,Low Value
1320,Jason Ortega,Gold,CA,5,6120.8,340.04,2022-05-16,2024-11-13,912.0,Low Value
1225,Danielle Smith,Gold,WA,7,6119.54,339.97,2023-05-31,2024-10-18,506.0,Low Value
8823,Mark Johnson,Bronze,WI,4,6118.55,874.08,2022-08-11,2024-12-19,861.0,Low Value
7036,Kristina Morris,Silver,IN,9,6116.58,278.03,2022-09-06,2024-01-03,484.0,Low Value
482,George Murphy,Silver,MI,4,6116.38,611.64,2022-10-18,2024-05-23,583.0,Low Value
8441,Robin Grant,Gold,AZ,4,6116.09,556.01,2022-06-08,2024-01-30,601.0,Low Value
1088,Timothy Wolfe,Bronze,MD,4,6115.75,509.65,2022-03-21,2024-01-01,651.0,Low Value
8190,Kristine Vaughan,Bronze,VA,6,6113.68,359.63,2023-06-21,2024-08-14,420.0,Low Value
3175,Christopher Benson,Bronze,GA,6,6111.78,226.36,2022-04-05,2024-07-27,844.0,Low Value
8298,Brenda Williams,Gold,MA,6,6111.77,359.52,2022-02-06,2024-02-05,729.0,Low Value
3218,Jeremy Wise,Silver,NJ,9,6111.72,244.47,2022-05-06,2024-08-15,832.0,Low Value
556,Nicole Thompson,Silver,NY,7,6110.49,381.91,2022-03-01,2024-08-09,892.0,Low Value
937,Patricia Garcia,Platinum,IN,4,6107.37,469.8,2022-09-04,2024-11-21,809.0,Low Value
7565,Lawrence Glass,Gold,NC,4,6106.62,555.15,2022-10-23,2024-11-10,749.0,Low Value
6930,Cynthia Lewis,Silver,FL,5,6104.76,436.05,2022-12-04,2024-05-20,533.0,Low Value
7820,Richard Young,Gold,WI,4,6103.99,436.0,2022-02-26,2024-05-01,795.0,Low Value
2685,Angela Wilcox,Bronze,CA,8,6103.37,277.43,2022-10-24,2024-12-22,790.0,Low Value
5617,Victoria Adams,Silver,NJ,5,6100.61,435.76,2022-12-26,2024-05-13,504.0,Low Value
5162,Erica White,Bronze,OH,7,6100.32,254.18,2022-06-17,2024-12-12,909.0,Low Value
3737,Kristen Neal,Bronze,GA,4,6099.56,554.51,2022-02-04,2024-02-24,750.0,Low Value
514,Ronald Taylor,Platinum,IL,5,6096.97,243.88,2022-04-25,2023-08-12,474.0,Low Value
6430,Michael Mcdaniel,Silver,IN,4,6095.36,406.36,2022-10-06,2024-12-07,793.0,Low Value
5189,Miranda Davis,Bronze,MA,4,6095.02,677.22,2022-05-03,2024-04-05,703.0,Low Value
597,Jonathan Walker,Bronze,WA,3,6092.79,553.89,2023-04-25,2024-11-20,575.0,Low Value
8822,Danny Clark,Gold,AZ,6,6091.75,338.43,2022-03-04,2023-10-22,597.0,Low Value
8626,Jose Jones,Bronze,NY,5,6087.29,405.82,2022-02-23,2024-04-04,771.0,Low Value
8059,Shannon Sawyer,Bronze,MA,6,6085.23,380.33,2022-02-09,2024-09-15,949.0,Low Value
102,Donald Holder,Silver,IN,5,6085.03,380.31,2023-01-22,2024-06-09,504.0,Low Value
6100,Michelle Smith,Bronze,NC,7,6082.1,276.46,2022-04-21,2024-12-29,983.0,Low Value
5318,Michael Jackson,Gold,WA,7,6073.89,242.96,2022-03-10,2024-12-03,999.0,Low Value
2809,Dawn Smith,Gold,MA,7,6073.52,202.45,2022-06-01,2024-01-29,607.0,Low Value
4303,Heather Martin,Silver,TX,6,6073.19,379.57,2022-05-01,2024-05-07,737.0,Low Value
9479,Darlene Bradley,Platinum,FL,4,6072.21,404.81,2022-03-05,2023-09-24,568.0,Low Value
3654,Melinda Horton,Silver,MI,7,6071.53,289.12,2022-01-12,2024-07-26,926.0,Low Value
1298,Amanda Butler,Bronze,PA,4,6071.17,505.93,2022-05-12,2024-04-03,692.0,Low Value
6774,Kristen Stewart,Platinum,IN,5,6068.29,433.45,2022-03-31,2023-03-19,353.0,Low Value
9217,Marie Williams,Bronze,IN,8,6067.76,288.94,2022-05-26,2024-10-07,865.0,Low Value
8638,Manuel Reynolds,Silver,NC,4,6066.42,356.85,2022-05-02,2024-07-11,801.0,Low Value
6231,Dakota Ball,Platinum,NY,5,6065.61,551.42,2022-03-25,2024-09-17,907.0,Low Value
2275,Robert Hanson,Silver,TN,6,6064.01,466.46,2022-01-26,2024-03-25,789.0,Low Value
4858,Laura Wu,Silver,FL,4,6063.42,673.71,2023-10-22,2024-08-06,289.0,Low Value
6839,Colin Harrell,Bronze,NJ,5,6062.67,356.63,2023-01-27,2024-03-17,415.0,Low Value
4992,Ian Collins,Silver,AZ,5,6060.47,356.5,2022-05-31,2024-03-24,663.0,Low Value
9968,Gary Mata,Bronze,NY,4,6058.94,673.22,2022-05-26,2023-12-17,570.0,Low Value
3819,Tonya Davis,Gold,NC,7,6057.24,378.58,2022-02-26,2024-04-22,786.0,Low Value
8935,Kayla Little,Platinum,TX,7,6055.59,318.72,2022-05-18,2024-11-28,925.0,Low Value
1111,Robert Cruz,Bronze,MA,4,6053.06,504.42,2022-02-26,2023-10-30,611.0,Low Value
8895,Jamie Green,Bronze,AZ,5,6047.75,403.18,2022-06-30,2024-10-15,838.0,Low Value
1480,Alan Spencer,Bronze,CA,5,6045.78,287.89,2022-02-23,2024-12-09,1020.0,Low Value
1595,Kelly Ramirez,Bronze,IN,6,6043.94,287.81,2022-05-20,2024-05-04,715.0,Low Value
810,Joshua Jackson,Bronze,TN,6,6042.97,377.69,2022-02-25,2024-12-05,1014.0,Low Value
4844,Allen Cardenas,Bronze,NC,6,6038.54,503.21,2022-03-14,2024-12-12,1004.0,Low Value
1025,Daniel Martin,Silver,MO,6,6036.93,402.46,2022-01-04,2024-09-08,978.0,Low Value
614,Betty Fletcher,Bronze,GA,5,6036.13,431.15,2022-05-19,2024-10-22,887.0,Low Value
434,Crystal Long,Bronze,IL,7,6032.67,354.86,2022-02-02,2024-09-06,947.0,Low Value
8137,Edward Calhoun,Gold,IL,4,6031.85,335.1,2023-05-09,2024-07-09,427.0,Low Value
8273,Amanda Diaz,Gold,MI,5,6030.97,463.92,2022-12-21,2024-03-20,455.0,Low Value
7026,Kathleen Richards,Bronze,NC,3,6030.53,1206.11,2023-03-03,2024-01-16,319.0,Low Value
1259,Chase Ritter,Gold,FL,3,6030.48,463.88,2022-09-30,2024-01-02,459.0,Low Value
4320,Allison Johnson,Bronze,NC,5,6028.25,502.35,2022-01-24,2024-07-14,902.0,Low Value
1785,John Wood,Bronze,IL,5,6027.94,502.33,2022-09-15,2024-04-11,574.0,Low Value
4763,Mark Mccarthy,Bronze,WI,6,6024.07,430.29,2022-01-15,2023-11-15,669.0,Low Value
6479,Tanner Williams,Bronze,MI,3,6018.56,501.55,2023-06-08,2024-12-21,562.0,Low Value
4750,Justin Roberts,Gold,NC,5,6009.57,429.25,2022-08-11,2024-05-16,644.0,Low Value
6780,Kimberly Sandoval,Bronze,NY,6,6006.84,261.17,2022-11-29,2023-09-19,294.0,Low Value
897,Rhonda Brewer,Bronze,TX,5,6005.74,461.98,2022-01-05,2024-08-02,940.0,Low Value
7831,Benjamin Floyd,Gold,TN,3,6004.31,857.76,2022-07-23,2024-02-14,571.0,Low Value
2516,Jean Hill,Silver,IL,6,6003.83,333.55,2022-06-16,2024-07-19,764.0,Low Value
2894,Amanda Smith,Bronze,IL,3,6002.24,1000.37,2022-04-26,2022-11-13,201.0,Low Value
6803,Nathan Simpson,Bronze,TN,6,6002.14,500.18,2022-04-18,2024-12-02,959.0,Low Value
7889,Russell Ortiz,Bronze,VA,6,6001.9,428.71,2022-02-21,2024-10-02,954.0,Low Value
8326,Michael Deleon,Bronze,IN,7,6001.72,240.07,2022-06-13,2024-08-07,786.0,Low Value
2556,Michael Sparks,Silver,IL,2,6001.56,2000.52,2023-01-08,2023-09-22,257.0,Low Value
8836,Jason Johnson,Silver,NC,4,5999.37,545.4,2023-01-17,2024-08-30,591.0,Low Value
2342,Michael Wood,Silver,TN,3,5995.56,499.63,2022-10-24,2024-08-19,665.0,Low Value
9489,Emily Sanders,Bronze,OH,3,5995.1,749.39,2023-08-16,2024-12-02,474.0,Low Value
6530,Keith Dodson,Silver,PA,4,5994.86,428.2,2022-12-20,2024-04-18,485.0,Low Value
9272,David Little,Gold,IL,7,5994.54,333.03,2022-07-23,2024-05-02,649.0,Low Value
4058,Micheal Miller,Gold,NC,4,5992.37,499.36,2022-04-13,2024-07-20,829.0,Low Value
2326,Shawn Garcia,Platinum,OH,4,5992.0,428.0,2022-04-26,2024-04-07,712.0,Low Value
3481,Dawn Jimenez,Silver,FL,3,5991.12,665.68,2022-03-12,2024-03-28,747.0,Low Value
5182,Russell Weiss,Bronze,MO,5,5990.21,427.87,2022-04-11,2023-03-05,328.0,Low Value
1456,Anthony Williamson,Bronze,GA,5,5986.28,665.14,2022-02-22,2024-12-29,1041.0,Low Value
9053,John Durham,Gold,NY,3,5985.68,460.44,2022-10-17,2024-12-07,782.0,Low Value
2990,Michael Grimes,Bronze,NY,6,5984.28,427.45,2022-04-04,2024-10-15,925.0,Low Value
6709,Luis Peterson,Bronze,MO,5,5983.61,314.93,2022-03-06,2024-06-24,841.0,Low Value
8024,James Patrick,Bronze,NY,7,5979.83,284.75,2022-05-08,2024-12-04,941.0,Low Value
3207,Jose Esparza,Bronze,AZ,4,5974.63,543.15,2022-01-06,2023-11-08,671.0,Low Value
6044,Nicholas Johnson,Silver,NC,2,5974.59,597.46,2022-10-06,2023-04-26,202.0,Low Value
4712,Richard Ramirez,Bronze,MA,4,5972.28,497.69,2022-04-17,2024-10-16,913.0,Low Value
7653,Michelle Graves,Silver,IL,6,5970.2,284.3,2022-01-12,2024-02-01,750.0,Low Value
2547,Ricky Clements,Bronze,MO,11,5969.73,213.2,2022-02-14,2024-12-20,1040.0,Low Value
9248,Jack Thompson,Silver,MA,4,5969.53,459.19,2022-08-16,2024-06-22,676.0,Low Value
1610,Jeremy Hernandez,Bronze,CA,6,5966.95,271.22,2022-10-31,2024-12-04,765.0,Low Value
6604,David Alvarado,Bronze,NJ,6,5964.57,313.92,2022-07-03,2024-03-05,611.0,Low Value
2853,Eric Smith,Platinum,NJ,5,5961.39,496.78,2022-04-14,2024-06-19,797.0,Low Value
6422,Carlos Tapia,Silver,NC,5,5958.64,496.55,2022-03-28,2024-04-03,737.0,Low Value
6311,Christopher Boone,Bronze,MI,7,5955.69,313.46,2022-10-07,2024-10-10,734.0,Low Value
3582,Kimberly Myers,Bronze,TX,4,5950.04,330.56,2022-05-13,2023-04-13,335.0,Low Value
7514,Sandra Scott,Platinum,WI,5,5948.17,396.54,2022-09-28,2024-12-12,806.0,Low Value
201,Evan Soto,Silver,GA,5,5945.51,495.46,2022-10-27,2024-02-09,470.0,Low Value
7141,James Moore,Silver,NY,7,5945.24,247.72,2022-02-12,2024-07-21,890.0,Low Value
7174,Daniel Gonzalez,Gold,MO,4,5944.43,349.67,2022-06-05,2024-10-28,876.0,Low Value
925,Darlene Clark,Bronze,VA,4,5942.4,540.22,2022-02-18,2023-08-15,543.0,Low Value
8475,Charles Myers,Gold,NC,5,5940.36,424.31,2023-07-22,2024-12-03,500.0,Low Value
1556,Jamie Jefferson,Bronze,TX,6,5937.24,349.25,2022-05-05,2024-06-18,775.0,Low Value
2058,Brendan Henderson,Silver,NY,5,5934.4,456.49,2022-07-05,2024-03-28,632.0,Low Value
4135,Nicole Montes,Platinum,VA,5,5932.38,296.62,2022-07-30,2024-10-05,798.0,Low Value
581,Cynthia Alvarez,Gold,CA,6,5929.93,329.44,2022-07-15,2024-10-16,824.0,Low Value
8711,Tiffany Johnson,Bronze,NJ,4,5927.09,348.65,2023-03-12,2023-12-30,293.0,Low Value
192,Eric Robinson,Gold,NY,7,5921.27,311.65,2022-08-19,2024-11-13,817.0,Low Value
1328,Samuel Diaz,Silver,CA,4,5918.71,369.92,2022-02-16,2024-01-14,697.0,Low Value
9189,Amanda Doyle,Gold,NY,7,5912.42,311.18,2022-01-13,2024-12-28,1080.0,Low Value
2090,Jennifer Page,Silver,AZ,4,5907.7,590.77,2022-03-12,2024-10-09,942.0,Low Value
3156,Stephanie Martin,Gold,WA,4,5907.63,454.43,2022-03-19,2024-08-05,870.0,Low Value
2274,Andrew Randall,Platinum,NY,4,5906.83,347.46,2022-08-01,2022-11-26,117.0,Low Value
6756,Steven Burns,Bronze,MI,4,5906.24,492.19,2022-01-03,2024-10-29,1030.0,Low Value
1905,Brian James,Gold,WI,5,5905.77,454.29,2022-09-03,2024-11-16,805.0,Low Value
9904,Laura Webb,Silver,WA,3,5904.88,843.55,2022-04-16,2023-04-06,355.0,Low Value
6411,Jose Friedman,Silver,MD,7,5903.8,347.28,2022-07-22,2024-07-08,717.0,Low Value
2184,Barbara Thompson,Silver,WI,5,5898.99,589.9,2022-03-24,2024-09-19,910.0,Low Value
4643,Anthony Hall,Bronze,PA,5,5897.01,536.09,2022-07-26,2024-10-03,800.0,Low Value
5356,Kevin Savage,Gold,NC,4,5894.76,491.23,2023-06-16,2024-07-25,405.0,Low Value
8309,Kathryn Hoover,Bronze,NY,8,5892.35,327.35,2023-06-16,2024-10-10,482.0,Low Value
5486,Timothy Eaton,Gold,MI,7,5888.84,245.37,2022-02-14,2024-12-06,1026.0,Low Value
8682,Karen Johnson,Silver,TN,6,5888.6,327.14,2022-03-22,2024-11-29,983.0,Low Value
8707,Leonard Gallagher,Platinum,NC,5,5883.7,367.73,2022-01-19,2024-02-22,764.0,Low Value
8493,Melanie Lewis,Silver,NC,4,5880.11,392.01,2022-06-29,2023-11-06,495.0,Low Value
5435,David Gonzalez,Bronze,FL,7,5877.51,419.82,2022-04-07,2024-12-29,997.0,Low Value
2438,Megan Ali,Bronze,NC,7,5875.76,391.72,2022-02-24,2024-10-16,965.0,Low Value
7995,Corey Lopez,Bronze,MD,5,5874.7,391.65,2022-01-18,2024-12-10,1057.0,Low Value
1721,Gloria Johnson,Bronze,NY,9,5872.96,266.95,2022-08-13,2024-09-18,767.0,Low Value
7739,David Kennedy,Bronze,NJ,6,5871.18,309.01,2022-03-10,2024-12-29,1025.0,Low Value
8761,Sarah Mcdaniel,Gold,NC,4,5869.97,419.28,2023-09-19,2024-05-24,248.0,Low Value
9604,Jessica Smith,Bronze,NY,4,5869.04,586.9,2022-06-01,2024-10-29,881.0,Low Value
3901,William Gonzalez,Bronze,IL,5,5868.41,293.42,2023-02-08,2024-07-17,525.0,Low Value
4721,Kristin Cervantes,Bronze,FL,4,5867.35,451.33,2022-05-02,2024-09-19,871.0,Low Value
4887,Barbara Ramirez,Silver,IN,7,5865.56,308.71,2022-02-24,2024-11-06,986.0,Low Value
2371,Thomas Pratt,Bronze,MO,4,5865.01,488.75,2022-02-16,2024-06-30,865.0,Low Value
6625,Brandi Woods,Bronze,WI,6,5863.26,418.8,2022-12-09,2024-10-19,680.0,Low Value
8177,Derrick Hughes,Bronze,WI,2,5860.24,837.18,2022-09-13,2024-06-06,632.0,Low Value
8877,Sarah Wheeler,Gold,WA,7,5859.71,344.69,2022-03-29,2024-06-08,802.0,Low Value
997,Tasha Jenkins,Gold,MD,2,5858.55,976.43,2022-07-21,2022-08-12,22.0,Low Value
1288,Jesse Blair,Silver,NC,5,5858.45,532.59,2022-01-20,2023-04-10,445.0,Low Value
7387,Debbie Jones,Bronze,IN,4,5856.04,266.18,2022-01-16,2024-05-13,848.0,Low Value
7033,Ronald Lee,Bronze,CA,5,5851.79,450.14,2022-04-17,2024-03-24,707.0,Low Value
8459,Michael Mckay,Silver,TN,7,5849.94,265.91,2022-04-12,2024-05-17,766.0,Low Value
3805,Joshua Martinez,Silver,MD,6,5848.75,307.83,2022-05-08,2024-11-22,929.0,Low Value
3253,Mark Frost,Bronze,TX,5,5846.82,307.73,2022-09-15,2024-12-05,812.0,Low Value
9378,Gabriel Montgomery,Silver,IL,5,5846.08,343.89,2022-02-11,2023-02-11,365.0,Low Value
5624,Keith Morgan,Bronze,MA,5,5845.66,365.35,2022-04-13,2024-05-23,771.0,Low Value
1747,Pamela Baker,Platinum,IL,6,5845.1,324.73,2022-01-23,2024-04-11,809.0,Low Value
2596,Richard Reed,Platinum,VA,3,5844.3,730.54,2023-07-26,2024-09-23,425.0,Low Value
389,Samuel Farrell,Silver,TN,5,5844.21,531.29,2022-06-21,2024-07-10,750.0,Low Value
1441,Nicholas Rogers,Bronze,MD,4,5843.74,449.52,2022-11-22,2023-10-31,343.0,Low Value
566,Pamela Parks,Bronze,TN,5,5839.15,343.48,2022-09-03,2024-08-16,713.0,Low Value
9174,Stephen Perez,Gold,WI,6,5831.53,277.69,2022-03-28,2024-01-29,672.0,Low Value
1432,Richard Whitehead,Silver,IL,8,5829.91,242.91,2022-03-08,2024-11-07,975.0,Low Value
8394,Lauren Johnson,Silver,IN,5,5829.32,582.93,2022-05-10,2024-10-19,893.0,Low Value
3188,Anthony Davis,Silver,PA,6,5828.01,364.25,2022-04-29,2024-08-26,850.0,Low Value
796,Ethan Robbins,Silver,PA,8,5824.7,323.59,2022-10-03,2024-12-15,804.0,Low Value
3155,Paul Willis,Silver,VA,8,5819.83,242.49,2022-03-14,2024-10-31,962.0,Low Value
8815,Joshua Holland,Bronze,WI,7,5819.39,415.67,2022-02-28,2024-12-16,1022.0,Low Value
6432,Carmen Morgan,Bronze,PA,7,5818.17,306.22,2022-01-03,2024-11-02,1034.0,Low Value
4390,Gloria Oconnor,Gold,NJ,4,5816.29,646.25,2022-03-28,2024-12-13,991.0,Low Value
5615,Michael Harding,Gold,OH,3,5815.38,646.15,2022-05-25,2023-03-15,294.0,Low Value
2380,Sherry Williams,Gold,WA,4,5813.76,447.21,2022-05-03,2024-04-01,699.0,Low Value
1342,Megan Velazquez,Silver,CA,7,5806.6,207.38,2022-07-04,2024-08-12,770.0,Low Value
8782,Christopher Garcia,Silver,MO,5,5805.05,580.5,2022-02-16,2024-10-30,987.0,Low Value
4927,Samuel Ellis,Gold,WA,8,5805.01,322.5,2022-04-19,2024-10-19,914.0,Low Value
2125,Robert Watson,Platinum,OH,4,5803.92,362.75,2022-02-08,2024-09-24,959.0,Low Value
788,Jason Parker,Bronze,NY,6,5802.76,263.76,2022-10-03,2024-12-23,812.0,Low Value
2231,Lori Lopez,Silver,WI,6,5802.71,322.37,2022-04-17,2024-02-12,666.0,Low Value
9267,Elizabeth Myers,Silver,MD,4,5801.91,446.3,2022-12-24,2023-09-11,261.0,Low Value
3194,Holly Keith,Bronze,PA,3,5800.08,725.01,2022-06-11,2024-12-09,912.0,Low Value
6390,Jill Lewis,Bronze,TN,5,5798.99,446.08,2022-07-21,2024-08-21,762.0,Low Value
4439,Wesley Fields,Bronze,WA,5,5797.04,386.47,2022-06-02,2024-03-17,654.0,Low Value
9084,Stephen Cordova,Gold,MD,5,5795.85,321.99,2022-02-04,2024-11-10,1010.0,Low Value
2059,Angela Johnson,Gold,AZ,8,5794.29,289.71,2023-08-03,2024-07-27,359.0,Low Value
6132,Sara Gibson,Bronze,TN,6,5792.79,340.75,2022-06-01,2023-04-13,316.0,Low Value
4757,Sheila Romero,Bronze,IL,4,5787.32,526.12,2023-06-02,2024-10-31,517.0,Low Value
8086,Clifford Smith,Bronze,VA,5,5785.95,385.73,2022-04-24,2024-03-16,692.0,Low Value
3831,John Wood,Platinum,GA,5,5784.72,444.98,2022-04-01,2024-08-11,863.0,Low Value
6053,Phyllis Smith,Silver,WI,4,5784.59,525.87,2023-03-17,2024-09-27,560.0,Low Value
1531,Amanda Miller,Gold,MD,4,5783.74,525.79,2022-03-21,2024-06-10,812.0,Low Value
1065,Gina Ball,Bronze,NY,5,5783.01,525.73,2022-07-24,2024-02-21,577.0,Low Value
7449,Christine Garcia,Bronze,IN,3,5782.36,525.67,2022-02-11,2023-01-01,324.0,Low Value
6061,Felicia Tran,Bronze,NJ,5,5780.46,385.36,2022-12-09,2024-08-05,605.0,Low Value
1123,James Warren,Platinum,OH,7,5779.45,240.81,2022-03-29,2024-11-16,963.0,Low Value
1832,Jennifer Benton,Silver,WI,9,5775.56,385.04,2022-01-21,2024-12-14,1058.0,Low Value
5378,Kevin King,Bronze,WA,6,5773.07,360.82,2022-02-17,2024-06-23,857.0,Low Value
4762,Jane Miller,Silver,NJ,7,5772.59,360.79,2022-04-05,2024-12-14,984.0,Low Value
3950,Brittany Clarke,Bronze,GA,7,5771.95,240.5,2022-10-31,2024-10-12,712.0,Low Value
9707,Timothy Miles,Bronze,MD,7,5771.01,384.73,2022-06-11,2024-12-02,905.0,Low Value
3510,Matthew Adkins,Silver,IL,4,5770.38,384.69,2022-03-18,2024-11-18,976.0,Low Value
478,Christopher Holt,Silver,MI,7,5768.69,384.58,2022-07-14,2024-10-31,840.0,Low Value
1943,Carol Webb,Bronze,WA,6,5768.01,360.5,2022-09-16,2024-08-06,690.0,Low Value
7130,Marisa Williams,Silver,PA,5,5765.82,640.65,2022-12-04,2024-07-12,586.0,Low Value
1986,Christine Walker,Bronze,CA,5,5765.22,443.48,2023-04-04,2024-04-27,389.0,Low Value
2120,Summer Torres,Silver,GA,7,5763.73,288.19,2022-02-09,2024-10-13,977.0,Low Value
1624,Ashley Hill,Bronze,MD,6,5763.49,274.45,2022-01-17,2024-10-14,1001.0,Low Value
7826,Robert Reyes,Bronze,AZ,6,5759.48,338.79,2022-02-20,2023-11-11,629.0,Low Value
1742,Eduardo Williamson,Bronze,NY,5,5759.32,274.25,2022-04-27,2024-07-14,809.0,Low Value
660,Madison Brewer,Bronze,MO,5,5757.67,442.9,2023-02-28,2024-10-01,581.0,Low Value
1354,Laurie Shaffer,Bronze,TX,6,5756.25,274.11,2022-05-29,2024-03-05,646.0,Low Value
8650,Tiffany Perry,Bronze,IL,5,5755.5,719.44,2023-01-26,2024-04-23,453.0,Low Value
2620,Michelle Patterson,Bronze,FL,7,5755.24,274.06,2022-04-05,2024-09-01,880.0,Low Value
1929,Michael Baker,Silver,MO,5,5754.65,383.64,2023-02-18,2024-12-17,668.0,Low Value
5792,Aaron Mills,Bronze,PA,7,5748.64,287.43,2022-04-30,2024-10-31,915.0,Low Value
234,Sarah Orr,Bronze,MO,8,5747.36,212.87,2022-02-18,2024-09-17,942.0,Low Value
9564,Margaret Duncan,Bronze,PA,7,5745.89,359.12,2022-01-01,2024-01-16,745.0,Low Value
8532,Julia Wallace,Silver,NJ,6,5745.62,441.97,2022-11-25,2023-09-07,286.0,Low Value
3993,Ryan Robinson,Gold,AZ,5,5744.34,382.96,2022-02-27,2024-11-17,994.0,Low Value
5506,Jesse Lin,Bronze,CA,4,5744.26,441.87,2022-08-14,2024-10-03,781.0,Low Value
7928,Katie Bennett,Silver,FL,5,5744.21,410.3,2022-07-11,2023-12-20,527.0,Low Value
2045,Amber Anderson,Bronze,FL,8,5739.51,260.89,2022-04-13,2024-07-16,825.0,Low Value
6438,Megan Jackson,Bronze,TN,3,5739.07,521.73,2022-06-04,2024-07-29,786.0,Low Value
3089,William Peterson,Bronze,NC,6,5737.04,301.95,2022-10-27,2024-11-16,751.0,Low Value
7954,Nichole Wells,Bronze,GA,2,5736.39,637.38,2022-08-29,2024-05-11,621.0,Low Value
4843,Breanna Pollard,Platinum,MI,4,5729.74,409.27,2022-07-08,2023-11-01,481.0,Low Value
299,Debbie Nguyen,Silver,PA,8,5726.51,357.91,2022-08-27,2024-10-03,768.0,Low Value
6612,Kenneth Ramirez,Silver,MD,5,5726.4,477.2,2023-04-28,2024-12-07,589.0,Low Value
3177,Teresa York,Silver,VA,5,5725.44,272.64,2022-01-27,2024-10-28,1005.0,Low Value
6730,Gabriel Gill,Silver,OH,4,5723.87,440.3,2022-06-16,2024-07-22,767.0,Low Value
6182,David Patel,Bronze,MA,7,5720.08,286.0,2022-01-13,2024-08-28,958.0,Low Value
1823,Luis Smith,Bronze,CA,7,5719.49,219.98,2022-09-05,2024-11-18,805.0,Low Value
6208,Angelica Griffith,Bronze,TN,7,5719.04,238.29,2022-02-09,2024-10-29,993.0,Low Value
7140,Allen Stanton,Bronze,VA,5,5718.82,357.43,2022-10-06,2024-11-08,764.0,Low Value
4427,William Velazquez,Silver,NJ,5,5718.21,272.3,2022-02-03,2024-07-23,901.0,Low Value
4355,Patty Holmes,Silver,CA,7,5717.6,357.35,2023-01-07,2024-09-30,632.0,Low Value
218,Patrick Mitchell,Bronze,MI,4,5717.55,519.78,2022-06-15,2024-11-01,870.0,Low Value
9972,Matthew Johnson,Bronze,MI,7,5709.85,300.52,2022-11-14,2023-10-22,342.0,Low Value
8721,Robert Horton,Bronze,CA,9,5706.0,211.33,2022-03-14,2024-12-25,1017.0,Low Value
3755,Brooke Gray,Silver,WA,8,5704.56,356.54,2022-08-04,2024-04-05,610.0,Low Value
7761,Austin Wells,Silver,PA,6,5700.74,407.2,2022-01-17,2024-01-09,722.0,Low Value
232,Laurie Brown,Gold,IN,5,5694.91,474.58,2022-03-02,2024-08-12,894.0,Low Value
6684,Connie Lopez,Bronze,MI,7,5690.73,299.51,2022-01-05,2024-07-13,920.0,Low Value
4148,Barbara Medina,Bronze,NY,4,5690.03,437.69,2022-02-15,2024-08-06,903.0,Low Value
5737,Emily Sims,Gold,NJ,6,5688.3,379.22,2022-02-28,2024-12-31,1037.0,Low Value
8421,Jerry Johnson,Gold,GA,5,5685.57,406.11,2022-01-22,2024-09-10,962.0,Low Value
8571,Jessica Dennis,Silver,VA,6,5685.07,379.0,2022-01-22,2023-07-05,529.0,Low Value
2138,Keith Kelly,Platinum,CA,4,5681.33,516.48,2022-01-23,2024-03-01,768.0,Low Value
4532,Amber Perez,Silver,MA,4,5680.55,436.97,2022-04-19,2024-11-18,944.0,Low Value
4569,Brady Rogers,Silver,PA,4,5674.84,315.27,2022-11-23,2024-09-02,649.0,Low Value
2027,Rebecca Miller,Bronze,MA,5,5663.6,353.98,2022-09-11,2024-01-21,497.0,Low Value
3929,Laura Boyer,Bronze,WI,6,5661.22,404.37,2022-03-01,2024-12-15,1020.0,Low Value
2828,Andrea Smith,Silver,GA,4,5660.63,566.06,2023-01-11,2024-09-03,601.0,Low Value
908,Jennifer Vargas,Bronze,WA,6,5656.65,282.83,2022-10-07,2024-08-07,670.0,Low Value
4817,Holly Duke,Silver,IN,4,5653.48,565.35,2022-01-29,2023-09-05,584.0,Low Value
5730,Joel Perez,Bronze,OH,10,5650.15,209.26,2022-07-22,2023-11-26,492.0,Low Value
4121,John Medina,Platinum,NY,7,5644.57,282.23,2022-01-17,2024-12-05,1053.0,Low Value
932,Michelle Austin,Gold,WI,6,5643.93,403.14,2022-01-23,2023-08-01,555.0,Low Value
4972,Lance Vazquez,Bronze,MO,8,5642.7,217.03,2022-12-31,2024-02-20,416.0,Low Value
6784,James Conner,Bronze,AZ,6,5638.71,352.42,2022-06-26,2024-10-08,835.0,Low Value
7729,Alexandria Rogers,Silver,WA,3,5635.36,563.54,2022-04-19,2023-05-14,390.0,Low Value
5915,Jessica Allen,Platinum,NY,4,5634.04,563.4,2023-04-25,2024-06-10,412.0,Low Value
2993,Steven Tanner,Bronze,NJ,6,5630.89,312.83,2022-07-31,2024-09-23,785.0,Low Value
5484,Taylor Patton,Platinum,OH,5,5629.92,433.07,2022-03-30,2024-12-27,1003.0,Low Value
7214,Terrance Parsons,Silver,IL,3,5629.66,625.52,2022-05-24,2023-06-19,391.0,Low Value
3240,Jason Smith,Gold,CA,5,5628.76,312.71,2022-11-19,2024-06-28,587.0,Low Value
5576,Anthony Carr,Bronze,MO,5,5628.76,511.71,2022-11-03,2024-01-02,425.0,Low Value
9522,Cynthia Johnson,Gold,TN,3,5626.45,468.87,2022-04-26,2024-06-07,773.0,Low Value
6287,Jill Barber,Bronze,NJ,6,5626.16,330.95,2022-02-15,2024-09-10,938.0,Low Value
7435,Amy Wilson,Platinum,GA,5,5624.16,281.21,2022-05-23,2024-03-27,674.0,Low Value
1532,Jared Taylor,Silver,AZ,6,5623.07,267.77,2022-12-17,2024-12-11,725.0,Low Value
286,Alexis Tucker,Gold,MD,4,5621.31,401.52,2023-03-15,2024-12-17,643.0,Low Value
8892,Samantha Doyle,Silver,MO,6,5621.0,281.05,2022-05-06,2024-07-16,802.0,Low Value
2370,Katherine Jensen,Bronze,TN,5,5619.37,468.28,2022-03-03,2024-03-19,747.0,Low Value
9824,Benjamin Graves,Platinum,FL,7,5616.47,312.03,2022-06-16,2024-05-28,712.0,Low Value
3524,William Perez,Bronze,PA,7,5614.99,350.94,2022-04-13,2024-12-01,963.0,Low Value
8600,Christopher Walker,Gold,MD,7,5614.73,295.51,2022-01-19,2024-11-14,1030.0,Low Value
2957,Sandra Walsh,Gold,IL,2,5614.35,1403.59,2022-04-18,2022-09-28,163.0,Low Value
3081,James Kim,Silver,OH,7,5608.22,373.88,2022-08-03,2024-05-18,654.0,Low Value
7861,Mia Brown,Bronze,MA,3,5606.33,509.67,2022-01-08,2024-04-10,823.0,Low Value
9102,Michelle Conley,Silver,VA,5,5600.07,400.0,2022-07-19,2024-07-30,742.0,Low Value
3549,Paul Drake,Platinum,NJ,7,5597.71,279.89,2022-12-24,2024-07-04,558.0,Low Value
2311,Gary Keller,Bronze,TX,3,5596.88,1119.38,2022-01-11,2022-06-08,148.0,Low Value
1951,Angela Taylor,Bronze,IN,7,5596.12,294.53,2022-01-08,2023-05-28,505.0,Low Value
1974,Paul Murphy,Silver,MO,5,5595.65,399.69,2022-03-07,2024-01-12,676.0,Low Value
6457,Ryan Miller,Silver,WI,6,5594.79,310.82,2023-07-19,2024-06-15,332.0,Low Value
1828,Carol Taylor,Silver,IN,7,5591.65,349.48,2022-08-09,2024-08-15,737.0,Low Value
1389,Angela Marsh,Silver,MA,5,5586.62,279.33,2022-01-24,2024-11-27,1038.0,Low Value
3145,Jennifer Webb,Bronze,NJ,3,5585.63,698.2,2023-02-16,2023-10-09,235.0,Low Value
3226,Yvonne Wilson,Silver,OH,4,5584.29,558.43,2022-03-28,2024-10-03,920.0,Low Value
5135,John Sanders,Bronze,MD,3,5581.93,348.87,2022-03-12,2024-07-08,849.0,Low Value
5871,Carol Owen,Silver,AZ,6,5579.42,371.96,2023-01-03,2023-12-01,332.0,Low Value
9360,Joanne Johnson,Silver,GA,2,5579.02,797.0,2023-12-18,2024-02-01,45.0,Low Value
4069,Elizabeth Ellis,Gold,TN,8,5576.92,278.85,2022-01-24,2024-12-20,1061.0,Low Value
3174,Spencer Gonzalez,Bronze,MA,5,5575.03,348.44,2022-03-28,2023-05-11,409.0,Low Value
4966,Melissa Schwartz,Bronze,IN,3,5571.79,696.47,2022-10-21,2024-01-11,447.0,Low Value
7960,Megan Brown,Platinum,WI,6,5569.97,309.44,2022-01-15,2024-11-09,1029.0,Low Value
1268,Kyle Bell,Silver,NC,4,5569.23,371.28,2022-02-22,2024-06-18,847.0,Low Value
1448,Zachary Norton,Bronze,PA,5,5569.13,371.28,2022-11-02,2024-09-26,694.0,Low Value
8275,Paul Jones,Gold,MO,8,5568.22,192.01,2022-05-12,2024-09-05,847.0,Low Value
1994,Lori Perez,Bronze,AZ,6,5567.05,347.94,2022-04-06,2024-08-16,863.0,Low Value
4961,Ryan Bradford,Bronze,WI,7,5562.78,264.89,2023-04-22,2024-12-11,599.0,Low Value
5679,Stephanie Butler,Bronze,TN,4,5562.55,556.25,2022-01-18,2024-05-19,852.0,Low Value
7067,Taylor Kemp,Bronze,FL,5,5560.46,347.53,2022-02-09,2024-01-03,693.0,Low Value
4226,Shannon Nelson,Silver,PA,6,5560.36,292.65,2022-10-08,2024-06-28,629.0,Low Value
4947,Kelly Bates,Silver,MI,6,5559.05,327.0,2022-05-20,2024-06-15,757.0,Low Value
6905,Crystal Nicholson,Platinum,FL,6,5559.04,347.44,2022-03-13,2023-07-03,477.0,Low Value
425,Kevin Shah,Gold,AZ,5,5556.26,326.84,2022-04-14,2023-07-10,452.0,Low Value
3043,Erika Sullivan,Gold,NC,7,5552.55,292.24,2022-08-15,2024-11-20,828.0,Low Value
8099,Kevin Day,Silver,NJ,7,5551.16,277.56,2022-07-11,2024-07-14,734.0,Low Value
4144,Shelly Salinas,Bronze,NY,5,5547.71,308.21,2022-02-08,2024-01-29,720.0,Low Value
4249,Rebecca Hayden,Silver,CA,7,5546.16,277.31,2022-04-13,2024-09-12,883.0,Low Value
9846,Larry Cruz,Silver,MI,7,5541.31,263.87,2022-12-28,2024-11-28,701.0,Low Value
2582,Nathan Lewis,Bronze,MI,4,5540.48,346.28,2022-04-03,2024-12-23,995.0,Low Value
1353,Gary Wright,Gold,NJ,3,5536.96,553.7,2023-03-20,2023-09-28,192.0,Low Value
741,George Moore,Silver,GA,6,5534.09,263.53,2022-07-28,2024-10-21,816.0,Low Value
323,Jason Baker,Silver,MD,1,5528.97,1382.24,2024-01-07,2024-01-07,0.0,Low Value
1920,Brian Jennings,Silver,GA,3,5527.02,614.11,2024-03-26,2024-12-29,278.0,Low Value
5279,Steven Perkins,Silver,OH,6,5524.48,276.22,2022-03-04,2024-07-28,877.0,Low Value
9294,Allison Sanchez,Gold,PA,7,5521.26,368.08,2022-05-31,2024-06-22,753.0,Low Value
8435,Laura Mccarty,Bronze,NJ,5,5520.45,345.03,2022-03-24,2023-08-12,506.0,Low Value
4368,Jared Cox,Silver,MO,2,5519.27,613.25,2022-08-04,2023-03-18,226.0,Low Value
6837,Patricia Stanton,Gold,MI,5,5517.45,367.83,2023-01-24,2024-10-18,633.0,Low Value
2873,Haley Johnson,Bronze,MA,5,5517.1,394.08,2022-05-10,2024-09-30,874.0,Low Value
3365,Caroline Morton,Bronze,MD,10,5512.35,196.87,2022-05-02,2023-11-11,558.0,Low Value
8550,Christopher Escobar,Gold,MI,5,5507.24,305.96,2022-12-17,2024-06-04,535.0,Low Value
4180,Jonathan Lowe,Silver,IL,7,5502.55,323.68,2022-08-18,2024-12-15,850.0,Low Value
4767,Ricky Scott,Silver,GA,4,5499.03,392.79,2023-02-20,2024-07-19,515.0,Low Value
7613,Dylan Williams,Bronze,WA,8,5498.26,183.28,2022-02-21,2024-12-02,1015.0,Low Value
7753,Jamie Lang,Bronze,WA,6,5496.28,289.28,2022-10-26,2024-09-24,699.0,Low Value
2742,Jay Dillon,Silver,WI,4,5495.24,422.71,2022-03-25,2024-09-17,907.0,Low Value
5824,Suzanne Pratt,Silver,NJ,6,5494.36,261.64,2022-11-18,2024-09-27,679.0,Low Value
2376,Jill Gonzales,Gold,NJ,5,5490.94,457.58,2022-04-12,2024-07-19,829.0,Low Value
4232,Richard Douglas,Silver,NY,4,5487.75,391.98,2023-11-30,2024-07-18,231.0,Low Value
7663,Diamond Ray,Platinum,IL,7,5482.67,365.51,2022-11-02,2024-11-24,753.0,Low Value
3677,Abigail Sosa,Bronze,VA,6,5482.01,456.83,2022-07-31,2024-10-19,811.0,Low Value
9773,Kevin Green,Bronze,PA,6,5480.01,288.42,2022-10-25,2023-10-17,357.0,Low Value
3141,David Kirk,Platinum,NY,6,5476.14,248.92,2022-02-17,2024-08-20,915.0,Low Value
6762,Emily Torres,Silver,TX,3,5472.99,608.11,2022-11-05,2023-04-24,170.0,Low Value
4847,Julia Conrad,Bronze,GA,6,5472.37,342.02,2022-06-02,2024-05-16,714.0,Low Value
4954,Kari Malone,Silver,MI,4,5470.4,420.8,2022-09-30,2024-10-10,741.0,Low Value
5729,Marcus Sullivan,Bronze,NJ,4,5468.87,911.48,2022-08-19,2023-09-22,399.0,Low Value
6489,Nicole Estrada,Gold,MA,6,5467.93,303.77,2022-08-16,2024-06-25,679.0,Low Value
2704,Sarah Duncan,Bronze,VA,5,5463.82,455.32,2022-04-15,2024-12-15,975.0,Low Value
663,Karen Compton,Gold,PA,9,5459.23,209.97,2022-04-07,2024-12-16,984.0,Low Value
5480,Daniel Baker,Gold,MO,5,5457.66,419.82,2023-03-29,2024-08-17,507.0,Low Value
1437,Melvin Hayes,Gold,GA,7,5457.07,287.21,2022-04-25,2024-04-22,728.0,Low Value
840,Sarah Merritt,Gold,IN,7,5453.79,340.86,2022-05-22,2024-07-05,775.0,Low Value
417,Barbara Smith,Gold,WA,4,5452.67,681.58,2022-04-08,2024-12-06,973.0,Low Value
4689,Sierra Davis,Silver,FL,7,5452.17,302.9,2022-01-18,2024-04-30,833.0,Low Value
8131,Laura Robinson,Silver,GA,6,5450.57,286.87,2022-04-23,2024-09-23,884.0,Low Value
8907,Adam Santiago,Gold,MD,4,5445.92,453.83,2022-03-15,2024-09-06,906.0,Low Value
455,Chris Carroll,Silver,IN,7,5444.71,362.98,2022-01-19,2024-09-27,982.0,Low Value
6440,Brandy Diaz,Silver,OH,5,5443.27,340.2,2022-12-20,2024-11-18,699.0,Low Value
1856,Emma Wells,Silver,FL,6,5442.62,362.84,2023-04-06,2024-07-07,458.0,Low Value
3202,Lori Mcgee,Silver,CA,7,5442.15,362.81,2022-04-17,2024-08-12,848.0,Low Value
6117,James Henderson,Bronze,VA,3,5438.52,543.85,2022-07-13,2024-02-24,591.0,Low Value
885,Carl Hughes,Gold,VA,7,5438.27,286.22,2022-09-14,2024-07-26,681.0,Low Value
8152,Matthew Sanchez,Silver,MD,3,5437.37,604.15,2023-07-18,2023-11-07,112.0,Low Value
5305,Michelle Malone,Bronze,MI,9,5436.06,217.44,2022-08-19,2024-08-30,742.0,Low Value
7351,Erin Contreras,Silver,VA,4,5435.65,388.26,2023-07-01,2024-10-22,479.0,Low Value
3010,Alexandra Tate,Bronze,MA,8,5426.91,387.64,2022-01-08,2024-12-27,1084.0,Low Value
2427,April Long,Bronze,TX,6,5423.16,361.54,2022-01-08,2024-08-09,944.0,Low Value
3878,Ashley Reeves,Silver,IL,5,5422.17,417.09,2022-10-26,2024-08-12,656.0,Low Value
1594,April Mullins,Silver,NJ,5,5418.54,338.66,2022-08-02,2024-07-31,729.0,Low Value
822,Mary Gordon,Bronze,GA,5,5417.06,451.42,2022-05-10,2024-09-15,859.0,Low Value
769,Corey Rivas,Bronze,NY,6,5408.95,257.57,2022-07-04,2024-04-12,648.0,Low Value
8006,Albert Jones,Bronze,MA,6,5408.95,300.5,2022-02-28,2024-07-16,869.0,Low Value
9694,Javier Munoz,Platinum,FL,7,5407.49,300.42,2022-01-26,2024-11-16,1025.0,Low Value
342,Carrie Howard,Bronze,NJ,7,5406.92,270.35,2022-01-02,2024-08-22,963.0,Low Value
4600,Michael Smith,Silver,IL,4,5405.84,600.65,2022-03-03,2024-04-16,775.0,Low Value
8585,Connie Johnston,Bronze,IN,7,5400.41,300.02,2022-01-11,2024-12-27,1081.0,Low Value
5186,Christopher Martinez,Bronze,WI,7,5394.24,317.31,2022-03-01,2024-08-04,887.0,Low Value
409,Robert Roberts,Bronze,MI,5,5394.0,414.92,2022-07-21,2024-12-12,875.0,Low Value
5468,Victoria Smith,Gold,VA,5,5392.2,317.19,2022-04-26,2023-12-12,595.0,Low Value
5940,Stephanie Figueroa,Silver,WA,3,5390.5,673.81,2023-03-03,2024-09-01,548.0,Low Value
6337,Corey Fleming,Bronze,IL,7,5389.73,489.98,2022-04-09,2024-08-19,863.0,Low Value
6874,Melissa Lawrence,Bronze,NC,4,5389.36,598.82,2022-02-26,2024-05-14,808.0,Low Value
3820,Daniel Vargas,Silver,MA,7,5388.21,283.59,2022-02-10,2024-12-29,1053.0,Low Value
767,David Gallagher,Silver,WA,5,5387.72,384.84,2022-06-12,2024-03-13,640.0,Low Value
2099,Douglas Barker,Gold,IN,5,5385.01,414.23,2022-03-03,2024-06-04,824.0,Low Value
1323,Erica Hopkins,Bronze,MI,6,5384.52,316.74,2022-02-01,2024-11-15,1018.0,Low Value
5398,Joshua Crawford,Bronze,TN,5,5383.54,448.63,2022-04-09,2024-08-17,861.0,Low Value
3587,Johnny Ross,Bronze,FL,4,5382.27,336.39,2022-08-30,2024-05-21,630.0,Low Value
3312,Richard Anderson,Platinum,NC,4,5377.2,413.63,2022-08-18,2024-08-28,741.0,Low Value
6395,Barbara Diaz,Bronze,TN,8,5374.59,223.94,2022-04-09,2024-12-13,979.0,Low Value
6345,Theresa Everett,Bronze,IN,7,5373.18,223.88,2022-09-20,2024-10-05,746.0,Low Value
3777,Sara King,Gold,CA,6,5369.32,335.58,2022-03-17,2024-11-18,977.0,Low Value
4396,Michael Sanders,Gold,MI,6,5367.7,315.75,2022-04-15,2024-07-04,811.0,Low Value
3735,Adam Young,Bronze,TX,4,5364.84,383.2,2022-05-18,2024-03-02,654.0,Low Value
7793,Laurie Chavez,Bronze,NC,4,5364.62,315.57,2022-12-31,2024-11-19,689.0,Low Value
9705,Kevin Hill,Platinum,MO,5,5362.89,412.53,2022-06-02,2024-12-23,935.0,Low Value
3630,Ashley Hernandez,Bronze,TN,5,5360.66,536.07,2022-11-29,2024-11-16,718.0,Low Value
8325,Madison Hernandez,Silver,WI,5,5359.78,255.23,2022-03-07,2024-10-24,962.0,Low Value
3471,Stephen Hernandez,Bronze,NC,5,5352.7,356.85,2022-08-31,2024-10-20,781.0,Low Value
3275,Alexander Pierce,Silver,PA,3,5346.94,763.85,2022-01-30,2024-06-14,866.0,Low Value
4251,Nicholas Woods,Gold,PA,4,5345.26,411.17,2022-01-11,2024-05-15,855.0,Low Value
8037,Rebecca Todd,Silver,CA,5,5344.95,314.41,2022-02-16,2024-10-14,971.0,Low Value
1166,Ashley Herring,Bronze,IL,6,5341.6,314.21,2022-06-01,2024-12-03,916.0,Low Value
2717,Robert Buck,Silver,MI,3,5340.88,445.07,2022-06-06,2024-11-21,899.0,Low Value
5597,Summer Brock,Silver,MI,4,5340.32,314.14,2023-03-26,2024-09-23,547.0,Low Value
9730,Chad Erickson,Silver,GA,4,5337.23,444.77,2022-03-08,2024-09-08,915.0,Low Value
2340,Randall Rios,Silver,MA,3,5331.39,410.11,2022-10-11,2024-03-21,527.0,Low Value
8609,Tammy Johnson,Gold,GA,8,5330.35,355.36,2022-08-07,2024-12-30,876.0,Low Value
4891,Justin Fleming,Silver,MA,4,5329.65,444.14,2023-08-11,2024-06-21,315.0,Low Value
7915,Hector Wilkinson,Silver,NC,4,5327.71,532.77,2022-12-16,2024-12-10,725.0,Low Value
8685,Jenny Young,Bronze,NY,3,5321.13,665.14,2022-06-15,2024-12-15,914.0,Low Value
1762,Brian Baker,Platinum,MD,7,5319.09,312.89,2022-04-29,2024-09-06,861.0,Low Value
3882,Cynthia Olson,Bronze,VA,7,5316.55,265.83,2022-02-01,2023-03-17,409.0,Low Value
363,Lauren Beck,Bronze,WI,4,5315.85,408.91,2022-07-30,2024-01-03,522.0,Low Value
479,Gabriel Harris,Bronze,VA,8,5314.65,279.72,2022-04-21,2024-03-12,691.0,Low Value
9654,Susan Rodriguez,Bronze,GA,5,5313.59,295.2,2023-06-10,2024-10-14,492.0,Low Value
7308,Daniel Duran,Bronze,MO,9,5309.85,265.49,2022-01-05,2024-11-06,1036.0,Low Value
4131,Mathew Griffin,Bronze,TX,7,5305.34,294.74,2022-04-21,2024-08-27,859.0,Low Value
9962,Michael Rhodes,Silver,MO,3,5304.47,757.78,2022-06-22,2024-10-22,853.0,Low Value
7132,Kim Estrada,Bronze,MA,4,5297.91,756.84,2023-04-01,2024-10-12,560.0,Low Value
4949,William Flynn,Platinum,TN,4,5294.68,441.22,2022-08-02,2024-08-26,755.0,Low Value
8295,Jason Lucas,Silver,WA,4,5294.59,278.66,2022-07-11,2024-07-02,722.0,Low Value
9095,Alexandra King,Bronze,PA,4,5293.29,330.83,2022-07-28,2024-03-01,582.0,Low Value
2891,Aaron Snyder,Silver,PA,8,5292.25,211.69,2022-03-10,2024-06-21,834.0,Low Value
5196,Christopher Ramirez,Silver,MO,6,5288.1,311.06,2023-01-29,2024-04-07,434.0,Low Value
7315,Kathryn Le,Silver,PA,6,5287.49,264.37,2022-02-21,2024-12-13,1026.0,Low Value
1651,Michelle Dickerson,Bronze,WA,4,5285.21,377.51,2022-02-17,2022-10-05,230.0,Low Value
9478,Sarah Mclaughlin,Bronze,NJ,3,5281.13,528.11,2022-04-19,2023-05-30,406.0,Low Value
4442,Jennifer Holland,Bronze,AZ,5,5279.38,479.94,2022-03-19,2024-04-16,759.0,Low Value
1782,Gloria Patterson,Gold,OH,5,5279.14,377.08,2023-02-28,2024-11-19,630.0,Low Value
9945,Bradley Calhoun,Bronze,NY,7,5274.08,239.73,2022-06-18,2024-02-17,609.0,Low Value
3663,Curtis Floyd,Silver,NY,4,5273.54,439.46,2022-05-22,2023-12-20,577.0,Low Value
181,Jonathan Gonzalez,Silver,MA,4,5270.35,405.41,2022-10-30,2024-12-31,793.0,Low Value
1776,Paul Russell,Bronze,NC,3,5269.11,658.64,2022-05-07,2024-09-10,857.0,Low Value
888,Angela Flores,Silver,NY,5,5268.89,292.72,2022-03-07,2023-08-14,525.0,Low Value
2793,Kathryn Coleman,Bronze,CA,3,5265.98,478.73,2022-02-18,2024-02-13,725.0,Low Value
1000,Robin Molina,Silver,PA,6,5265.93,376.14,2022-10-30,2024-09-20,691.0,Low Value
3975,Robert Mccoy,Bronze,FL,4,5261.77,438.48,2022-03-01,2023-12-08,647.0,Low Value
3548,Karen Nguyen,Bronze,PA,5,5260.67,438.39,2022-07-22,2024-09-30,801.0,Low Value
7893,Nicole Howell,Silver,OH,5,5260.05,328.75,2022-02-21,2024-09-21,943.0,Low Value
9258,Patrick House,Gold,GA,5,5258.88,328.68,2022-06-15,2024-12-31,930.0,Low Value
9676,Timothy Miller,Bronze,NJ,2,5257.53,657.19,2022-09-21,2024-04-05,562.0,Low Value
8210,Warren Rowe,Gold,OH,6,5255.33,210.21,2022-01-11,2024-11-27,1051.0,Low Value
1719,Christine Ruiz,Bronze,NC,6,5251.97,218.83,2022-06-21,2024-12-29,922.0,Low Value
9549,Desiree Mcclain,Silver,MD,6,5247.84,249.9,2022-09-27,2024-07-12,654.0,Low Value
6207,Tammy Larsen,Bronze,IN,4,5247.51,374.82,2022-06-04,2024-12-07,917.0,Low Value
5228,Cody Gomez,Gold,AZ,6,5247.23,327.95,2022-06-20,2024-07-16,757.0,Low Value
4285,Daniel Daniel,Bronze,GA,7,5246.81,276.15,2022-03-29,2024-10-28,944.0,Low Value
3911,Andre Smith,Bronze,NC,6,5241.41,308.32,2022-10-19,2024-12-28,801.0,Low Value
8462,Chad Cantu,Silver,MD,4,5240.9,374.35,2022-05-01,2024-12-18,962.0,Low Value
3763,Cory Taylor,Platinum,TN,5,5240.71,524.07,2022-01-22,2024-12-16,1059.0,Low Value
1945,Jason Sosa,Gold,MD,6,5239.56,374.25,2022-02-09,2024-11-28,1023.0,Low Value
9672,Donald Jones,Bronze,IN,5,5238.05,402.93,2022-04-14,2024-06-10,788.0,Low Value
2609,Christopher Stevens,Platinum,PA,6,5237.38,290.97,2022-11-12,2024-10-11,699.0,Low Value
7276,Jason Carr,Gold,CA,7,5234.17,290.79,2022-02-24,2023-08-21,543.0,Low Value
1274,David Dunn,Bronze,NY,3,5232.51,1046.5,2023-09-20,2024-10-16,392.0,Low Value
1831,Melissa Barr,Gold,MD,7,5231.96,402.46,2022-09-13,2024-09-21,739.0,Low Value
2201,Brett Stephenson,Platinum,NC,6,5231.38,307.73,2022-12-28,2024-08-30,611.0,Low Value
3718,Ariana Davis,Gold,WI,5,5219.12,347.94,2022-07-07,2024-11-25,872.0,Low Value
2767,Deborah Fox,Bronze,MO,10,5218.63,260.93,2022-03-11,2024-10-12,946.0,Low Value
4066,Joshua Walker,Gold,VA,3,5218.46,579.83,2022-02-03,2023-09-28,602.0,Low Value
9859,Loretta Ward,Platinum,NY,2,5217.89,1043.58,2023-03-29,2023-06-25,88.0,Low Value
5447,Rachel Diaz,Bronze,VA,2,5216.76,1043.35,2024-01-01,2024-09-23,266.0,Low Value
830,Richard Hall,Bronze,OH,5,5209.46,520.95,2022-02-17,2024-12-07,1024.0,Low Value
9446,Tonya Miller,Bronze,IL,4,5207.77,433.98,2022-09-27,2024-10-23,757.0,Low Value
1626,Dawn Braun,Gold,NJ,6,5207.07,400.54,2022-07-23,2024-12-01,862.0,Low Value
9505,Christopher White,Bronze,MA,4,5197.13,519.71,2022-02-16,2023-07-01,500.0,Low Value
4324,Jennifer Estrada,Silver,PA,3,5195.83,472.35,2023-06-16,2024-12-21,554.0,Low Value
3951,Stephanie Kirby,Bronze,MA,8,5193.52,216.4,2022-01-21,2024-02-25,765.0,Low Value
7384,Richard Martin,Gold,WI,4,5190.8,324.43,2022-09-12,2023-12-15,459.0,Low Value
5252,Nicole Burns,Silver,GA,6,5189.88,288.33,2022-04-30,2024-07-22,814.0,Low Value
88,Mark Austin,Platinum,NJ,7,5189.69,305.28,2022-02-26,2024-08-16,902.0,Low Value
2145,John Smith,Silver,TX,7,5188.95,288.27,2022-01-26,2024-02-29,764.0,Low Value
7746,Robert Barnett,Silver,NJ,6,5184.65,345.64,2022-09-05,2024-12-24,841.0,Low Value
9156,Richard Cameron,Silver,CA,5,5184.62,370.33,2022-06-22,2024-12-19,911.0,Low Value
4192,Jeff Williams,Platinum,FL,6,5184.07,370.29,2022-05-30,2024-02-28,639.0,Low Value
4388,David Nguyen,Silver,NY,5,5183.33,345.56,2022-09-07,2024-09-26,750.0,Low Value
4207,Andrew Bridges,Gold,WI,4,5182.65,647.83,2023-06-15,2024-10-03,476.0,Low Value
4827,Ashley Lamb,Bronze,OH,6,5177.44,304.56,2022-10-06,2024-10-26,751.0,Low Value
355,Linda Acevedo,Bronze,WI,5,5176.5,369.75,2022-04-18,2024-10-20,916.0,Low Value
1002,Shawn Smith,Bronze,MD,6,5171.55,304.21,2022-06-23,2024-08-12,781.0,Low Value
9582,Elizabeth Webster,Bronze,GA,2,5170.75,430.9,2022-10-19,2023-03-06,138.0,Low Value
5795,Joseph Walker,Gold,CA,5,5167.7,397.52,2022-01-04,2023-09-03,607.0,Low Value
5902,Lisa Duke,Platinum,PA,9,5166.02,258.3,2022-03-18,2024-12-24,1012.0,Low Value
6504,Jason Jackson,Bronze,MA,6,5163.83,303.75,2022-05-07,2024-12-25,963.0,Low Value
420,Lacey Glenn,Bronze,NY,5,5161.41,271.65,2022-03-17,2024-08-21,888.0,Low Value
3105,Whitney Watson,Gold,MA,4,5156.91,515.69,2022-10-08,2024-03-02,511.0,Low Value
8902,Warren Yu,Bronze,FL,2,5156.49,736.64,2022-01-05,2024-06-12,889.0,Low Value
4995,Lauren Bush,Silver,OH,3,5153.57,468.51,2022-06-03,2023-04-01,302.0,Low Value
6477,Heather Black,Bronze,PA,5,5153.31,322.08,2023-04-11,2024-12-17,616.0,Low Value
7727,Patricia Norton,Bronze,AZ,9,5151.92,271.15,2022-11-05,2024-11-04,730.0,Low Value
952,Robin Gaines,Silver,VA,6,5151.57,321.97,2022-06-05,2024-12-30,939.0,Low Value
443,Laura Benson,Silver,IN,5,5147.39,395.95,2023-08-12,2024-10-14,429.0,Low Value
9346,Denise May,Silver,WA,4,5146.8,367.63,2023-08-11,2024-08-22,377.0,Low Value
6573,Kevin Alexander,Gold,NC,6,5145.45,302.67,2022-07-04,2024-06-07,704.0,Low Value
8767,John Peterson,Bronze,NY,4,5145.08,467.73,2023-07-27,2024-09-20,421.0,Low Value
8469,Valerie Flores,Bronze,MI,6,5145.04,321.56,2022-06-24,2024-10-31,860.0,Low Value
368,Amber Jackson,Silver,TN,4,5144.77,643.1,2022-02-03,2024-11-17,1018.0,Low Value
7078,Michael Reid,Silver,MI,4,5135.77,395.06,2022-10-23,2024-12-14,783.0,Low Value
2910,Lawrence Russell,Silver,MA,6,5134.15,320.88,2022-02-23,2024-07-15,873.0,Low Value
2718,Alyssa Turner,Gold,MO,4,5132.82,466.62,2022-01-10,2022-11-19,313.0,Low Value
9227,Tasha Doyle,Platinum,TN,5,5131.9,427.66,2022-06-11,2024-12-02,905.0,Low Value
650,Brendan Miller,Silver,NJ,6,5128.91,366.35,2022-09-10,2024-10-17,768.0,Low Value
1133,Nicholas Haney,Bronze,AZ,8,5128.88,244.23,2022-05-16,2024-11-30,929.0,Low Value
5736,Erica Williams,Gold,PA,3,5128.78,512.88,2022-11-04,2024-09-22,688.0,Low Value
9215,Eric Adams,Bronze,CA,2,5127.93,1709.31,2022-05-05,2024-03-06,671.0,Low Value
1104,Nicholas Johnson,Bronze,MO,5,5122.18,341.48,2022-06-07,2024-12-01,908.0,Low Value
6089,Joyce Soto,Bronze,WA,6,5118.15,243.72,2022-01-10,2024-10-28,1022.0,Low Value
1408,Troy Small,Silver,MD,6,5115.85,269.26,2022-05-11,2024-01-20,619.0,Low Value
9041,Alisha Hubbard,Gold,NC,6,5115.56,341.04,2022-01-10,2024-09-23,987.0,Low Value
8542,Robert Russell,Bronze,IL,2,5115.4,730.77,2022-03-15,2024-01-03,659.0,Low Value
4030,Kirk Williams,Gold,PA,6,5114.7,300.86,2022-12-06,2024-11-22,717.0,Low Value
3897,Gina Austin,Gold,MA,4,5112.34,319.52,2022-12-15,2024-05-17,519.0,Low Value
808,Justin Anderson,Gold,MD,7,5109.07,268.9,2022-06-10,2024-10-16,859.0,Low Value
7957,Brittany White,Bronze,NY,8,5106.99,243.19,2022-01-02,2024-09-20,992.0,Low Value
9914,Dustin Curry,Bronze,NC,8,5105.27,212.72,2022-03-16,2024-07-05,842.0,Low Value
9744,Rebecca Wolf,Bronze,IN,8,5104.28,232.01,2022-01-14,2024-03-03,779.0,Low Value
1659,Andrew Avila,Bronze,MO,7,5103.46,300.2,2022-05-25,2024-06-22,759.0,Low Value
4289,Jennifer Coleman,Silver,CA,6,5102.2,425.18,2022-05-27,2024-11-20,908.0,Low Value
2124,Franklin Carter,Bronze,TX,6,5101.09,283.39,2022-04-19,2024-09-27,892.0,Low Value
6792,Laura Jackson,Silver,MD,6,5097.77,318.61,2022-08-26,2024-05-11,624.0,Low Value
8785,Dennis Bailey,Silver,PA,5,5095.51,254.78,2022-03-25,2024-10-09,929.0,Low Value
6170,Sarah Johnson,Bronze,MI,5,5088.84,339.26,2022-01-29,2024-12-16,1052.0,Low Value
8076,Jennifer Watkins,Gold,GA,4,5083.97,635.5,2023-05-01,2024-10-31,549.0,Low Value
9529,Emma Harris,Bronze,MD,6,5082.03,317.63,2022-02-27,2024-05-09,802.0,Low Value
2955,Lisa Johnson,Bronze,TX,4,5078.03,338.54,2022-05-01,2024-12-16,960.0,Low Value
8181,Stephen Harding,Silver,MO,6,5077.12,317.32,2022-01-02,2024-11-10,1043.0,Low Value
6548,Brittany Vasquez,Bronze,OH,3,5076.08,390.47,2022-08-02,2023-12-17,502.0,Low Value
9345,Jennifer Diaz,Bronze,NJ,4,5073.97,338.26,2022-02-26,2024-12-13,1021.0,Low Value
3675,Madeline Gomez,Bronze,VA,4,5061.99,723.14,2023-12-19,2024-07-11,205.0,Low Value
7398,Catherine Fritz,Bronze,NY,5,5057.48,297.5,2022-04-13,2024-12-10,972.0,Low Value
6535,Scott Jackson,Silver,OH,6,5053.88,265.99,2023-01-14,2024-06-06,509.0,Low Value
9374,Ashley Steele,Bronze,GA,2,5051.93,721.7,2022-01-13,2022-07-31,199.0,Low Value
8088,Cassandra Scott,Silver,NY,6,5050.39,252.52,2022-05-31,2024-07-18,779.0,Low Value
7650,Andrew Ramsey,Bronze,TN,6,5047.19,458.84,2022-01-08,2024-06-25,899.0,Low Value
7846,April Williams,Platinum,NY,4,5044.14,504.41,2022-07-17,2023-12-04,505.0,Low Value
1647,Megan Buchanan,Bronze,WA,6,5043.69,387.98,2023-04-14,2024-12-29,625.0,Low Value
1081,Jill Davis,Silver,NY,4,5040.04,420.0,2023-08-17,2024-05-01,258.0,Low Value
7560,Thomas Moore,Bronze,PA,4,5037.42,359.82,2022-06-10,2024-05-11,701.0,Low Value
909,Kyle Everett,Bronze,MD,6,5035.66,279.76,2023-01-23,2024-11-28,675.0,Low Value
7876,Henry Jimenez,Bronze,MD,5,5035.6,279.76,2022-01-11,2024-07-20,921.0,Low Value
3157,David Hanson,Gold,IN,4,5026.99,457.0,2022-04-10,2024-11-22,957.0,Low Value
2420,Daniel Fields,Silver,MO,4,5016.07,250.8,2022-06-08,2024-06-17,740.0,Low Value
1286,Brittany Ross,Bronze,NJ,4,5014.52,358.18,2022-08-28,2024-07-23,695.0,Low Value
8561,Justin Simon,Silver,NJ,4,5014.08,417.84,2022-12-28,2024-10-24,666.0,Low Value
6712,Anna Archer,Bronze,AZ,5,5010.86,417.57,2022-07-21,2024-07-05,715.0,Low Value
789,Allen Oliver,Bronze,FL,4,5010.7,455.52,2023-03-06,2024-11-02,607.0,Low Value
1048,Cory Bailey,Gold,MA,6,5008.95,227.68,2022-02-11,2024-08-07,908.0,Low Value
1431,Randy Sanchez,Silver,AZ,5,5008.61,357.76,2022-05-10,2024-03-03,663.0,Low Value
5224,Eric Riley,Silver,IL,5,5002.09,357.29,2023-03-06,2024-09-27,571.0,Low Value
6069,Brian Jones,Silver,VA,4,4996.91,384.38,2022-09-11,2024-12-04,815.0,Low Value
4168,Jason Mccall,Bronze,NC,4,4990.99,415.92,2022-02-13,2024-07-08,876.0,Low Value
8315,Megan Stanton,Gold,WI,5,4986.75,293.34,2022-04-19,2024-08-14,848.0,Low Value
2768,Laura Bryant,Platinum,FL,4,4985.39,415.45,2022-05-28,2024-03-08,650.0,Low Value
6821,Crystal Wolf,Gold,WI,2,4984.9,830.82,2022-01-04,2024-10-10,1010.0,Low Value
347,Christopher Carrillo,Gold,MI,4,4980.63,415.05,2023-06-10,2024-03-08,272.0,Low Value
1266,Larry Winters,Gold,TN,5,4980.05,355.72,2022-08-29,2024-09-20,753.0,Low Value
4921,Timothy Brooks,Platinum,FL,6,4978.7,276.59,2022-04-10,2024-10-10,914.0,Low Value
6104,Susan Waters,Platinum,MD,4,4975.96,414.66,2022-10-15,2024-10-14,730.0,Low Value
9216,John Peterson,Gold,WA,6,4966.42,310.4,2022-02-17,2024-10-19,975.0,Low Value
4210,Stephen Cantu,Platinum,AZ,4,4965.77,331.05,2023-03-06,2024-09-18,562.0,Low Value
6691,Jackie Parker,Bronze,MD,7,4964.29,248.21,2022-01-30,2024-09-29,973.0,Low Value
7810,Damon Yoder,Gold,WI,6,4963.7,248.19,2022-06-01,2024-01-14,592.0,Low Value
6114,Jennifer Baxter,Bronze,OH,4,4954.73,291.45,2023-02-26,2024-01-26,334.0,Low Value
5989,Yvette Rose,Gold,WA,7,4950.14,309.38,2022-06-29,2024-02-03,584.0,Low Value
6480,Scott Mccoy,Bronze,IN,6,4950.04,450.0,2022-04-19,2024-10-01,896.0,Low Value
3622,Daniel Lucas,Gold,NC,3,4947.52,706.79,2023-10-12,2024-06-30,262.0,Low Value
269,Brandi Carr,Silver,TX,6,4946.38,247.32,2022-01-05,2024-11-03,1033.0,Low Value
5073,Jeffrey Suarez,Silver,AZ,3,4946.32,494.63,2023-11-06,2024-10-12,341.0,Low Value
7510,Karen King,Bronze,NY,3,4944.63,380.36,2022-10-12,2023-08-31,323.0,Low Value
9827,Justin Adams,Bronze,IN,5,4944.17,274.68,2022-05-04,2024-08-23,842.0,Low Value
8080,Christopher Alvarado,Silver,TN,5,4943.71,353.12,2022-02-24,2023-10-07,590.0,Low Value
1946,Jeanette Lopez,Gold,TN,3,4942.13,706.02,2023-02-05,2024-08-03,545.0,Low Value
527,Robert Cannon,Bronze,VA,6,4940.88,274.49,2023-10-03,2024-12-21,445.0,Low Value
5387,James Lopez,Bronze,NC,5,4937.85,308.62,2022-12-29,2024-12-20,722.0,Low Value
5037,Steven Brown,Gold,CA,7,4935.88,352.56,2022-06-04,2024-09-13,832.0,Low Value
6541,Jennifer Kerr,Bronze,PA,3,4934.21,616.78,2023-01-04,2023-09-11,250.0,Low Value
592,Stephanie Arroyo,Silver,OH,4,4933.72,308.36,2022-10-08,2024-12-25,809.0,Low Value
6581,Joan Nichols,Silver,MA,3,4933.53,616.69,2022-05-08,2024-12-07,944.0,Low Value
5692,Benjamin Rasmussen,Bronze,AZ,3,4931.47,547.94,2022-12-27,2024-06-26,547.0,Low Value
6532,Jennifer Hoover,Gold,OH,4,4930.1,547.79,2022-05-24,2024-06-17,755.0,Low Value
7133,Timothy Rivera,Bronze,NJ,8,4925.85,234.56,2022-09-12,2024-11-02,782.0,Low Value
2726,Ethan Noble,Silver,VA,5,4923.59,307.72,2022-01-03,2024-02-06,764.0,Low Value
6991,Brian Bryant,Gold,IN,6,4919.38,234.26,2022-10-23,2024-12-12,781.0,Low Value
8330,Gregory Ramirez,Gold,NC,4,4916.94,409.75,2022-12-13,2024-06-18,553.0,Low Value
9057,Angel Sanders,Silver,GA,5,4911.87,446.53,2022-06-20,2023-11-01,499.0,Low Value
2434,Robert Smith,Bronze,MI,4,4911.59,306.97,2023-01-30,2024-10-29,638.0,Low Value
4512,Robert Chung,Bronze,FL,5,4910.6,350.76,2022-02-23,2023-08-01,524.0,Low Value
3873,Jason Rodgers,Silver,OH,4,4904.71,544.97,2022-05-19,2024-09-13,848.0,Low Value
3858,Austin Romero,Gold,AZ,3,4903.76,980.75,2022-01-02,2023-11-07,674.0,Low Value
7693,Sarah Perry,Silver,IL,7,4900.54,213.07,2022-03-21,2024-04-29,770.0,Low Value
8240,Francisco Davis,Platinum,NC,6,4895.48,271.97,2022-01-07,2024-08-12,948.0,Low Value
6448,Matthew Brennan,Bronze,MI,4,4890.8,349.34,2022-06-05,2024-07-11,767.0,Low Value
24,Amanda Hansen,Bronze,MO,7,4887.04,187.96,2022-04-17,2024-11-18,946.0,Low Value
8078,Logan Kramer,Silver,VA,7,4886.41,244.32,2022-02-02,2024-12-03,1035.0,Low Value
3999,Juan Smith,Gold,MI,5,4878.71,325.25,2022-03-02,2024-12-28,1032.0,Low Value
1955,Deanna Bates,Gold,OH,8,4878.54,256.77,2022-10-19,2024-10-20,732.0,Low Value
3019,Nicholas Johnson,Bronze,IN,5,4878.01,375.23,2022-09-25,2024-05-24,607.0,Low Value
4466,Sharon Walker,Silver,TN,4,4874.08,487.41,2023-03-27,2024-09-23,546.0,Low Value
6383,Michelle Bradford,Gold,VA,5,4873.38,256.49,2022-10-14,2024-01-28,471.0,Low Value
9366,Lucas Nelson,Gold,WI,6,4871.35,270.63,2022-06-12,2024-06-03,722.0,Low Value
3110,Kristy Stevens,Bronze,VA,3,4870.37,541.15,2022-08-31,2022-11-23,84.0,Low Value
1488,Alicia Lee,Silver,MI,2,4867.15,695.31,2022-12-29,2024-05-21,509.0,Low Value
6092,Zachary Black,Silver,MD,3,4863.8,540.42,2023-05-18,2024-03-30,317.0,Low Value
2279,Wendy Robertson,Silver,OH,5,4863.22,303.95,2022-02-15,2024-07-20,886.0,Low Value
2762,Mary Burns,Bronze,WI,4,4862.5,347.32,2023-02-23,2024-02-12,354.0,Low Value
7336,Taylor Zamora,Silver,MI,6,4862.34,347.31,2022-09-05,2024-10-27,783.0,Low Value
104,Tammy Grant,Bronze,OH,4,4861.17,373.94,2022-03-01,2023-09-27,575.0,Low Value
44,Patrick Chase,Bronze,FL,7,4860.53,285.91,2022-01-28,2024-10-08,984.0,Low Value
1404,Paul Morgan,Silver,NJ,3,4859.74,607.47,2023-03-21,2024-01-14,299.0,Low Value
4197,Lori Walls,Silver,AZ,8,4858.49,323.9,2022-04-05,2024-10-16,925.0,Low Value
6393,Elizabeth Murphy,Gold,NY,5,4858.27,242.91,2022-05-29,2024-09-23,848.0,Low Value
237,Tracy Nolan,Gold,IN,3,4856.51,693.79,2022-06-29,2023-05-05,310.0,Low Value
2472,Timothy Bailey,Bronze,IL,7,4855.77,285.63,2022-04-29,2024-07-25,818.0,Low Value
7283,Susan Dixon,Bronze,IN,4,4855.11,539.46,2022-07-30,2024-11-09,833.0,Low Value
4260,Dennis Good,Gold,MI,5,4855.02,485.5,2022-03-06,2023-05-30,450.0,Low Value
6655,Jonathan Herrera,Bronze,MD,7,4852.85,323.52,2022-01-23,2024-10-11,992.0,Low Value
7902,Debbie Jones,Silver,MI,6,4851.21,269.51,2022-06-20,2024-11-03,867.0,Low Value
5064,Tim Maddox,Silver,TN,3,4844.08,538.23,2022-05-27,2024-11-20,908.0,Low Value
3353,Beth Wright,Silver,MA,7,4843.71,345.98,2022-06-08,2024-06-21,744.0,Low Value
3526,Lindsay Perkins,Gold,OH,5,4843.68,372.59,2022-04-02,2023-10-16,562.0,Low Value
7015,Nathan Young,Bronze,NY,4,4843.39,345.96,2022-03-10,2023-08-30,538.0,Low Value
1322,David Bailey,Silver,NC,5,4842.52,322.83,2022-11-30,2024-08-30,639.0,Low Value
3045,Tammy Gray,Platinum,TN,7,4841.66,322.78,2022-08-08,2024-09-14,768.0,Low Value
5422,Ivan Rogers,Silver,IN,7,4835.8,322.39,2022-05-19,2024-11-01,897.0,Low Value
3285,Joel Morales,Platinum,OH,8,4835.28,161.18,2022-01-05,2024-11-09,1039.0,Low Value
8736,Patrick Murray,Bronze,MI,6,4832.24,268.46,2022-01-07,2024-12-15,1073.0,Low Value
3910,Evan Potts,Platinum,NY,6,4830.92,322.06,2022-04-03,2024-06-18,807.0,Low Value
7046,Lori Watson,Bronze,TN,7,4826.75,241.34,2022-09-19,2024-09-08,720.0,Low Value
6418,Kyle Hernandez,Platinum,MI,4,4825.68,536.19,2022-04-08,2024-05-02,755.0,Low Value
7688,Matthew Williams,Gold,NY,4,4821.79,370.91,2022-07-25,2024-08-01,738.0,Low Value
5165,Lori Anderson,Silver,TX,6,4820.55,401.71,2022-01-07,2024-06-19,894.0,Low Value
4514,Mark Jacobs,Silver,VA,5,4819.8,321.32,2022-02-28,2023-07-07,494.0,Low Value
9362,Lawrence Johnson,Bronze,MA,8,4813.26,229.2,2023-05-28,2024-08-02,432.0,Low Value
9940,Frank Key,Silver,WI,4,4812.35,370.18,2023-04-10,2023-11-28,232.0,Low Value
2473,Gloria Lane,Bronze,AZ,3,4811.76,481.18,2022-03-19,2024-02-21,704.0,Low Value
1126,Angela Hughes,Bronze,FL,5,4810.28,437.3,2022-10-23,2024-10-09,717.0,Low Value
461,Linda Thomas,Bronze,WI,6,4808.42,320.56,2022-04-10,2024-03-28,718.0,Low Value
3564,Monique Long,Gold,NC,2,4804.82,600.6,2023-11-09,2023-12-20,41.0,Low Value
8683,Ashley Gordon,Bronze,CA,4,4802.71,320.18,2023-03-31,2024-12-15,625.0,Low Value
6727,Ashley Wolfe,Gold,NY,3,4800.99,533.44,2022-05-10,2023-07-18,434.0,Low Value
5300,John Banks,Bronze,IL,4,4797.46,319.83,2022-02-27,2023-04-21,418.0,Low Value
2574,Melinda Fox,Silver,NJ,8,4791.28,228.16,2022-04-07,2024-09-07,884.0,Low Value
1420,Douglas Fuentes,Bronze,TX,6,4787.65,341.97,2023-02-20,2024-11-23,642.0,Low Value
6498,Sandra Wagner,Bronze,OH,8,4784.11,318.94,2022-07-10,2024-10-20,833.0,Low Value
357,Nicole Miller,Gold,TN,5,4783.9,341.71,2022-05-14,2023-08-27,470.0,Low Value
5231,Adam Williams,Bronze,NJ,6,4776.36,280.96,2022-10-26,2024-09-06,681.0,Low Value
2501,Kimberly Glover,Silver,WI,4,4775.39,477.54,2022-11-07,2024-02-11,461.0,Low Value
9315,John Spence,Gold,OH,8,4775.34,280.9,2022-02-18,2024-09-14,939.0,Low Value
8989,Lisa Abbott,Silver,TX,4,4769.57,340.68,2022-04-24,2024-03-19,695.0,Low Value
762,Sherry Golden,Silver,IN,4,4768.51,433.5,2022-06-18,2023-10-03,472.0,Low Value
5191,Joel Novak,Silver,TN,5,4766.21,366.63,2022-06-07,2023-12-07,548.0,Low Value
8777,Meghan Allen,Gold,NC,5,4762.0,340.14,2022-02-11,2023-08-31,566.0,Low Value
339,Stephen Rodriguez,Silver,MO,6,4759.55,237.98,2022-07-14,2024-08-03,751.0,Low Value
6945,Beverly Clark,Silver,TX,3,4751.74,475.17,2023-08-08,2024-11-28,478.0,Low Value
5743,Chris Figueroa,Silver,VA,4,4751.0,365.46,2022-03-12,2024-02-03,693.0,Low Value
6497,Taylor Thompson,Bronze,MA,4,4748.11,395.68,2022-10-04,2024-03-11,524.0,Low Value
7993,Nicole Alexander,Platinum,NJ,6,4746.55,249.82,2022-09-26,2024-12-26,822.0,Low Value
1816,Bradley Keller,Bronze,PA,4,4745.84,474.58,2023-10-11,2024-06-23,256.0,Low Value
8192,Mary Marquez,Bronze,GA,6,4745.37,279.14,2022-02-21,2024-10-20,972.0,Low Value
1558,Johnny Herring,Silver,AZ,7,4741.72,182.37,2022-02-03,2024-11-10,1011.0,Low Value
7247,Michelle Ryan,Silver,NY,3,4740.05,592.51,2024-05-16,2024-10-20,157.0,Low Value
116,Christina Ellis,Gold,NJ,5,4734.96,315.66,2023-01-08,2024-03-22,439.0,Low Value
401,Jesse Jensen,Bronze,MO,5,4734.26,315.62,2023-11-25,2024-12-05,376.0,Low Value
1436,Emily Rivera,Gold,TX,6,4728.26,429.84,2023-01-30,2024-07-03,520.0,Low Value
640,Shaun Conway,Bronze,TN,3,4727.02,315.13,2022-10-28,2024-08-01,643.0,Low Value
6724,Logan Gonzalez,Bronze,CA,7,4725.53,277.97,2022-10-11,2024-10-03,723.0,Low Value
9049,Kyle Campbell,Silver,CA,8,4722.65,277.8,2022-02-07,2024-11-25,1022.0,Low Value
1417,Kathryn Roberts,Silver,AZ,6,4719.27,248.38,2022-01-18,2024-08-14,939.0,Low Value
9842,Adam Williams,Silver,TX,6,4719.19,262.18,2022-07-27,2024-05-11,654.0,Low Value
1684,Rachel Myers,Gold,MA,3,4714.46,392.87,2022-08-03,2023-07-10,341.0,Low Value
8691,Alisha Adams,Gold,MA,2,4711.03,471.1,2023-07-21,2023-10-05,76.0,Low Value
5438,Haley Romero,Silver,TX,5,4706.36,362.03,2022-03-11,2024-11-03,968.0,Low Value
4960,Laura Williams,Silver,TX,5,4704.83,294.05,2022-07-26,2024-07-13,718.0,Low Value
3421,Denise Rodriguez,Silver,IL,6,4697.45,223.69,2022-03-02,2024-10-06,949.0,Low Value
6123,Gregory Sullivan,Gold,IN,7,4697.0,247.21,2022-06-07,2024-09-29,845.0,Low Value
8829,Douglas Martin,Silver,IL,4,4694.89,361.15,2022-01-13,2024-12-28,1080.0,Low Value
3233,Terry Rodriguez,Gold,WA,4,4693.7,312.91,2022-05-31,2024-09-16,839.0,Low Value
1001,Julia Garrett,Silver,VA,4,4687.77,334.84,2023-01-17,2024-03-12,420.0,Low Value
9032,Sarah Jensen,Gold,AZ,5,4678.08,425.28,2022-08-16,2024-09-19,765.0,Low Value
4951,Randall Gregory,Bronze,OH,2,4671.67,778.61,2023-06-19,2024-04-17,303.0,Low Value
447,Eddie Mendoza,Bronze,NY,4,4669.4,424.49,2022-10-11,2023-12-11,426.0,Low Value
7185,Steven Newton,Gold,MD,7,4667.19,311.15,2022-02-08,2023-08-18,556.0,Low Value
8868,Jason Williamson,Gold,CA,5,4666.95,291.68,2022-06-07,2024-06-11,735.0,Low Value
6892,Cody Hernandez,Bronze,MI,4,4666.67,333.33,2022-02-09,2024-02-01,722.0,Low Value
7841,Debra Wise,Silver,MI,6,4664.07,274.36,2022-03-15,2023-10-17,581.0,Low Value
8559,Hannah Rodriguez,Bronze,WA,3,4663.5,466.35,2022-07-13,2024-10-26,836.0,Low Value
9476,Alison Hendrix,Bronze,AZ,5,4661.92,332.99,2022-03-16,2024-11-14,974.0,Low Value
2757,Christine Rodriguez,Bronze,OH,5,4659.41,358.42,2022-02-08,2024-12-16,1042.0,Low Value
472,Krystal Randall,Silver,NJ,5,4656.19,582.02,2022-02-20,2023-10-06,593.0,Low Value
3729,Amanda Wang,Bronze,AZ,5,4652.44,422.95,2023-11-23,2024-08-19,270.0,Low Value
2359,William Baker,Bronze,PA,3,4651.31,516.81,2024-02-19,2024-07-04,136.0,Low Value
3725,Sarah Lane,Gold,TX,5,4650.07,258.34,2022-06-10,2024-11-10,884.0,Low Value
2362,Jason Jefferson,Bronze,VA,7,4649.07,332.08,2022-01-16,2023-09-29,621.0,Low Value
9246,Jason Copeland,Silver,CA,3,4648.08,929.62,2023-09-16,2024-11-06,417.0,Low Value
3899,Paul Barron,Bronze,NC,7,4645.76,290.36,2022-09-26,2024-11-02,768.0,Low Value
5078,Michael Hebert,Silver,VA,5,4641.37,421.94,2022-09-01,2024-06-16,654.0,Low Value
7458,Megan Marshall,Bronze,IN,3,4639.11,579.89,2023-11-03,2024-10-06,338.0,Low Value
7166,Sarah Lopez,Bronze,NJ,7,4638.74,309.25,2022-03-08,2024-10-23,960.0,Low Value
7233,Ashley Jackson,Platinum,WI,6,4638.58,220.88,2022-04-16,2024-11-02,931.0,Low Value
965,Ronald Hodges,Bronze,MO,7,4634.06,257.45,2022-04-01,2024-12-11,985.0,Low Value
9978,Chelsea Collins,Platinum,TX,5,4632.16,272.48,2022-07-24,2024-11-25,855.0,Low Value
3033,Matthew Combs,Gold,TX,3,4631.16,514.57,2022-01-14,2024-09-01,961.0,Low Value
7883,Aaron Alvarado,Bronze,WI,3,4630.31,661.47,2022-07-02,2023-02-28,241.0,Low Value
1382,Andrew Gonzalez,Bronze,PA,5,4626.31,243.49,2022-09-05,2023-12-15,466.0,Low Value
8587,David Gordon,Silver,IL,3,4617.55,513.06,2022-01-03,2023-12-28,724.0,Low Value
6030,Jeffrey Eaton,Silver,WA,5,4617.42,271.61,2022-02-21,2023-09-08,564.0,Low Value
6705,Paul Hanna,Platinum,IL,6,4614.09,384.51,2022-04-09,2024-08-30,874.0,Low Value
647,Nicholas Richardson,Gold,NC,5,4612.99,307.53,2022-02-12,2023-10-29,624.0,Low Value
7894,Natasha Weeks,Platinum,TN,5,4609.66,271.16,2022-05-03,2023-11-04,550.0,Low Value
1585,Richard Roberts,Silver,CA,8,4601.93,242.21,2022-05-19,2024-08-09,813.0,Low Value
8218,Cassie Owens,Platinum,IN,7,4600.32,164.3,2022-02-17,2024-06-20,854.0,Low Value
7193,Philip Harrison,Gold,NJ,4,4599.25,383.27,2022-09-24,2024-07-28,673.0,Low Value
954,Jack Wyatt,Silver,FL,3,4596.6,766.1,2022-08-03,2023-05-19,289.0,Low Value
7218,Austin Ashley,Silver,NC,7,4595.67,287.23,2022-09-03,2024-07-06,672.0,Low Value
4248,Jennifer Higgins,Gold,AZ,5,4590.14,241.59,2022-01-01,2024-04-26,846.0,Low Value
289,John Jensen,Gold,MO,5,4588.94,353.0,2022-01-16,2023-06-12,512.0,Low Value
183,Linda Taylor,Bronze,NC,5,4588.11,352.93,2022-12-27,2024-12-07,711.0,Low Value
3018,Andrew Johnson,Bronze,NC,4,4584.85,458.49,2023-09-17,2024-05-30,256.0,Low Value
3470,Jennifer Sparks,Bronze,NJ,6,4579.09,305.27,2022-02-18,2024-04-10,782.0,Low Value
3973,Valerie Gonzalez,Platinum,TN,4,4574.85,351.91,2022-12-20,2024-10-22,672.0,Low Value
345,Lindsey Peterson,Bronze,MD,4,4570.25,457.02,2022-10-02,2024-05-28,604.0,Low Value
2343,Kimberly Rosales,Silver,PA,5,4567.91,304.53,2022-09-09,2024-10-12,764.0,Low Value
2139,Dana Murphy,Platinum,MO,8,4567.33,207.61,2022-02-06,2024-05-11,825.0,Low Value
3694,Daniel Benjamin,Gold,OH,5,4558.98,325.64,2022-10-10,2024-07-12,641.0,Low Value
7169,David Palmer,Bronze,AZ,5,4549.83,379.15,2022-05-18,2024-06-25,769.0,Low Value
224,Derrick Rodriguez,Silver,TN,2,4547.19,568.4,2022-03-20,2024-07-17,850.0,Low Value
6392,Mitchell Horn,Silver,OH,8,4547.17,174.89,2022-03-10,2024-11-08,974.0,Low Value
6471,Lauren Moon,Bronze,MI,2,4545.29,1515.1,2022-01-27,2022-06-24,148.0,Low Value
6848,Kirk Smith,Gold,NY,3,4544.96,568.12,2022-06-21,2023-11-28,525.0,Low Value
5557,James Doyle,Bronze,TX,5,4543.83,267.28,2022-01-14,2023-10-22,646.0,Low Value
9960,David Walter,Bronze,MD,6,4543.74,252.43,2022-01-24,2024-11-18,1029.0,Low Value
604,David Robertson,Silver,NC,6,4541.77,252.32,2022-08-22,2024-11-30,831.0,Low Value
4667,Timothy Fry,Silver,CA,7,4541.55,239.03,2022-05-16,2024-08-20,827.0,Low Value
917,Whitney Wolf,Gold,WA,3,4540.86,378.4,2022-08-29,2023-11-27,455.0,Low Value
3814,Sara Rivera,Bronze,VA,4,4533.69,302.25,2023-09-08,2024-08-21,348.0,Low Value
2566,Adrienne Hester,Bronze,IL,6,4532.02,302.13,2022-02-15,2024-11-08,997.0,Low Value
1345,Matthew Hernandez,Gold,AZ,3,4528.39,348.34,2022-12-20,2024-07-26,584.0,Low Value
5442,Crystal Anderson,Silver,TN,3,4527.77,565.97,2024-01-17,2024-07-23,188.0,Low Value
8843,Leah Mccann,Gold,VA,3,4526.65,377.22,2022-02-23,2024-10-28,978.0,Low Value
1070,Lisa Faulkner,Platinum,MO,5,4524.3,377.03,2022-06-17,2024-12-20,917.0,Low Value
9465,Sheila Miller,Bronze,MO,6,4523.46,226.17,2022-03-31,2023-10-12,560.0,Low Value
1041,Valerie Jordan,Silver,TN,5,4523.01,376.92,2022-02-04,2024-09-29,968.0,Low Value
9302,Brandi Scott,Silver,WA,5,4521.73,452.17,2022-08-09,2024-11-03,817.0,Low Value
9870,Paul Glover,Silver,IL,3,4519.86,451.99,2022-05-24,2023-07-05,407.0,Low Value
6304,Michael Rodriguez,Gold,NC,3,4517.46,410.68,2022-07-19,2023-10-20,458.0,Low Value
3398,Jessica Bradford,Bronze,MI,4,4515.68,410.52,2022-01-04,2024-10-08,1008.0,Low Value
2690,Stephen Anderson,Bronze,OH,5,4514.99,347.31,2022-02-04,2023-11-30,664.0,Low Value
8897,Mark Oliver,Silver,NJ,2,4514.8,644.97,2022-01-09,2024-08-27,961.0,Low Value
2758,Betty Lee,Bronze,MD,4,4511.99,501.33,2022-02-19,2023-07-03,499.0,Low Value
7643,Michelle Smith,Platinum,VA,7,4511.66,281.98,2022-07-07,2024-12-30,907.0,Low Value
115,Adriana Jennings,Bronze,GA,7,4508.19,250.46,2022-08-03,2024-12-06,856.0,Low Value
1564,Elizabeth Mullins,Gold,OH,5,4507.85,450.79,2022-01-08,2024-04-17,830.0,Low Value
6334,Latoya Hamilton,Gold,GA,4,4505.17,643.6,2022-05-02,2024-05-31,760.0,Low Value
9257,Melanie Hunter,Silver,NJ,8,4503.75,204.72,2022-08-02,2024-12-27,878.0,Low Value
4597,Thomas Brown,Bronze,MO,3,4503.27,643.32,2023-02-05,2024-12-18,682.0,Low Value
8148,Robert Fields,Gold,GA,4,4502.92,562.87,2022-08-14,2023-10-01,413.0,Low Value
6962,Teresa Watson,Silver,PA,3,4502.78,375.23,2023-07-16,2024-05-16,305.0,Low Value
5839,Andrea Alexander,Gold,TN,5,4501.12,321.51,2022-03-31,2023-11-27,606.0,Low Value
378,Jonathan Fisher,Bronze,OH,5,4500.36,250.02,2023-05-03,2024-11-23,570.0,Low Value
8677,Rachel Hale,Bronze,CA,6,4499.06,346.08,2022-02-19,2024-03-22,762.0,Low Value
9982,Tyler Anderson,Platinum,MD,5,4497.48,281.09,2022-03-16,2024-09-09,908.0,Low Value
585,Sharon Mathews,Bronze,WI,5,4495.35,408.67,2023-01-08,2024-11-05,667.0,Low Value
5900,Robert Pugh,Gold,MO,3,4493.34,449.33,2023-10-21,2024-05-26,218.0,Low Value
8371,Roger Cooper,Bronze,NJ,4,4491.57,374.3,2022-11-05,2024-10-22,717.0,Low Value
5395,Madison Garcia,Silver,GA,2,4490.88,449.09,2024-07-22,2024-12-02,133.0,Low Value
2725,Richard Perry,Gold,IN,5,4489.32,299.29,2022-04-14,2024-03-31,717.0,Low Value
8022,Brandon Keith,Platinum,FL,4,4483.59,448.36,2022-02-19,2024-11-24,1009.0,Low Value
2899,Lisa Wallace,Gold,WI,4,4480.46,560.06,2022-02-27,2024-03-13,745.0,Low Value
5172,Brandon Hall,Silver,NC,2,4479.04,1119.76,2022-02-13,2023-12-05,660.0,Low Value
4071,Deborah Cox,Silver,MD,3,4476.9,406.99,2022-03-04,2024-11-21,993.0,Low Value
2000,Karina Salinas,Silver,MI,6,4476.22,298.41,2022-03-22,2024-04-06,746.0,Low Value
1151,Nathan Cook,Gold,NJ,1,4470.83,745.14,2024-04-13,2024-04-13,0.0,Low Value
4613,Eric Morris,Bronze,MD,6,4467.36,406.12,2022-03-20,2023-11-17,607.0,Low Value
3299,Chad Wang,Bronze,PA,2,4467.2,893.44,2022-07-07,2024-06-28,722.0,Low Value
7472,Matthew Walker,Bronze,TX,4,4465.06,496.12,2022-09-21,2024-01-26,492.0,Low Value
5044,Gregory Oconnor,Silver,MD,3,4462.78,743.8,2022-02-26,2024-03-31,764.0,Low Value
8109,Gabriel Brown,Gold,TN,5,4461.16,297.41,2022-01-24,2024-11-03,1014.0,Low Value
2401,Javier Walsh,Gold,TX,4,4458.65,743.11,2022-01-25,2024-12-08,1048.0,Low Value
2091,Thomas Dickson,Bronze,NC,4,4456.37,297.09,2022-07-30,2024-02-15,565.0,Low Value
1809,Aaron Crosby,Bronze,CA,5,4450.89,445.09,2022-02-10,2024-04-28,808.0,Low Value
3326,Ashley Stone,Silver,IN,3,4448.55,741.43,2023-05-10,2023-08-18,100.0,Low Value
5712,John Glover,Silver,WI,7,4447.5,342.12,2022-01-09,2024-05-24,866.0,Low Value
4739,Tommy Hernandez,Silver,MI,2,4445.13,889.03,2023-06-06,2024-10-20,502.0,Low Value
36,Kevin Oliver,Platinum,WI,5,4444.85,296.32,2022-12-30,2024-08-22,601.0,Low Value
9431,Sheila Ellis,Silver,GA,4,4444.54,444.45,2022-07-26,2024-09-12,779.0,Low Value
180,Megan Rivera,Silver,WI,4,4443.08,370.26,2022-01-30,2024-06-21,873.0,Low Value
4752,Ryan Kennedy,Silver,IL,8,4435.31,260.9,2022-05-29,2024-11-28,914.0,Low Value
3027,Jamie Burke,Gold,MI,5,4432.8,316.63,2023-01-15,2024-08-20,583.0,Low Value
8499,Jennifer Shepherd,Silver,NY,4,4431.16,369.26,2022-08-08,2024-10-06,790.0,Low Value
8634,Jeremy Perkins,Bronze,MD,7,4430.09,402.74,2022-09-08,2024-11-21,805.0,Low Value
7405,Julie Baker,Bronze,WA,5,4420.07,294.67,2022-06-18,2024-10-18,853.0,Low Value
9114,Anthony Cook,Bronze,IL,4,4412.31,367.69,2022-03-22,2024-02-26,706.0,Low Value
4342,Roger Edwards,Bronze,MD,6,4410.07,294.0,2023-09-14,2024-09-28,380.0,Low Value
5258,Gary Clark,Silver,FL,4,4409.77,275.61,2022-08-15,2024-10-13,790.0,Low Value
121,Darren Shepard,Silver,TN,6,4408.96,275.56,2022-01-24,2024-10-04,984.0,Low Value
4916,Laura Richards,Bronze,MI,7,4399.49,274.97,2022-10-16,2024-07-28,651.0,Low Value
5563,Cynthia Jackson,Silver,MO,4,4399.18,399.93,2022-12-31,2024-08-20,598.0,Low Value
470,Angela Martin,Gold,VA,5,4398.24,338.33,2022-02-27,2024-08-23,908.0,Low Value
2950,Aaron Foster,Gold,NY,2,4392.48,488.05,2022-12-28,2024-11-17,690.0,Low Value
7243,Robin Flores,Silver,NY,4,4391.45,292.76,2023-11-30,2024-02-29,91.0,Low Value
8427,Henry Lucero,Bronze,NY,3,4390.27,365.86,2022-09-26,2024-01-13,474.0,Low Value
6574,Natasha Carter,Gold,TN,6,4388.98,313.5,2022-04-13,2024-06-20,799.0,Low Value
4683,Hannah Wise,Silver,VA,5,4388.75,292.58,2022-06-12,2024-07-25,774.0,Low Value
3204,Susan Bates,Silver,NC,6,4384.96,438.5,2022-03-03,2024-08-02,883.0,Low Value
1561,Charles Walker,Bronze,FL,4,4382.14,398.38,2022-06-26,2024-12-04,892.0,Low Value
7540,Lisa Johnson,Bronze,MI,1,4377.39,1094.35,2024-07-25,2024-07-25,0.0,Low Value
5508,Eric Dalton,Gold,MD,5,4376.93,397.9,2022-02-15,2024-08-05,902.0,Low Value
1162,Mario Castillo,Bronze,GA,6,4374.29,257.31,2022-07-18,2024-11-26,862.0,Low Value
431,Richard Edwards,Silver,AZ,6,4372.44,485.83,2022-03-02,2024-07-12,863.0,Low Value
4214,Cheryl Austin,Silver,TN,6,4371.12,242.84,2022-06-18,2024-07-11,754.0,Low Value
7431,Thomas Schneider,Bronze,NC,4,4368.28,364.02,2023-02-18,2024-05-01,438.0,Low Value
9878,Jeanne Robinson,Gold,IL,5,4366.22,291.08,2022-08-25,2024-08-24,730.0,Low Value
7446,Allison Ramos,Bronze,FL,4,4365.76,363.81,2022-03-29,2024-11-02,949.0,Low Value
1290,Jeremy Wagner,Bronze,MO,6,4361.61,311.54,2022-01-28,2024-10-19,995.0,Low Value
9304,William Lewis,Gold,VA,9,4361.34,242.3,2022-06-12,2024-11-22,894.0,Low Value
3047,Catherine Barnes,Silver,IN,4,4360.49,363.37,2022-04-27,2024-10-06,893.0,Low Value
1933,Diamond Daniels,Bronze,OH,3,4359.41,484.38,2022-04-09,2024-06-15,798.0,Low Value
9209,Mark Mullen,Bronze,AZ,4,4359.23,363.27,2022-01-29,2023-12-13,683.0,Low Value
1577,Natalie Oliver,Gold,TN,4,4357.44,311.25,2022-06-27,2023-07-18,386.0,Low Value
8362,James Cordova,Bronze,GA,5,4350.21,395.47,2022-07-28,2024-01-07,528.0,Low Value
740,Diane Dominguez,Bronze,AZ,3,4345.44,395.04,2023-05-02,2024-12-11,589.0,Low Value
5623,Kenneth Martin,Silver,GA,5,4344.88,289.66,2022-07-07,2024-09-03,789.0,Low Value
4496,Louis Maldonado,Silver,TN,6,4344.77,394.98,2023-01-28,2024-06-25,514.0,Low Value
3042,Karen Knapp,Gold,IN,5,4341.85,394.71,2022-06-06,2024-02-10,614.0,Low Value
6631,Crystal Arellano,Bronze,WA,8,4339.86,206.66,2022-04-03,2024-10-09,920.0,Low Value
4245,William Moore,Bronze,MO,5,4338.13,271.13,2022-07-05,2023-10-10,462.0,Low Value
2995,Matthew Davenport,Gold,MO,5,4337.94,309.85,2022-02-12,2024-01-28,715.0,Low Value
6627,Samantha Turner,Silver,CA,3,4335.9,619.41,2022-11-27,2024-10-03,676.0,Low Value
1735,Aaron Green,Silver,FL,4,4334.85,619.26,2023-04-16,2024-07-31,472.0,Low Value
6553,Amy Greene,Gold,TX,3,4328.49,480.94,2022-08-12,2024-05-30,657.0,Low Value
8029,Randall Miller,Bronze,GA,5,4320.69,270.04,2022-10-24,2024-04-21,545.0,Low Value
3301,Sharon Black,Gold,NC,6,4318.28,287.89,2022-02-24,2023-10-31,614.0,Low Value
8900,Jeremy Moore,Platinum,VA,4,4315.31,392.3,2023-06-07,2024-04-28,326.0,Low Value
1741,Molly Owens,Silver,VA,3,4314.46,331.88,2022-11-08,2023-11-20,377.0,Low Value
6210,Chase West,Bronze,IN,5,4312.32,308.02,2022-05-20,2023-09-12,480.0,Low Value
6569,Justin Dunn,Bronze,IN,3,4311.93,718.66,2022-07-03,2024-12-20,901.0,Low Value
4654,Andrew Moore,Bronze,OH,4,4311.58,391.96,2022-03-05,2023-04-16,407.0,Low Value
2381,Tara Raymond,Silver,MO,5,4311.31,307.95,2023-01-13,2023-11-03,294.0,Low Value
418,Carolyn Thomas,Gold,PA,4,4309.71,195.9,2023-12-21,2024-12-30,375.0,Low Value
3402,Erica Burgess,Silver,TN,4,4309.67,478.85,2022-01-08,2023-03-01,417.0,Low Value
687,Bill Ramirez,Gold,FL,6,4303.1,268.94,2022-12-22,2024-12-25,734.0,Low Value
8874,Kimberly Coleman,Gold,WI,6,4302.59,268.91,2022-06-13,2023-10-25,499.0,Low Value
2850,Katherine Hicks,Silver,MA,3,4301.52,391.05,2022-05-13,2023-01-14,246.0,Low Value
4093,Nichole Nelson,Silver,AZ,5,4297.04,286.47,2022-12-30,2024-12-09,710.0,Low Value
6431,Maurice Brown,Gold,IL,6,4294.82,330.37,2022-01-14,2024-08-22,951.0,Low Value
5009,Veronica Owens,Bronze,CA,7,4284.79,357.07,2022-05-11,2024-04-28,718.0,Low Value
6998,Alexandra Davenport,Silver,TX,4,4280.2,389.11,2022-03-23,2024-09-05,897.0,Low Value
5860,Derek Cook,Bronze,PA,6,4280.19,329.25,2022-01-04,2024-10-26,1026.0,Low Value
2900,Victor Simpson,Platinum,FL,7,4279.81,251.75,2022-05-14,2024-10-03,873.0,Low Value
4685,Nathan Gonzales,Platinum,MD,3,4274.42,534.3,2022-02-23,2024-09-25,945.0,Low Value
1873,Richard Frederick,Silver,MD,5,4272.0,388.36,2022-08-14,2024-11-13,822.0,Low Value
2152,Cheryl Waller,Bronze,FL,6,4271.88,355.99,2022-04-03,2024-11-23,965.0,Low Value
3788,Nancy Mcdonald,Platinum,CA,5,4261.71,304.41,2022-01-16,2024-10-18,1006.0,Low Value
7652,Brooke Klein,Bronze,TX,6,4261.56,250.68,2022-04-02,2023-02-24,328.0,Low Value
8581,Jacqueline Briggs,Bronze,MO,5,4260.38,355.03,2022-03-09,2024-09-23,929.0,Low Value
8305,Tina Leblanc,Bronze,CA,6,4259.39,250.55,2022-03-16,2023-08-23,525.0,Low Value
7466,Tanya Hopkins,Gold,FL,4,4259.09,473.23,2022-11-28,2024-05-18,537.0,Low Value
6322,Gregory Stewart,Silver,MO,4,4258.65,304.19,2023-06-23,2024-08-05,409.0,Low Value
9682,John Morales,Bronze,NC,4,4249.26,424.93,2022-06-20,2024-11-15,879.0,Low Value
5891,Daniel Miller,Bronze,TX,6,4248.26,223.59,2023-04-10,2024-09-29,538.0,Low Value
92,Paula Foster,Bronze,TN,5,4247.89,353.99,2022-06-08,2024-08-08,792.0,Low Value
7319,Joshua Mccall,Gold,IN,6,4245.53,303.25,2022-03-29,2024-06-28,822.0,Low Value
4084,Kelly Sexton,Bronze,TX,5,4236.63,325.89,2022-04-06,2024-11-25,964.0,Low Value
8234,John Thomas,Silver,VA,3,4231.71,384.7,2022-07-10,2024-09-26,809.0,Low Value
6877,Angela Dunn,Gold,WA,3,4228.86,528.61,2023-07-23,2024-12-20,516.0,Low Value
7956,Kim Aguirre,Bronze,NJ,2,4228.21,528.53,2024-05-14,2024-12-30,230.0,Low Value
2470,Anthony Carr,Bronze,VA,8,4228.14,211.41,2022-02-21,2024-11-29,1012.0,Low Value
7969,Derrick Martinez,Bronze,IN,3,4227.89,469.77,2023-08-01,2024-12-16,503.0,Low Value
9983,Kevin Wright,Bronze,CA,6,4224.21,281.61,2022-02-17,2023-12-03,654.0,Low Value
2982,Sandra Mcgee,Bronze,IL,5,4219.75,324.6,2022-03-18,2024-07-13,848.0,Low Value
3603,Amber Stevenson,Bronze,CA,5,4217.03,234.28,2023-03-03,2024-07-25,510.0,Low Value
3643,Richard Hamilton,Bronze,WA,5,4213.56,421.36,2022-01-28,2024-04-24,817.0,Low Value
4517,Ronald Moore,Silver,TX,5,4201.41,280.09,2022-02-26,2024-01-21,694.0,Low Value
9620,Leah Watson,Gold,MO,4,4200.5,323.12,2023-09-19,2024-06-26,281.0,Low Value
2699,Mary Perez,Gold,OH,7,4199.17,247.01,2022-12-22,2024-11-15,694.0,Low Value
6983,Zachary Marshall,Bronze,WI,6,4198.64,246.98,2022-03-31,2024-12-06,981.0,Low Value
6808,Ricky Sparks,Gold,WA,5,4197.93,279.86,2022-01-03,2024-05-22,870.0,Low Value
8049,Rhonda Shepard,Silver,MI,4,4195.92,349.66,2022-03-25,2024-08-26,885.0,Low Value
1405,Todd Bradford,Bronze,CA,5,4194.28,381.3,2022-02-05,2024-09-09,947.0,Low Value
1049,Thomas Garrison,Bronze,TN,5,4192.69,381.15,2022-09-13,2024-06-04,630.0,Low Value
6934,Lisa Johnson,Gold,FL,8,4189.86,182.17,2022-01-09,2024-07-14,917.0,Low Value
9385,Benjamin Ward,Silver,VA,4,4183.78,321.83,2022-07-09,2023-12-22,531.0,Low Value
5874,David Mcneil,Bronze,TN,4,4182.72,298.77,2022-07-24,2024-07-04,711.0,Low Value
9112,Ashley Montgomery,Silver,AZ,2,4179.28,597.04,2022-01-18,2023-01-12,359.0,Low Value
5232,Patricia Day,Bronze,TX,3,4177.74,696.29,2022-09-19,2024-06-17,637.0,Low Value
1516,Nathan Young,Gold,NJ,7,4177.4,232.08,2022-01-16,2024-06-14,880.0,Low Value
2395,Mike Bell,Silver,VA,1,4173.68,695.61,2022-10-16,2022-10-16,0.0,Low Value
3346,Kevin Jones,Bronze,OH,5,4172.85,278.19,2023-07-05,2024-06-03,334.0,Low Value
1062,Cynthia Finley,Silver,IL,9,4163.87,208.19,2022-04-28,2024-12-03,950.0,Low Value
590,Sarah Kennedy,Bronze,GA,4,4159.17,346.6,2022-06-22,2024-04-03,651.0,Low Value
7895,Seth Daniels,Platinum,TX,4,4158.99,319.92,2022-05-10,2024-12-09,944.0,Low Value
2587,Darren Sweeney,Bronze,IL,7,4157.52,277.17,2022-03-03,2024-11-15,988.0,Low Value
1381,Jared Torres,Silver,MO,5,4156.99,319.77,2022-03-09,2024-12-06,1003.0,Low Value
4065,Joseph Hill,Bronze,TX,6,4155.62,173.15,2022-11-08,2024-08-24,655.0,Low Value
6125,Jonathon Aguilar,Gold,NC,4,4152.68,276.85,2022-03-21,2023-07-24,490.0,Low Value
7187,Samantha Thomas,Gold,MO,6,4147.73,259.23,2022-09-01,2024-12-25,846.0,Low Value
5676,Kyle Bryant,Bronze,NC,6,4142.88,230.16,2022-03-21,2024-03-03,713.0,Low Value
30,Kimberly Reed,Bronze,TN,4,4141.68,460.19,2022-02-22,2024-02-22,730.0,Low Value
6594,Christina Castro,Silver,NY,2,4141.48,460.16,2022-09-12,2023-08-25,347.0,Low Value
2041,Alison Ross,Platinum,OH,6,4137.38,197.02,2022-02-05,2024-02-29,754.0,Low Value
9714,Jason Watkins,Gold,NY,3,4135.87,516.98,2022-05-16,2023-01-30,259.0,Low Value
9973,Kyle Lee,Silver,GA,6,4125.02,343.75,2022-02-24,2024-10-18,967.0,Low Value
6688,Jerry Kelley,Silver,MO,5,4123.5,294.54,2022-02-09,2024-06-10,852.0,Low Value
6230,Robert Collins,Platinum,MO,3,4120.45,457.83,2022-03-16,2023-10-20,583.0,Low Value
7037,Taylor Logan,Bronze,TN,7,4119.42,228.86,2022-02-15,2024-10-18,976.0,Low Value
9696,Daniel Carlson,Bronze,WI,5,4117.62,343.13,2022-02-18,2024-06-12,845.0,Low Value
2639,Valerie Fisher,Bronze,IL,7,4113.0,205.65,2023-02-25,2024-10-12,595.0,Low Value
4606,Richard Vaughn,Bronze,FL,8,4108.86,205.44,2022-06-22,2024-11-03,865.0,Low Value
3214,George Copeland,Bronze,NJ,5,4107.77,315.98,2022-10-21,2024-12-09,780.0,Low Value
6277,Nicole Hendrix,Bronze,FL,5,4107.45,241.61,2023-02-25,2024-07-11,502.0,Low Value
3350,Frank Diaz,Bronze,NY,7,4105.96,228.11,2022-03-10,2023-11-16,616.0,Low Value
6713,Mark White,Platinum,CA,5,4104.4,342.03,2022-09-27,2024-09-08,712.0,Low Value
3160,Bruce Terrell,Bronze,CA,4,4103.48,410.35,2022-07-13,2024-12-25,896.0,Low Value
3084,Richard Yates,Bronze,TX,6,4099.67,341.64,2022-04-07,2023-10-24,565.0,Low Value
3250,Daniel Jackson,Silver,MO,6,4095.65,240.92,2022-02-16,2024-07-05,870.0,Low Value
561,Eric Peters,Gold,WA,7,4092.92,272.86,2022-06-04,2024-12-23,933.0,Low Value
5936,Megan Powers,Gold,MA,6,4092.24,227.35,2022-04-14,2024-12-09,970.0,Low Value
4766,Cassandra Nguyen,Bronze,PA,4,4088.22,408.82,2022-06-26,2023-08-06,406.0,Low Value
9820,Michael Gilbert,Bronze,MI,7,4085.94,215.05,2022-01-26,2024-02-18,753.0,Low Value
1619,Daniel Owens,Gold,NY,6,4084.91,272.33,2022-09-29,2024-12-27,820.0,Low Value
5482,Alisha Martinez,Gold,WA,4,4081.43,291.53,2022-02-27,2024-07-17,871.0,Low Value
2220,Calvin Lowe,Silver,MO,3,4074.58,679.1,2022-04-07,2022-07-30,114.0,Low Value
1740,Joan Davis,Gold,MD,5,4070.82,290.77,2022-01-26,2024-05-31,856.0,Low Value
8927,Cheryl Turner,Bronze,VA,4,4069.75,406.98,2023-11-15,2024-12-09,390.0,Low Value
7385,Sabrina Brown,Silver,NY,2,4067.56,451.95,2022-10-17,2023-06-14,240.0,Low Value
6404,Nicolas Hale,Bronze,MI,4,4067.02,312.85,2022-03-20,2024-01-08,659.0,Low Value
1383,Stephanie Moses,Bronze,MD,3,4055.03,579.29,2023-03-01,2024-12-26,666.0,Low Value
3852,Colton Snyder,Bronze,TX,5,4054.07,253.38,2022-06-23,2024-04-24,671.0,Low Value
3830,Kenneth Mckee,Gold,AZ,8,4053.61,270.24,2022-04-23,2024-02-27,675.0,Low Value
2204,Kevin Bryant,Platinum,NC,3,4049.02,449.89,2024-02-21,2024-05-19,88.0,Low Value
3362,Daniel Young,Bronze,MI,5,4048.67,311.44,2022-06-06,2023-10-19,500.0,Low Value
6537,Sarah Ramos,Silver,TX,5,4042.71,252.67,2022-05-24,2023-08-04,437.0,Low Value
8504,Lance Vasquez,Silver,MA,4,4042.62,505.33,2022-04-25,2024-12-18,968.0,Low Value
4111,James Fox,Silver,MD,4,4040.23,577.18,2022-10-07,2024-10-02,726.0,Low Value
6045,Robert Beck,Platinum,CA,5,4040.03,404.0,2022-12-12,2023-12-24,377.0,Low Value
2708,Jacqueline Walker,Bronze,MO,4,4036.95,288.35,2023-02-04,2024-10-10,614.0,Low Value
3076,Matthew Summers,Bronze,MI,5,4035.98,310.46,2022-10-18,2024-12-07,781.0,Low Value
6755,Anthony Ritter,Bronze,NJ,1,4033.83,806.77,2022-01-31,2022-01-31,0.0,Low Value
8310,Joshua Harmon,Silver,MO,6,4031.65,212.19,2022-08-17,2024-11-06,812.0,Low Value
5720,Jose Rodriguez,Gold,VA,5,4030.48,335.87,2022-11-08,2024-10-12,704.0,Low Value
6022,Johnny Martin,Bronze,NC,5,4030.32,403.03,2022-03-02,2024-11-20,994.0,Low Value
2760,Jessica Reed,Silver,WI,3,4028.22,671.37,2022-12-31,2024-10-10,649.0,Low Value
778,Rachel Holmes,Gold,NY,2,4023.84,804.77,2022-04-15,2024-08-24,862.0,Low Value
6946,William Murray,Bronze,MD,6,4021.38,251.34,2022-01-09,2024-07-12,915.0,Low Value
8304,Edwin Mcdowell,Bronze,AZ,3,4019.93,401.99,2023-08-22,2024-06-23,306.0,Low Value
7168,Dakota Lopez,Silver,NY,5,4018.12,309.09,2022-02-06,2024-10-11,978.0,Low Value
4096,Steven Tucker,Bronze,MA,4,4015.84,286.85,2022-03-05,2024-08-19,898.0,Low Value
8619,Natasha Sosa,Bronze,PA,6,4014.5,250.91,2022-01-18,2024-11-30,1047.0,Low Value
8578,Charles Richardson,Silver,WA,6,4014.47,308.81,2022-10-04,2024-03-02,515.0,Low Value
7314,Samuel Hubbard,Gold,IN,9,4009.28,222.74,2022-01-11,2024-11-06,1030.0,Low Value
3752,Sarah Garcia,Silver,GA,7,4007.67,250.48,2022-02-01,2024-01-03,701.0,Low Value
3464,Tara Sheppard,Bronze,PA,3,4003.99,364.0,2023-12-11,2024-09-30,294.0,Low Value
9659,Justin Hubbard,Silver,GA,6,4003.67,285.98,2022-06-25,2024-06-06,712.0,Low Value
9000,Anthony Hayes,Gold,MD,4,4003.56,222.42,2023-02-16,2024-07-25,525.0,Low Value
8750,Andrea Jones,Silver,IN,5,4003.2,307.94,2023-05-30,2024-05-26,362.0,Low Value
5784,Robert Simmons,Bronze,IL,5,4001.23,363.75,2022-07-19,2024-01-08,538.0,Low Value
3937,Morgan Scott,Silver,PA,3,3997.83,499.73,2023-01-28,2024-11-29,671.0,Low Value
8759,Jeffrey Tyler,Bronze,OH,6,3996.1,249.76,2022-06-15,2024-07-12,758.0,Low Value
9619,Holly Davis,Bronze,IL,5,3993.14,249.57,2022-01-03,2024-06-06,885.0,Low Value
7864,Justin Vasquez,Platinum,GA,2,3992.75,570.39,2022-12-19,2024-11-03,685.0,Low Value
8121,Regina Stewart,Bronze,PA,3,3992.09,665.35,2022-10-04,2024-10-11,738.0,Low Value
2168,Tony Phillips,Bronze,PA,4,3988.31,284.88,2022-05-28,2024-01-10,592.0,Low Value
3447,Marie Compton,Bronze,NC,3,3986.95,664.49,2022-02-08,2023-10-15,614.0,Low Value
9159,Leslie Ponce,Bronze,WA,4,3985.49,362.32,2022-02-01,2022-10-03,244.0,Low Value
6606,Michele Golden,Silver,VA,5,3981.54,234.21,2022-04-28,2024-10-29,915.0,Low Value
3048,Edward Crawford,Silver,VA,7,3979.8,159.19,2022-07-20,2024-11-15,849.0,Low Value
4969,Julie Brown,Gold,NY,6,3978.69,265.25,2022-01-14,2024-06-15,883.0,Low Value
3758,Katherine Gutierrez,Bronze,TN,3,3976.67,497.08,2022-04-16,2024-07-07,813.0,Low Value
3706,Amanda Mccarty,Gold,OH,5,3971.02,330.92,2022-04-08,2024-09-02,878.0,Low Value
2529,Jessica Ashley,Platinum,WI,5,3969.64,283.55,2022-04-23,2024-12-28,980.0,Low Value
3877,Michael Murphy,Silver,WI,2,3969.37,441.04,2023-04-24,2023-04-28,4.0,Low Value
6588,Ronald Murphy,Bronze,NY,2,3964.42,660.74,2022-06-05,2023-06-15,375.0,Low Value
5275,Gary Mccarty,Silver,IL,4,3963.05,304.85,2022-05-01,2024-04-22,722.0,Low Value
3874,John Rogers,Bronze,MA,2,3959.26,791.85,2022-03-04,2022-08-31,180.0,Low Value
1632,Christopher Thompson,Bronze,IN,6,3957.71,329.81,2022-01-20,2024-04-27,828.0,Low Value
9014,Lindsey Alexander,Silver,TX,3,3952.88,304.07,2022-08-08,2023-01-06,151.0,Low Value
8328,Antonio Weber,Silver,OH,3,3948.41,358.95,2022-06-17,2023-10-08,478.0,Low Value
4147,Steven Lester,Platinum,MI,7,3947.81,157.91,2022-03-25,2024-10-17,937.0,Low Value
5265,Jenny Snow,Bronze,IL,5,3943.73,358.52,2022-01-25,2023-11-14,658.0,Low Value
8899,Ashlee Molina,Bronze,TN,3,3942.0,788.4,2023-12-03,2024-04-07,126.0,Low Value
9417,Jose Estrada,Silver,PA,4,3932.35,327.7,2022-08-29,2022-11-23,86.0,Low Value
6023,Jamie Adams,Bronze,NJ,7,3930.82,280.77,2022-12-05,2024-09-21,656.0,Low Value
8329,Michael Anderson,Platinum,OH,6,3928.64,206.77,2022-06-01,2024-07-09,769.0,Low Value
4797,Jordan Morgan,Silver,OH,3,3926.72,785.34,2023-06-11,2024-02-26,260.0,Low Value
1475,Michael Reynolds,Silver,MD,2,3921.92,560.27,2022-01-16,2024-12-31,1080.0,Low Value
4306,Bryan Hendricks,Platinum,PA,8,3921.0,230.65,2022-03-20,2024-11-25,981.0,Low Value
5969,Alexa Rodriguez,Gold,FL,4,3918.99,326.58,2022-06-18,2024-11-06,872.0,Low Value
7630,Jeffrey Clark,Bronze,TN,3,3918.83,326.57,2022-03-10,2023-07-13,490.0,Low Value
3971,Antonio Campbell,Silver,WI,5,3914.16,206.01,2022-03-30,2024-12-29,1005.0,Low Value
4663,Janet Navarro,Bronze,PA,4,3910.13,325.84,2022-10-02,2024-09-17,716.0,Low Value
7772,Kim Torres,Gold,NJ,4,3906.83,300.53,2022-04-23,2024-05-30,768.0,Low Value
6453,Brian Diaz,Silver,MO,3,3904.75,488.09,2023-02-13,2024-08-12,546.0,Low Value
2803,Laurie Pearson,Bronze,FL,7,3904.5,229.68,2022-03-13,2024-02-27,716.0,Low Value
6362,Brenda Murray,Gold,TN,3,3902.86,354.81,2022-05-01,2023-10-26,543.0,Low Value
5372,Nicholas Brock,Bronze,FL,7,3901.74,243.86,2022-04-11,2024-04-28,748.0,Low Value
1164,Valerie Martinez,Bronze,WA,3,3900.69,390.07,2022-03-21,2024-10-21,945.0,Low Value
5931,Joseph Cordova,Gold,MD,6,3897.85,205.15,2022-05-26,2024-10-30,888.0,Low Value
6721,Tara Smith,Gold,NY,4,3891.65,486.46,2022-02-05,2024-12-11,1040.0,Low Value
9364,Aaron Robertson,Platinum,TN,8,3890.97,243.19,2022-04-30,2024-10-13,897.0,Low Value
4101,George Henry,Silver,MO,3,3890.41,324.2,2023-10-02,2024-05-29,240.0,Low Value
9419,Lisa Gamble,Silver,MI,4,3889.9,243.12,2022-01-16,2024-06-18,884.0,Low Value
1182,Bonnie Peterson,Silver,MO,3,3886.85,388.69,2023-03-02,2024-10-30,608.0,Low Value
2654,Mark Lowe,Gold,MA,5,3882.73,323.56,2022-04-22,2024-12-18,971.0,Low Value
8471,Sandra Butler,Silver,WI,3,3881.68,277.26,2023-10-18,2024-06-08,234.0,Low Value
1842,Jonathan Miles,Platinum,GA,5,3867.98,386.8,2022-05-07,2024-10-04,881.0,Low Value
5136,Tracy Flores,Silver,GA,6,3867.21,193.36,2022-12-04,2024-09-13,649.0,Low Value
8503,Jessica Flynn,Gold,GA,5,3866.96,276.21,2022-08-25,2024-04-08,592.0,Low Value
333,Terri Gonzalez,Bronze,NY,5,3866.87,322.24,2022-09-22,2024-11-26,796.0,Low Value
7812,Dennis Mason,Bronze,WA,4,3860.59,643.43,2022-03-04,2024-05-29,817.0,Low Value
9902,Spencer Hays,Bronze,MD,4,3858.96,350.81,2023-02-13,2024-12-31,687.0,Low Value
5533,Leslie Noble,Bronze,IN,7,3856.92,183.66,2022-10-26,2024-03-27,518.0,Low Value
9560,Rachel Anderson,Bronze,NJ,5,3853.63,385.36,2022-11-25,2024-04-30,522.0,Low Value
7608,Linda Hall,Gold,TX,4,3853.41,296.42,2022-01-11,2023-07-21,556.0,Low Value
8727,Jeffrey Walker,Silver,IL,3,3850.73,641.79,2023-08-07,2024-11-10,461.0,Low Value
1278,Mark Baird,Platinum,NC,6,3850.63,226.51,2022-06-26,2024-11-20,878.0,Low Value
7964,Patty Warren,Silver,AZ,6,3843.95,295.69,2022-04-15,2024-09-18,887.0,Low Value
9636,Cody Rodgers,Bronze,MD,4,3838.19,295.25,2022-05-06,2024-12-10,949.0,Low Value
4400,Ashley Gonzalez,Silver,IN,3,3835.06,348.64,2023-03-22,2023-11-10,233.0,Low Value
3646,Michael Scott,Bronze,IN,5,3834.15,294.93,2022-05-23,2023-08-27,461.0,Low Value
5888,Ashley Krueger,Bronze,IL,5,3829.47,239.34,2022-05-31,2024-08-21,813.0,Low Value
8598,Michael Glass,Bronze,NC,6,3828.4,273.46,2022-06-29,2024-03-24,634.0,Low Value
5927,Carrie Hill,Gold,MD,4,3828.02,273.43,2022-10-19,2024-12-27,800.0,Low Value
6950,Jonathan Tucker,Gold,CA,3,3822.09,347.46,2023-02-14,2024-06-27,499.0,Low Value
381,Angela Thomas,Silver,CA,5,3810.85,224.17,2022-04-25,2024-07-19,816.0,Low Value
3430,Monica Henry,Silver,PA,6,3801.21,345.56,2022-02-28,2024-03-11,742.0,Low Value
3588,John Davis,Bronze,IL,3,3794.37,1264.79,2022-03-17,2024-12-20,1009.0,Low Value
8540,Joanna Lamb,Silver,GA,7,3793.33,252.89,2022-02-24,2024-07-07,864.0,Low Value
705,Kyle Hunter,Bronze,AZ,2,3788.28,473.54,2022-06-28,2024-06-24,727.0,Low Value
392,Amanda Mendoza,Gold,VA,7,3786.66,252.44,2023-03-06,2024-05-25,446.0,Low Value
6957,Noah Cooper,Gold,NC,2,3778.92,419.88,2022-09-25,2024-05-21,604.0,Low Value
8524,Amanda Miller,Silver,MI,3,3777.52,629.59,2023-05-15,2023-06-23,39.0,Low Value
8153,Kevin Davila,Silver,IL,4,3776.86,472.11,2022-09-26,2024-02-23,515.0,Low Value
1491,Timothy Johnson,Silver,FL,5,3769.56,269.25,2022-06-07,2024-10-20,866.0,Low Value
6831,Amber Ryan,Bronze,VA,4,3768.58,269.18,2022-03-03,2024-02-07,706.0,Low Value
501,Betty Watson,Platinum,VA,4,3766.87,342.44,2023-01-24,2024-02-21,393.0,Low Value
654,Lacey Stanley,Platinum,WI,7,3766.81,313.9,2023-01-22,2024-12-23,701.0,Low Value
5569,Kaitlyn Greene,Silver,IN,3,3765.84,342.35,2022-12-25,2024-05-01,493.0,Low Value
3988,Tami Porter,Bronze,WA,4,3763.7,250.91,2022-05-02,2024-04-12,711.0,Low Value
384,William Potter,Silver,AZ,5,3754.46,288.8,2022-03-21,2024-06-03,805.0,Low Value
71,Christopher Lozano,Gold,WI,4,3753.62,234.6,2023-02-24,2023-08-25,182.0,Low Value
1416,Julia Romero,Gold,PA,2,3753.55,469.19,2024-05-02,2024-11-05,187.0,Low Value
2908,Tammy Burton,Bronze,WA,3,3752.15,375.22,2022-01-31,2024-09-07,950.0,Low Value
4194,Miguel Mejia,Bronze,MI,5,3752.0,268.0,2022-10-28,2024-12-10,774.0,Low Value
9069,Stacy Khan,Bronze,GA,6,3744.01,267.43,2022-03-19,2024-11-01,958.0,Low Value
5192,Theresa Miller,Silver,MI,5,3743.69,311.97,2022-08-09,2024-04-11,611.0,Low Value
9566,David Hansen,Bronze,GA,5,3743.21,311.93,2022-06-16,2024-04-19,673.0,Low Value
7402,Thomas Russo,Bronze,AZ,6,3742.83,267.34,2022-09-07,2024-12-25,840.0,Low Value
8884,Tamara Hayes,Silver,MA,3,3731.59,466.45,2022-03-21,2024-02-23,704.0,Low Value
6979,Patrick Hays,Silver,NY,5,3731.01,373.1,2022-11-28,2024-10-25,697.0,Low Value
519,Kimberly Mcfarland,Gold,NJ,4,3724.63,338.6,2022-09-19,2024-12-20,823.0,Low Value
2553,Carolyn Smith,Silver,TX,4,3722.16,465.27,2023-06-16,2024-03-29,287.0,Low Value
6868,Kevin Haynes,Platinum,IL,3,3719.59,413.29,2023-08-14,2024-07-23,344.0,Low Value
7447,Kimberly Smith,Bronze,TX,5,3718.15,177.05,2022-01-24,2024-08-17,936.0,Low Value
3351,Tracey Ellis,Silver,IL,4,3717.63,337.97,2022-04-28,2024-12-29,976.0,Low Value
9342,Edwin Hunter,Silver,OH,6,3714.93,206.38,2022-04-02,2024-09-03,885.0,Low Value
4420,Paul Taylor,Silver,WA,4,3710.14,337.29,2022-05-10,2024-09-12,856.0,Low Value
155,Jamie Lee,Silver,MO,5,3709.8,337.25,2022-04-30,2024-08-15,838.0,Low Value
167,Lindsey Hines,Bronze,VA,6,3708.22,206.01,2022-09-22,2024-12-14,814.0,Low Value
8977,Shelby Wallace,Gold,NY,2,3704.82,617.47,2023-06-01,2024-03-10,283.0,Low Value
1174,Susan Melendez,Bronze,GA,5,3698.38,205.47,2023-11-15,2024-11-30,381.0,Low Value
9669,Kayla Garcia,Silver,VA,4,3691.77,461.47,2022-01-17,2024-11-29,1047.0,Low Value
990,Robert Hill,Silver,MI,4,3690.06,263.58,2022-04-12,2024-10-31,933.0,Low Value
6380,Ana Patterson,Bronze,NY,4,3683.85,368.38,2022-06-12,2023-10-07,482.0,Low Value
6836,Dustin Patton,Bronze,MD,5,3681.24,245.42,2022-11-13,2024-08-29,655.0,Low Value
3231,Yolanda Taylor,Platinum,NJ,4,3680.93,245.4,2022-06-13,2024-12-25,926.0,Low Value
3008,Nicholas Barton,Platinum,MA,5,3674.69,334.06,2022-05-25,2024-06-04,741.0,Low Value
8198,Charles Smith,Platinum,IL,3,3672.5,524.64,2022-04-04,2024-05-17,774.0,Low Value
6254,Shaun Smith,Bronze,TX,6,3667.51,333.41,2022-12-07,2024-11-05,699.0,Low Value
2839,Sheila Green,Bronze,MI,4,3664.07,333.1,2022-10-02,2024-05-07,583.0,Low Value
5739,Katherine Soto,Silver,NJ,5,3663.36,305.28,2022-02-16,2024-03-17,760.0,Low Value
493,Alicia Jackson,Bronze,CA,4,3661.98,332.91,2023-04-16,2024-11-06,570.0,Low Value
6745,Kevin Walker,Bronze,NC,6,3659.97,228.75,2022-04-26,2024-08-27,854.0,Low Value
3437,Michelle Thomas,Bronze,MA,6,3654.02,214.94,2022-02-10,2024-11-21,1015.0,Low Value
6809,Stephen Kane,Bronze,OH,4,3652.08,332.01,2022-06-30,2023-04-15,289.0,Low Value
5738,Edward Macias,Silver,NC,5,3645.76,331.43,2023-01-04,2024-05-26,508.0,Low Value
2284,Anna Black,Silver,TX,7,3644.96,182.25,2022-02-21,2024-12-19,1032.0,Low Value
3563,Mackenzie Morgan,Silver,VA,6,3644.31,165.65,2022-10-09,2024-10-30,752.0,Low Value
177,Nichole Acosta,Bronze,OH,3,3635.67,363.57,2022-11-02,2024-10-17,715.0,Low Value
5680,Stanley Barnes,Silver,WA,4,3634.43,242.3,2022-01-29,2024-05-21,843.0,Low Value
3679,John Gibson,Bronze,TX,3,3626.35,302.2,2023-02-15,2024-04-09,419.0,Low Value
7388,Robert Lawrence,Gold,FL,4,3625.45,302.12,2022-12-15,2023-10-06,295.0,Low Value
3173,Matthew Vang,Gold,MA,7,3624.34,201.35,2022-07-16,2024-11-30,868.0,Low Value
8498,Aaron Roberts,Bronze,MA,6,3621.46,226.34,2022-03-28,2024-03-20,723.0,Low Value
3888,Brandon Myers,Bronze,IN,4,3620.01,278.46,2023-01-30,2024-11-26,666.0,Low Value
2921,John Snyder,Bronze,MO,4,3613.6,361.36,2022-06-23,2024-11-23,884.0,Low Value
9935,Lorraine Peters,Gold,VA,3,3613.5,401.5,2022-07-08,2024-05-31,693.0,Low Value
3740,Alvin Patterson,Silver,MD,2,3610.86,401.21,2022-07-14,2022-11-13,122.0,Low Value
4642,Mark Brown,Silver,AZ,4,3604.32,257.45,2022-05-13,2024-06-25,774.0,Low Value
984,Thomas Smith,Bronze,TN,6,3599.4,211.73,2022-03-09,2024-06-10,824.0,Low Value
7649,Kayla Rogers,Bronze,TX,4,3596.28,256.88,2023-01-05,2023-08-01,208.0,Low Value
3220,Deborah Fuentes,Platinum,TX,6,3594.92,189.21,2022-07-02,2024-11-26,878.0,Low Value
9608,Mark Mueller,Bronze,TX,5,3593.65,326.7,2022-02-17,2024-11-04,991.0,Low Value
2856,Lisa Gross,Bronze,NY,3,3592.5,449.06,2022-05-16,2024-10-05,873.0,Low Value
2799,Kevin Kent,Gold,FL,3,3575.8,397.31,2022-10-09,2024-06-21,621.0,Low Value
9076,Darrell Higgins,Bronze,MI,2,3573.17,446.65,2022-02-27,2024-12-25,1032.0,Low Value
1871,David Walls,Silver,MA,5,3568.92,356.89,2022-05-16,2024-03-24,678.0,Low Value
1344,Brett Wheeler,Platinum,MA,5,3566.05,356.61,2022-04-09,2024-12-06,972.0,Low Value
1282,Amanda Horton,Bronze,VA,2,3562.14,712.43,2024-07-28,2024-11-11,106.0,Low Value
47,Monica Harvey,Silver,AZ,7,3559.44,169.5,2022-03-05,2024-08-12,891.0,Low Value
9297,Tyler Flores,Platinum,MI,4,3556.89,323.35,2022-01-12,2024-09-05,967.0,Low Value
8646,Pamela Smith,Silver,GA,4,3555.86,323.26,2022-02-06,2024-10-02,969.0,Low Value
570,Julie Osborne,Silver,CA,5,3550.28,273.1,2022-10-12,2024-02-16,492.0,Low Value
375,Frank Collins,Platinum,MI,4,3547.79,186.73,2022-03-07,2024-11-09,978.0,Low Value
1520,Charles Brown,Platinum,WA,3,3545.07,393.9,2022-02-08,2024-11-20,1016.0,Low Value
2810,Dylan Perez,Bronze,MD,6,3540.16,236.01,2022-04-08,2024-12-13,980.0,Low Value
5880,Sydney Sanchez,Bronze,NC,5,3538.42,272.19,2022-01-19,2024-09-22,977.0,Low Value
3695,Jill Grimes,Gold,OH,4,3536.44,196.47,2022-02-03,2024-09-04,944.0,Low Value
1120,Sarah Clark,Silver,WA,9,3533.96,176.7,2022-03-06,2024-11-15,985.0,Low Value
7958,Lance Davis,Silver,WA,5,3530.2,235.35,2022-09-04,2024-07-26,691.0,Low Value
6307,Deanna Johnson,Bronze,OH,5,3521.38,352.14,2022-10-05,2024-03-24,536.0,Low Value
2209,Darryl Everett,Bronze,IN,4,3519.46,270.73,2022-05-27,2024-10-08,865.0,Low Value
9125,Joshua Wilkins,Bronze,VA,6,3517.47,206.91,2022-05-06,2024-12-30,969.0,Low Value
3786,Sarah Smith,Silver,NJ,3,3512.77,351.28,2022-06-05,2024-03-08,642.0,Low Value
1188,Nicholas Reid,Bronze,NJ,2,3511.92,438.99,2023-11-16,2024-07-25,252.0,Low Value
6041,Jennifer Johnson,Silver,CA,5,3511.49,219.47,2022-06-08,2024-06-13,736.0,Low Value
4225,Rick Hill,Silver,IL,7,3509.68,269.98,2022-03-15,2024-12-18,1009.0,Low Value
1704,Kimberly Solis,Gold,MO,4,3509.46,206.44,2022-05-06,2024-09-09,857.0,Low Value
2791,Joseph Chang,Silver,MO,5,3507.88,350.79,2022-10-13,2023-12-29,442.0,Low Value
5638,Jeremy Kline,Gold,TN,3,3507.13,389.68,2023-05-06,2024-06-14,405.0,Low Value
2769,Patricia Ellis,Bronze,WI,6,3498.7,233.25,2022-11-17,2024-07-19,610.0,Low Value
1791,Sheryl Gonzalez,Silver,PA,3,3498.35,318.03,2022-03-29,2024-11-16,963.0,Low Value
9834,Whitney Ramirez,Silver,WI,2,3495.24,582.54,2022-06-19,2024-06-23,735.0,Low Value
1027,Linda Miller,Bronze,IL,6,3493.35,232.89,2022-04-27,2024-12-31,979.0,Low Value
7379,Lisa Pope,Platinum,MO,6,3492.81,249.49,2022-01-16,2024-02-10,755.0,Low Value
8296,Stephen Perez,Gold,NJ,6,3490.89,268.53,2022-10-31,2024-10-20,720.0,Low Value
6565,Steven Ibarra,Bronze,FL,4,3487.04,348.7,2022-11-12,2023-10-23,345.0,Low Value
747,Scott Shannon,Bronze,WI,5,3486.41,316.95,2022-05-31,2024-09-27,850.0,Low Value
3916,Sean Greer,Bronze,TN,5,3481.85,386.87,2022-10-12,2024-12-11,791.0,Low Value
4064,Phillip Johnson,Bronze,TX,4,3480.75,290.06,2022-01-27,2023-09-10,591.0,Low Value
8826,Michelle Watts,Silver,IN,6,3478.99,267.61,2022-01-06,2024-08-30,967.0,Low Value
6428,Leah Chavez,Bronze,MO,5,3461.07,288.42,2022-10-20,2024-12-19,791.0,Low Value
9667,Arthur Ortiz,Silver,IL,6,3452.52,246.61,2022-01-05,2024-07-06,913.0,Low Value
5511,Tracy Hale,Bronze,TN,3,3451.6,313.78,2022-03-26,2024-11-27,977.0,Low Value
8119,Brooke Elliott,Silver,MI,4,3447.28,430.91,2022-05-25,2024-12-12,932.0,Low Value
1543,Nathan Gutierrez,Silver,NC,5,3437.38,245.53,2022-09-23,2024-09-16,724.0,Low Value
7312,Riley Bryant,Bronze,NC,4,3436.84,286.4,2022-10-01,2024-10-13,743.0,Low Value
3633,Kathleen Boyd,Bronze,MI,4,3434.88,312.26,2023-06-01,2024-11-03,521.0,Low Value
7422,Benjamin Cantu,Silver,CA,5,3426.88,380.76,2022-05-31,2024-03-30,669.0,Low Value
3765,Amber Murphy,Silver,AZ,5,3425.92,311.45,2022-03-07,2024-10-25,963.0,Low Value
6193,Kevin Walls,Silver,AZ,1,3419.58,569.93,2024-07-19,2024-07-19,0.0,Low Value
5095,Julia Campbell,Silver,GA,4,3411.97,426.5,2022-10-10,2024-01-23,470.0,Low Value
5779,Cynthia Butler,Gold,OH,3,3408.78,486.97,2022-10-02,2024-09-03,702.0,Low Value
4507,Mark White,Bronze,MO,4,3401.59,242.97,2022-06-27,2024-08-22,787.0,Low Value
2842,Sarah Bartlett,Silver,FL,6,3400.69,242.91,2022-01-15,2024-10-27,1016.0,Low Value
6746,Amber Robinson,Gold,MO,4,3396.99,283.08,2022-01-31,2023-07-10,525.0,Low Value
8095,Jennifer Jordan,Silver,NY,5,3392.77,282.73,2023-04-29,2024-06-06,404.0,Low Value
9616,Michael Russell,Bronze,NC,8,3392.23,178.54,2022-04-26,2024-10-24,912.0,Low Value
1478,Kevin Brown,Gold,MI,5,3390.64,199.45,2022-07-23,2022-11-16,116.0,Low Value
1429,Stephen Becker,Bronze,TN,3,3390.51,376.72,2022-02-04,2024-07-24,901.0,Low Value
7066,Jacqueline Ortega,Silver,IL,6,3385.25,307.75,2022-03-08,2024-11-17,985.0,Low Value
3902,Linda Mitchell,Gold,CA,3,3374.5,421.81,2022-02-27,2023-03-26,392.0,Low Value
3613,Kevin Cortez,Silver,TX,4,3369.12,224.61,2022-10-06,2024-12-08,794.0,Low Value
8293,Donna Bradford,Bronze,MA,4,3362.24,480.32,2022-12-10,2024-10-24,684.0,Low Value
1192,Brianna Moore,Gold,NY,5,3360.48,336.05,2022-11-18,2024-09-06,658.0,Low Value
4385,Michael Mcguire,Silver,IN,3,3358.48,559.75,2023-04-03,2024-07-06,460.0,Low Value
5101,Brittany Cortez,Bronze,AZ,3,3358.27,373.14,2023-09-30,2024-12-05,432.0,Low Value
6476,Michael Moore,Gold,TN,4,3350.8,257.75,2022-04-15,2024-05-28,774.0,Low Value
1754,Thomas Wilkinson,Gold,AZ,4,3346.76,278.9,2022-07-26,2024-05-30,674.0,Low Value
713,Antonio Carter,Silver,MD,4,3345.17,257.32,2022-10-21,2024-10-11,721.0,Low Value
2499,Gary Nguyen,Silver,IN,2,3344.44,836.11,2024-03-10,2024-03-13,3.0,Low Value
4464,William Pierce,Bronze,IN,6,3342.42,222.83,2022-01-08,2024-05-26,869.0,Low Value
8035,Denise Welch,Bronze,AZ,7,3342.34,208.9,2022-03-12,2024-08-14,886.0,Low Value
2417,Kyle Miller,Bronze,GA,5,3333.32,208.33,2022-05-25,2024-10-09,868.0,Low Value
2497,Jackie Davis,Bronze,TX,5,3328.52,277.38,2022-03-01,2024-12-31,1036.0,Low Value
6891,Heather Shields,Silver,WI,5,3324.6,237.47,2022-03-05,2024-09-26,936.0,Low Value
8058,Veronica Kerr,Bronze,VA,7,3310.3,220.69,2022-05-26,2024-12-02,921.0,Low Value
8030,Kayla Barrera,Silver,CA,4,3308.85,330.88,2022-08-10,2024-12-30,873.0,Low Value
292,Christopher Vincent,Bronze,MO,3,3308.66,367.63,2022-01-30,2024-06-09,861.0,Low Value
4500,Patrick Cruz,Bronze,VA,3,3306.65,472.38,2022-11-07,2023-10-10,337.0,Low Value
3746,Misty Cruz,Platinum,VA,4,3302.16,300.2,2022-02-12,2024-11-21,1013.0,Low Value
505,Anne Smith,Platinum,CA,4,3301.81,275.15,2022-02-27,2024-11-18,995.0,Low Value
4273,Mike Davis,Bronze,AZ,3,3293.26,411.66,2023-12-04,2024-11-30,362.0,Low Value
6110,Caroline Bass,Silver,CA,3,3292.26,548.71,2024-01-29,2024-10-29,274.0,Low Value
8151,Amanda Bradley,Bronze,IN,5,3285.48,298.68,2023-06-19,2024-10-01,470.0,Low Value
5188,Heidi Smith,Silver,PA,5,3284.33,252.64,2022-10-26,2024-11-15,751.0,Low Value
5646,Tracy Rodriguez,Silver,VA,3,3284.26,273.69,2022-11-05,2024-11-16,742.0,Low Value
3772,Jose Murphy,Gold,MA,3,3280.57,328.06,2022-02-03,2023-07-26,538.0,Low Value
8507,Kent Lam,Bronze,TN,6,3280.42,298.22,2022-12-07,2024-09-09,642.0,Low Value
819,David Perry,Platinum,OH,7,3277.79,252.14,2023-03-06,2024-07-08,490.0,Low Value
9572,Kaitlyn Rice,Gold,MD,4,3272.18,233.73,2022-07-10,2024-03-03,602.0,Low Value
1444,Pamela Mccormick,Gold,TX,3,3268.17,326.82,2022-05-23,2024-06-17,756.0,Low Value
992,David Wilson,Gold,PA,5,3265.91,181.44,2023-02-11,2024-12-20,678.0,Low Value
4336,Michael Ryan,Gold,CA,4,3259.49,543.25,2022-09-23,2024-06-05,621.0,Low Value
8244,Steven Wright,Bronze,OH,4,3258.1,250.62,2022-04-11,2024-07-25,836.0,Low Value
8800,Edward Marquez,Silver,WI,6,3256.27,162.81,2022-10-16,2024-07-03,626.0,Low Value
9774,Anna Walker,Bronze,CA,3,3250.05,270.84,2022-06-13,2022-09-26,105.0,Low Value
5519,Lindsey Williams,Silver,IN,4,3247.44,249.8,2023-04-03,2024-07-25,479.0,Low Value
4040,Johnny Stark,Bronze,TX,3,3241.63,405.2,2022-01-27,2024-10-15,992.0,Low Value
7814,David Hester,Platinum,NJ,2,3237.04,323.7,2022-05-12,2024-12-13,946.0,Low Value
5054,Jeffery Fuentes,Platinum,IL,4,3233.9,190.23,2022-07-17,2024-08-22,767.0,Low Value
8267,Travis Pitts,Silver,OH,4,3226.99,358.55,2022-09-29,2024-09-23,725.0,Low Value
8447,Lisa Wright,Silver,MA,2,3224.07,403.01,2023-09-10,2023-10-04,24.0,Low Value
5042,Andrew Miller,Platinum,OH,6,3224.02,189.65,2022-08-21,2024-01-19,516.0,Low Value
6164,Tracy Barnes,Bronze,WI,5,3222.84,268.57,2022-06-28,2024-07-17,750.0,Low Value
5984,Theresa Richards,Silver,FL,5,3221.94,402.74,2022-02-04,2024-06-07,854.0,Low Value
8191,Bradley Oconnell,Gold,NY,5,3220.52,322.05,2024-01-31,2024-12-06,310.0,Low Value
5856,Jason Hamilton,Gold,WA,5,3211.88,247.07,2022-05-07,2024-11-18,926.0,Low Value
9289,Gina Cooper,Gold,PA,4,3207.73,320.77,2022-01-25,2023-10-07,620.0,Low Value
5357,Gregory Powell,Silver,NC,4,3195.2,355.02,2022-09-29,2023-10-21,387.0,Low Value
5349,Cameron Craig,Gold,MA,6,3194.0,187.88,2022-10-06,2024-05-27,599.0,Low Value
1586,Sergio Huff,Bronze,AZ,2,3193.74,638.75,2022-11-09,2022-11-09,0.0,Low Value
4360,Jennifer Hernandez,Bronze,MI,2,3189.24,289.93,2023-05-07,2024-01-13,251.0,Low Value
1769,Yvette Francis,Gold,MI,2,3187.12,796.78,2022-05-05,2022-11-18,197.0,Low Value
8904,Christian Stanley,Silver,NC,7,3172.94,244.07,2022-08-16,2024-12-31,868.0,Low Value
1458,Joseph Reed,Bronze,MD,6,3171.72,288.34,2023-06-11,2024-04-22,316.0,Low Value
9134,Michelle Rodriguez,Gold,VA,3,3170.72,352.3,2022-11-24,2024-04-23,516.0,Low Value
1397,Paul Roberts,Bronze,MI,6,3169.53,226.4,2023-03-16,2024-12-26,651.0,Low Value
9152,Michelle Fuentes,Bronze,WA,4,3163.71,451.96,2022-09-30,2024-12-07,799.0,Low Value
7968,Nathan Bryan,Bronze,WI,3,3160.24,316.02,2023-08-28,2024-11-12,442.0,Low Value
483,Kevin Stewart,Silver,PA,4,3157.73,394.72,2022-01-07,2023-12-09,701.0,Low Value
208,James Bowers,Silver,NJ,2,3157.36,526.23,2022-04-27,2024-07-26,821.0,Low Value
3569,Eric Snyder,Bronze,WA,3,3157.22,526.2,2023-03-22,2024-03-08,352.0,Low Value
9631,Sharon Robbins,Platinum,NC,3,3154.04,350.45,2022-09-26,2024-11-13,779.0,Low Value
1393,Daisy Wallace,Bronze,MA,3,3153.95,525.66,2024-01-17,2024-12-20,338.0,Low Value
8995,Michael Burton,Gold,TX,4,3142.35,285.67,2022-06-11,2024-09-10,822.0,Low Value
6965,Kendra Anderson,Platinum,NJ,3,3139.72,448.53,2022-01-12,2022-06-16,155.0,Low Value
6179,Robert Bowman,Gold,MO,5,3125.39,284.13,2022-05-17,2024-06-29,774.0,Low Value
9416,Michael Freeman,Platinum,NJ,3,3124.89,260.41,2023-01-07,2024-08-29,600.0,Low Value
7612,Lee Rose,Silver,MI,1,3123.13,624.63,2022-03-27,2022-03-27,0.0,Low Value
4240,Amy Payne,Silver,TN,2,3119.9,519.98,2022-08-16,2022-11-18,94.0,Low Value
1921,Adrian Thompson,Gold,MI,4,3119.0,222.79,2022-06-24,2024-02-19,605.0,Low Value
9929,Taylor Warren,Gold,NY,4,3116.83,239.76,2022-03-28,2024-11-07,955.0,Low Value
3674,Michelle Kirby,Silver,GA,5,3109.88,259.16,2022-12-31,2024-06-25,542.0,Low Value
4469,Michael Adams,Silver,CA,6,3107.77,163.57,2022-01-18,2024-11-06,1023.0,Low Value
7854,Emily Ellison,Bronze,AZ,4,3105.93,258.83,2023-08-17,2024-12-29,500.0,Low Value
8959,Margaret Warren,Gold,MO,3,3105.79,345.09,2022-03-10,2023-08-03,511.0,Low Value
3212,Taylor Soto,Bronze,MA,3,3103.55,344.84,2022-12-27,2024-10-14,657.0,Low Value
284,Brandon Haynes,Gold,MA,5,3098.58,238.35,2022-06-28,2024-11-15,871.0,Low Value
4204,Ann Sanford,Silver,TN,4,3096.26,281.48,2022-03-30,2024-03-13,714.0,Low Value
6467,William Giles,Bronze,WI,3,3093.05,441.86,2022-12-27,2024-01-01,370.0,Low Value
6120,Eric Ray,Gold,CA,5,3085.07,342.79,2022-10-10,2024-12-12,794.0,Low Value
8883,Marie Sullivan,Bronze,MO,3,3079.25,513.21,2023-03-07,2024-01-09,308.0,Low Value
8451,Lindsay Carrillo,Gold,OH,4,3076.57,341.84,2023-02-21,2024-03-30,403.0,Low Value
4408,Deborah Sloan,Bronze,MA,5,3072.29,256.02,2023-02-14,2024-09-10,574.0,Low Value
3090,Michael Campbell,Gold,TN,3,3071.63,341.29,2022-08-31,2024-11-16,808.0,Low Value
5164,Brent Graham,Gold,GA,5,3071.41,341.27,2022-01-16,2024-10-25,1013.0,Low Value
639,Stephanie Ford,Gold,GA,5,3071.23,204.75,2022-01-10,2024-08-15,948.0,Low Value
6173,Alexander Green,Platinum,MA,5,3068.23,236.02,2022-07-19,2024-05-16,667.0,Low Value
832,Steven Arnold,Bronze,TN,8,3065.8,161.36,2022-02-26,2024-11-04,982.0,Low Value
1011,Billy Johns,Gold,IN,5,3065.04,278.64,2022-02-04,2024-09-15,954.0,Low Value
9121,Rebecca Vargas,Gold,AZ,2,3049.39,609.88,2023-01-07,2023-07-31,205.0,Low Value
9192,Robert Davis,Platinum,MA,4,3047.15,277.01,2022-09-20,2024-03-26,553.0,Low Value
2907,Kevin Peterson,Silver,CA,5,3046.38,253.87,2023-02-05,2024-07-14,525.0,Low Value
8132,Brandon Buckley,Silver,CA,3,3046.27,338.47,2022-02-23,2023-09-28,582.0,Low Value
407,Crystal Rhodes,Silver,NY,4,3034.36,275.85,2022-06-23,2024-06-06,714.0,Low Value
7007,Louis Smith,Silver,NJ,6,3030.14,336.68,2023-04-19,2024-11-16,577.0,Low Value
6647,Tyler King,Gold,FL,6,3028.32,201.89,2022-06-21,2024-12-12,905.0,Low Value
6147,Kevin Martin,Silver,WA,3,3025.81,336.2,2022-02-10,2022-08-01,172.0,Low Value
9447,Lisa Rose,Gold,PA,3,3024.87,432.12,2023-10-31,2024-06-28,241.0,Low Value
5995,Mary Johnson,Silver,MI,4,3021.4,274.67,2022-02-28,2024-03-15,746.0,Low Value
9538,Stephen White,Silver,TN,3,3018.65,301.87,2023-11-30,2024-11-05,341.0,Low Value
206,Devin Shields,Silver,NC,3,3017.2,431.03,2022-06-16,2023-12-29,561.0,Low Value
1090,Richard Rivera,Silver,IL,3,3015.29,376.91,2022-05-04,2023-06-20,412.0,Low Value
5117,Joseph Bennett,Silver,GA,4,3006.8,250.57,2023-05-20,2024-04-20,336.0,Low Value
5371,Carlos Guzman,Gold,PA,2,3004.99,500.83,2023-09-12,2024-07-23,315.0,Low Value
6703,Michael Stevens,Platinum,TN,4,3004.38,300.44,2023-01-01,2024-12-15,714.0,Low Value
2069,Joanna Jones,Gold,TN,8,2994.73,199.65,2022-11-08,2024-05-23,562.0,Low Value
2295,Danny Munoz,Silver,WA,3,2992.69,498.78,2022-02-22,2024-08-25,915.0,Low Value
4494,Antonio Sutton,Silver,MD,2,2987.8,426.83,2024-02-01,2024-10-03,245.0,Low Value
9052,Michael Roman,Bronze,FL,3,2986.64,331.85,2022-09-29,2024-07-06,646.0,Low Value
1059,Robert Morris,Bronze,CA,4,2982.26,372.78,2023-07-14,2024-11-19,494.0,Low Value
7782,Kimberly Grant,Bronze,MD,4,2976.71,270.61,2022-09-09,2024-10-26,778.0,Low Value
8021,Joseph Ortiz,Bronze,MI,1,2976.2,992.07,2022-05-31,2022-05-31,0.0,Low Value
4156,Joshua Fields,Bronze,IN,5,2976.11,212.58,2022-01-13,2024-10-06,997.0,Low Value
1931,Phillip Martinez,Bronze,TN,5,2972.57,270.23,2022-05-24,2022-12-05,195.0,Low Value
6358,Brandi Brown,Silver,NY,3,2968.1,329.79,2022-05-15,2024-12-25,955.0,Low Value
2053,Joseph Fisher,Gold,NC,3,2966.87,329.65,2022-05-28,2024-02-23,636.0,Low Value
8344,Matthew Petersen,Gold,PA,4,2941.6,420.23,2023-04-05,2024-11-25,600.0,Low Value
4179,Tony Osborne,Platinum,FL,4,2936.46,293.65,2022-02-11,2024-12-26,1049.0,Low Value
8669,Adam Morales,Bronze,MA,4,2930.7,266.43,2022-03-29,2024-06-06,800.0,Low Value
9367,Joyce Little,Silver,IL,4,2930.61,225.43,2022-06-26,2024-11-20,878.0,Low Value
4349,Jonathan Reilly,Bronze,PA,5,2927.11,209.08,2023-01-02,2024-11-03,671.0,Low Value
9055,Vincent Moss,Silver,MD,7,2922.63,224.82,2022-06-28,2024-08-22,786.0,Low Value
6316,Robert Miller,Gold,MO,6,2913.0,242.75,2022-04-02,2024-09-05,887.0,Low Value
7496,Evan Silva,Silver,GA,3,2911.24,291.12,2023-09-10,2024-06-07,271.0,Low Value
6496,Heather Moran,Bronze,IL,3,2903.52,263.96,2022-12-06,2023-12-02,361.0,Low Value
2345,Susan Warner,Bronze,AZ,1,2902.45,967.48,2022-11-16,2022-11-16,0.0,Low Value
3989,John Owens,Platinum,NC,7,2897.96,222.92,2022-03-10,2024-05-22,804.0,Low Value
7134,Joseph Randolph,Silver,TN,4,2889.68,321.08,2022-04-20,2024-07-22,824.0,Low Value
615,Corey Knapp,Platinum,NC,5,2885.79,262.34,2022-06-28,2024-10-12,837.0,Low Value
3608,Joe Rodriguez,Platinum,TX,7,2884.89,151.84,2022-06-20,2024-11-04,868.0,Low Value
2703,Jasmine Tyler,Gold,TN,5,2883.94,262.18,2022-03-30,2023-12-25,635.0,Low Value
7818,Amanda Rodriguez,Bronze,MA,4,2880.92,261.9,2022-07-20,2024-03-16,605.0,Low Value
901,Heather Kline,Bronze,VA,6,2880.9,180.06,2022-05-23,2024-11-04,896.0,Low Value
7827,Amy Gomez,Silver,IN,4,2876.47,287.65,2022-01-03,2022-10-09,279.0,Low Value
974,Tyler Green,Silver,MI,4,2864.81,286.48,2022-03-06,2024-10-28,967.0,Low Value
3942,Zachary Donaldson,Silver,MI,4,2857.64,357.2,2022-07-26,2024-02-20,574.0,Low Value
5293,Patrick Brewer,Silver,CA,5,2855.94,259.63,2022-10-30,2024-08-03,643.0,Low Value
1629,Kevin Wood,Bronze,NJ,5,2854.25,285.43,2022-11-28,2024-07-10,590.0,Low Value
318,Patrick Shelton,Bronze,MA,6,2843.2,236.93,2022-03-23,2024-06-23,823.0,Low Value
1805,Robert Kaiser,Bronze,WI,2,2839.97,355.0,2022-05-03,2023-09-30,515.0,Low Value
3305,Heather Wallace,Bronze,WA,5,2838.04,258.0,2022-03-19,2024-11-25,982.0,Low Value
689,Pamela Taylor,Gold,TX,5,2838.03,354.75,2022-04-16,2024-12-09,968.0,Low Value
5498,David Santiago,Gold,WI,7,2835.57,189.04,2022-06-07,2024-03-01,633.0,Low Value
859,Tyler Smith,Silver,OH,4,2830.91,283.09,2022-07-06,2024-08-13,769.0,Low Value
700,David Ford,Silver,VA,2,2826.58,565.32,2022-01-15,2022-03-05,49.0,Low Value
6685,Lauren Turner,Silver,MD,3,2820.85,402.98,2022-12-04,2023-05-30,177.0,Low Value
9245,Jason Price,Silver,TN,6,2819.63,187.98,2022-07-02,2024-02-05,583.0,Low Value
377,Michelle Cobb,Silver,NJ,3,2819.17,313.24,2022-06-21,2024-08-17,788.0,Low Value
7027,Penny Jones,Gold,NY,3,2818.37,281.84,2023-06-01,2024-06-29,394.0,Low Value
4655,Kimberly Davis,Bronze,VA,3,2816.63,312.96,2022-04-17,2022-12-30,257.0,Low Value
1814,Krista Contreras,Gold,TX,1,2815.94,703.99,2023-09-10,2023-09-10,0.0,Low Value
3770,Debra Nelson,Silver,NC,4,2808.92,351.12,2022-07-31,2024-09-18,780.0,Low Value
1567,Christine Fuentes,Gold,AZ,7,2807.77,147.78,2022-01-11,2024-12-01,1055.0,Low Value
1184,Justin Bennett,Silver,NY,2,2794.84,465.81,2022-11-04,2023-12-23,414.0,Low Value
7610,Anthony Young,Bronze,MA,2,2792.27,698.07,2022-07-12,2022-09-19,69.0,Low Value
2191,William Taylor,Silver,CA,3,2791.6,279.16,2023-01-22,2024-08-06,562.0,Low Value
2349,Patrick Robbins,Bronze,WA,4,2788.83,232.4,2022-11-01,2024-10-27,726.0,Low Value
8430,Cristian Mcguire,Gold,MD,6,2786.72,174.17,2022-07-12,2024-09-03,784.0,Low Value
8178,Sarah Gordon,Silver,AZ,4,2785.69,198.98,2022-07-21,2024-01-01,529.0,Low Value
7825,Claudia Thompson,Silver,PA,4,2782.09,252.92,2022-03-22,2023-11-14,602.0,Low Value
6732,Christopher Oliver,Silver,WI,3,2769.8,276.98,2022-02-28,2023-07-19,506.0,Low Value
6852,Patricia Moore,Bronze,IL,4,2767.65,251.6,2022-04-16,2024-06-18,794.0,Low Value
4373,Laura Bentley,Silver,GA,4,2766.73,212.83,2022-08-14,2024-05-18,643.0,Low Value
1686,Christopher Foster,Platinum,NC,3,2756.31,459.38,2024-02-04,2024-10-29,268.0,Low Value
6201,Patricia Harris,Silver,MO,4,2746.87,249.72,2022-09-03,2024-09-22,750.0,Low Value
3260,Jane Patterson,Bronze,MA,4,2733.2,341.65,2022-12-26,2023-11-21,330.0,Low Value
7071,Andrea Lewis,Bronze,IN,5,2732.47,182.16,2022-08-03,2024-12-18,868.0,Low Value
7407,Deanna Clark,Bronze,NY,3,2726.91,302.99,2022-06-02,2024-05-21,719.0,Low Value
1119,Karen Anderson,Silver,AZ,4,2725.68,681.42,2022-07-31,2024-02-09,558.0,Low Value
3864,Yvette Huff,Silver,CA,5,2723.86,170.24,2022-11-18,2024-02-29,468.0,Low Value
9814,Maria Garcia,Bronze,WA,2,2722.09,340.26,2024-04-18,2024-08-07,111.0,Low Value
4436,Anna Ferrell,Platinum,GA,2,2720.15,906.72,2023-11-07,2024-02-26,111.0,Low Value
1603,Tara Doyle,Gold,NC,3,2705.13,245.92,2023-06-02,2024-06-07,371.0,Low Value
1798,Alexandra Hurley,Silver,IN,5,2691.41,192.24,2022-03-11,2023-12-20,649.0,Low Value
5116,Peter Carr,Platinum,TX,8,2684.53,206.5,2022-03-08,2024-07-18,863.0,Low Value
6073,Heather White,Bronze,NJ,2,2679.13,446.52,2022-10-16,2024-06-03,596.0,Low Value
3136,Kevin Torres,Bronze,PA,3,2677.17,382.45,2023-05-17,2024-09-15,487.0,Low Value
1312,Mary Cook,Bronze,MA,3,2674.22,334.28,2022-03-14,2023-01-10,302.0,Low Value
6096,Brian Hopkins,Silver,GA,5,2670.94,222.58,2022-12-05,2024-09-12,647.0,Low Value
8211,Stephen Moore,Silver,NC,4,2667.84,242.53,2022-09-21,2023-04-06,197.0,Low Value
6689,Bailey Mitchell,Platinum,FL,6,2667.07,140.37,2022-03-01,2024-11-12,987.0,Low Value
8007,Stephanie Smith,Silver,AZ,4,2665.32,266.53,2022-05-14,2024-08-22,831.0,Low Value
2902,Matthew Greene,Gold,MA,6,2658.36,265.84,2023-01-05,2024-10-06,640.0,Low Value
3848,Rachel Smith,Silver,MD,4,2651.97,241.09,2024-01-16,2024-09-12,240.0,Low Value
9946,Travis Rodriguez,Bronze,TN,1,2651.1,883.7,2022-09-20,2022-09-20,0.0,Low Value
8276,James Kelley,Bronze,OH,4,2648.26,220.69,2022-11-21,2024-11-24,734.0,Low Value
5699,Cameron Jimenez,Platinum,IN,5,2639.54,219.96,2022-08-01,2024-12-17,869.0,Low Value
7936,Judy Whitehead,Bronze,TX,7,2639.53,175.97,2022-07-12,2024-08-23,773.0,Low Value
4004,Logan Berger,Bronze,NY,4,2639.32,219.94,2022-02-03,2024-10-29,999.0,Low Value
5122,Lisa Glover,Gold,WA,3,2628.79,262.88,2023-10-14,2024-09-07,329.0,Low Value
1212,Thomas Davis,Silver,WI,2,2617.6,290.84,2023-03-12,2024-05-31,446.0,Low Value
273,Jessica Fisher,Gold,NC,4,2614.48,217.87,2023-10-06,2024-10-08,368.0,Low Value
8393,David Ramirez,Gold,VA,3,2609.7,434.95,2022-10-23,2024-05-24,579.0,Low Value
2976,Stephanie Kerr,Platinum,WI,4,2609.65,217.47,2022-05-21,2024-09-09,842.0,Low Value
3559,Paul Turner,Bronze,WA,4,2608.92,200.69,2022-04-26,2024-02-11,656.0,Low Value
4090,Michael Stanley,Bronze,IN,3,2607.66,289.74,2023-07-11,2024-03-21,254.0,Low Value
4063,Donna Rogers,Platinum,WI,5,2601.8,173.45,2022-04-17,2024-04-09,723.0,Low Value
3176,Ryan Gallagher,Bronze,IN,7,2595.26,162.2,2022-04-15,2024-08-14,852.0,Low Value
7022,Mark Davila,Bronze,MI,3,2583.82,322.98,2023-03-23,2024-08-10,506.0,Low Value
4808,Curtis Le,Bronze,MD,7,2582.1,129.1,2022-05-13,2024-12-13,945.0,Low Value
496,Jacqueline Flowers,Platinum,NJ,3,2572.83,214.4,2023-08-28,2024-06-02,279.0,Low Value
4628,Theresa Pope,Gold,FL,5,2571.83,171.46,2022-02-22,2024-11-13,995.0,Low Value
5696,Kristen Howard,Bronze,NY,5,2569.29,285.48,2022-02-13,2024-08-09,908.0,Low Value
3061,Gregory Mack,Bronze,NC,3,2564.29,284.92,2022-04-26,2024-11-26,945.0,Low Value
8827,Sherri Burns,Silver,NY,2,2558.54,284.28,2023-02-05,2023-04-28,82.0,Low Value
9745,Brian Webster,Bronze,WA,5,2555.8,170.39,2022-08-11,2024-11-22,834.0,Low Value
6433,Kimberly Lewis,Bronze,MO,4,2552.78,283.64,2022-03-19,2024-03-02,714.0,Low Value
362,Lori Burns,Platinum,OH,6,2545.86,181.85,2022-02-28,2024-03-31,762.0,Low Value
9414,Sandra Schmidt,Silver,IN,5,2544.87,195.76,2022-01-25,2024-10-11,990.0,Low Value
5632,Megan Mills,Gold,WI,2,2543.85,423.97,2022-04-08,2024-02-25,688.0,Low Value
1252,Linda Butler,Bronze,OH,5,2543.45,169.56,2022-09-03,2024-09-30,758.0,Low Value
8945,Jason Gomez,Silver,NJ,2,2539.56,634.89,2022-07-14,2023-02-12,213.0,Low Value
8723,Matthew Moore,Gold,TN,2,2533.52,1266.76,2023-10-06,2024-10-20,380.0,Low Value
2743,Kevin Webb,Platinum,CA,2,2531.35,506.27,2023-02-15,2024-11-29,653.0,Low Value
2351,Dennis Garcia,Bronze,MO,3,2530.02,316.25,2022-04-28,2024-05-02,735.0,Low Value
502,Jennifer Miles,Bronze,MO,5,2528.65,316.08,2022-02-04,2023-08-06,548.0,Low Value
4944,William Martinez,Bronze,TN,5,2527.45,180.53,2022-11-06,2023-11-27,386.0,Low Value
4869,Brittany Terry,Bronze,CA,6,2520.8,210.07,2022-06-20,2024-11-03,867.0,Low Value
9499,Joseph Green,Gold,MI,3,2519.18,314.9,2022-01-29,2024-01-22,723.0,Low Value
5056,Susan Jordan,Gold,IN,3,2512.12,251.21,2023-02-07,2024-03-19,406.0,Low Value
2167,Tara Johnston,Gold,IN,3,2508.05,418.01,2023-01-12,2024-05-25,499.0,Low Value
2093,Donna Miller,Platinum,IL,4,2507.0,192.85,2022-01-08,2024-05-12,855.0,Low Value
4878,Maria Frederick,Silver,CA,4,2506.18,278.46,2022-01-28,2024-11-29,1036.0,Low Value
3521,Jonathon Garcia,Bronze,WA,3,2496.62,226.97,2022-09-19,2024-03-02,530.0,Low Value
7973,Katherine Robinson,Gold,PA,3,2491.71,355.96,2022-04-02,2024-05-13,772.0,Low Value
6819,Jennifer Petty,Silver,MA,6,2489.39,165.96,2023-01-08,2024-12-01,693.0,Low Value
4638,Brooke Mathis,Bronze,TN,3,2483.41,620.85,2022-01-25,2024-01-05,710.0,Low Value
281,Autumn Robertson,Silver,MI,7,2482.99,206.92,2022-02-01,2024-02-26,755.0,Low Value
3131,David James,Gold,MD,2,2481.39,248.14,2023-08-03,2024-10-24,448.0,Low Value
9177,Samantha Grant,Silver,GA,3,2465.17,224.11,2022-10-31,2024-09-13,683.0,Low Value
2291,Erica Rhodes,Bronze,AZ,2,2464.1,352.01,2022-09-27,2023-06-12,258.0,Low Value
266,Angela Jones,Bronze,NJ,3,2454.27,350.61,2022-07-24,2024-03-13,598.0,Low Value
6415,Robert Benson,Bronze,NJ,6,2453.6,204.47,2022-05-03,2024-02-16,654.0,Low Value
9334,Whitney Long,Gold,MA,2,2440.64,348.66,2023-12-02,2024-02-19,79.0,Low Value
3642,Dawn Wood,Silver,VA,5,2436.41,270.71,2022-01-15,2024-08-10,938.0,Low Value
1683,Joshua Arroyo,Silver,TN,4,2430.09,405.02,2022-09-28,2024-08-16,688.0,Low Value
7350,Laura Moore,Bronze,NJ,5,2425.1,242.51,2022-06-17,2024-12-11,908.0,Low Value
2706,Timothy Mcdonald,Gold,CA,5,2423.95,269.33,2022-10-01,2024-02-18,505.0,Low Value
9828,Patrick Ashley,Gold,NC,6,2423.85,201.99,2022-10-26,2024-12-03,769.0,Low Value
9970,Joseph Collier,Platinum,WI,5,2418.81,268.76,2022-04-04,2024-08-27,876.0,Low Value
4011,Thomas Hancock,Bronze,WA,2,2415.61,345.09,2022-10-27,2024-12-13,778.0,Low Value
4866,Kathy Bond,Silver,OH,3,2415.48,301.94,2023-03-15,2023-09-19,188.0,Low Value
1099,Joseph Foley,Silver,IL,2,2409.03,481.81,2023-09-19,2024-11-14,422.0,Low Value
7640,Jacqueline Villanueva,Platinum,IL,4,2406.59,300.82,2022-01-03,2024-06-22,901.0,Low Value
4395,John Gomez,Silver,MI,2,2401.03,600.26,2022-01-22,2024-05-19,848.0,Low Value
9473,Adam Roberts,Bronze,MI,4,2394.06,239.41,2024-03-11,2024-10-20,223.0,Low Value
862,Chad Jordan,Bronze,FL,4,2388.46,238.85,2022-05-30,2023-11-17,536.0,Low Value
2700,David Paul,Silver,GA,5,2387.31,149.21,2022-09-28,2024-09-02,705.0,Low Value
1056,Christina Wise,Bronze,IN,1,2386.42,596.61,2023-11-13,2023-11-13,0.0,Low Value
3634,Derrick Ward,Bronze,NJ,4,2382.78,340.4,2023-02-21,2023-10-10,231.0,Low Value
5108,Angela Miller,Gold,MO,5,2380.01,198.33,2023-06-11,2024-05-05,329.0,Low Value
9428,Christopher Garcia,Bronze,TX,2,2371.68,592.92,2023-10-14,2024-09-08,330.0,Low Value
6918,Kaitlyn Phillips,Platinum,NC,6,2368.73,182.21,2022-04-03,2024-10-15,926.0,Low Value
4664,Douglas Smith,Silver,NJ,5,2367.07,295.88,2022-02-16,2024-11-16,1004.0,Low Value
2012,Sarah Rodriguez,Bronze,FL,1,2353.35,1176.67,2022-06-16,2022-06-16,0.0,Low Value
3880,Cole Smith,Bronze,TX,4,2351.49,213.77,2022-04-28,2024-08-30,855.0,Low Value
4530,Stephen Sampson,Silver,AZ,3,2347.79,335.4,2022-12-22,2024-11-03,682.0,Low Value
4026,Amber Giles,Platinum,WA,3,2347.47,391.24,2022-11-05,2024-05-08,550.0,Low Value
9186,Stephen Smith,Platinum,WA,5,2347.27,213.39,2022-06-15,2024-04-30,685.0,Low Value
5440,David Beck,Silver,OH,3,2342.39,234.24,2023-05-02,2023-10-15,166.0,Low Value
928,Todd Burton,Silver,PA,4,2306.28,230.63,2022-04-17,2023-11-11,573.0,Low Value
6510,Brett Hudson,Platinum,NJ,1,2303.15,383.86,2024-10-08,2024-10-08,0.0,Low Value
6142,Eric Delacruz,Bronze,MD,3,2302.84,191.9,2022-02-19,2022-11-25,279.0,Low Value
109,Daniel Davis,Bronze,IL,3,2288.89,228.89,2022-03-03,2024-07-19,869.0,Low Value
5072,Mary Juarez,Silver,OH,2,2286.55,571.64,2022-01-07,2022-08-30,235.0,Low Value
7714,Adam Davenport,Bronze,FL,5,2285.86,126.99,2023-10-30,2024-12-08,405.0,Low Value
6239,Jacob Myers,Bronze,CA,5,2281.72,175.52,2022-04-10,2024-12-17,982.0,Low Value
1217,Rhonda Robinson,Silver,VA,4,2270.75,189.23,2022-01-26,2024-09-03,951.0,Low Value
2094,Barry Wise,Bronze,MD,7,2256.32,225.63,2022-12-24,2024-12-15,722.0,Low Value
8189,Corey Flores,Bronze,NC,3,2249.57,281.2,2022-12-09,2023-05-06,148.0,Low Value
3623,Michele Simmons,Gold,MO,3,2227.76,318.25,2023-01-27,2024-04-16,445.0,Low Value
7338,Kathleen Shannon,Platinum,FL,3,2226.32,445.26,2022-12-08,2024-07-07,577.0,Low Value
1767,Christina Shaffer,Silver,WA,4,2225.28,222.53,2022-06-07,2023-12-21,562.0,Low Value
2408,Kyle Wilkerson,Platinum,NJ,1,2225.2,445.04,2024-02-04,2024-02-04,0.0,Low Value
6213,Ryan Webb,Bronze,IL,5,2212.59,201.14,2022-09-18,2023-06-06,261.0,Low Value
4594,Erin Campbell,Platinum,AZ,5,2200.72,220.07,2023-12-18,2024-10-13,300.0,Low Value
4079,Carl Olson,Bronze,NY,3,2197.1,274.64,2022-04-04,2024-12-28,999.0,Low Value
651,Barbara Lopez,Bronze,OH,4,2194.06,182.84,2023-02-19,2024-02-26,372.0,Low Value
2697,Jennifer Marks,Silver,CA,3,2187.51,198.86,2022-08-25,2024-12-05,833.0,Low Value
724,Christina Floyd,Gold,FL,4,2180.12,242.24,2022-08-17,2024-07-08,691.0,Low Value
7542,Diana Alvarado,Bronze,MD,2,2179.88,726.63,2022-06-10,2022-08-10,61.0,Low Value
4542,Jasmine Anthony,Silver,NC,4,2164.35,154.6,2023-01-10,2024-09-06,605.0,Low Value
5289,Timothy Leonard,Silver,MO,3,2155.52,239.5,2022-07-28,2023-08-29,397.0,Low Value
7641,Phillip Caldwell,Silver,TN,6,2153.79,153.84,2022-03-20,2024-11-29,985.0,Low Value
5247,Ian Snow,Silver,GA,2,2152.3,307.47,2022-03-02,2023-01-15,319.0,Low Value
8434,Terri Hansen,Bronze,GA,4,2150.74,358.46,2022-03-25,2024-01-30,676.0,Low Value
4837,Beth Scott,Silver,IL,5,2142.17,194.74,2022-08-06,2024-09-06,762.0,Low Value
9154,Crystal Sanders,Silver,IN,3,2134.36,266.8,2022-02-02,2024-04-03,791.0,Low Value
766,Dylan Cunningham,Gold,IL,3,2127.39,425.48,2022-02-28,2024-04-11,773.0,Low Value
4589,Emily Reyes,Bronze,TX,5,2126.43,141.76,2022-12-10,2024-12-07,728.0,Low Value
2178,Anthony Melton,Silver,IN,3,2118.32,302.62,2022-10-05,2024-01-02,454.0,Low Value
1017,Rebecca Rivera,Bronze,WI,4,2107.85,210.78,2022-02-23,2024-12-08,1019.0,Low Value
1540,Rebecca Taylor,Bronze,IL,2,2101.26,350.21,2023-04-07,2023-07-09,93.0,Low Value
9488,Melissa Adams,Platinum,MD,3,2098.27,349.71,2022-08-15,2024-01-08,511.0,Low Value
7927,Jennifer Cole,Silver,FL,4,2092.79,298.97,2022-01-27,2023-02-10,379.0,Low Value
6299,Chad Burns,Silver,TN,5,2090.15,160.78,2022-07-25,2024-08-20,757.0,Low Value
9839,Seth Jones,Silver,CA,4,2090.13,174.18,2023-02-23,2024-09-28,583.0,Low Value
5374,Emily Mahoney,Silver,MI,4,2079.2,207.92,2022-05-09,2024-01-26,627.0,Low Value
7677,Monica Davis,Gold,FL,7,2064.39,137.63,2022-06-06,2024-12-08,916.0,Low Value
6370,Anna Dominguez,Bronze,TX,5,2064.15,172.01,2022-04-24,2024-07-14,812.0,Low Value
6391,Christian Wallace,Platinum,AZ,2,2059.71,343.29,2022-08-03,2022-08-03,0.0,Low Value
5015,Michael Watson,Bronze,VA,3,2058.51,257.31,2022-08-09,2023-06-27,322.0,Low Value
9145,Steven Dominguez,Gold,NY,4,2056.67,146.91,2023-03-06,2023-12-21,290.0,Low Value
5389,Michael Reese,Gold,GA,3,2047.15,227.46,2022-06-21,2024-09-13,815.0,Low Value
3332,Jo Johnson,Silver,CA,2,2047.06,341.18,2022-12-21,2023-12-09,353.0,Low Value
8870,Mark Hunt,Bronze,TX,3,2037.71,185.25,2024-02-10,2024-10-24,257.0,Low Value
8369,Gabriel Mahoney,Silver,NC,4,2034.22,226.02,2022-02-25,2024-12-12,1021.0,Low Value
994,Sarah Mills,Bronze,WA,2,2028.23,289.75,2023-09-21,2023-12-13,83.0,Low Value
9306,Megan Galvan,Silver,FL,3,2024.71,144.62,2022-01-31,2024-08-24,936.0,Low Value
9521,John Castro,Bronze,CA,3,2021.07,168.42,2022-11-25,2024-05-02,524.0,Low Value
9509,Chelsea Ellis,Platinum,TN,4,2018.88,403.78,2023-07-30,2024-08-03,370.0,Low Value
7001,Richard Brown,Platinum,NC,5,2018.7,155.28,2022-03-03,2024-01-09,677.0,Low Value
8069,Robert Briggs,Silver,FL,5,2016.39,288.06,2022-08-14,2024-12-27,866.0,Low Value
5537,Jacqueline Ware,Bronze,NC,4,1994.98,199.5,2022-11-19,2024-11-18,730.0,Low Value
3862,Douglas Donovan,Bronze,MA,2,1991.12,248.89,2022-01-14,2022-03-15,60.0,Low Value
10,Brianna Smith,Bronze,GA,5,1977.64,164.8,2023-02-06,2024-06-01,481.0,Low Value
3149,Derek Baker,Bronze,WA,3,1974.25,282.04,2023-12-20,2024-03-25,96.0,Low Value
8752,Catherine Floyd,Silver,IL,3,1972.72,328.79,2022-09-02,2024-12-06,826.0,Low Value
7798,Benjamin Jackson,Bronze,PA,2,1968.28,328.05,2022-12-13,2023-05-18,156.0,Low Value
6860,Stephen Lawrence,Silver,AZ,3,1968.15,178.92,2022-12-07,2023-10-28,325.0,Low Value
6752,Patricia Townsend,Silver,MD,5,1965.87,140.42,2023-01-18,2024-09-12,603.0,Low Value
749,Christopher Ramsey,Silver,GA,4,1964.08,245.51,2022-11-06,2024-03-10,490.0,Low Value
756,James Fox,Bronze,MO,4,1958.54,163.21,2022-08-14,2024-08-14,731.0,Low Value
2446,Jose Davis,Gold,WA,5,1958.48,163.21,2022-01-29,2024-03-06,767.0,Low Value
6025,Brittany Wade,Bronze,NY,1,1950.36,487.59,2022-10-13,2022-10-13,0.0,Low Value
2539,Margaret Brown,Silver,AZ,3,1941.98,323.66,2022-10-21,2024-05-03,560.0,Low Value
534,Tyler Anderson,Bronze,MA,4,1938.24,242.28,2022-04-04,2024-08-06,855.0,Low Value
130,Amy Anderson,Gold,TX,6,1934.14,138.15,2022-03-09,2024-08-17,892.0,Low Value
1263,Lucas Davis,Bronze,NY,3,1930.62,214.51,2022-03-09,2024-05-02,785.0,Low Value
3784,Christopher Jackson,Silver,OH,2,1927.37,321.23,2023-08-28,2024-03-08,193.0,Low Value
9713,Jennifer Clark,Bronze,TN,4,1926.14,192.61,2024-03-24,2024-12-16,267.0,Low Value
3416,Crystal Aguilar,Silver,PA,6,1912.33,112.49,2022-04-03,2024-08-16,866.0,Low Value
5146,Casey Romero,Gold,TX,2,1910.17,238.77,2023-06-22,2023-09-02,72.0,Low Value
7833,Shawn Carpenter,Bronze,GA,6,1908.31,146.79,2022-06-22,2024-08-16,786.0,Low Value
2293,James Cunningham,Bronze,MO,3,1907.29,238.41,2023-12-27,2024-11-26,335.0,Low Value
9260,Scott Cortez,Silver,TN,5,1900.61,190.06,2023-04-22,2024-11-08,566.0,Low Value
3098,William Hill,Gold,NJ,4,1893.75,236.72,2022-03-27,2024-08-23,880.0,Low Value
6975,Ashley Fitzgerald,Bronze,MO,5,1886.28,157.19,2022-11-04,2023-06-17,225.0,Low Value
8085,Mary Pierce,Bronze,MD,3,1883.5,235.44,2022-09-05,2024-02-10,523.0,Low Value
5141,Kristy Salazar,Bronze,GA,2,1866.41,622.14,2023-07-18,2024-02-25,222.0,Low Value
6787,Jeffrey Fritz,Platinum,MI,4,1860.24,186.02,2022-02-06,2023-07-18,527.0,Low Value
6884,Jordan Smith,Silver,IL,5,1859.03,143.0,2022-11-05,2024-12-01,757.0,Low Value
8975,Sherri Casey,Gold,TX,5,1852.49,231.56,2022-04-10,2024-05-03,754.0,Low Value
560,Elizabeth Kramer,Silver,MI,1,1852.21,617.4,2023-08-19,2023-08-19,0.0,Low Value
9311,Collin Ramsey,Bronze,VA,3,1844.69,263.53,2023-06-11,2024-04-30,324.0,Low Value
5069,Paul Johnson,Bronze,MI,3,1844.55,263.51,2023-07-12,2024-12-23,530.0,Low Value
7074,Anne Bradley,Bronze,AZ,3,1820.83,227.6,2023-08-21,2024-12-01,468.0,Low Value
7368,John Williams,Gold,IN,1,1794.17,256.31,2023-09-30,2023-09-30,0.0,Low Value
7807,Bradley Park,Platinum,GA,4,1792.21,162.93,2023-07-03,2024-01-08,189.0,Low Value
5310,Deborah Hayes,Bronze,AZ,4,1784.96,178.5,2022-07-25,2024-05-04,649.0,Low Value
3403,Cynthia Cortez,Bronze,WA,2,1773.51,295.58,2022-09-09,2024-04-15,584.0,Low Value
1837,Samantha Castillo,Bronze,WI,2,1765.14,294.19,2023-10-02,2023-11-18,47.0,Low Value
7347,Jon Christensen,Silver,FL,3,1762.7,352.54,2022-06-09,2024-05-27,718.0,Low Value
6797,Jill Baker,Platinum,AZ,2,1761.08,352.22,2022-11-22,2023-11-23,366.0,Low Value
2926,Tabitha Atkinson,Bronze,MD,3,1743.15,249.02,2023-09-17,2024-07-22,309.0,Low Value
2366,Christine Anderson,Platinum,TN,4,1739.41,193.27,2022-04-06,2024-11-15,954.0,Low Value
147,Christina Jensen,Silver,MA,4,1729.3,157.21,2022-11-04,2023-11-12,373.0,Low Value
535,Dana Washington,Silver,GA,3,1725.68,431.42,2022-05-04,2024-08-26,845.0,Low Value
4785,Cheyenne Patterson,Platinum,AZ,3,1715.69,214.46,2023-07-19,2024-12-20,520.0,Low Value
8635,Mark Aguirre,Gold,MD,5,1714.22,142.85,2022-04-12,2023-04-04,357.0,Low Value
9203,Brent Stout,Gold,TN,2,1711.28,427.82,2022-06-19,2022-09-01,74.0,Low Value
5476,Julia Watson,Gold,IL,2,1704.16,284.03,2024-03-18,2024-08-03,138.0,Low Value
2735,Jason Johnson,Gold,AZ,3,1690.43,169.04,2022-06-13,2022-09-01,80.0,Low Value
4333,Tracy Keller,Silver,FL,3,1687.71,241.1,2022-01-02,2022-11-09,311.0,Low Value
6155,Catherine Johnson,Platinum,FL,4,1686.3,210.79,2022-01-15,2024-11-02,1022.0,Low Value
5883,Megan Ramirez,Silver,MA,3,1681.4,336.28,2022-02-27,2024-04-29,792.0,Low Value
5596,Kevin Harris,Silver,MD,2,1680.61,560.2,2023-04-01,2024-06-05,431.0,Low Value
5933,Shirley Gomez,Silver,AZ,1,1679.99,560.0,2023-04-18,2023-04-18,0.0,Low Value
7210,Gary Gray,Gold,MI,5,1675.91,167.59,2022-10-09,2024-11-09,762.0,Low Value
1706,Allison Lopez,Gold,CA,3,1674.6,279.1,2022-03-14,2024-06-11,820.0,Low Value
3262,Tracy Lawson,Platinum,GA,2,1661.53,237.36,2022-12-12,2023-09-17,279.0,Low Value
6365,Kayla Mayo,Bronze,GA,2,1656.22,414.06,2023-04-27,2024-01-02,250.0,Low Value
9937,Kevin Davis,Silver,NY,4,1623.64,162.36,2024-02-18,2024-12-27,313.0,Low Value
5934,Lucas Gonzalez,Silver,WA,2,1623.27,405.82,2023-07-19,2024-03-29,254.0,Low Value
1627,Kim Riley,Bronze,TX,4,1613.39,201.67,2022-12-19,2024-06-11,540.0,Low Value
8225,Paula Hartman,Gold,VA,2,1613.14,403.29,2022-12-21,2023-12-02,346.0,Low Value
3366,Thomas Cuevas,Gold,MD,5,1612.64,230.38,2022-01-14,2023-10-30,654.0,Low Value
6341,Vincent Briggs,Silver,NC,4,1605.84,229.41,2023-04-26,2024-09-06,499.0,Low Value
2198,Candice Robertson,Silver,AZ,2,1604.57,320.91,2022-05-26,2022-07-30,65.0,Low Value
2268,Laurie Robinson,Platinum,GA,1,1598.75,399.69,2023-07-21,2023-07-21,0.0,Low Value
9975,Brandy Logan,Bronze,FL,4,1595.77,199.47,2022-12-06,2024-04-16,497.0,Low Value
7307,Timothy Vaughan,Silver,OH,3,1588.9,264.82,2022-02-22,2023-07-17,510.0,Low Value
3773,Lee Hicks,Gold,WA,5,1570.96,130.91,2022-02-27,2024-09-02,918.0,Low Value
1042,Teresa Flores,Bronze,WA,1,1569.52,523.17,2022-06-27,2022-06-27,0.0,Low Value
9070,Nicole Rodriguez,Platinum,OH,4,1562.36,156.24,2022-11-29,2024-03-05,462.0,Low Value
3893,Edward Jacobs,Platinum,MA,5,1556.65,119.74,2022-05-17,2024-12-28,956.0,Low Value
7504,Robert Craig,Bronze,GA,5,1553.74,119.52,2023-06-29,2024-11-11,501.0,Low Value
6665,Arthur Palmer,Bronze,NY,2,1541.73,385.43,2022-02-05,2024-06-30,876.0,Low Value
9519,Nicole Reeves,Bronze,NC,5,1534.44,139.49,2022-11-06,2024-12-10,765.0,Low Value
3348,Kristin Austin,Silver,OH,6,1529.05,169.89,2022-02-23,2024-06-06,834.0,Low Value
1800,William Rich,Silver,NJ,2,1504.17,300.83,2022-12-30,2022-12-31,1.0,Low Value
1318,Richard Herring,Silver,IN,4,1491.64,213.09,2022-06-25,2024-12-09,898.0,Low Value
7069,Samuel Nielsen,Bronze,TX,4,1489.15,186.14,2022-03-22,2024-12-31,1015.0,Low Value
4193,Luis Evans,Silver,WI,3,1486.27,247.71,2022-11-01,2024-03-22,507.0,Low Value
1074,David Vargas,Silver,MI,3,1481.08,164.56,2023-08-02,2023-09-24,53.0,Low Value
5066,Paul Thompson,Gold,MD,3,1471.28,367.82,2022-08-29,2024-03-09,558.0,Low Value
5681,Kristina Garza,Silver,TX,2,1469.6,293.92,2023-04-22,2023-09-30,161.0,Low Value
2774,Kevin Clay,Bronze,WA,2,1453.93,290.79,2023-06-28,2024-03-29,275.0,Low Value
6007,Whitney Anderson,Silver,TN,4,1448.84,144.88,2022-09-23,2024-12-12,811.0,Low Value
1029,Trevor Weaver,Silver,NJ,3,1445.86,240.98,2022-09-20,2023-05-05,227.0,Low Value
665,Carlos Gonzalez,Silver,TN,5,1436.08,159.56,2022-01-12,2024-11-25,1048.0,Low Value
4391,Sara Hunt,Bronze,IL,3,1416.44,202.35,2022-03-06,2024-02-18,714.0,Low Value
2886,Leah Myers,Silver,MA,2,1414.39,202.06,2022-03-31,2024-04-28,759.0,Low Value
9278,Melinda Poole,Gold,OH,5,1409.6,140.96,2022-10-10,2024-11-29,781.0,Low Value
4523,Tamara Richards,Gold,CA,3,1383.0,197.57,2023-02-07,2024-02-20,378.0,Low Value
8365,Mary Griffith,Gold,IL,3,1379.7,229.95,2022-05-22,2024-07-12,782.0,Low Value
4539,Nicholas Henderson,Bronze,IL,3,1365.26,195.04,2022-07-06,2024-09-20,807.0,Low Value
8957,Kimberly Shaw,Platinum,MO,4,1360.06,272.01,2022-06-08,2024-02-10,612.0,Low Value
5085,Dennis Carroll,Silver,WA,3,1358.48,169.81,2023-08-14,2024-08-06,358.0,Low Value
349,Daryl Dean,Silver,NC,3,1346.01,192.29,2022-02-25,2024-09-04,922.0,Low Value
2467,Karla Adkins,Bronze,NY,4,1345.75,192.25,2022-06-30,2024-04-08,648.0,Low Value
5352,David Brown,Silver,FL,2,1335.71,222.62,2022-07-17,2024-01-29,561.0,Low Value
3171,Gary Hudson,Gold,CA,3,1335.16,333.79,2022-03-27,2023-07-29,489.0,Low Value
4699,Christine Salinas,Silver,MO,3,1330.72,190.1,2022-02-26,2024-07-13,868.0,Low Value
7574,Elizabeth Thomas,Silver,FL,3,1329.32,221.55,2022-03-08,2023-05-29,447.0,Low Value
9717,David Cohen,Silver,TN,2,1319.51,219.92,2022-10-07,2023-08-15,312.0,Low Value
4152,Cindy Camacho,Bronze,AZ,3,1314.95,219.16,2022-07-28,2024-03-04,585.0,Low Value
6185,Chad Martinez,Bronze,MO,4,1288.52,184.07,2022-07-08,2024-07-23,746.0,Low Value
2518,David Brown,Silver,NJ,1,1281.22,640.61,2024-10-07,2024-10-07,0.0,Low Value
8754,Jessica Kramer,Bronze,MI,2,1277.65,159.71,2022-11-22,2023-07-07,227.0,Low Value
2773,Phillip Morrison,Silver,TX,3,1275.93,127.59,2023-03-01,2023-10-26,239.0,Low Value
5878,Rachel Perez,Bronze,MI,2,1266.0,180.86,2022-12-31,2023-11-25,329.0,Low Value
2186,Jane Carter,Bronze,FL,1,1264.21,421.4,2024-11-27,2024-11-27,0.0,Low Value
1378,Austin Mendoza,Bronze,AZ,5,1262.85,90.2,2022-04-11,2024-11-20,954.0,Low Value
896,Sarah Rhodes,Platinum,MA,2,1257.89,139.77,2022-10-18,2024-04-24,554.0,Low Value
2098,Kelsey Macias,Gold,TN,4,1254.17,125.42,2022-07-24,2023-04-23,273.0,Low Value
2096,Jordan Peters,Silver,TN,2,1249.8,249.96,2022-05-26,2022-06-10,15.0,Low Value
6526,Christopher Harrington,Silver,NY,1,1234.44,246.89,2023-12-10,2023-12-10,0.0,Low Value
1122,Brian Erickson,Platinum,NY,5,1228.77,111.71,2022-02-28,2024-07-19,872.0,Low Value
2292,Heather Bell,Bronze,MA,2,1210.24,201.71,2022-06-03,2023-03-23,293.0,Low Value
7050,Danny Martinez,Bronze,NJ,2,1198.51,199.75,2024-03-27,2024-10-11,198.0,Low Value
8816,Deborah Smith,Silver,OH,3,1186.1,197.68,2022-01-14,2023-10-05,629.0,Low Value
4605,Jose Guzman,Silver,NY,2,1176.53,294.13,2023-05-20,2023-10-06,139.0,Low Value
5609,Yolanda Davis,Silver,MI,4,1172.56,130.28,2023-05-01,2024-09-10,498.0,Low Value
5628,Thomas Foster,Bronze,IN,4,1163.61,105.78,2022-05-23,2024-09-26,857.0,Low Value
316,Douglas Morales,Bronze,NC,2,1163.02,145.38,2022-03-23,2023-11-09,596.0,Low Value
1067,Sheila Moore,Bronze,VA,4,1159.61,165.66,2023-03-11,2024-05-27,443.0,Low Value
5641,Shannon Adams,Gold,WI,3,1152.04,192.01,2024-05-10,2024-05-11,1.0,Low Value
4635,Joshua Warren,Silver,TX,3,1140.42,126.71,2022-03-25,2023-12-27,642.0,Low Value
6695,Caleb Reese,Bronze,IN,3,1136.14,162.31,2023-10-23,2024-04-02,162.0,Low Value
1911,Michelle Morgan,Silver,CA,4,1110.32,158.62,2022-05-07,2024-10-27,904.0,Low Value
9298,Benjamin Vaughn,Bronze,CA,2,1107.75,276.94,2023-09-07,2024-12-10,460.0,Low Value
734,Kaitlin Warren,Bronze,VA,4,1097.46,121.94,2022-09-15,2024-07-27,681.0,Low Value
1541,Debra Martinez,Bronze,CA,2,1097.25,274.31,2023-07-14,2023-11-03,112.0,Low Value
622,Evelyn Jones,Silver,TX,2,1094.47,273.62,2022-12-21,2023-12-13,357.0,Low Value
5433,Marcus Anderson,Bronze,IN,2,1089.22,217.84,2023-03-18,2024-07-28,498.0,Low Value
758,Jennifer Warren,Silver,TX,3,1086.05,135.76,2022-03-15,2024-04-28,775.0,Low Value
2583,Cynthia Obrien,Bronze,TN,1,1080.25,180.04,2023-06-16,2023-06-16,0.0,Low Value
5083,Wendy Crawford,Silver,MI,4,1080.18,135.02,2022-09-27,2024-05-11,592.0,Low Value
8990,John Lamb,Bronze,NJ,2,1068.26,178.04,2022-08-25,2024-07-15,690.0,Low Value
1649,Brian Reynolds,Silver,OH,2,1059.46,211.89,2022-11-15,2023-03-11,116.0,Low Value
2604,Joseph Wright,Gold,VA,1,1050.86,525.43,2022-11-18,2022-11-18,0.0,Low Value
5006,Kathleen Clark,Gold,FL,3,1040.49,260.12,2023-06-17,2024-11-26,528.0,Low Value
8363,Joshua Clark,Silver,AZ,2,1020.93,170.16,2024-07-13,2024-08-09,27.0,Low Value
8864,Christie Tyler,Bronze,OH,3,977.75,325.92,2023-10-02,2024-07-22,294.0,Low Value
4009,Michael Murray,Platinum,PA,1,944.71,472.36,2022-04-23,2022-04-23,0.0,Low Value
1666,Elizabeth Stewart,Silver,MI,4,943.79,134.83,2022-01-04,2024-09-11,981.0,Low Value
8663,Kimberly Rios,Bronze,OH,4,927.21,132.46,2022-04-05,2023-12-14,618.0,Low Value
800,John Smith,Bronze,MI,1,925.29,185.06,2022-11-27,2022-11-27,0.0,Low Value
1840,Kelly Hunt,Gold,MD,2,902.59,225.65,2022-04-28,2024-11-04,921.0,Low Value
5626,Jason Flores,Bronze,MD,6,892.07,111.51,2023-10-30,2024-12-09,406.0,Low Value
9554,Paige Kim,Bronze,NC,3,887.24,221.81,2022-07-14,2024-11-22,862.0,Low Value
1777,William Brooks,Bronze,TN,3,873.08,145.51,2022-10-03,2023-11-09,402.0,Low Value
7873,Summer Harper,Bronze,WA,3,857.77,142.96,2022-08-24,2024-01-19,513.0,Low Value
4218,Mark Graves,Bronze,IN,2,825.66,275.22,2022-06-23,2024-02-12,599.0,Low Value
7101,Scott Stephenson,Silver,WA,2,818.44,204.61,2022-03-18,2022-07-03,107.0,Low Value
8702,Eric Walker,Bronze,OH,4,814.09,135.68,2022-02-06,2024-06-26,871.0,Low Value
5225,Joshua Krause,Silver,MO,2,802.24,114.61,2023-01-10,2023-10-22,285.0,Low Value
7918,Tammy Nixon,Silver,MO,3,799.27,133.21,2022-04-19,2024-08-12,846.0,Low Value
9835,Crystal Wallace,Bronze,GA,2,791.78,197.94,2024-02-15,2024-03-10,24.0,Low Value
5754,Joshua Copeland,Gold,NY,2,786.0,196.5,2023-06-08,2023-09-06,90.0,Low Value
9927,Jake Solomon,Silver,CA,3,784.78,261.59,2022-01-01,2024-05-03,853.0,Low Value
1313,Sarah Summers,Platinum,MD,2,756.21,189.05,2022-04-27,2024-06-22,787.0,Low Value
517,Barry Young,Bronze,VA,1,746.18,746.18,2024-03-03,2024-03-03,0.0,Low Value
3883,Amber Ross,Gold,CA,2,744.53,248.18,2022-04-01,2023-04-08,372.0,Low Value
5760,David Higgins,Silver,TN,2,733.62,183.41,2022-05-16,2024-09-14,852.0,Low Value
5594,Anna Fields,Bronze,FL,2,732.56,122.09,2022-12-23,2023-09-23,274.0,Low Value
1220,Dawn Miller,Platinum,WA,4,695.7,86.96,2024-01-24,2024-11-30,311.0,Low Value
8170,Yvonne Scott,Platinum,NY,2,693.11,231.04,2023-01-31,2023-04-17,76.0,Low Value
7366,Stephen Perry,Gold,VA,4,687.34,137.47,2022-02-09,2023-11-01,630.0,Low Value
1702,Christina Aguilar,Gold,MA,2,680.0,136.0,2023-01-07,2023-11-18,315.0,Low Value
2133,Shelia Johnson,Platinum,TX,2,678.04,169.51,2023-03-20,2023-08-27,160.0,Low Value
4993,Dylan Gordon,Gold,PA,2,626.66,125.33,2022-11-24,2024-01-16,418.0,Low Value
4348,Daniel Turner,Gold,NY,2,594.38,118.88,2022-04-08,2024-12-03,970.0,Low Value
1923,Joseph Payne,Silver,IL,1,591.69,98.62,2023-06-15,2023-06-15,0.0,Low Value
5958,Erin Knapp,Silver,NY,5,587.08,117.42,2022-03-08,2023-08-25,535.0,Low Value
1034,Melissa Long,Gold,MI,2,580.23,116.05,2022-02-19,2022-06-10,111.0,Low Value
9175,David Stuart,Gold,MA,1,524.85,174.95,,,,Low Value
2014,Robert Simmons,Bronze,TX,3,506.91,84.48,2022-03-04,2024-05-21,809.0,Low Value
3126,Pamela Jackson,Bronze,CA,1,506.01,253.0,2022-06-10,2022-06-10,0.0,Low Value
3339,Amanda Campbell,Bronze,MO,1,493.04,246.52,2023-05-04,2023-05-04,0.0,Low Value
310,Lori Mclean,Silver,PA,4,484.95,80.83,2023-01-26,2024-09-25,608.0,Low Value
466,Gabriela Nelson,Bronze,MA,2,438.51,146.17,2022-03-24,2023-03-02,343.0,Low Value
8911,Melissa Mcpherson,Silver,WI,1,438.07,219.03,2022-10-03,2022-10-03,0.0,Low Value
7227,Michelle White,Gold,MA,1,424.18,424.18,2024-08-19,2024-08-19,0.0,Low Value
1961,Morgan Bailey,Bronze,IN,1,399.11,133.04,2024-03-21,2024-03-21,0.0,Low Value
941,Joseph Mercado,Bronze,NJ,1,397.08,132.36,2023-01-31,2023-01-31,0.0,Low Value
6740,Melanie Holmes,Gold,TX,1,397.06,198.53,2024-10-20,2024-10-20,0.0,Low Value
4695,Nathan Sharp,Bronze,NJ,2,363.24,181.62,2022-07-12,2022-09-25,75.0,Low Value
9711,Kevin Levine,Gold,TX,1,360.68,120.23,2023-02-01,2023-02-01,0.0,Low Value
6673,Lori Henry,Bronze,IL,2,308.81,102.94,2022-05-16,2023-02-11,271.0,Low Value
1114,Michelle Cross,Gold,MD,1,301.98,75.49,2022-09-15,2022-09-15,0.0,Low Value
258,Derek Moore,Gold,FL,2,282.29,141.14,2023-06-18,2024-09-10,450.0,Low Value
7829,Kimberly Jacobs,Silver,WI,1,227.74,113.87,2024-03-13,2024-03-13,0.0,Low Value
9335,Emily Rollins,Bronze,IL,2,220.59,73.53,2022-04-01,2024-08-09,861.0,Low Value
9220,Robert Singh,Silver,MD,2,196.08,98.04,2023-05-12,2024-06-06,391.0,Low Value
1241,Meredith Hicks,Bronze,CA,1,184.25,92.13,2022-06-07,2022-06-07,0.0,Low Value
3750,Anna Robinson,Bronze,FL,1,183.12,183.12,2022-06-13,2022-06-13,0.0,Low Value
2656,Jason Lucas,Bronze,NC,1,181.24,181.24,2022-04-12,2022-04-12,0.0,Low Value
9329,Jeremy Miranda,Bronze,CA,2,178.47,44.62,2022-04-30,2022-10-12,165.0,Low Value
9099,Gregory Graves,Silver,TN,2,150.78,75.39,2023-10-06,2023-10-17,11.0,Low Value
5381,Anthony Nolan,Gold,CA,1,127.03,42.34,2022-07-10,2022-07-10,0.0,Low Value
317,Joshua Clarke,Silver,TX,1,118.55,59.28,2022-10-23,2022-10-23,0.0,Low Value
9854,Monica Harrison,Silver,WI,3,116.41,23.28,2022-04-22,2024-12-08,961.0,Low Value
7215,Jeffery Edwards,Gold,MI,1,108.5,36.17,2024-04-08,2024-04-08,0.0,Low Value
9250,Pamela Hernandez,Bronze,OH,1,92.57,92.57,2022-09-01,2022-09-01,0.0,Low Value
4851,Jennifer Gardner,Silver,GA,1,40.85,40.85,2024-08-25,2024-08-25,0.0,Low Value
3561,Sheila Johnson,Gold,PA,1,35.74,35.74,2023-01-24,2023-01-24,0.0,Low Value
9117,Daniel Holmes,Bronze,WI,1,17.57,17.57,2022-09-22,2022-09-22,0.0,Low Value
