customer_id,customer_name,loyalty_tier,state,last_order_date,total_orders,days_since_last_order,churn_status
2759,Rebecca Bender,Gold,TX,2022-01-04,1,1092.0,Churned
7461,Lynn Wright,Bronze,CA,2022-01-07,1,1089.0,Churned
8791,Kevin Long,Bronze,TX,2022-01-07,1,1089.0,Churned
3039,Laura Baker,Bronze,CA,2022-01-10,2,1086.0,Churned
700,David Ford,Silver,VA,2022-03-05,2,1032.0,Churned
3862,Douglas Donovan,Bronze,MA,2022-03-15,2,1022.0,Churned
5292,Gary Morris,Bronze,OH,2022-03-26,1,1011.0,Churned
866,Brian Velasquez,Gold,NJ,2022-04-12,3,994.0,Churned
2656,Jason Lucas,Bronze,NC,2022-04-12,1,994.0,Churned
4009,Michael Murray,Platinum,PA,2022-04-23,1,983.0,Churned
1241,Meredith Hicks,Bronze,CA,2022-06-07,1,938.0,Churned
2311,Gary Keller,Bronze,TX,2022-06-08,4,937.0,Churned
1034,Melissa Long,Gold,MI,2022-06-10,2,935.0,Churned
2096,Jordan Peters,Silver,TN,2022-06-10,2,935.0,Churned
3750,Anna Robinson,Bronze,FL,2022-06-13,1,932.0,Churned
2012,Sarah Rodriguez,Bronze,FL,2022-06-16,1,929.0,Churned
6965,Kendra Anderson,Platinum,NJ,2022-06-16,3,929.0,Churned
8021,Joseph Ortiz,Bronze,MI,2022-06-22,2,923.0,Churned
6471,Lauren Moon,Bronze,MI,2022-06-24,2,921.0,Churned
1042,Teresa Flores,Bronze,WA,2022-06-27,1,918.0,Churned
7101,Scott Stephenson,Silver,WA,2022-07-03,2,912.0,Churned
5381,Anthony Nolan,Gold,CA,2022-07-10,1,905.0,Churned
2198,Candice Robertson,Silver,AZ,2022-07-30,2,885.0,Churned
2220,Calvin Lowe,Silver,MO,2022-07-30,3,885.0,Churned
9374,Ashley Steele,Bronze,GA,2022-07-31,2,884.0,Churned
6147,Kevin Martin,Silver,WA,2022-08-01,3,883.0,Churned
6391,Christian Wallace,Platinum,AZ,2022-08-03,2,881.0,Churned
1992,Margaret Davis,Bronze,IL,2022-08-25,7,859.0,Churned
2735,Jason Johnson,Gold,AZ,2022-09-01,3,852.0,Churned
9250,Pamela Hernandez,Bronze,OH,2022-09-01,2,852.0,Churned
5465,Dale Smith,Gold,NY,2022-09-02,5,851.0,Churned
3058,Stephanie Taylor,Bronze,AZ,2022-09-04,3,849.0,Churned
9117,Daniel Holmes,Bronze,WI,2022-09-22,1,831.0,Churned
4695,Nathan Sharp,Bronze,NJ,2022-09-25,2,828.0,Churned
9774,Anna Walker,Bronze,CA,2022-09-26,3,827.0,Churned
2957,Sandra Walsh,Gold,IL,2022-09-28,2,825.0,Churned
8911,Melissa Mcpherson,Silver,WI,2022-10-03,1,820.0,Churned
1651,Michelle Dickerson,Bronze,WA,2022-10-05,4,818.0,Churned
236,Jonathan Evans,Silver,TX,2022-10-08,4,815.0,Churned
9329,Jeremy Miranda,Bronze,CA,2022-10-12,2,811.0,Churned
6025,Brittany Wade,Bronze,NY,2022-10-13,1,810.0,Churned
317,Joshua Clarke,Silver,TX,2022-10-23,1,800.0,Churned
8332,Katrina Garcia,Bronze,TN,2022-11-03,4,789.0,Churned
5072,Mary Juarez,Silver,OH,2022-11-07,3,785.0,Churned
1586,Sergio Huff,Bronze,AZ,2022-11-09,3,783.0,Churned
4333,Tracy Keller,Silver,FL,2022-11-09,3,783.0,Churned
2894,Amanda Smith,Bronze,IL,2022-11-13,4,779.0,Churned
3740,Alvin Patterson,Silver,MD,2022-11-13,2,779.0,Churned
1478,Kevin Brown,Gold,MI,2022-11-16,5,776.0,Churned
2345,Susan Warner,Bronze,AZ,2022-11-16,1,776.0,Churned
1769,Yvette Francis,Gold,MI,2022-11-18,3,774.0,Churned
2604,Joseph Wright,Gold,VA,2022-11-18,1,774.0,Churned
4240,Amy Payne,Silver,TN,2022-11-18,2,774.0,Churned
3110,Kristy Stevens,Bronze,VA,2022-11-23,4,769.0,Churned
6142,Eric Delacruz,Bronze,MD,2022-11-25,3,767.0,Churned
2274,Andrew Randall,Platinum,NY,2022-11-26,4,766.0,Churned
800,John Smith,Bronze,MI,2022-11-27,1,765.0,Churned
6825,Amy Hamilton,Silver,CA,2022-11-29,4,763.0,Churned
2200,Michael Bowen,Platinum,VA,2022-12-09,3,753.0,Churned
6356,Heather Smith,Bronze,TX,2022-12-09,4,753.0,Churned
2373,George Mann,Silver,OH,2022-12-20,4,742.0,Churned
7256,Michael Yates,Silver,MD,2022-12-26,4,736.0,Churned
3701,Angela Wallace,Gold,VA,2022-12-29,8,733.0,Churned
4655,Kimberly Davis,Bronze,VA,2022-12-30,4,732.0,Churned
1800,William Rich,Silver,NJ,2022-12-31,2,731.0,Churned
4234,Michael Simmons,Platinum,IN,2022-12-31,4,731.0,Churned
7449,Christine Garcia,Bronze,IN,2023-01-01,3,730.0,Churned
8772,Sergio Fisher,Gold,IN,2023-01-01,4,730.0,Churned
9321,Daniel Baker,Bronze,WI,2023-01-04,4,727.0,Churned
9920,Joseph Brooks,Bronze,WA,2023-01-06,2,725.0,Churned
1312,Mary Cook,Bronze,MA,2023-01-10,3,721.0,Churned
9112,Ashley Montgomery,Silver,AZ,2023-01-12,2,719.0,Churned
5247,Ian Snow,Silver,GA,2023-01-15,2,716.0,Churned
9276,Julie Maddox,Gold,GA,2023-01-16,9,715.0,Churned
3387,John Smith,Silver,GA,2023-01-21,6,710.0,Churned
5896,Heather Tucker,Bronze,IN,2023-01-23,3,708.0,Churned
3561,Sheila Johnson,Gold,PA,2023-01-24,1,707.0,Churned
3687,Tara Lopez,Bronze,IN,2023-01-28,4,703.0,Churned
4478,Tonya Fisher,Silver,OH,2023-01-28,5,703.0,Churned
5319,Laura Perez,Platinum,WI,2023-01-29,4,702.0,Churned
476,Peter Henry,Bronze,OH,2023-01-30,3,701.0,Churned
494,Jonathan Tucker,Bronze,WI,2023-01-30,6,701.0,Churned
9714,Jason Watkins,Gold,NY,2023-01-30,3,701.0,Churned
941,Joseph Mercado,Bronze,NJ,2023-01-31,1,700.0,Churned
5361,Jillian Arnold,Bronze,NC,2023-02-02,5,698.0,Churned
4378,Angela Webb,Bronze,CA,2023-02-07,6,693.0,Churned
1311,Kelsey Greene,Bronze,WA,2023-02-09,8,691.0,Churned
2464,Heather Ramirez,Bronze,OH,2023-02-10,6,690.0,Churned
7927,Jennifer Cole,Silver,FL,2023-02-10,4,690.0,Churned
6673,Lori Henry,Bronze,IL,2023-02-11,2,689.0,Churned
9378,Gabriel Montgomery,Silver,IL,2023-02-11,5,689.0,Churned
8945,Jason Gomez,Silver,NJ,2023-02-12,2,688.0,Churned
2330,Melinda Miller,Silver,PA,2023-02-17,8,683.0,Churned
7881,Kathy Fowler,Bronze,CA,2023-02-22,3,678.0,Churned
7652,Brooke Klein,Bronze,TX,2023-02-24,6,676.0,Churned
538,Andrew Gray,Gold,OH,2023-02-25,4,675.0,Churned
7883,Aaron Alvarado,Bronze,WI,2023-02-28,3,672.0,Churned
3402,Erica Burgess,Silver,TN,2023-03-01,4,671.0,Churned
2,Katherine Moore,Bronze,VA,2023-03-02,7,670.0,Churned
466,Gabriela Nelson,Bronze,MA,2023-03-02,2,670.0,Churned
9464,Glenn Robinson,Bronze,MA,2023-03-02,3,670.0,Churned
8303,Jonathan Griffin,Bronze,WI,2023-03-03,6,669.0,Churned
7542,Diana Alvarado,Bronze,MD,2023-03-04,4,668.0,Churned
9582,Elizabeth Webster,Bronze,GA,2023-03-06,2,666.0,Churned
1464,Kenneth Brennan,Bronze,MA,2023-03-09,7,663.0,Churned
1649,Brian Reynolds,Silver,OH,2023-03-11,3,661.0,Churned
872,Rick Tucker,Gold,WA,2023-03-14,4,658.0,Churned
7062,Donald Strong,Bronze,PA,2023-03-14,5,658.0,Churned
5615,Michael Harding,Gold,OH,2023-03-15,4,657.0,Churned
6773,Devin Boyd,Platinum,GA,2023-03-15,5,657.0,Churned
9879,Mario Brown,Bronze,CA,2023-03-16,4,656.0,Churned
3882,Cynthia Olson,Bronze,VA,2023-03-17,7,655.0,Churned
4368,Jared Cox,Silver,MO,2023-03-18,2,654.0,Churned
6055,Melissa Brown,Bronze,MD,2023-03-19,2,653.0,Churned
6774,Kristen Stewart,Platinum,IN,2023-03-19,6,653.0,Churned
7842,James Gilbert,Silver,FL,2023-03-19,5,653.0,Churned
2504,Caitlyn Walker,Gold,CA,2023-03-20,6,652.0,Churned
2850,Katherine Hicks,Silver,MA,2023-03-20,4,652.0,Churned
8803,Robert Gutierrez,Bronze,MO,2023-03-23,3,649.0,Churned
3902,Linda Mitchell,Gold,CA,2023-03-26,3,646.0,Churned
5907,Julie Boyer,Silver,GA,2023-03-29,3,643.0,Churned
1959,Samantha Medina,Gold,VA,2023-03-30,6,642.0,Churned
4366,Carolyn Thompson,Bronze,OH,2023-03-31,3,641.0,Churned
5985,John Rojas,Gold,MA,2023-04-02,5,639.0,Churned
9651,Audrey George,Gold,VA,2023-04-03,5,638.0,Churned
8635,Mark Aguirre,Gold,MD,2023-04-04,5,637.0,Churned
1243,David Lucas,Gold,NC,2023-04-05,6,636.0,Churned
4170,Brandon Mosley,Bronze,GA,2023-04-06,6,635.0,Churned
8211,Stephen Moore,Silver,NC,2023-04-06,4,635.0,Churned
9904,Laura Webb,Silver,WA,2023-04-06,3,635.0,Churned
3883,Amber Ross,Gold,CA,2023-04-08,2,633.0,Churned
9711,Kevin Levine,Gold,TX,2023-04-09,2,632.0,Churned
1288,Jesse Blair,Silver,NC,2023-04-10,6,631.0,Churned
3582,Kimberly Myers,Bronze,TX,2023-04-13,5,628.0,Churned
6132,Sara Gibson,Bronze,TN,2023-04-13,7,628.0,Churned
9946,Travis Rodriguez,Bronze,TN,2023-04-13,2,628.0,Churned
7163,Tiffany Owens,Gold,GA,2023-04-14,6,627.0,Churned
5200,Christian Davila,Silver,TX,2023-04-15,3,626.0,Churned
6809,Stephen Kane,Bronze,OH,2023-04-15,4,626.0,Churned
4654,Andrew Moore,Bronze,OH,2023-04-16,4,625.0,Churned
5291,Lisa Cook,Gold,NJ,2023-04-16,6,625.0,Churned
8170,Yvonne Scott,Platinum,NY,2023-04-17,2,624.0,Churned
5029,David Brown,Bronze,TN,2023-04-18,6,623.0,Churned
5254,Diana Molina,Gold,VA,2023-04-18,6,623.0,Churned
5933,Shirley Gomez,Silver,AZ,2023-04-18,1,623.0,Churned
2421,Melissa Lewis,Bronze,MO,2023-04-20,6,621.0,Churned
5300,John Banks,Bronze,IL,2023-04-21,4,620.0,Churned
6762,Emily Torres,Silver,TX,2023-04-24,3,617.0,Churned
7924,Gina Wiley,Silver,WA,2023-04-24,4,617.0,Churned
6044,Nicholas Johnson,Silver,NC,2023-04-26,2,615.0,Churned
3877,Michael Murphy,Silver,WI,2023-04-28,2,613.0,Churned
5655,Kayla Neal,Platinum,PA,2023-04-28,7,613.0,Churned
8827,Sherri Burns,Silver,NY,2023-04-28,2,613.0,Churned
2847,Zachary Fernandez,Bronze,PA,2023-04-30,4,611.0,Churned
9014,Lindsey Alexander,Silver,TX,2023-05-02,4,609.0,Churned
3339,Amanda Campbell,Bronze,MO,2023-05-04,1,607.0,Churned
3964,Diana James,Bronze,NC,2023-05-04,7,607.0,Churned
237,Tracy Nolan,Gold,IN,2023-05-05,3,606.0,Churned
6605,Christopher Cohen,Gold,VA,2023-05-05,6,606.0,Churned
8189,Corey Flores,Bronze,NC,2023-05-06,3,605.0,Churned
6149,Kevin Patrick,Bronze,VA,2023-05-07,5,604.0,Churned
2288,Brittany Robbins,Platinum,VA,2023-05-09,6,602.0,Churned
745,Michele Stephens,Bronze,CA,2023-05-11,7,600.0,Churned
3174,Spencer Gonzalez,Bronze,MA,2023-05-11,5,600.0,Churned
7729,Alexandria Rogers,Silver,WA,2023-05-14,3,597.0,Churned
5654,Matthew Mendez,Platinum,PA,2023-05-15,4,596.0,Churned
8141,Christopher Stanley,Silver,OH,2023-05-15,6,596.0,Churned
7798,Benjamin Jackson,Bronze,PA,2023-05-18,2,593.0,Churned
954,Jack Wyatt,Silver,FL,2023-05-19,3,592.0,Churned
1106,Brenda Garcia,Bronze,FL,2023-05-19,8,592.0,Churned
2218,Douglas Keller,Gold,MD,2023-05-21,6,590.0,Churned
6557,Mary Martinez,Bronze,IN,2023-05-23,5,588.0,Churned
3127,Jeffrey Nguyen,Bronze,OH,2023-05-24,4,587.0,Churned
4661,Michelle Robbins,Bronze,MO,2023-05-24,4,587.0,Churned
1951,Angela Taylor,Bronze,IN,2023-05-28,7,583.0,Churned
7574,Elizabeth Thomas,Silver,FL,2023-05-29,3,582.0,Churned
4260,Dennis Good,Gold,MI,2023-05-30,5,581.0,Churned
6685,Lauren Turner,Silver,MD,2023-05-30,3,581.0,Churned
9478,Sarah Mclaughlin,Bronze,NJ,2023-05-30,3,581.0,Churned
4266,Troy Moore,Silver,FL,2023-06-01,5,579.0,Churned
3278,Erica Sanders,Gold,VA,2023-06-02,3,578.0,Churned
826,Troy Arnold,Silver,WA,2023-06-05,8,575.0,Churned
6203,Michelle Jefferson,Silver,MA,2023-06-05,6,575.0,Churned
6213,Ryan Webb,Bronze,IL,2023-06-06,5,574.0,Churned
942,Ryan Sanchez,Bronze,NY,2023-06-08,3,572.0,Churned
2487,Ethan Jackson,Bronze,VA,2023-06-08,4,572.0,Churned
3426,Alexander Adams,Bronze,TN,2023-06-09,3,571.0,Churned
4423,William James,Platinum,WA,2023-06-11,5,569.0,Churned
289,John Jensen,Gold,MO,2023-06-12,5,568.0,Churned
2291,Erica Rhodes,Bronze,AZ,2023-06-12,2,568.0,Churned
6064,Helen Santos,Silver,MO,2023-06-13,6,567.0,Churned
9494,Lisa Wright,Silver,IN,2023-06-13,5,567.0,Churned
3472,Kimberly Smith,Gold,OH,2023-06-14,5,566.0,Churned
7385,Sabrina Brown,Silver,NY,2023-06-14,2,566.0,Churned
1923,Joseph Payne,Silver,IL,2023-06-15,1,565.0,Churned
2583,Cynthia Obrien,Bronze,TN,2023-06-16,1,564.0,Churned
4305,Virginia Mcdonald,Bronze,MO,2023-06-16,8,564.0,Churned
6975,Ashley Fitzgerald,Bronze,MO,2023-06-17,6,563.0,Churned
7370,Amber Estrada,Gold,AZ,2023-06-17,8,563.0,Churned
1090,Richard Rivera,Silver,IL,2023-06-20,3,560.0,Churned
205,Michael Moore,Bronze,GA,2023-06-21,5,559.0,Churned
7666,Benjamin Lewis,Gold,MI,2023-06-22,7,558.0,Churned
573,Eric Richards,Silver,NY,2023-06-23,7,557.0,Churned
2001,Bryan Valenzuela,Platinum,TN,2023-06-23,6,557.0,Churned
8524,Amanda Miller,Silver,MI,2023-06-23,3,557.0,Churned
9859,Loretta Ward,Platinum,NY,2023-06-25,2,555.0,Churned
298,Edward Harris,Gold,MI,2023-06-26,4,554.0,Churned
9142,Tina Schmidt,Platinum,NC,2023-06-26,6,554.0,Churned
5015,Michael Watson,Bronze,VA,2023-06-27,4,553.0,Churned
1786,John Shaw,Platinum,MI,2023-07-01,8,549.0,Churned
7490,Kaitlyn Diaz,Silver,VA,2023-07-01,7,549.0,Churned
8175,Jennifer Fields,Bronze,CA,2023-07-01,2,549.0,Churned
9505,Christopher White,Bronze,MA,2023-07-01,5,549.0,Churned
9103,Christina Rivera,Bronze,IN,2023-07-02,7,548.0,Churned
9614,Michael Smith,Bronze,MO,2023-07-02,6,548.0,Churned
6782,Nathan Williams,Silver,IL,2023-07-05,4,545.0,Churned
8571,Jessica Dennis,Silver,VA,2023-07-05,6,545.0,Churned
9822,Gary Summers,Bronze,MA,2023-07-05,6,545.0,Churned
9870,Paul Glover,Silver,IL,2023-07-05,3,545.0,Churned
4514,Mark Jacobs,Silver,VA,2023-07-07,5,543.0,Churned
5502,Victoria Taylor,Bronze,FL,2023-07-07,5,543.0,Churned
8754,Jessica Kramer,Bronze,MI,2023-07-07,2,543.0,Churned
2573,Zachary Howard,Bronze,MO,2023-07-08,3,542.0,Churned
1540,Rebecca Taylor,Bronze,IL,2023-07-09,2,541.0,Churned
5333,Nicole Russell,Bronze,NY,2023-07-09,4,541.0,Churned
425,Kevin Shah,Gold,AZ,2023-07-10,5,540.0,Churned
1684,Rachel Myers,Gold,MA,2023-07-10,3,540.0,Churned
6746,Amber Robinson,Gold,MO,2023-07-10,4,540.0,Churned
9832,Rodney Morales,Bronze,NJ,2023-07-10,5,540.0,Churned
7070,Amanda Brown,Bronze,OH,2023-07-11,5,539.0,Churned
7005,Karen Buck,Bronze,WI,2023-07-13,8,537.0,Churned
7184,Jordan Smith,Bronze,NJ,2023-07-13,10,537.0,Churned
7630,Jeffrey Clark,Bronze,TN,2023-07-13,4,537.0,Churned
5763,Sarah Silva,Gold,PA,2023-07-15,4,535.0,Churned
7409,Andres Silva,Bronze,NC,2023-07-15,6,535.0,Churned
8693,Shelly Bridges,Platinum,MI,2023-07-15,5,535.0,Churned
9348,Brianna Frazier,Gold,NC,2023-07-15,4,535.0,Churned
5325,Nicholas Perry,Silver,WA,2023-07-16,4,534.0,Churned
7307,Timothy Vaughan,Silver,OH,2023-07-17,3,533.0,Churned
1577,Natalie Oliver,Gold,TN,2023-07-18,4,532.0,Churned
5259,Alexandria Ferguson,Bronze,MI,2023-07-18,4,532.0,Churned
6560,Derek Ray,Bronze,MI,2023-07-18,6,532.0,Churned
6727,Ashley Wolfe,Gold,NY,2023-07-18,4,532.0,Churned
6787,Jeffrey Fritz,Platinum,MI,2023-07-18,4,532.0,Churned
4959,Lauren Vaughn,Bronze,NC,2023-07-19,5,531.0,Churned
6732,Christopher Oliver,Silver,WI,2023-07-19,3,531.0,Churned
2268,Laurie Robinson,Platinum,GA,2023-07-21,1,529.0,Churned
5092,Gilbert Cannon,Silver,MA,2023-07-21,6,529.0,Churned
7608,Linda Hall,Gold,TX,2023-07-21,4,529.0,Churned
9256,Anthony Anderson,Silver,GA,2023-07-21,5,529.0,Churned
308,James Burton,Silver,NJ,2023-07-23,3,527.0,Churned
370,John Bird,Gold,FL,2023-07-23,4,527.0,Churned
676,Mary Woodard,Gold,NY,2023-07-23,3,527.0,Churned
9027,Jessica Butler,Gold,TX,2023-07-23,6,527.0,Churned
9087,Sarah Barber,Silver,NC,2023-07-23,6,527.0,Churned
631,Adam Allen,Bronze,WI,2023-07-24,6,526.0,Churned
6125,Jonathon Aguilar,Gold,NC,2023-07-24,5,526.0,Churned
2259,Kathy Turner,Bronze,GA,2023-07-25,1,525.0,Churned
3772,Jose Murphy,Gold,MA,2023-07-26,3,524.0,Churned
3523,Sara Walker,Silver,OH,2023-07-27,7,523.0,Churned
6070,Colleen Watson,Platinum,TN,2023-07-28,5,522.0,Churned
7612,Lee Rose,Silver,MI,2023-07-28,3,522.0,Churned
2142,Sherry Molina,Bronze,GA,2023-07-29,7,521.0,Churned
2300,Crystal Brooks,Platinum,AZ,2023-07-29,6,521.0,Churned
3171,Gary Hudson,Gold,CA,2023-07-29,3,521.0,Churned
9398,David Johnson,Gold,FL,2023-07-29,4,521.0,Churned
9121,Rebecca Vargas,Gold,AZ,2023-07-31,2,519.0,Churned
887,Maurice Turner,Bronze,VA,2023-08-01,9,518.0,Churned
932,Michelle Austin,Gold,WI,2023-08-01,7,518.0,Churned
4431,Stephen Stewart,Bronze,OH,2023-08-01,8,518.0,Churned
4512,Robert Chung,Bronze,FL,2023-08-01,5,518.0,Churned
7649,Kayla Rogers,Bronze,TX,2023-08-01,4,518.0,Churned
8922,Renee Estes,Platinum,FL,2023-08-02,11,517.0,Churned
9283,Karen Miller,Bronze,GA,2023-08-02,7,517.0,Churned
9370,Dominic Rich,Gold,GA,2023-08-02,4,517.0,Churned
6067,Brittany Patterson,Platinum,VA,2023-08-03,5,516.0,Churned
6172,Dennis Richardson,Gold,VA,2023-08-03,3,516.0,Churned
8959,Margaret Warren,Gold,MO,2023-08-03,5,516.0,Churned
9882,Crystal Williams,Bronze,IN,2023-08-03,5,516.0,Churned
6537,Sarah Ramos,Silver,TX,2023-08-04,6,515.0,Churned
7604,Angela Brooks,Bronze,MA,2023-08-05,4,514.0,Churned
8033,Kevin Hancock,Silver,MA,2023-08-05,3,514.0,Churned
502,Jennifer Miles,Bronze,MO,2023-08-06,5,513.0,Churned
4766,Cassandra Nguyen,Bronze,PA,2023-08-06,4,513.0,Churned
2332,Katelyn Rodriguez,Bronze,MO,2023-08-07,6,512.0,Churned
3745,Lucas Dawson,Bronze,TX,2023-08-07,6,512.0,Churned
3578,Andre Smith,Bronze,VA,2023-08-08,5,511.0,Churned
8138,William Nunez,Silver,NJ,2023-08-08,5,511.0,Churned
1967,Sarah Larson,Platinum,AZ,2023-08-09,6,510.0,Churned
2097,Maxwell Rogers,Bronze,MI,2023-08-09,6,510.0,Churned
2511,Michelle Webster,Silver,FL,2023-08-09,9,510.0,Churned
5223,Amanda Gonzalez,Bronze,GA,2023-08-11,6,508.0,Churned
8919,Matthew Warren,Gold,MD,2023-08-11,7,508.0,Churned
514,Ronald Taylor,Platinum,IL,2023-08-12,5,507.0,Churned
8435,Laura Mccarty,Bronze,NJ,2023-08-12,5,507.0,Churned
1283,Steven Grant,Bronze,GA,2023-08-13,6,506.0,Churned
1708,Joe Murphy,Silver,WI,2023-08-13,7,506.0,Churned
888,Angela Flores,Silver,NY,2023-08-14,5,505.0,Churned
410,Scott Durham,Platinum,AZ,2023-08-15,8,504.0,Churned
846,Jose Brown,Platinum,OH,2023-08-15,4,504.0,Churned
925,Darlene Clark,Bronze,VA,2023-08-15,5,504.0,Churned
2789,Jack Galvan,Bronze,NC,2023-08-15,5,504.0,Churned
3585,Brenda Hudson,Gold,MA,2023-08-15,6,504.0,Churned
9717,David Cohen,Silver,TN,2023-08-15,3,504.0,Churned
2388,Angel Johnson,Platinum,TN,2023-08-16,8,503.0,Churned
3326,Ashley Stone,Silver,IN,2023-08-18,3,501.0,Churned
6019,Trevor Drake,Bronze,IL,2023-08-18,4,501.0,Churned
7185,Steven Newton,Gold,MD,2023-08-18,8,501.0,Churned
9397,David Benitez,Bronze,MA,2023-08-18,8,501.0,Churned
560,Elizabeth Kramer,Silver,MI,2023-08-19,2,500.0,Churned
1179,Paul Williams,Silver,WA,2023-08-19,5,500.0,Churned
1685,Jose Lee,Gold,IN,2023-08-19,6,500.0,Churned
1940,Ronald Dyer,Silver,NJ,2023-08-19,7,500.0,Churned
8614,Thomas Castillo,Bronze,CA,2023-08-19,10,500.0,Churned
9375,Alexandra Dean,Bronze,WI,2023-08-19,4,500.0,Churned
3556,Randall Krause,Bronze,MI,2023-08-21,4,498.0,Churned
5097,Louis Ware,Bronze,WI,2023-08-21,7,498.0,Churned
6678,Matthew Roberts,Gold,NJ,2023-08-21,4,498.0,Churned
7276,Jason Carr,Gold,CA,2023-08-21,7,498.0,Churned
7870,Jimmy Stephens,Silver,TX,2023-08-21,6,498.0,Churned
8305,Tina Leblanc,Bronze,CA,2023-08-23,6,496.0,Churned
3092,Brenda Howe,Bronze,OH,2023-08-25,5,494.0,Churned
6594,Christina Castro,Silver,NY,2023-08-25,3,494.0,Churned
3425,Robert Edwards,Bronze,WI,2023-08-26,5,493.0,Churned
9581,Amanda Harris,Gold,MA,2023-08-26,6,493.0,Churned
164,Robert Smith,Platinum,VA,2023-08-27,6,492.0,Churned
7015,Nathan Young,Bronze,NY,2023-08-30,4,489.0,Churned
4521,James Reyes,Bronze,IN,2023-08-31,8,488.0,Churned
7510,Karen King,Bronze,NY,2023-08-31,4,488.0,Churned
7887,Monica Freeman,Gold,TN,2023-08-31,5,488.0,Churned
8108,Patricia Maldonado,Bronze,FL,2023-08-31,5,488.0,Churned
8777,Meghan Allen,Gold,NC,2023-08-31,5,488.0,Churned
3219,Luis Donovan,Bronze,NJ,2023-09-01,6,487.0,Churned
5525,Jessica Young,Platinum,TN,2023-09-01,6,487.0,Churned
6927,Jessica Crawford,Bronze,MI,2023-09-01,5,487.0,Churned
1664,Joseph Daniel,Silver,MO,2023-09-02,5,486.0,Churned
5146,Casey Romero,Gold,TX,2023-09-02,2,486.0,Churned
8602,Heather Warren,Bronze,NJ,2023-09-02,8,486.0,Churned
5329,Sharon Lynch,Silver,MA,2023-09-04,8,484.0,Churned
220,Jackie Miller,Bronze,CA,2023-09-05,6,483.0,Churned
3487,Anthony Baldwin,Silver,MA,2023-09-05,5,483.0,Churned
4817,Holly Duke,Silver,IN,2023-09-05,4,483.0,Churned
143,Sara Long,Silver,WI,2023-09-06,7,482.0,Churned
2331,Karen Dickerson,Bronze,IN,2023-09-06,7,482.0,Churned
5754,Joshua Copeland,Gold,NY,2023-09-06,2,482.0,Churned
8532,Julia Wallace,Silver,NJ,2023-09-07,6,481.0,Churned
71,Christopher Lozano,Gold,WI,2023-09-08,5,480.0,Churned
6830,Louis Rose,Gold,NJ,2023-09-08,2,480.0,Churned
2250,Daniel Curtis,Gold,PA,2023-09-09,4,479.0,Churned
1814,Krista Contreras,Gold,TX,2023-09-10,1,478.0,Churned
4064,Phillip Johnson,Bronze,TX,2023-09-10,4,478.0,Churned
4174,Melissa Snyder,Silver,WI,2023-09-10,5,478.0,Churned
2070,Tami Douglas,Bronze,MI,2023-09-11,4,477.0,Churned
4345,David Buchanan,Bronze,WI,2023-09-11,7,477.0,Churned
6541,Jennifer Kerr,Bronze,PA,2023-09-11,3,477.0,Churned
9078,Colton Taylor,Bronze,FL,2023-09-11,5,477.0,Churned
9267,Elizabeth Myers,Silver,MD,2023-09-11,4,477.0,Churned
9780,Debra Barker,Bronze,NC,2023-09-11,9,477.0,Churned
5701,Alexis Le,Gold,PA,2023-09-12,5,476.0,Churned
5913,Wanda Brown,Gold,TN,2023-09-12,11,476.0,Churned
7092,Joseph Smith,Gold,MI,2023-09-12,7,476.0,Churned
9852,Susan Ortiz,Bronze,IL,2023-09-13,5,475.0,Churned
2883,Susan Heath,Silver,WI,2023-09-14,7,474.0,Churned
5033,Ethan Jacobs,Platinum,FL,2023-09-15,6,473.0,Churned
8292,Lori Brown,Gold,TX,2023-09-16,7,472.0,Churned
2068,Amy Horton,Bronze,NJ,2023-09-17,7,471.0,Churned
3262,Tracy Lawson,Platinum,GA,2023-09-17,2,471.0,Churned
5353,Sarah Ibarra,Gold,TX,2023-09-17,7,471.0,Churned
7828,Katherine Sparks,Silver,MO,2023-09-18,6,470.0,Churned
4866,Kathy Bond,Silver,OH,2023-09-19,3,469.0,Churned
5163,Daniel Ellis,Bronze,MA,2023-09-19,7,469.0,Churned
6780,Kimberly Sandoval,Bronze,NY,2023-09-19,6,469.0,Churned
1830,Elizabeth Ayala,Silver,GA,2023-09-21,6,467.0,Churned
2556,Michael Sparks,Silver,IL,2023-09-22,2,466.0,Churned
5729,Marcus Sullivan,Bronze,NJ,2023-09-22,4,466.0,Churned
3431,Kristin Baker,Gold,NC,2023-09-23,8,465.0,Churned
5594,Anna Fields,Bronze,FL,2023-09-23,2,465.0,Churned
5687,Jason Duncan,Bronze,IL,2023-09-23,6,465.0,Churned
80,Kelly Evans,Bronze,WI,2023-09-24,8,464.0,Churned
1074,David Vargas,Silver,MI,2023-09-24,3,464.0,Churned
4150,Bryan Roberts,Bronze,NJ,2023-09-24,4,464.0,Churned
9479,Darlene Bradley,Platinum,FL,2023-09-24,4,464.0,Churned
9723,David Henson,Gold,TX,2023-09-24,8,464.0,Churned
6054,Christina Wiggins,Bronze,WI,2023-09-25,7,463.0,Churned
9936,David Dunn,Silver,WI,2023-09-25,7,463.0,Churned
210,Lisa Andrews,Gold,AZ,2023-09-26,7,462.0,Churned
104,Tammy Grant,Bronze,OH,2023-09-27,4,461.0,Churned
331,Holly Hunter,Bronze,MI,2023-09-27,4,461.0,Churned
2458,Nathan Green,Bronze,IN,2023-09-27,6,461.0,Churned
4177,Kayla Meza,Silver,VA,2023-09-27,6,461.0,Churned
4247,Sarah Roberts,Bronze,AZ,2023-09-27,8,461.0,Churned
1353,Gary Wright,Gold,NJ,2023-09-28,5,460.0,Churned
1941,Michele Ramirez,Gold,NJ,2023-09-28,7,460.0,Churned
2896,Taylor Ross,Platinum,MD,2023-09-28,5,460.0,Churned
4066,Joshua Walker,Gold,VA,2023-09-28,4,460.0,Churned
8132,Brandon Buckley,Silver,CA,2023-09-28,3,460.0,Churned
8716,Patricia Romero,Gold,NY,2023-09-28,7,460.0,Churned
2362,Jason Jefferson,Bronze,VA,2023-09-29,7,459.0,Churned
2811,Kelly Ferguson,Platinum,WA,2023-09-29,8,459.0,Churned
2988,Michael Knight,Gold,MI,2023-09-29,4,459.0,Churned
5026,Taylor Wilson,Bronze,NJ,2023-09-29,7,459.0,Churned
1805,Robert Kaiser,Bronze,WI,2023-09-30,2,458.0,Churned
7368,John Williams,Gold,IN,2023-09-30,1,458.0,Churned
7099,Erin Rogers,Silver,GA,2023-10-01,7,457.0,Churned
8148,Robert Fields,Gold,GA,2023-10-01,4,457.0,Churned
6474,Jessica Stanton,Silver,TN,2023-10-02,4,456.0,Churned
9644,Craig Vega,Silver,IL,2023-10-02,6,456.0,Churned
762,Sherry Golden,Silver,IN,2023-10-03,4,455.0,Churned
1195,Clayton Chavez,Gold,NY,2023-10-03,7,455.0,Churned
2517,David Green,Platinum,MI,2023-10-03,9,455.0,Churned
7393,Kristopher Mills,Bronze,OH,2023-10-03,6,455.0,Churned
845,Melanie Ibarra,Platinum,FL,2023-10-04,6,454.0,Churned
2888,Travis Lopez,Bronze,GA,2023-10-04,9,454.0,Churned
3394,Ray Campbell,Bronze,IN,2023-10-04,6,454.0,Churned
4956,Gary Gray,Silver,AZ,2023-10-04,3,454.0,Churned
8447,Lisa Wright,Silver,MA,2023-10-04,2,454.0,Churned
2382,Ann Mitchell,Bronze,WI,2023-10-05,6,453.0,Churned
2405,Crystal Martinez,Silver,GA,2023-10-05,7,453.0,Churned
8224,Jennifer Bradley,Silver,IN,2023-10-05,6,453.0,Churned
8691,Alisha Adams,Gold,MA,2023-10-05,2,453.0,Churned
8816,Deborah Smith,Silver,OH,2023-10-05,3,453.0,Churned
472,Krystal Randall,Silver,NJ,2023-10-06,6,452.0,Churned
1655,Joshua Wilson,Bronze,NY,2023-10-06,5,452.0,Churned
2681,Isaac Oliver,Platinum,TN,2023-10-06,2,452.0,Churned
3170,Tiffany Hays,Silver,TX,2023-10-06,5,452.0,Churned
4605,Jose Guzman,Silver,NY,2023-10-06,3,452.0,Churned
7388,Robert Lawrence,Gold,FL,2023-10-06,4,452.0,Churned
8206,Stephanie Johnson,Platinum,WI,2023-10-06,9,452.0,Churned
62,Jane Mason,Bronze,WI,2023-10-07,6,451.0,Churned
6380,Ana Patterson,Bronze,NY,2023-10-07,5,451.0,Churned
8080,Christopher Alvarado,Silver,TN,2023-10-07,6,451.0,Churned
9289,Gina Cooper,Gold,PA,2023-10-07,4,451.0,Churned
9802,Jeffrey Garza,Platinum,MA,2023-10-07,5,451.0,Churned
3051,Emily Melton,Silver,WI,2023-10-08,8,450.0,Churned
8328,Antonio Weber,Silver,OH,2023-10-08,3,450.0,Churned
1008,Shawna Clark,Bronze,WA,2023-10-09,4,449.0,Churned
2432,Paul Spence,Bronze,MI,2023-10-09,7,449.0,Churned
2671,Tanya Gould,Gold,MD,2023-10-09,6,449.0,Churned
3145,Jennifer Webb,Bronze,NJ,2023-10-09,3,449.0,Churned
5322,Jeff Edwards,Silver,TN,2023-10-09,7,449.0,Churned
3634,Derrick Ward,Bronze,NJ,2023-10-10,4,448.0,Churned
4245,William Moore,Bronze,MO,2023-10-10,5,448.0,Churned
4371,Steven Fleming,Silver,VA,2023-10-10,7,448.0,Churned
4500,Patrick Cruz,Bronze,VA,2023-10-10,3,448.0,Churned
1424,Mark Martin,Bronze,NJ,2023-10-11,7,447.0,Churned
4169,Molly Anderson,Gold,PA,2023-10-11,5,447.0,Churned
9808,Carolyn Keller,Platinum,MA,2023-10-11,6,447.0,Churned
4094,Daniel Garcia,Silver,NJ,2023-10-12,13,446.0,Churned
6699,Brandon Robertson,Bronze,NY,2023-10-12,6,446.0,Churned
9465,Sheila Miller,Bronze,MO,2023-10-12,6,446.0,Churned
9203,Brent Stout,Gold,TN,2023-10-13,3,445.0,Churned
7054,Maria Jones,Silver,CA,2023-10-14,3,444.0,Churned
5440,David Beck,Silver,OH,2023-10-15,3,443.0,Churned
9206,Anthony Turner,Silver,IL,2023-10-15,8,443.0,Churned
4272,Laura Sharp,Silver,MI,2023-10-16,9,442.0,Churned
6295,Brian White,Gold,WI,2023-10-16,5,442.0,Churned
7841,Debra Wise,Silver,MI,2023-10-17,6,441.0,Churned
8779,Jonathan Martin,Bronze,VA,2023-10-17,5,441.0,Churned
9099,Gregory Graves,Silver,TN,2023-10-17,3,441.0,Churned
9773,Kevin Green,Bronze,PA,2023-10-17,6,441.0,Churned
913,Vicki Scott,Gold,PA,2023-10-18,5,440.0,Churned
4840,Joshua Fernandez,Bronze,IN,2023-10-18,4,440.0,Churned
5890,Alexa Valentine,Bronze,OH,2023-10-18,7,440.0,Churned
8492,Thomas Flynn,Silver,NY,2023-10-18,8,440.0,Churned
584,Rebecca Larsen,Bronze,MO,2023-10-19,6,439.0,Churned
882,Daniel Fisher,Bronze,NJ,2023-10-19,4,439.0,Churned
3362,Daniel Young,Bronze,MI,2023-10-19,5,439.0,Churned
6230,Robert Collins,Platinum,MO,2023-10-20,3,438.0,Churned
831,Karen Simpson,Gold,MD,2023-10-21,4,437.0,Churned
2298,Stephen Wilson,Gold,AZ,2023-10-21,4,437.0,Churned
5357,Gregory Powell,Silver,NC,2023-10-21,4,437.0,Churned
9101,Brent Lawrence,Gold,WA,2023-10-21,7,437.0,Churned
1745,Sheila Mccoy,Bronze,GA,2023-10-22,5,436.0,Churned
5225,Joshua Krause,Silver,MO,2023-10-22,2,436.0,Churned
5557,James Doyle,Bronze,TX,2023-10-22,5,436.0,Churned
5941,Matthew Perez,Gold,TX,2023-10-22,11,436.0,Churned
8696,Kimberly Clayton,Bronze,IN,2023-10-22,6,436.0,Churned
9825,Christopher Gross,Gold,IL,2023-10-22,11,436.0,Churned
9856,Angela Lopez,Silver,PA,2023-10-22,6,436.0,Churned
9972,Matthew Johnson,Bronze,MI,2023-10-22,7,436.0,Churned
1613,Oscar Rodriguez,Bronze,AZ,2023-10-23,5,435.0,Churned
1978,Mallory Riley,Bronze,PA,2023-10-23,8,435.0,Churned
2795,Angela Kirk,Silver,IN,2023-10-23,9,435.0,Churned
6565,Steven Ibarra,Bronze,FL,2023-10-23,5,435.0,Churned
6675,Donna Rojas,Silver,MO,2023-10-23,3,435.0,Churned
2325,Tyler Harrison,Silver,MA,2023-10-24,8,434.0,Churned
3084,Richard Yates,Bronze,TX,2023-10-24,6,434.0,Churned
4534,Michael Hill,Platinum,WA,2023-10-24,5,434.0,Churned
6816,Omar Hale,Bronze,WI,2023-10-24,9,434.0,Churned
7043,Karen Gill,Bronze,WA,2023-10-24,6,434.0,Churned
429,Joseph Garcia,Bronze,MI,2023-10-25,4,433.0,Churned
8874,Kimberly Coleman,Gold,WI,2023-10-25,6,433.0,Churned
2773,Phillip Morrison,Silver,TX,2023-10-26,3,432.0,Churned
4042,Mark Smith,Bronze,MI,2023-10-26,6,432.0,Churned
4962,Christopher Anderson,Silver,AZ,2023-10-26,5,432.0,Churned
6362,Brenda Murray,Gold,TN,2023-10-26,3,432.0,Churned
7455,Michael Miller,Bronze,MA,2023-10-26,3,432.0,Churned
3774,Angela Sanchez,Silver,TN,2023-10-27,8,431.0,Churned
4274,Cynthia Scott,Silver,MD,2023-10-27,4,431.0,Churned
4407,William Waller,Bronze,TN,2023-10-27,7,431.0,Churned
1987,Jennifer Baldwin,Silver,WI,2023-10-28,8,430.0,Churned
8116,Tammy Collier,Silver,NC,2023-10-28,7,430.0,Churned
9146,Stephanie Mathis,Bronze,OH,2023-10-28,8,430.0,Churned
647,Nicholas Richardson,Gold,NC,2023-10-29,5,429.0,Churned
4751,Jeremy Smith,Bronze,CA,2023-10-29,7,429.0,Churned
9393,Cindy Salinas,Gold,WI,2023-10-29,5,429.0,Churned
1111,Robert Cruz,Bronze,MA,2023-10-30,4,428.0,Churned
2143,Heather Dixon,Gold,CA,2023-10-30,6,428.0,Churned
1441,Nicholas Rogers,Bronze,MD,2023-10-31,4,427.0,Churned
3301,Sharon Black,Gold,NC,2023-10-31,6,427.0,Churned
5385,Cindy Smith,Silver,TX,2023-10-31,8,427.0,Churned
7709,Robert Adams,Bronze,IL,2023-10-31,5,427.0,Churned
9238,Jacqueline Smith,Bronze,MI,2023-10-31,5,427.0,Churned
4843,Breanna Pollard,Platinum,MI,2023-11-01,4,426.0,Churned
6646,Alan Lambert,Silver,OH,2023-11-01,4,426.0,Churned
7366,Stephen Perry,Gold,VA,2023-11-01,4,426.0,Churned
7750,Brent Miles,Silver,NC,2023-11-01,6,426.0,Churned
9057,Angel Sanders,Silver,GA,2023-11-01,5,426.0,Churned
922,Eric Ballard,Gold,CA,2023-11-02,9,425.0,Churned
1541,Debra Martinez,Bronze,CA,2023-11-03,2,424.0,Churned
2381,Tara Raymond,Silver,MO,2023-11-03,5,424.0,Churned
5919,Cody Erickson,Gold,MI,2023-11-03,7,424.0,Churned
7555,Patricia Castillo,Silver,MD,2023-11-03,4,424.0,Churned
9642,Justin Silva,Gold,MD,2023-11-03,9,424.0,Churned
1145,James Middleton,Bronze,TN,2023-11-04,6,423.0,Churned
2792,Kelly Allen,Gold,MO,2023-11-04,5,423.0,Churned
3738,Robert Cardenas,Bronze,FL,2023-11-04,5,423.0,Churned
5602,Stephen Fox,Bronze,MA,2023-11-04,5,423.0,Churned
6190,Ruben Garcia,Bronze,IN,2023-11-04,5,423.0,Churned
7894,Natasha Weeks,Platinum,TN,2023-11-04,6,423.0,Churned
9869,Robert Barker,Silver,NY,2023-11-04,4,423.0,Churned
1568,Raymond Johns,Bronze,MI,2023-11-05,7,422.0,Churned
2822,Jessica Hughes,Silver,OH,2023-11-05,5,422.0,Churned
5430,Martin Braun,Bronze,MA,2023-11-05,4,422.0,Churned
5947,Monica Lawrence,Bronze,PA,2023-11-05,5,422.0,Churned
5968,Christopher Lynch,Bronze,AZ,2023-11-05,7,422.0,Churned
8771,Cheryl Caldwell,Gold,FL,2023-11-05,5,422.0,Churned
4505,Jonathon Moreno,Platinum,AZ,2023-11-06,9,421.0,Churned
35,Barbara Parks,Silver,MD,2023-11-07,10,420.0,Churned
7340,Amanda Campbell,Silver,PA,2023-11-07,6,420.0,Churned
8152,Matthew Sanchez,Silver,MD,2023-11-07,4,420.0,Churned
821,Mary Guerrero,Silver,NC,2023-11-08,5,419.0,Churned
1975,Nicole Haas,Bronze,MO,2023-11-08,12,419.0,Churned
3207,Jose Esparza,Bronze,AZ,2023-11-08,4,419.0,Churned
3936,Mia Patrick,Bronze,MO,2023-11-08,3,419.0,Churned
5636,Patricia Delgado,Platinum,FL,2023-11-08,5,419.0,Churned
7911,Michelle Carter,Gold,CA,2023-11-08,13,419.0,Churned
316,Douglas Morales,Bronze,NC,2023-11-09,2,418.0,Churned
1777,William Brooks,Bronze,TN,2023-11-09,3,418.0,Churned
5407,Theresa Watson,Gold,OH,2023-11-09,6,418.0,Churned
5958,Erin Knapp,Silver,NY,2023-11-09,8,418.0,Churned
7524,Robert Johnson,Silver,TN,2023-11-09,5,418.0,Churned
4400,Ashley Gonzalez,Silver,IN,2023-11-10,5,417.0,Churned
928,Todd Burton,Silver,PA,2023-11-11,5,416.0,Churned
1643,Jacob Miller,Bronze,OH,2023-11-11,6,416.0,Churned
2398,Andrew Smith,Platinum,FL,2023-11-11,7,416.0,Churned
3365,Caroline Morton,Bronze,MD,2023-11-11,10,416.0,Churned
7826,Robert Reyes,Bronze,AZ,2023-11-11,6,416.0,Churned
9918,Gary Frazier,Gold,IL,2023-11-11,8,416.0,Churned
147,Christina Jensen,Silver,MA,2023-11-12,4,415.0,Churned
1056,Christina Wise,Bronze,IN,2023-11-13,1,414.0,Churned
6948,Jacqueline Sanders,Platinum,MD,2023-11-13,6,414.0,Churned
8404,Katie Day,Gold,IL,2023-11-13,7,414.0,Churned
5265,Jenny Snow,Bronze,IL,2023-11-14,5,413.0,Churned
5869,Joshua Smith,Silver,MA,2023-11-14,6,413.0,Churned
6507,Ashley Campbell,Gold,MA,2023-11-14,8,413.0,Churned
7825,Claudia Thompson,Silver,PA,2023-11-14,4,413.0,Churned
405,Brooke Hernandez,Bronze,WA,2023-11-15,5,412.0,Churned
4892,Ricky Smith,Gold,IN,2023-11-15,6,412.0,Churned
7349,Jennifer Ellison,Silver,VA,2023-11-15,6,412.0,Churned
9716,Timothy Walker,Bronze,GA,2023-11-15,11,412.0,Churned
659,Shannon Waters,Bronze,MI,2023-11-16,4,411.0,Churned
2618,William Garcia,Bronze,PA,2023-11-16,6,411.0,Churned
3350,Frank Diaz,Bronze,NY,2023-11-16,7,411.0,Churned
4108,Elizabeth Fernandez,Silver,TN,2023-11-16,6,411.0,Churned
6828,Karen Bishop,Platinum,MI,2023-11-16,7,411.0,Churned
6910,Steven Kemp,Bronze,FL,2023-11-16,7,411.0,Churned
862,Chad Jordan,Bronze,FL,2023-11-17,4,410.0,Churned
1599,Kristin Murphy,Bronze,IL,2023-11-17,5,410.0,Churned
4613,Eric Morris,Bronze,MD,2023-11-17,6,410.0,Churned
1837,Samantha Castillo,Bronze,WI,2023-11-18,2,409.0,Churned
3034,Scott Stewart,Silver,GA,2023-11-18,8,409.0,Churned
3096,Jeffery Thomas,Silver,VA,2023-11-18,7,409.0,Churned
3907,Jeffrey Garcia,Silver,TN,2023-11-18,9,409.0,Churned
8343,Shannon Thompson,Platinum,MD,2023-11-18,7,409.0,Churned
9040,Monica Gray,Platinum,NC,2023-11-18,8,409.0,Churned
1693,Carlos Jackson,Bronze,TX,2023-11-19,8,408.0,Churned
6237,Benjamin Andrews,Bronze,GA,2023-11-19,7,408.0,Churned
8162,Daniel King,Bronze,GA,2023-11-19,5,408.0,Churned
408,Maria King,Platinum,GA,2023-11-20,5,407.0,Churned
911,Emily Floyd,Bronze,WI,2023-11-20,5,407.0,Churned
1741,Molly Owens,Silver,VA,2023-11-20,3,407.0,Churned
9990,Nicole Burke,Silver,NY,2023-11-20,6,407.0,Churned
6320,Taylor French,Silver,CA,2023-11-21,4,406.0,Churned
6523,Adriana Lee,Silver,MO,2023-11-21,7,406.0,Churned
5423,Victor Shields,Bronze,PA,2023-11-22,5,405.0,Churned
6797,Jill Baker,Platinum,AZ,2023-11-23,3,404.0,Churned
7301,Lynn Soto,Gold,VA,2023-11-23,9,404.0,Churned
7843,David Richardson,Gold,TN,2023-11-24,5,403.0,Churned
9531,Michelle Clarke,Bronze,NJ,2023-11-24,7,403.0,Churned
5396,Carolyn Johnson,Platinum,NJ,2023-11-25,7,402.0,Churned
5781,Stephen Torres,Gold,WI,2023-11-25,4,402.0,Churned
5878,Rachel Perez,Bronze,MI,2023-11-25,2,402.0,Churned
7685,Stanley Mitchell,Bronze,MA,2023-11-25,8,402.0,Churned
7791,Derek Davis,Silver,CA,2023-11-25,7,402.0,Churned
65,Charles Murray,Gold,TX,2023-11-26,9,401.0,Churned
3388,Derek Murray,Bronze,NC,2023-11-26,5,401.0,Churned
3927,Michael Park,Silver,IN,2023-11-26,5,401.0,Churned
4181,Kristine Herrera,Gold,OH,2023-11-26,5,401.0,Churned
4690,William Miller,Platinum,GA,2023-11-26,4,401.0,Churned
5730,Joel Perez,Bronze,OH,2023-11-26,10,401.0,Churned
917,Whitney Wolf,Gold,WA,2023-11-27,3,400.0,Churned
4253,Melanie Schroeder,Gold,NJ,2023-11-27,6,400.0,Churned
4857,Christopher Mason,Gold,WA,2023-11-27,6,400.0,Churned
4944,William Martinez,Bronze,TN,2023-11-27,5,400.0,Churned
5060,Craig Garcia,Silver,FL,2023-11-27,7,400.0,Churned
5839,Andrea Alexander,Gold,TN,2023-11-27,6,400.0,Churned
9412,Crystal Johnson,Gold,NY,2023-11-27,6,400.0,Churned
489,Deborah Dennis,Platinum,VA,2023-11-28,11,399.0,Churned
1158,Antonio Blanchard,Gold,WI,2023-11-28,7,399.0,Churned
4212,Jerry Brown,Silver,TN,2023-11-28,5,399.0,Churned
5313,Bridget Duarte,Bronze,MO,2023-11-28,8,399.0,Churned
6848,Kirk Smith,Gold,NY,2023-11-28,4,399.0,Churned
9940,Frank Key,Silver,WI,2023-11-28,4,399.0,Churned
3589,Paul Willis,Bronze,TN,2023-11-29,11,398.0,Churned
4591,Devon Rodriguez,Gold,MD,2023-11-29,6,398.0,Churned
4819,Marcus Mendoza,Gold,OH,2023-11-29,6,398.0,Churned
9051,Shawna Rogers,Bronze,IL,2023-11-29,2,398.0,Churned
9649,David Nelson,Silver,CA,2023-11-29,8,398.0,Churned
2593,Jason Blevins,Platinum,NC,2023-11-30,8,397.0,Churned
2690,Stephen Anderson,Bronze,OH,2023-11-30,5,397.0,Churned
3101,Melissa Noble,Bronze,CA,2023-11-30,7,397.0,Churned
5273,Peter Bailey,Silver,VA,2023-11-30,7,397.0,Churned
9147,Jeremiah Cruz,Gold,CA,2023-11-30,4,397.0,Churned
1224,Joshua Duncan,Platinum,CA,2023-12-01,8,396.0,Churned
2693,Alexander Vega,Bronze,NY,2023-12-01,5,396.0,Churned
5871,Carol Owen,Silver,AZ,2023-12-01,6,396.0,Churned
4644,Keith Fischer,Bronze,MA,2023-12-02,3,395.0,Churned
6496,Heather Moran,Bronze,IL,2023-12-02,3,395.0,Churned
7235,Carmen Berg,Silver,MA,2023-12-02,7,395.0,Churned
8225,Paula Hartman,Gold,VA,2023-12-02,2,395.0,Churned
580,John Green,Gold,TN,2023-12-03,3,394.0,Churned
6442,Renee Smith,Silver,TX,2023-12-03,11,394.0,Churned
7056,Susan Perry,Gold,NY,2023-12-03,7,394.0,Churned
7571,Julie Reed,Silver,TX,2023-12-03,6,394.0,Churned
9983,Kevin Wright,Bronze,CA,2023-12-03,7,394.0,Churned
2352,Jennifer Hall,Silver,AZ,2023-12-04,4,393.0,Churned
7684,Mindy Moreno,Gold,GA,2023-12-04,6,393.0,Churned
7846,April Williams,Platinum,NY,2023-12-04,4,393.0,Churned
8102,Amanda Torres,Silver,CA,2023-12-04,8,393.0,Churned
132,Sean Smith,Platinum,WI,2023-12-05,6,392.0,Churned
5172,Brandon Hall,Silver,NC,2023-12-05,2,392.0,Churned
6672,Maria Stephens,Gold,CA,2023-12-05,2,392.0,Churned
3732,Phillip Larson,Bronze,IN,2023-12-06,14,391.0,Churned
7191,Brenda Henry,Gold,NY,2023-12-06,8,391.0,Churned
8145,Kathleen Scott,Bronze,NY,2023-12-06,3,391.0,Churned
9600,Alejandro King,Bronze,OH,2023-12-06,7,391.0,Churned
1535,Lisa Peterson,Gold,MA,2023-12-07,5,390.0,Churned
2213,Kelly Hatfield,Bronze,MO,2023-12-07,10,390.0,Churned
3968,Linda Gonzalez,Gold,AZ,2023-12-07,5,390.0,Churned
5191,Joel Novak,Silver,TN,2023-12-07,5,390.0,Churned
5553,Mary Hunt,Bronze,TX,2023-12-07,6,390.0,Churned
5966,Stephanie Petty,Bronze,AZ,2023-12-07,6,390.0,Churned
7778,Karen Williams,Platinum,VA,2023-12-07,8,390.0,Churned
190,Michelle Coleman,Bronze,IL,2023-12-08,5,389.0,Churned
3975,Robert Mccoy,Bronze,FL,2023-12-08,4,389.0,Churned
7145,Jason Cameron,Platinum,WA,2023-12-08,9,389.0,Churned
483,Kevin Stewart,Silver,PA,2023-12-09,4,388.0,Churned
3332,Jo Johnson,Silver,CA,2023-12-09,2,388.0,Churned
4089,Amy Pope,Bronze,WA,2023-12-09,7,388.0,Churned
6386,Richard Acosta,Bronze,MA,2023-12-09,6,388.0,Churned
150,Benjamin Brown,Silver,NY,2023-12-10,6,387.0,Churned
3077,Brad Lee,Bronze,NC,2023-12-10,11,387.0,Churned
3260,Jane Patterson,Bronze,MA,2023-12-10,5,387.0,Churned
3646,Michael Scott,Bronze,IN,2023-12-10,6,387.0,Churned
3821,Nathan Rodriguez,Platinum,GA,2023-12-10,7,387.0,Churned
3870,Tyler Anderson,Bronze,MD,2023-12-10,3,387.0,Churned
6526,Christopher Harrington,Silver,NY,2023-12-10,1,387.0,Churned
6587,Jeffrey Shaw,Silver,TX,2023-12-10,6,387.0,Churned
9373,Nicole Lee,Bronze,WI,2023-12-10,5,387.0,Churned
447,Eddie Mendoza,Bronze,NY,2023-12-11,4,386.0,Churned
3856,Heather Cox,Silver,TX,2023-12-11,8,386.0,Churned
5410,Tanner Smith,Bronze,WI,2023-12-11,5,386.0,Churned
8909,Jennifer Wagner,Silver,MD,2023-12-11,11,386.0,Churned
9132,Veronica Cooper,Silver,AZ,2023-12-11,10,386.0,Churned
9205,Desiree Smith,Platinum,MI,2023-12-11,4,386.0,Churned
2545,Sarah Boyd,Bronze,MA,2023-12-12,4,385.0,Churned
5468,Victoria Smith,Gold,VA,2023-12-12,5,385.0,Churned
622,Evelyn Jones,Silver,TX,2023-12-13,2,384.0,Churned
994,Sarah Mills,Bronze,WA,2023-12-13,2,384.0,Churned
7610,Anthony Young,Bronze,MA,2023-12-13,3,384.0,Churned
9209,Mark Mullen,Bronze,AZ,2023-12-13,4,384.0,Churned
2098,Kelsey Macias,Gold,TN,2023-12-14,5,383.0,Churned
2187,Timothy Roberts,Bronze,AZ,2023-12-14,8,383.0,Churned
6981,Lawrence Holt,Bronze,AZ,2023-12-14,10,383.0,Churned
8663,Kimberly Rios,Bronze,OH,2023-12-14,4,383.0,Churned
8953,Paul Flowers,Gold,CA,2023-12-14,6,383.0,Churned
9293,Haley Palmer,Gold,NY,2023-12-14,6,383.0,Churned
1382,Andrew Gonzalez,Bronze,PA,2023-12-15,5,382.0,Churned
4409,Evan Tyler,Silver,FL,2023-12-15,5,382.0,Churned
5954,Aaron Briggs,Bronze,MD,2023-12-15,7,382.0,Churned
7384,Richard Martin,Gold,WI,2023-12-15,4,382.0,Churned
3293,Jennifer Proctor,Bronze,IL,2023-12-16,8,381.0,Churned
9022,Martha Walsh,Bronze,PA,2023-12-16,6,381.0,Churned
6548,Brittany Vasquez,Bronze,OH,2023-12-17,4,380.0,Churned
7642,James Johnson,Gold,OH,2023-12-17,7,380.0,Churned
8831,Rebecca Newton,Bronze,TN,2023-12-17,5,380.0,Churned
9968,Gary Mata,Bronze,NY,2023-12-17,4,380.0,Churned
539,Angela Wright,Bronze,NY,2023-12-18,5,379.0,Churned
6223,Margaret Munoz,Silver,FL,2023-12-18,5,379.0,Churned
3795,Keith Martin,Silver,WI,2023-12-19,6,378.0,Churned
6652,Veronica Meyer,Silver,MI,2023-12-19,9,378.0,Churned
7860,Sydney Shah,Bronze,OH,2023-12-19,5,378.0,Churned
8835,Tony Carter,Silver,MO,2023-12-19,9,378.0,Churned
1798,Alexandra Hurley,Silver,IN,2023-12-20,6,377.0,Churned
3564,Monique Long,Gold,NC,2023-12-20,2,377.0,Churned
3663,Curtis Floyd,Silver,NY,2023-12-20,4,377.0,Churned
7928,Katie Bennett,Silver,FL,2023-12-20,5,377.0,Churned
8352,Christopher Mitchell,Silver,WA,2023-12-20,6,377.0,Churned
1767,Christina Shaffer,Silver,WA,2023-12-21,4,376.0,Churned
2683,Brianna Martin,Platinum,NC,2023-12-21,10,376.0,Churned
4473,Aaron Lane,Platinum,MO,2023-12-21,5,376.0,Churned
7012,Douglas Stephens,Silver,CA,2023-12-21,5,376.0,Churned
9145,Steven Dominguez,Gold,NY,2023-12-21,4,376.0,Churned
3290,Daniel Price,Gold,TN,2023-12-22,6,375.0,Churned
3457,Steven Powell,Silver,TX,2023-12-22,3,375.0,Churned
8534,Abigail King,Silver,MI,2023-12-22,5,375.0,Churned
9385,Benjamin Ward,Silver,VA,2023-12-22,4,375.0,Churned
1184,Justin Bennett,Silver,NY,2023-12-23,2,374.0,Churned
2361,Thomas Frazier,Bronze,FL,2023-12-23,4,374.0,Churned
1744,Jennifer Long,Platinum,MA,2023-12-24,9,373.0,Churned
4763,Mark Mccarthy,Bronze,WI,2023-12-24,7,373.0,Churned
6094,Benjamin Mills,Silver,TN,2023-12-24,10,373.0,Churned
8570,Thomas Jenkins,Silver,OH,2023-12-24,9,373.0,Churned
8762,Tara Paul,Bronze,PA,2023-12-24,6,373.0,Churned
1364,Carolyn Barnes,Gold,WI,2023-12-25,5,372.0,Churned
1760,Charles Jackson,Platinum,TN,2023-12-25,4,372.0,Churned
1988,Mckenzie Baxter,Bronze,TN,2023-12-25,9,372.0,Churned
2703,Jasmine Tyler,Gold,TN,2023-12-25,5,372.0,Churned
7564,Henry Jones,Bronze,IN,2023-12-25,8,372.0,Churned
1886,Monica Chavez,Bronze,MA,2023-12-26,5,371.0,Churned
1892,Brandon Padilla,Gold,CA,2023-12-26,8,371.0,Churned
5611,Heather Willis,Platinum,VA,2023-12-26,7,371.0,Churned
7194,Wendy Simmons,Platinum,WI,2023-12-26,8,371.0,Churned
630,Brian Bryan,Bronze,TN,2023-12-27,9,370.0,Churned
4635,Joshua Warren,Silver,TX,2023-12-27,4,370.0,Churned
4772,Stephanie Smith,Silver,AZ,2023-12-27,6,370.0,Churned
58,Jason Douglas,Gold,WI,2023-12-28,6,369.0,Churned
8587,David Gordon,Silver,IL,2023-12-28,3,369.0,Churned
206,Devin Shields,Silver,NC,2023-12-29,3,368.0,Churned
2791,Joseph Chang,Silver,MO,2023-12-29,5,368.0,Churned
2870,Katrina Mahoney,Silver,WA,2023-12-29,8,368.0,Churned
3635,Elizabeth Taylor,Gold,AZ,2023-12-29,6,368.0,Churned
4604,Jessica Moore,Bronze,NY,2023-12-29,4,368.0,Churned
5951,Gregory Johnson,Platinum,WI,2023-12-29,7,368.0,Churned
742,Mary Reynolds,Gold,IL,2023-12-30,6,367.0,Churned
1877,John Chang,Gold,AZ,2023-12-30,9,367.0,Churned
5777,Morgan Lopez,Bronze,AZ,2023-12-30,11,367.0,Churned
7064,Nicole Flores,Gold,TN,2023-12-30,9,367.0,Churned
7944,Stacy Sullivan,Gold,TX,2023-12-30,6,367.0,Churned
8711,Tiffany Johnson,Bronze,NJ,2023-12-30,5,367.0,Churned
9009,Casey Miles,Bronze,VA,2023-12-30,5,367.0,Churned
9853,Rachel Lopez,Platinum,MA,2023-12-30,4,367.0,Churned
957,Carl Rogers,Bronze,MO,2023-12-31,9,366.0,Churned
1513,James Hall,Silver,IL,2023-12-31,6,366.0,Churned
3499,Nathaniel Wilson,Bronze,MD,2023-12-31,6,366.0,Churned
5529,Joseph Bryant,Silver,MI,2023-12-31,4,366.0,Churned
5795,Joseph Walker,Gold,CA,2023-12-31,6,366.0,Churned
6533,Lori Ramirez,Silver,MO,2023-12-31,7,366.0,Churned
8703,Shannon Huynh,Silver,NJ,2023-12-31,6,366.0,Churned
8967,Amanda Thompson,Silver,MI,2023-12-31,8,366.0,Churned
1088,Timothy Wolfe,Bronze,MD,2024-01-01,4,365.0,Churned
1548,Alison Dixon,Silver,WI,2024-01-01,6,365.0,Churned
4770,Christopher Nelson,Bronze,FL,2024-01-01,7,365.0,Churned
5467,Vernon Harris,Bronze,IN,2024-01-01,5,365.0,Churned
5539,Belinda Rivera,Gold,WI,2024-01-01,7,365.0,Churned
6467,William Giles,Bronze,WI,2024-01-01,3,365.0,Churned
8178,Sarah Gordon,Silver,AZ,2024-01-01,4,365.0,Churned
9144,Thomas Nixon,Bronze,WI,2024-01-01,10,365.0,Churned
1069,Whitney Wright,Silver,CA,2024-01-02,4,364.0,Churned
1259,Chase Ritter,Gold,FL,2024-01-02,3,364.0,Churned
1863,Jacqueline Bowen,Silver,VA,2024-01-02,11,364.0,Churned
2178,Anthony Melton,Silver,IN,2024-01-02,3,364.0,Churned
4829,Jade Sharp,Bronze,NJ,2024-01-02,8,364.0,Churned
5576,Anthony Carr,Bronze,MO,2024-01-02,5,364.0,Churned
5794,Laurie Valencia,Silver,MO,2024-01-02,10,364.0,Churned
6365,Kayla Mayo,Bronze,GA,2024-01-02,5,364.0,Churned
6845,Samuel Simmons,Silver,MA,2024-01-02,7,364.0,Churned
6973,Stephanie Castillo,Silver,GA,2024-01-02,8,364.0,Churned
7089,Timothy Estrada,Silver,MO,2024-01-02,5,364.0,Churned
7538,Matthew Calderon,Bronze,IL,2024-01-02,11,364.0,Churned
7639,Jacob Smith,Bronze,CA,2024-01-02,7,364.0,Churned
9987,Beverly Martinez,Gold,TX,2024-01-02,6,364.0,Churned
1175,Martin Stevens,Silver,VA,2024-01-03,11,363.0,Churned
3036,Jeffrey Mason,Silver,FL,2024-01-03,4,363.0,Churned
3052,Logan Jackson,Bronze,NY,2024-01-03,4,363.0,Churned
3752,Sarah Garcia,Silver,GA,2024-01-03,7,363.0,Churned
4128,Corey Mays,Bronze,IN,2024-01-03,9,363.0,Churned
6136,Kelly Robinson,Platinum,NC,2024-01-03,5,363.0,Churned
6252,Daniel Woodward,Bronze,VA,2024-01-03,5,363.0,Churned
6755,Anthony Ritter,Bronze,NJ,2024-01-03,3,363.0,Churned
7036,Kristina Morris,Silver,IN,2024-01-03,10,363.0,Churned
7067,Taylor Kemp,Bronze,FL,2024-01-03,6,363.0,Churned
7617,Timothy Cox,Gold,FL,2024-01-03,2,363.0,Churned
977,James Petersen,Silver,VA,2024-01-04,10,362.0,Churned
4516,Thomas Clark,Gold,GA,2024-01-04,8,362.0,Churned
8732,Elizabeth Sloan,Gold,PA,2024-01-04,4,362.0,Churned
4638,Brooke Mathis,Bronze,TN,2024-01-05,4,361.0,Churned
4680,Brenda Simmons,Gold,MO,2024-01-05,6,361.0,Churned
5255,Michael Gonzales,Platinum,CA,2024-01-05,6,361.0,Churned
5339,Brandon Gonzalez,Gold,IL,2024-01-05,13,361.0,Churned
7468,Brian Scott,Bronze,MA,2024-01-05,6,361.0,Churned
902,Lindsay Gallegos,Bronze,VA,2024-01-06,11,360.0,Churned
3071,Susan Foley,Bronze,GA,2024-01-06,5,360.0,Churned
8468,Susan Morales,Gold,AZ,2024-01-06,7,360.0,Churned
3837,Casey Martinez,Bronze,NY,2024-01-07,6,359.0,Churned
7343,Aaron Ortiz,Gold,MI,2024-01-07,5,359.0,Churned
8362,James Cordova,Bronze,GA,2024-01-07,5,359.0,Churned
14,Michelle Powell,Silver,NJ,2024-01-08,12,358.0,Churned
5784,Robert Simmons,Bronze,IL,2024-01-08,6,358.0,Churned
6404,Nicolas Hale,Bronze,MI,2024-01-08,4,358.0,Churned
7634,Amy Townsend,Platinum,IN,2024-01-08,6,358.0,Churned
7890,Nicholas Thomas,Bronze,IL,2024-01-08,8,358.0,Churned
9488,Melissa Adams,Platinum,MD,2024-01-08,3,358.0,Churned
4025,Dylan Rodriguez,Gold,MI,2024-01-09,8,357.0,Churned
7001,Richard Brown,Platinum,NC,2024-01-09,5,357.0,Churned
7761,Austin Wells,Silver,PA,2024-01-09,6,357.0,Churned
8883,Marie Sullivan,Bronze,MO,2024-01-09,4,357.0,Churned
9207,Michael Anthony,Silver,MD,2024-01-09,7,357.0,Churned
1366,Tiffany Bishop,Bronze,PA,2024-01-10,7,356.0,Churned
1861,David Baker,Bronze,IL,2024-01-10,6,356.0,Churned
2168,Tony Phillips,Bronze,PA,2024-01-10,4,356.0,Churned
2387,Melissa Brown,Platinum,GA,2024-01-10,11,356.0,Churned
4813,Shawna Howard,Bronze,AZ,2024-01-10,9,356.0,Churned
5798,Vincent Ramos,Bronze,MA,2024-01-10,5,356.0,Churned
5973,Jonathan Landry,Bronze,MA,2024-01-10,7,356.0,Churned
7891,Lisa Soto,Silver,TN,2024-01-10,5,356.0,Churned
9898,Kelli Dyer,Gold,TX,2024-01-10,5,356.0,Churned
847,Donna Sawyer,Silver,NC,2024-01-11,5,355.0,Churned
2619,Tabitha Navarro,Silver,WA,2024-01-11,10,355.0,Churned
4966,Melissa Schwartz,Bronze,IN,2024-01-11,3,355.0,Churned
7082,Laura Franco,Silver,TX,2024-01-11,10,355.0,Churned
1115,Cheryl Nichols,Silver,CA,2024-01-12,7,354.0,Churned
1974,Paul Murphy,Silver,MO,2024-01-12,6,354.0,Churned
2419,Tracy Rogers,Gold,OH,2024-01-12,7,354.0,Churned
2696,Clayton Hicks,Bronze,CA,2024-01-12,6,354.0,Churned
5711,Robert Jenkins,Silver,NY,2024-01-12,6,354.0,Churned
4265,Stephanie Mitchell,Platinum,NY,2024-01-13,7,353.0,Churned
4360,Jennifer Hernandez,Bronze,MI,2024-01-13,2,353.0,Churned
8427,Henry Lucero,Bronze,NY,2024-01-13,3,353.0,Churned
1328,Samuel Diaz,Silver,CA,2024-01-14,5,352.0,Churned
1404,Paul Morgan,Silver,NJ,2024-01-14,3,352.0,Churned
1899,Christopher Brown,Silver,MD,2024-01-14,7,352.0,Churned
3822,Timothy Cunningham,Bronze,NY,2024-01-14,6,352.0,Churned
4166,Cindy Johnston,Bronze,MO,2024-01-14,7,352.0,Churned
5669,Hannah Johnson,Bronze,IL,2024-01-14,9,352.0,Churned
7810,Damon Yoder,Gold,WI,2024-01-14,7,352.0,Churned
8541,Angel Cox,Gold,OH,2024-01-14,2,352.0,Churned
8867,Jennifer Mahoney,Silver,NY,2024-01-14,8,352.0,Churned
125,Megan Harvey,Gold,FL,2024-01-15,8,351.0,Churned
477,Wanda Greene,Bronze,TN,2024-01-16,8,350.0,Churned
4993,Dylan Gordon,Gold,PA,2024-01-16,2,350.0,Churned
7026,Kathleen Richards,Bronze,NC,2024-01-16,3,350.0,Churned
8127,Brandon Luna,Gold,IN,2024-01-16,7,350.0,Churned
9564,Margaret Duncan,Bronze,PA,2024-01-16,8,350.0,Churned
4350,Beverly Ramos,Bronze,TN,2024-01-17,4,349.0,Churned
6074,Jennifer Duncan,Platinum,AZ,2024-01-17,7,349.0,Churned
7774,Alexandra Andrews,Silver,FL,2024-01-17,9,349.0,Churned
7930,Brian Cooper,Bronze,FL,2024-01-17,8,349.0,Churned
9035,Jordan Harris,Platinum,OH,2024-01-17,5,349.0,Churned
579,Robin Pope,Silver,MI,2024-01-18,7,348.0,Churned
1434,Mary Owens,Silver,OH,2024-01-18,6,348.0,Churned
4867,Yolanda Myers,Gold,NJ,2024-01-18,9,348.0,Churned
1545,Rachel Holmes,Silver,MO,2024-01-19,7,347.0,Churned
3378,Natalie Haney,Silver,NJ,2024-01-19,5,347.0,Churned
5042,Andrew Miller,Platinum,OH,2024-01-19,6,347.0,Churned
7920,Eric Abbott,Gold,MD,2024-01-19,4,347.0,Churned
9066,Stephen Sherman,Gold,MO,2024-01-19,6,347.0,Churned
550,Jennifer Larsen,Silver,IL,2024-01-20,4,346.0,Churned
1408,Troy Small,Silver,MD,2024-01-20,6,346.0,Churned
3315,Julia Spence,Silver,NY,2024-01-20,7,346.0,Churned
212,John Baker,Gold,NJ,2024-01-21,6,345.0,Churned
2027,Rebecca Miller,Bronze,MA,2024-01-21,5,345.0,Churned
2721,Logan Anderson,Platinum,NJ,2024-01-21,4,345.0,Churned
3201,Catherine Lam,Gold,WI,2024-01-21,7,345.0,Churned
4517,Ronald Moore,Silver,TX,2024-01-21,6,345.0,Churned
6714,Stacy Rice,Gold,MI,2024-01-21,7,345.0,Churned
6890,Nancy Johnston,Silver,GA,2024-01-21,4,345.0,Churned
357,Nicole Miller,Gold,TN,2024-01-22,6,344.0,Churned
8252,Michael Roberts,Bronze,GA,2024-01-22,8,344.0,Churned
9344,Michael Sims,Gold,MD,2024-01-22,9,344.0,Churned
9499,Joseph Green,Gold,MI,2024-01-22,3,344.0,Churned
1141,Donald Ferguson,Gold,PA,2024-01-23,7,343.0,Churned
1260,Carolyn Brown,Bronze,MI,2024-01-23,6,343.0,Churned
8038,Steven Benson,Silver,CA,2024-01-23,6,343.0,Churned
1079,Melissa Collins,Bronze,FL,2024-01-24,4,342.0,Churned
2525,Omar Jacobs,Gold,MA,2024-01-24,7,342.0,Churned
2938,Linda Phillips,Bronze,TX,2024-01-24,5,342.0,Churned
3813,Kenneth Dixon,Bronze,CA,2024-01-24,9,342.0,Churned
5732,Tiffany Gonzalez,Silver,TX,2024-01-24,8,342.0,Churned
5750,Shannon Harris,Silver,WA,2024-01-24,7,342.0,Churned
7802,Gregory Mcdonald,Bronze,OH,2024-01-24,7,342.0,Churned
8814,Laurie Sims,Bronze,FL,2024-01-24,13,342.0,Churned
2406,Christopher Holmes,Silver,MA,2024-01-25,7,341.0,Churned
3320,Omar Brown,Bronze,TN,2024-01-25,9,341.0,Churned
3716,Julie Barnes,Silver,FL,2024-01-25,9,341.0,Churned
5302,Tonya Moreno,Silver,MO,2024-01-25,8,341.0,Churned
5949,Alex Day,Bronze,MO,2024-01-25,8,341.0,Churned
9424,Barry Escobar,Bronze,WI,2024-01-25,6,341.0,Churned
1370,Kimberly Lawrence,Silver,AZ,2024-01-26,7,340.0,Churned
4733,Philip Wiggins,Gold,PA,2024-01-26,6,340.0,Churned
4807,Janet Lee,Bronze,PA,2024-01-26,7,340.0,Churned
5374,Emily Mahoney,Silver,MI,2024-01-26,4,340.0,Churned
6114,Jennifer Baxter,Bronze,OH,2024-01-26,4,340.0,Churned
7472,Matthew Walker,Bronze,TX,2024-01-26,4,340.0,Churned
5681,Kristina Garza,Silver,TX,2024-01-27,3,339.0,Churned
8876,Taylor Williams,Gold,NJ,2024-01-27,4,339.0,Churned
1385,Samuel Carroll,Silver,MD,2024-01-28,6,338.0,Churned
2995,Matthew Davenport,Gold,MO,2024-01-28,5,338.0,Churned
5790,Michael Tucker,Silver,MA,2024-01-28,9,338.0,Churned
6383,Michelle Bradford,Gold,VA,2024-01-28,5,338.0,Churned
7220,Sarah Ford,Gold,AZ,2024-01-28,11,338.0,Churned
7575,Sydney Sanchez,Silver,FL,2024-01-28,8,338.0,Churned
9735,Brandon Schmidt,Bronze,WA,2024-01-28,6,338.0,Churned
83,Marcia Johnson,Gold,PA,2024-01-29,9,337.0,Churned
4144,Shelly Salinas,Bronze,NY,2024-01-29,5,337.0,Churned
5105,Carlos Charles,Silver,TN,2024-01-29,6,337.0,Churned
5352,David Brown,Silver,FL,2024-01-29,2,337.0,Churned
9174,Stephen Perez,Gold,WI,2024-01-29,6,337.0,Churned
1020,Allen Lopez,Silver,WI,2024-01-30,6,336.0,Churned
5284,Randall Sparks,Bronze,NC,2024-01-30,7,336.0,Churned
5849,Trevor Olson,Silver,WA,2024-01-30,7,336.0,Churned
6588,Ronald Murphy,Bronze,NY,2024-01-30,3,336.0,Churned
7131,Cheryl Smith,Silver,NY,2024-01-30,7,336.0,Churned
7214,Terrance Parsons,Silver,IL,2024-01-30,5,336.0,Churned
7221,Calvin Ruiz,Silver,WI,2024-01-30,7,336.0,Churned
8265,Calvin Sloan,Silver,MO,2024-01-30,7,336.0,Churned
8434,Terri Hansen,Bronze,GA,2024-01-30,4,336.0,Churned
8441,Robin Grant,Gold,AZ,2024-01-30,5,336.0,Churned
9208,Jennifer Kelly,Bronze,PA,2024-01-30,8,336.0,Churned
1808,Cynthia Johnson,Bronze,MI,2024-01-31,10,335.0,Churned
2023,Jose Hart,Bronze,PA,2024-01-31,7,335.0,Churned
4493,Linda Diaz,Silver,IL,2024-01-31,9,335.0,Churned
9237,Emily Bullock,Bronze,NJ,2024-01-31,7,335.0,Churned
9330,Alison Todd,Gold,MD,2024-01-31,7,335.0,Churned
935,Elizabeth Finley,Bronze,WI,2024-02-01,7,334.0,Churned
3474,Carolyn Dixon,Silver,NJ,2024-02-01,8,334.0,Churned
3594,Nicole Liu,Bronze,CA,2024-02-01,7,334.0,Churned
3838,Kristen Waters,Gold,WA,2024-02-01,7,334.0,Churned
5262,Karen Mcfarland,Bronze,MO,2024-02-01,9,334.0,Churned
6154,Alexis Hood,Bronze,WA,2024-02-01,6,334.0,Churned
6666,Elizabeth Forbes,Bronze,IL,2024-02-01,3,334.0,Churned
6892,Cody Hernandez,Bronze,MI,2024-02-01,5,334.0,Churned
7653,Michelle Graves,Silver,IL,2024-02-01,6,334.0,Churned
8738,Jennifer Johnson,Silver,IN,2024-02-01,5,334.0,Churned
9360,Joanne Johnson,Silver,GA,2024-02-01,3,334.0,Churned
5297,Roger Myers,Silver,NC,2024-02-02,7,333.0,Churned
5772,Jason Hodges,Silver,WI,2024-02-02,14,333.0,Churned
5881,Arthur Tate,Silver,OH,2024-02-02,6,333.0,Churned
7047,Kelly Rodriguez,Gold,OH,2024-02-02,10,333.0,Churned
7272,Brian French,Silver,WI,2024-02-02,6,333.0,Churned
9841,Gary Barnett,Gold,WI,2024-02-02,6,333.0,Churned
4556,Alexander Lee,Bronze,OH,2024-02-03,7,332.0,Churned
5095,Julia Campbell,Silver,GA,2024-02-03,6,332.0,Churned
5743,Chris Figueroa,Silver,VA,2024-02-03,4,332.0,Churned
6488,Eric Villanueva,Silver,IN,2024-02-03,6,332.0,Churned
7578,Jason Smith,Bronze,NY,2024-02-03,8,332.0,Churned
8322,Samantha Murray,Platinum,NY,2024-02-03,11,332.0,Churned
8505,David Munoz,Silver,WA,2024-02-03,8,332.0,Churned
8830,Stephen Bowen,Bronze,MI,2024-02-03,6,332.0,Churned
8901,Kyle Crawford,Silver,TX,2024-02-03,5,332.0,Churned
2459,Samuel Smith,Silver,IN,2024-02-04,6,331.0,Churned
7453,Douglas Hale,Silver,IN,2024-02-04,5,331.0,Churned
9626,Kevin Holmes,Bronze,FL,2024-02-04,6,331.0,Churned
9721,Adrian Parsons,Silver,WA,2024-02-04,6,331.0,Churned
1412,Cassidy Stone,Silver,MA,2024-02-05,7,330.0,Churned
2215,Rebecca Howe,Bronze,MA,2024-02-05,8,330.0,Churned
4173,Amanda Lopez,Bronze,IL,2024-02-05,7,330.0,Churned
4376,Donald Green,Gold,TX,2024-02-05,5,330.0,Churned
5152,Emily White,Bronze,TN,2024-02-05,7,330.0,Churned
5806,Alison Conrad,Bronze,NJ,2024-02-05,3,330.0,Churned
6971,Susan Adkins,Gold,MI,2024-02-05,15,330.0,Churned
8298,Brenda Williams,Gold,MA,2024-02-05,6,330.0,Churned
9245,Jason Price,Silver,TN,2024-02-05,6,330.0,Churned
1592,Elizabeth Fisher,Gold,NJ,2024-02-06,14,329.0,Churned
2726,Ethan Noble,Silver,VA,2024-02-06,6,329.0,Churned
3485,Steven Raymond,Silver,NC,2024-02-06,10,329.0,Churned
6003,Megan Jones,Silver,GA,2024-02-06,7,329.0,Churned
6590,Mary Woods,Bronze,MD,2024-02-06,4,329.0,Churned
6781,Aaron Mcdonald,Silver,FL,2024-02-06,8,329.0,Churned
8104,Richard Fowler,Bronze,AZ,2024-02-06,12,329.0,Churned
737,Kirk Duran,Gold,PA,2024-02-07,9,328.0,Churned
1984,Timothy Jimenez,Bronze,NJ,2024-02-07,8,328.0,Churned
4440,Johnny Schultz,Gold,MA,2024-02-07,9,328.0,Churned
6831,Amber Ryan,Bronze,VA,2024-02-07,5,328.0,Churned
7190,Lisa Moody,Gold,WI,2024-02-07,8,328.0,Churned
2241,Steven Burns,Silver,TN,2024-02-08,5,327.0,Churned
5694,Daniel Mendoza,Platinum,GA,2024-02-08,7,327.0,Churned
5850,Jesse Kim,Gold,AZ,2024-02-08,10,327.0,Churned
9941,Charles Barnes,Silver,WI,2024-02-08,9,327.0,Churned
201,Evan Soto,Silver,GA,2024-02-09,5,326.0,Churned
421,Meagan Howe,Platinum,FL,2024-02-09,5,326.0,Churned
812,Calvin Ramos,Bronze,MI,2024-02-09,7,326.0,Churned
1119,Karen Anderson,Silver,AZ,2024-02-09,4,326.0,Churned
1398,Vanessa Morse,Gold,MA,2024-02-09,7,326.0,Churned
3372,Dawn Stanley,Bronze,FL,2024-02-09,6,326.0,Churned
5128,Michael Guerrero,Silver,OH,2024-02-09,5,326.0,Churned
6146,Wendy Jefferson,Silver,NJ,2024-02-09,10,326.0,Churned
7230,David Curtis,Gold,VA,2024-02-09,6,326.0,Churned
7427,Steven Romero,Silver,NY,2024-02-09,8,326.0,Churned
7657,Mike Collins,Bronze,CA,2024-02-09,5,326.0,Churned
8490,Dawn Davis,Bronze,MO,2024-02-09,6,326.0,Churned
2724,Austin Anderson,Bronze,IL,2024-02-10,9,325.0,Churned
3042,Karen Knapp,Gold,IN,2024-02-10,5,325.0,Churned
3657,Jeremiah Park,Silver,OH,2024-02-10,6,325.0,Churned
7379,Lisa Pope,Platinum,MO,2024-02-10,6,325.0,Churned
7806,Leon Dunn,Platinum,IL,2024-02-10,6,325.0,Churned
8085,Mary Pierce,Bronze,MD,2024-02-10,3,325.0,Churned
8536,Bryan Kelley,Bronze,MA,2024-02-10,5,325.0,Churned
8957,Kimberly Shaw,Platinum,MO,2024-02-10,4,325.0,Churned
9592,Megan Anderson,Gold,IN,2024-02-10,7,325.0,Churned
459,Leonard Myers,Bronze,WA,2024-02-11,12,324.0,Churned
1304,David Le,Bronze,IL,2024-02-11,4,324.0,Churned
2269,David Gutierrez,Gold,MD,2024-02-11,7,324.0,Churned
2501,Kimberly Glover,Silver,WI,2024-02-11,4,324.0,Churned
3559,Paul Turner,Bronze,WA,2024-02-11,4,324.0,Churned
4735,Tina York,Gold,MD,2024-02-11,4,324.0,Churned
6160,Jonathan Fletcher,Bronze,NY,2024-02-11,8,324.0,Churned
6671,Nicole Gonzalez,Silver,MD,2024-02-11,7,324.0,Churned
8623,Crystal Henry,Platinum,MI,2024-02-11,6,324.0,Churned
1125,Natalie Payne,Bronze,TX,2024-02-12,6,323.0,Churned
2231,Lori Lopez,Silver,WI,2024-02-12,6,323.0,Churned
2762,Mary Burns,Bronze,WI,2024-02-12,4,323.0,Churned
4218,Mark Graves,Bronze,IN,2024-02-12,2,323.0,Churned
4281,Cody Anderson,Silver,MA,2024-02-12,6,323.0,Churned
4818,Michael Morales,Bronze,AZ,2024-02-12,7,323.0,Churned
6963,William Hall,Bronze,MI,2024-02-12,7,323.0,Churned
7897,Mike Schmidt,Bronze,IL,2024-02-12,7,323.0,Churned
8968,Brooke Walker,Platinum,IL,2024-02-12,5,323.0,Churned
9322,Natasha Sims,Platinum,MD,2024-02-12,7,323.0,Churned
9806,Noah Lee,Silver,NJ,2024-02-12,6,323.0,Churned
9933,Joseph Potts,Bronze,VA,2024-02-12,5,323.0,Churned
1801,Megan Snyder,Bronze,WI,2024-02-13,8,322.0,Churned
2793,Kathryn Coleman,Bronze,CA,2024-02-13,3,322.0,Churned
3518,Alexandra Buchanan,Silver,GA,2024-02-13,6,322.0,Churned
3935,Brittney Oconnor,Bronze,PA,2024-02-13,6,322.0,Churned
8282,Tracey Hudson,Silver,OH,2024-02-13,11,322.0,Churned
5013,Charles Mayer,Bronze,NJ,2024-02-14,9,321.0,Churned
5392,Tiffany White,Gold,AZ,2024-02-14,7,321.0,Churned
6531,David Hartman,Bronze,OH,2024-02-14,5,321.0,Churned
7831,Benjamin Floyd,Gold,TN,2024-02-14,4,321.0,Churned
7923,Tammy Ortiz,Bronze,WI,2024-02-14,5,321.0,Churned
8247,Michael Howard,Bronze,TX,2024-02-14,9,321.0,Churned
8878,Rebecca Cook,Platinum,GA,2024-02-14,10,321.0,Churned
1445,Ricky Kirk,Bronze,OH,2024-02-15,7,320.0,Churned
2091,Thomas Dickson,Bronze,NC,2024-02-15,4,320.0,Churned
7189,Carolyn Clark,Silver,VA,2024-02-15,9,320.0,Churned
9007,Anthony Huffman,Silver,FL,2024-02-15,7,320.0,Churned
227,Michael Williams,Bronze,MO,2024-02-16,9,319.0,Churned
570,Julie Osborne,Silver,CA,2024-02-16,6,319.0,Churned
5855,Renee Lang,Bronze,NJ,2024-02-16,8,319.0,Churned
6415,Robert Benson,Bronze,NJ,2024-02-16,6,319.0,Churned
782,Bryan Burton,Silver,MO,2024-02-17,4,318.0,Churned
2169,Peter Young,Bronze,AZ,2024-02-17,5,318.0,Churned
6214,Ray Calderon,Silver,VA,2024-02-17,3,318.0,Churned
8684,Matthew Scott,Bronze,OH,2024-02-17,9,318.0,Churned
9945,Bradley Calhoun,Bronze,NY,2024-02-17,7,318.0,Churned
9998,Gabriela Brown,Gold,GA,2024-02-17,9,318.0,Churned
338,Frank Mcdonald,Bronze,VA,2024-02-18,8,317.0,Churned
2706,Timothy Mcdonald,Gold,CA,2024-02-18,6,317.0,Churned
6134,Brenda Sanchez,Silver,IN,2024-02-18,7,317.0,Churned
6212,Joseph Pittman,Platinum,VA,2024-02-18,7,317.0,Churned
9820,Michael Gilbert,Bronze,MI,2024-02-18,7,317.0,Churned
9969,Jacob Allen,Silver,OH,2024-02-18,6,317.0,Churned
439,Sarah Simmons,Bronze,IN,2024-02-19,7,316.0,Churned
1921,Adrian Thompson,Gold,MI,2024-02-19,4,316.0,Churned
2495,Marissa Austin,Gold,TN,2024-02-19,8,316.0,Churned
3593,Lauren Pineda,Silver,NC,2024-02-19,10,316.0,Churned
5176,Kevin Weaver,Gold,VA,2024-02-19,9,316.0,Churned
6138,Jeff Edwards,Bronze,PA,2024-02-19,8,316.0,Churned
6817,Ashley Hurley,Silver,MD,2024-02-19,3,316.0,Churned
7878,Kelsey Stephens,Silver,MO,2024-02-19,8,316.0,Churned
8926,Dylan Wilkinson,Gold,TX,2024-02-19,8,316.0,Churned
3942,Zachary Donaldson,Silver,MI,2024-02-20,4,315.0,Churned
4523,Tamara Richards,Gold,CA,2024-02-20,5,315.0,Churned
4972,Lance Vazquez,Bronze,MO,2024-02-20,8,315.0,Churned
9358,Emily Marshall,Gold,WI,2024-02-20,3,315.0,Churned
501,Betty Watson,Platinum,VA,2024-02-21,5,314.0,Churned
1065,Gina Ball,Bronze,NY,2024-02-21,5,314.0,Churned
1550,Alexis Hughes,Silver,MA,2024-02-21,6,314.0,Churned
1999,Kristen Brown,Gold,WA,2024-02-21,6,314.0,Churned
2473,Gloria Lane,Bronze,AZ,2024-02-21,3,314.0,Churned
2579,Matthew Thompson,Gold,NC,2024-02-21,11,314.0,Churned
3360,John Roberts,Gold,CA,2024-02-21,9,314.0,Churned
6564,Steven Barker,Gold,NC,2024-02-21,7,314.0,Churned
9075,Tyler Huber,Gold,MI,2024-02-21,7,314.0,Churned
9223,Jason Green,Gold,FL,2024-02-21,5,314.0,Churned
30,Kimberly Reed,Bronze,TN,2024-02-22,4,313.0,Churned
1173,Tina Hansen,Bronze,IN,2024-02-22,11,313.0,Churned
1887,Samuel Moore,Gold,WI,2024-02-22,5,313.0,Churned
1970,Ronald Clements,Silver,AZ,2024-02-22,5,313.0,Churned
3166,Kayla Wheeler,Gold,IN,2024-02-22,7,313.0,Churned
3502,Christopher Owens,Bronze,TN,2024-02-22,7,313.0,Churned
3997,Briana Allen,Gold,OH,2024-02-22,9,313.0,Churned
8115,William Garcia,Gold,NC,2024-02-22,12,313.0,Churned
8707,Leonard Gallagher,Platinum,NC,2024-02-22,5,313.0,Churned
1813,Jason Sanders,Platinum,NJ,2024-02-23,7,312.0,Churned
2053,Joseph Fisher,Gold,NC,2024-02-23,3,312.0,Churned
7430,Connie Dixon,Bronze,IL,2024-02-23,7,312.0,Churned
7646,Luis Wells,Bronze,TX,2024-02-23,6,312.0,Churned
8068,Barbara Salazar,Silver,VA,2024-02-23,3,312.0,Churned
8153,Kevin Davila,Silver,IL,2024-02-23,4,312.0,Churned
8884,Tamara Hayes,Silver,MA,2024-02-23,4,312.0,Churned
9161,Holly Allen,Platinum,MI,2024-02-23,9,312.0,Churned
9301,Christine Williams,Gold,WI,2024-02-23,7,312.0,Churned
9319,Loretta Tran,Bronze,WI,2024-02-23,6,312.0,Churned
9951,Michele Wallace,Gold,FL,2024-02-23,4,312.0,Churned
319,Shannon Farrell,Bronze,OH,2024-02-24,4,311.0,Churned
1329,Laura Martin,Platinum,OH,2024-02-24,10,311.0,Churned
2122,Kevin Gray,Silver,MI,2024-02-24,8,311.0,Churned
2776,Amber Howard,Gold,NC,2024-02-24,6,311.0,Churned
3737,Kristen Neal,Bronze,GA,2024-02-24,4,311.0,Churned
4162,Zachary Davis,Platinum,MI,2024-02-24,4,311.0,Churned
6117,James Henderson,Bronze,VA,2024-02-24,3,311.0,Churned
7745,Sheila Graham,Platinum,NC,2024-02-24,6,311.0,Churned
9417,Jose Estrada,Silver,PA,2024-02-24,6,311.0,Churned
9460,Michael Wheeler,Gold,WA,2024-02-24,8,311.0,Churned
2374,Paul Hayes,Silver,PA,2024-02-25,5,310.0,Churned
3799,Eric Carlson,Silver,WI,2024-02-25,7,310.0,Churned
3951,Stephanie Kirby,Bronze,MA,2024-02-25,8,310.0,Churned
4719,David Hoffman,Silver,CA,2024-02-25,10,310.0,Churned
5141,Kristy Salazar,Bronze,GA,2024-02-25,2,310.0,Churned
5383,Peter Vasquez,Silver,AZ,2024-02-25,4,310.0,Churned
5444,Francisco Edwards,Bronze,OH,2024-02-25,4,310.0,Churned
5632,Megan Mills,Gold,WI,2024-02-25,2,310.0,Churned
8055,Clayton Guzman,Bronze,CA,2024-02-25,8,310.0,Churned
281,Autumn Robertson,Silver,MI,2024-02-26,7,309.0,Churned
651,Barbara Lopez,Bronze,OH,2024-02-26,4,309.0,Churned
693,Joseph Tran,Silver,FL,2024-02-26,9,309.0,Churned
1623,Jacob Moore,Silver,GA,2024-02-26,6,309.0,Churned
2646,Aaron Elliott,Silver,CA,2024-02-26,6,309.0,Churned
4406,Christopher Castillo,Silver,MD,2024-02-26,9,309.0,Churned
4436,Anna Ferrell,Platinum,GA,2024-02-26,2,309.0,Churned
4797,Jordan Morgan,Silver,OH,2024-02-26,4,309.0,Churned
6210,Chase West,Bronze,IN,2024-02-26,6,309.0,Churned
6880,Austin Keith,Silver,VA,2024-02-26,5,309.0,Churned
7116,Melissa Barrera,Bronze,TX,2024-02-26,6,309.0,Churned
179,Shane Gates,Bronze,OH,2024-02-27,7,308.0,Churned
1169,Rickey Lee,Silver,CA,2024-02-27,5,308.0,Churned
2803,Laurie Pearson,Bronze,FL,2024-02-27,7,308.0,Churned
3830,Kenneth Mckee,Gold,AZ,2024-02-27,8,308.0,Churned
6211,Joshua Carter,Bronze,TN,2024-02-27,9,308.0,Churned
6321,Lee Brady,Bronze,NC,2024-02-27,7,308.0,Churned
8257,Ronald Bailey,Silver,GA,2024-02-27,4,308.0,Churned
4120,Dana Garrett,Gold,MA,2024-02-28,5,307.0,Churned
4192,Jeff Williams,Platinum,FL,2024-02-28,6,307.0,Churned
4501,Danielle Martinez,Platinum,NJ,2024-02-28,7,307.0,Churned
5587,Aaron Michael,Bronze,TX,2024-02-28,8,307.0,Churned
7320,Colleen Heath,Bronze,WA,2024-02-28,6,307.0,Churned
8031,Lauren Green,Bronze,IN,2024-02-28,7,307.0,Churned
2145,John Smith,Silver,TX,2024-02-29,7,306.0,Churned
2645,Brianna Chang,Platinum,MI,2024-02-29,8,306.0,Churned
3864,Yvette Huff,Silver,CA,2024-02-29,6,306.0,Churned
6304,Michael Rodriguez,Gold,NC,2024-02-29,4,306.0,Churned
6624,Leah Patterson,Bronze,IN,2024-02-29,7,306.0,Churned
7243,Robin Flores,Silver,NY,2024-02-29,4,306.0,Churned
7535,Eric Davis,Bronze,MO,2024-02-29,5,306.0,Churned
8493,Melanie Lewis,Silver,NC,2024-02-29,6,306.0,Churned
9776,Jenna Thomas,Silver,FL,2024-02-29,5,306.0,Churned
2101,Leonard Melendez,Bronze,VA,2024-03-01,5,305.0,Churned
2138,Keith Kelly,Platinum,CA,2024-03-01,4,305.0,Churned
2829,Kenneth Robinson,Silver,NJ,2024-03-01,8,305.0,Churned
5498,David Santiago,Gold,WI,2024-03-01,7,305.0,Churned
9095,Alexandra King,Bronze,PA,2024-03-01,4,305.0,Churned
9491,Erin Thomas,Platinum,MD,2024-03-01,5,305.0,Churned
3105,Whitney Watson,Gold,MA,2024-03-02,4,304.0,Churned
3429,Jeff Davis,Gold,VA,2024-03-02,8,304.0,Churned
3521,Jonathon Garcia,Bronze,WA,2024-03-02,3,304.0,Churned
3735,Adam Young,Bronze,TX,2024-03-02,4,304.0,Churned
4562,Antonio Livingston,Gold,MD,2024-03-02,4,304.0,Churned
6433,Kimberly Lewis,Bronze,MO,2024-03-02,4,304.0,Churned
7034,Jason Green,Silver,CA,2024-03-02,6,304.0,Churned
8578,Charles Richardson,Silver,WA,2024-03-02,7,304.0,Churned
261,Kimberly Thomas,Silver,IL,2024-03-03,5,303.0,Churned
517,Barry Young,Bronze,VA,2024-03-03,1,303.0,Churned
1431,Randy Sanchez,Silver,AZ,2024-03-03,5,303.0,Churned
2194,Gabrielle Berry,Bronze,MO,2024-03-03,8,303.0,Churned
2676,Riley Roberts,Silver,VA,2024-03-03,5,303.0,Churned
3383,Cindy Barajas,Silver,MO,2024-03-03,8,303.0,Churned
5676,Kyle Bryant,Bronze,NC,2024-03-03,6,303.0,Churned
8333,Crystal Hall,Gold,FL,2024-03-03,4,303.0,Churned
9744,Rebecca Wolf,Bronze,IN,2024-03-03,8,303.0,Churned
504,Lori Sandoval,Silver,GA,2024-03-04,5,302.0,Churned
816,Michael Brown,Bronze,GA,2024-03-04,11,302.0,Churned
2047,Rebecca Tyler,Bronze,CA,2024-03-04,7,302.0,Churned
2088,Antonio Costa,Bronze,WA,2024-03-04,7,302.0,Churned
2234,Katherine Smith,Bronze,NY,2024-03-04,5,302.0,Churned
4152,Cindy Camacho,Bronze,AZ,2024-03-04,3,302.0,Churned
5281,Rachel Peterson,Platinum,AZ,2024-03-04,11,302.0,Churned
8092,James Davis,Silver,PA,2024-03-04,8,302.0,Churned
9030,Matthew Brock,Gold,NY,2024-03-04,11,302.0,Churned
1893,Christine Lambert,Gold,MA,2024-03-05,8,301.0,Churned
2005,Maria Edwards,Silver,MA,2024-03-05,7,301.0,Churned
5063,Jonathan Valencia,Bronze,GA,2024-03-05,14,301.0,Churned
6604,David Alvarado,Bronze,NJ,2024-03-05,6,301.0,Churned
7273,Sean Gonzalez,Platinum,MD,2024-03-05,6,301.0,Churned
9070,Nicole Rodriguez,Platinum,OH,2024-03-05,4,301.0,Churned
9923,Walter Doyle,Silver,FL,2024-03-05,8,301.0,Churned
396,Stephanie Taylor,Silver,MD,2024-03-06,7,300.0,Churned
2446,Jose Davis,Gold,WA,2024-03-06,5,300.0,Churned
3334,Regina Evans,Bronze,PA,2024-03-06,7,300.0,Churned
9215,Eric Adams,Bronze,CA,2024-03-06,3,300.0,Churned
619,Deborah Robinson,Platinum,MD,2024-03-07,6,299.0,Churned
772,Brian Hahn,Bronze,MO,2024-03-07,7,299.0,Churned
3895,Miguel Jones,Bronze,PA,2024-03-07,7,299.0,Churned
4673,Edward Johnson,Bronze,NC,2024-03-07,5,299.0,Churned
4761,Carolyn Vargas,Silver,MO,2024-03-07,8,299.0,Churned
6040,Gregory Thomas,Silver,FL,2024-03-07,11,299.0,Churned
222,Jeremy Davis,Silver,WI,2024-03-08,4,298.0,Churned
347,Christopher Carrillo,Gold,MI,2024-03-08,5,298.0,Churned
2768,Laura Bryant,Platinum,FL,2024-03-08,5,298.0,Churned
3784,Christopher Jackson,Silver,OH,2024-03-08,2,298.0,Churned
3786,Sarah Smith,Silver,NJ,2024-03-08,3,298.0,Churned
4711,Veronica Obrien,Gold,PA,2024-03-08,9,298.0,Churned
8710,Brett Barnes,Bronze,MI,2024-03-08,8,298.0,Churned
8962,Steve Blair,Bronze,MD,2024-03-08,4,298.0,Churned
9533,Luis Crawford,Bronze,AZ,2024-03-08,4,298.0,Churned
753,Steven Williams,Bronze,MA,2024-03-09,7,297.0,Churned
875,Melissa Jones,Silver,OH,2024-03-09,10,297.0,Churned
2086,Jonathan Schultz,Silver,MO,2024-03-09,8,297.0,Churned
2433,Andrea Parks,Bronze,TX,2024-03-09,7,297.0,Churned
3129,Marc Johnson,Gold,NY,2024-03-09,5,297.0,Churned
5066,Paul Thompson,Gold,MD,2024-03-09,3,297.0,Churned
5424,Ethan Salazar,Bronze,OH,2024-03-09,11,297.0,Churned
5708,Robert Anderson,Bronze,PA,2024-03-09,8,297.0,Churned
8106,Caitlin Williams,Silver,NC,2024-03-09,9,297.0,Churned
9703,James Jones,Silver,WA,2024-03-09,11,297.0,Churned
9743,Lisa Ibarra,Silver,MO,2024-03-09,9,297.0,Churned
749,Christopher Ramsey,Silver,GA,2024-03-10,4,296.0,Churned
1418,Christie Jordan,Silver,AZ,2024-03-10,9,296.0,Churned
1571,Rebecca Gonzalez,Silver,MI,2024-03-10,11,296.0,Churned
1862,Jeremy Gray,Silver,NJ,2024-03-10,8,296.0,Churned
2043,Roger Alvarado,Bronze,MO,2024-03-10,9,296.0,Churned
2528,Anthony Barnes,Gold,CA,2024-03-10,7,296.0,Churned
3114,Linda Johnson,Bronze,TX,2024-03-10,10,296.0,Churned
4670,Selena Ford,Gold,IN,2024-03-10,8,296.0,Churned
4718,Dennis Henderson,Platinum,VA,2024-03-10,8,296.0,Churned
4974,Courtney Larson,Bronze,OH,2024-03-10,8,296.0,Churned
5923,Theresa Liu,Bronze,TN,2024-03-10,9,296.0,Churned
6616,Randall Hill,Bronze,IL,2024-03-10,5,296.0,Churned
7121,Matthew Cooke,Gold,OH,2024-03-10,6,296.0,Churned
7127,Jennifer Williamson,Gold,WA,2024-03-10,9,296.0,Churned
8977,Shelby Wallace,Gold,NY,2024-03-10,3,296.0,Churned
9043,Jonathan Knox,Silver,WA,2024-03-10,7,296.0,Churned
9493,Lori Nelson,Bronze,TX,2024-03-10,6,296.0,Churned
9835,Crystal Wallace,Bronze,GA,2024-03-10,3,296.0,Churned
786,Jeffrey Esparza,Bronze,IL,2024-03-11,7,295.0,Churned
3430,Monica Henry,Silver,PA,2024-03-11,6,295.0,Churned
3692,Jennifer Johnson,Bronze,CA,2024-03-11,7,295.0,Churned
3851,Patricia Miller,Silver,IL,2024-03-11,5,295.0,Churned
4375,Jennifer Lopez,Silver,WA,2024-03-11,8,295.0,Churned
5230,Jennifer Calderon,Gold,MO,2024-03-11,8,295.0,Churned
5827,Jesse Williams,Silver,TN,2024-03-11,6,295.0,Churned
6497,Taylor Thompson,Bronze,MA,2024-03-11,4,295.0,Churned
8164,Gary Randolph,Bronze,GA,2024-03-11,5,295.0,Churned
8980,Jessica Castro,Silver,NY,2024-03-11,15,295.0,Churned
479,Gabriel Harris,Bronze,VA,2024-03-12,8,294.0,Churned
1001,Julia Garrett,Silver,VA,2024-03-12,4,294.0,Churned
1715,Wyatt Dalton,Bronze,NY,2024-03-12,9,294.0,Churned
2130,Nicholas Chapman,Gold,OH,2024-03-12,6,294.0,Churned
4283,Thomas Burke,Gold,MI,2024-03-12,11,294.0,Churned
4592,James Nelson,Silver,VA,2024-03-12,9,294.0,Churned
4870,Lori Johnson,Silver,NC,2024-03-12,7,294.0,Churned
5148,Gina Shea,Bronze,NC,2024-03-12,5,294.0,Churned
5660,Michael Rogers,Bronze,MO,2024-03-12,8,294.0,Churned
6111,Amanda Holmes,Silver,IN,2024-03-12,4,294.0,Churned
6398,Ashley Caldwell,Bronze,MD,2024-03-12,7,294.0,Churned
6846,Melissa Parker,Gold,TN,2024-03-12,6,294.0,Churned
8219,Mark Johnson,Gold,WA,2024-03-12,8,294.0,Churned
165,Curtis Hunt,Platinum,CA,2024-03-13,11,293.0,Churned
767,David Gallagher,Silver,WA,2024-03-13,5,293.0,Churned
1401,Brian Williamson,Bronze,TX,2024-03-13,8,293.0,Churned
2499,Gary Nguyen,Silver,IN,2024-03-13,2,293.0,Churned
2899,Lisa Wallace,Gold,WI,2024-03-13,4,293.0,Churned
3949,Maria Smith,Silver,MO,2024-03-13,8,293.0,Churned
4130,Kevin Ward,Gold,AZ,2024-03-13,7,293.0,Churned
4204,Ann Sanford,Silver,TN,2024-03-13,4,293.0,Churned
5208,Dennis Beltran,Bronze,AZ,2024-03-13,9,293.0,Churned
5221,Kevin Evans,Gold,IN,2024-03-13,6,293.0,Churned
7829,Kimberly Jacobs,Silver,WI,2024-03-13,3,293.0,Churned
8568,Shane Robertson,Gold,OH,2024-03-13,11,293.0,Churned
9720,Kathleen Copeland,Bronze,FL,2024-03-13,5,293.0,Churned
577,Laura Kaufman,Platinum,WA,2024-03-14,10,292.0,Churned
1582,Antonio Young,Silver,NC,2024-03-14,6,292.0,Churned
2801,Lisa Davenport,Bronze,NC,2024-03-14,6,292.0,Churned
4782,Todd Leon,Bronze,MO,2024-03-14,9,292.0,Churned
6783,Lisa Liu,Silver,OH,2024-03-14,7,292.0,Churned
7278,Jeffrey Howard,Gold,MA,2024-03-14,5,292.0,Churned
8575,Yvonne Mooney,Silver,NC,2024-03-14,8,292.0,Churned
9071,Rebekah Evans,Platinum,MA,2024-03-14,4,292.0,Churned
2383,Brent Frost,Bronze,TX,2024-03-15,6,291.0,Churned
2815,Tiffany Beck,Bronze,FL,2024-03-15,8,291.0,Churned
3440,Karen Sanders,Silver,MO,2024-03-15,10,291.0,Churned
5995,Mary Johnson,Silver,MI,2024-03-15,4,291.0,Churned
266,Angela Jones,Bronze,NJ,2024-03-16,4,290.0,Churned
1713,Brianna King,Gold,PA,2024-03-16,7,290.0,Churned
6687,Alyssa Myers,Platinum,OH,2024-03-16,7,290.0,Churned
7818,Amanda Rodriguez,Bronze,MA,2024-03-16,4,290.0,Churned
8086,Clifford Smith,Bronze,VA,2024-03-16,5,290.0,Churned
8338,Teresa Baird,Silver,GA,2024-03-16,4,290.0,Churned
8697,Veronica Diaz,Bronze,NJ,2024-03-16,10,290.0,Churned
1716,Lori Gomez,Bronze,WA,2024-03-17,5,289.0,Churned
2857,Devon Vaughan,Silver,WA,2024-03-17,9,289.0,Churned
4439,Wesley Fields,Bronze,WA,2024-03-17,5,289.0,Churned
4861,Tamara Callahan,Silver,WA,2024-03-17,13,289.0,Churned
5739,Katherine Soto,Silver,NJ,2024-03-17,5,289.0,Churned
5999,Brittany Gutierrez,Silver,NJ,2024-03-17,7,289.0,Churned
6326,Victoria Dixon,Silver,CA,2024-03-17,9,289.0,Churned
6611,Corey Terry,Bronze,WA,2024-03-17,7,289.0,Churned
6839,Colin Harrell,Bronze,NJ,2024-03-17,6,289.0,Churned
8470,Miguel Valentine,Bronze,TX,2024-03-17,9,289.0,Churned
9563,Mary Miller,Silver,MO,2024-03-17,4,289.0,Churned
515,David White,Platinum,MD,2024-03-18,5,288.0,Churned
1944,Lisa Griffith,Bronze,FL,2024-03-18,13,288.0,Churned
3983,Kevin Hughes,Bronze,FL,2024-03-18,5,288.0,Churned
5702,Kimberly Silva,Bronze,PA,2024-03-18,8,288.0,Churned
5946,Kathleen Ellis,Bronze,IN,2024-03-18,6,288.0,Churned
5994,Edward Bailey,Silver,MD,2024-03-18,8,288.0,Churned
8110,Jared Nunez,Bronze,MA,2024-03-18,5,288.0,Churned
8385,Rachel Wolf,Silver,NJ,2024-03-18,10,288.0,Churned
8464,Brooke Gregory,Platinum,GA,2024-03-18,10,288.0,Churned
9181,Patricia Rosales,Silver,NJ,2024-03-18,5,288.0,Churned
9758,Ryan Lewis,Bronze,AZ,2024-03-18,7,288.0,Churned
1446,Holly Nelson,Bronze,PA,2024-03-19,2,287.0,Churned
2445,Zachary Sanders,Platinum,TX,2024-03-19,9,287.0,Churned
3257,Tami Williams,Silver,IL,2024-03-19,8,287.0,Churned
3539,Thomas Williams,Bronze,MI,2024-03-19,6,287.0,Churned
3818,Alexander Martinez,Silver,VA,2024-03-19,7,287.0,Churned
5056,Susan Jordan,Gold,IN,2024-03-19,3,287.0,Churned
5460,Tonya Sheppard,Bronze,NJ,2024-03-19,9,287.0,Churned
6156,Alexis Moore,Silver,MO,2024-03-19,11,287.0,Churned
9543,Eric Lester,Silver,OH,2024-03-19,3,287.0,Churned
739,Collin Scott,Platinum,MO,2024-03-20,8,286.0,Churned
809,Andrea Fernandez,Bronze,OH,2024-03-20,7,286.0,Churned
1844,Dennis Rodriguez,Platinum,CA,2024-03-20,10,286.0,Churned
2454,Gregory Johnston,Silver,AZ,2024-03-20,5,286.0,Churned
6251,Dwayne Davis,Bronze,FL,2024-03-20,6,286.0,Churned
6339,James Green,Gold,GA,2024-03-20,11,286.0,Churned
8165,Shannon Rivera,Bronze,NJ,2024-03-20,5,286.0,Churned
8415,Brandon Johnson,Silver,FL,2024-03-20,8,286.0,Churned
8498,Aaron Roberts,Bronze,MA,2024-03-20,6,286.0,Churned
1961,Morgan Bailey,Bronze,IN,2024-03-21,1,285.0,Churned
2340,Randall Rios,Silver,MA,2024-03-21,3,285.0,Churned
4055,Matthew Choi,Silver,MI,2024-03-21,7,285.0,Churned
4090,Michael Stanley,Bronze,IN,2024-03-21,4,285.0,Churned
5035,Andrew Martinez,Bronze,TN,2024-03-21,7,285.0,Churned
5859,Paula Martin,Silver,PA,2024-03-21,9,285.0,Churned
7585,Alicia Moreno,Gold,NC,2024-03-21,8,285.0,Churned
7622,Melissa Sanchez,Bronze,CA,2024-03-21,9,285.0,Churned
8563,William Hall,Silver,WI,2024-03-21,4,285.0,Churned
8951,Ronald Mcneil,Platinum,CA,2024-03-21,6,285.0,Churned
116,Christina Ellis,Gold,NJ,2024-03-22,5,284.0,Churned
2677,David Morgan,Silver,PA,2024-03-22,7,284.0,Churned
4193,Luis Evans,Silver,WI,2024-03-22,4,284.0,Churned
4806,Susan Alexander,Silver,MO,2024-03-22,8,284.0,Churned
7963,Claire Greene,Bronze,OH,2024-03-22,7,284.0,Churned
8677,Rachel Hale,Bronze,CA,2024-03-22,6,284.0,Churned
4346,Rachel Gilbert,Bronze,MO,2024-03-23,8,283.0,Churned
4416,Darren Graves,Gold,FL,2024-03-23,8,283.0,Churned
4477,Brandi Alvarez,Gold,WA,2024-03-23,10,283.0,Churned
6294,Lindsay Chen,Silver,NJ,2024-03-23,6,283.0,Churned
6866,Alexandra White,Gold,MD,2024-03-23,9,283.0,Churned
7224,Dustin Krueger,Silver,NJ,2024-03-23,10,283.0,Churned
9624,Donna Garcia,Platinum,NC,2024-03-23,11,283.0,Churned
783,Alice Ross,Silver,TN,2024-03-24,5,282.0,Churned
975,Kathy Pitts,Silver,MA,2024-03-24,7,282.0,Churned
1871,David Walls,Silver,MA,2024-03-24,5,282.0,Churned
2085,Luke Gordon,Bronze,WI,2024-03-24,7,282.0,Churned
2631,Travis Miller,Silver,MD,2024-03-24,7,282.0,Churned
2798,Lisa Bowers,Silver,NJ,2024-03-24,6,282.0,Churned
4445,Katherine Lopez,Bronze,NC,2024-03-24,11,282.0,Churned
4992,Ian Collins,Silver,AZ,2024-03-24,5,282.0,Churned
5491,William Alvarado,Gold,MA,2024-03-24,6,282.0,Churned
5734,Daniel Weber,Bronze,AZ,2024-03-24,7,282.0,Churned
6307,Deanna Johnson,Bronze,OH,2024-03-24,5,282.0,Churned
6314,William Dougherty,Bronze,TN,2024-03-24,7,282.0,Churned
7033,Ronald Lee,Bronze,CA,2024-03-24,5,282.0,Churned
7333,Keith Hall,Gold,WA,2024-03-24,4,282.0,Churned
7506,Amanda Jones,Bronze,VA,2024-03-24,8,282.0,Churned
8598,Michael Glass,Bronze,NC,2024-03-24,7,282.0,Churned
986,Andrew Craig,Gold,WA,2024-03-25,7,281.0,Churned
2275,Robert Hanson,Silver,TN,2024-03-25,6,281.0,Churned
3149,Derek Baker,Bronze,WA,2024-03-25,4,281.0,Churned
5178,Jean Morrow,Gold,NY,2024-03-25,6,281.0,Churned
5977,Amanda Oliver,Silver,IL,2024-03-25,4,281.0,Churned
7165,David Brown,Platinum,WA,2024-03-25,6,281.0,Churned
8730,Jennifer Edwards,Platinum,IL,2024-03-25,13,281.0,Churned
9848,Craig House,Platinum,WA,2024-03-25,10,281.0,Churned
1697,Chad Cox,Silver,TX,2024-03-26,8,280.0,Churned
2807,Travis Santos,Bronze,AZ,2024-03-26,9,280.0,Churned
3049,Lori Castro,Silver,WA,2024-03-26,8,280.0,Churned
3939,Tanya Adams,Bronze,NJ,2024-03-26,7,280.0,Churned
5416,Matthew Howell,Gold,MA,2024-03-26,6,280.0,Churned
6589,Kathleen Thomas,Silver,IN,2024-03-26,9,280.0,Churned
7144,Nicholas Jacobs,Gold,IL,2024-03-26,7,280.0,Churned
7394,Clifford Myers,Gold,FL,2024-03-26,7,280.0,Churned
9192,Robert Davis,Platinum,MA,2024-03-26,5,280.0,Churned
9598,Mark Rojas,Gold,WI,2024-03-26,7,280.0,Churned
1269,Kara Wheeler,Silver,WI,2024-03-27,6,279.0,Churned
1557,Yolanda Meyer,Bronze,PA,2024-03-27,6,279.0,Churned
1962,Robert Sweeney,Bronze,MD,2024-03-27,3,279.0,Churned
2112,Briana Butler,Bronze,FL,2024-03-27,3,279.0,Churned
2292,Heather Bell,Bronze,MA,2024-03-27,3,279.0,Churned
4259,Brittney Noble,Gold,GA,2024-03-27,7,279.0,Churned
5059,Vincent Wagner,Platinum,IL,2024-03-27,7,279.0,Churned
5533,Leslie Noble,Bronze,IN,2024-03-27,8,279.0,Churned
6375,Rebecca Watson,Platinum,WA,2024-03-27,8,279.0,Churned
6559,James Burnett,Silver,MI,2024-03-27,10,279.0,Churned
7435,Amy Wilson,Platinum,GA,2024-03-27,5,279.0,Churned
7595,Amber Mercer,Bronze,WI,2024-03-27,8,279.0,Churned
7724,Joseph Buchanan,Gold,VA,2024-03-27,4,279.0,Churned
8405,Sarah Richardson,Gold,PA,2024-03-27,13,279.0,Churned
8676,Benjamin Johnson,Bronze,MD,2024-03-27,7,279.0,Churned
461,Linda Thomas,Bronze,WI,2024-03-28,7,278.0,Churned
2058,Brendan Henderson,Silver,NY,2024-03-28,6,278.0,Churned
2522,Donna Hardy,Silver,WI,2024-03-28,5,278.0,Churned
3481,Dawn Jimenez,Silver,FL,2024-03-28,3,278.0,Churned
5562,Vickie Holmes,Bronze,TN,2024-03-28,4,278.0,Churned
5709,Melinda Shepard,Bronze,AZ,2024-03-28,7,278.0,Churned
9628,Mark Stevens,Gold,PA,2024-03-28,9,278.0,Churned
1596,Chelsea Jackson,Bronze,WA,2024-03-29,4,277.0,Churned
2553,Carolyn Smith,Silver,TX,2024-03-29,4,277.0,Churned
2774,Kevin Clay,Bronze,WA,2024-03-29,2,277.0,Churned
4543,Robert Gray,Bronze,NY,2024-03-29,5,277.0,Churned
5934,Lucas Gonzalez,Silver,WA,2024-03-29,3,277.0,Churned
7508,Rebecca Scott,Silver,FL,2024-03-29,7,277.0,Churned
9273,Helen Carpenter,Silver,WI,2024-03-29,9,277.0,Churned
993,Amy Kirby,Bronze,CA,2024-03-30,6,276.0,Churned
2379,Jonathan Martin,Bronze,MD,2024-03-30,4,276.0,Churned
4361,Martin Scott,Gold,OH,2024-03-30,5,276.0,Churned
4811,Zachary Diaz,Gold,NC,2024-03-30,8,276.0,Churned
6092,Zachary Black,Silver,MD,2024-03-30,4,276.0,Churned
7422,Benjamin Cantu,Silver,CA,2024-03-30,5,276.0,Churned
7551,Rachel Norris,Silver,WA,2024-03-30,6,276.0,Churned
8184,Erica Lee,Bronze,WA,2024-03-30,6,276.0,Churned
8451,Lindsay Carrillo,Gold,OH,2024-03-30,4,276.0,Churned
8539,Lorraine Neal,Silver,TX,2024-03-30,9,276.0,Churned
9551,Beth Brown,Bronze,IN,2024-03-30,9,276.0,Churned
362,Lori Burns,Platinum,OH,2024-03-31,6,275.0,Churned
1554,Jessica Johns,Bronze,VA,2024-03-31,7,275.0,Churned
2302,William Taylor,Bronze,WI,2024-03-31,9,275.0,Churned
2725,Richard Perry,Gold,IN,2024-03-31,5,275.0,Churned
3107,Angela Watts,Bronze,MD,2024-03-31,9,275.0,Churned
3538,Kyle Newman,Bronze,FL,2024-03-31,7,275.0,Churned
4958,Laura Kennedy,Bronze,MI,2024-03-31,6,275.0,Churned
5044,Gregory Oconnor,Silver,MD,2024-03-31,3,275.0,Churned
6240,Emily Campbell,Bronze,WI,2024-03-31,7,275.0,Churned
7196,Karl Peterson,Silver,IL,2024-03-31,10,275.0,Churned
8146,David Moss,Silver,IL,2024-03-31,8,275.0,Churned
330,Renee Long,Bronze,TN,2024-04-01,11,274.0,Churned
2380,Sherry Williams,Gold,WA,2024-04-01,5,274.0,Churned
3703,James Lewis,Silver,IL,2024-04-01,9,274.0,Churned
6626,Jamie Williams,Platinum,NC,2024-04-01,7,274.0,Churned
2346,Elizabeth Wilson,Bronze,NY,2024-04-02,5,273.0,Churned
2959,Ryan Johnson,Bronze,NJ,2024-04-02,13,273.0,Churned
5528,Juan Harris,Bronze,NY,2024-04-02,5,273.0,Churned
5857,Mary Lee,Bronze,AZ,2024-04-02,4,273.0,Churned
6107,Andrew Oliver,Bronze,NJ,2024-04-02,14,273.0,Churned
6695,Caleb Reese,Bronze,IN,2024-04-02,3,273.0,Churned
6984,Kyle West,Bronze,PA,2024-04-02,9,273.0,Churned
7620,Vickie Davis,Silver,MD,2024-04-02,8,273.0,Churned
38,Gabriel Parker,Silver,MO,2024-04-03,7,272.0,Churned
590,Sarah Kennedy,Bronze,GA,2024-04-03,4,272.0,Churned
1298,Amanda Butler,Bronze,PA,2024-04-03,4,272.0,Churned
1617,Steven Henry,Bronze,FL,2024-04-03,7,272.0,Churned
2216,Alexis Olson,Gold,MO,2024-04-03,9,272.0,Churned
2242,Charles Benjamin,Silver,NY,2024-04-03,8,272.0,Churned
3583,Elizabeth Jones,Bronze,PA,2024-04-03,5,272.0,Churned
5443,Gary Sanchez,Platinum,NC,2024-04-03,10,272.0,Churned
6422,Carlos Tapia,Silver,NC,2024-04-03,5,272.0,Churned
6601,Austin Johnson,Bronze,TX,2024-04-03,6,272.0,Churned
7369,Ralph Ashley,Gold,WA,2024-04-03,6,272.0,Churned
8261,Savannah Williams,Gold,IL,2024-04-03,8,272.0,Churned
8910,Rachel Davis,Bronze,MO,2024-04-03,6,272.0,Churned
9154,Crystal Sanders,Silver,IN,2024-04-03,3,272.0,Churned
9159,Leslie Ponce,Bronze,WA,2024-04-03,5,272.0,Churned
9602,Tammy Griffith,Platinum,IN,2024-04-03,9,272.0,Churned
9912,Amy Delgado,Gold,WI,2024-04-03,5,272.0,Churned
31,Marcus Sanchez,Silver,WA,2024-04-04,6,271.0,Churned
247,Anthony Miller,Bronze,MI,2024-04-04,6,271.0,Churned
1297,Eric Butler,Bronze,WA,2024-04-04,5,271.0,Churned
1633,Michael Lara,Bronze,MI,2024-04-04,4,271.0,Churned
1836,Kayla Lawson,Bronze,NY,2024-04-04,9,271.0,Churned
2465,Phillip Lewis,Platinum,IL,2024-04-04,7,271.0,Churned
3154,Kenneth Lopez,Platinum,OH,2024-04-04,7,271.0,Churned
3397,Elizabeth Thomas,Silver,IL,2024-04-04,6,271.0,Churned
3525,Elizabeth Edwards,Silver,VA,2024-04-04,5,271.0,Churned
3917,Paul Duncan,Bronze,MI,2024-04-04,8,271.0,Churned
4312,Danielle Lee,Bronze,NJ,2024-04-04,6,271.0,Churned
6937,Jamie Odonnell,Bronze,WI,2024-04-04,8,271.0,Churned
8626,Jose Jones,Bronze,NY,2024-04-04,5,271.0,Churned
1894,Leslie Gonzalez,Silver,TX,2024-04-05,11,270.0,Churned
2868,Lisa Lynch,Silver,WI,2024-04-05,7,270.0,Churned
3755,Brooke Gray,Silver,WA,2024-04-05,8,270.0,Churned
4430,Melissa Mcdonald,Bronze,GA,2024-04-05,7,270.0,Churned
4551,Jennifer Delacruz,Silver,VA,2024-04-05,4,270.0,Churned
5189,Miranda Davis,Bronze,MA,2024-04-05,4,270.0,Churned
7375,Timothy Hernandez,Silver,WI,2024-04-05,7,270.0,Churned
7582,Joshua White,Bronze,MO,2024-04-05,12,270.0,Churned
8565,David Wolf,Bronze,MA,2024-04-05,9,270.0,Churned
9676,Timothy Miller,Bronze,NJ,2024-04-05,2,270.0,Churned
241,Alexander Benson,Bronze,NC,2024-04-06,10,269.0,Churned
399,Jason Kelly,Silver,IL,2024-04-06,5,269.0,Churned
958,Martha Anthony,Silver,WA,2024-04-06,11,269.0,Churned
1979,Christie Wilson,Bronze,NY,2024-04-06,7,269.0,Churned
2532,Lorraine Sanchez,Silver,FL,2024-04-06,7,269.0,Churned
3023,Adam Simpson,Silver,AZ,2024-04-06,5,269.0,Churned
3041,Michael Giles,Bronze,MO,2024-04-06,4,269.0,Churned
6765,Susan Hammond,Gold,CA,2024-04-06,7,269.0,Churned
6920,Andrew Johnson,Bronze,AZ,2024-04-06,11,269.0,Churned
7147,Tammy Chang,Silver,FL,2024-04-06,9,269.0,Churned
7325,Robin Ford,Silver,PA,2024-04-06,5,269.0,Churned
8818,Stefanie Davis,Bronze,MO,2024-04-06,9,269.0,Churned
9114,Anthony Cook,Bronze,IL,2024-04-06,5,269.0,Churned
9388,Austin Thomas,Bronze,MD,2024-04-06,14,269.0,Churned
386,Robert Ballard,Gold,TN,2024-04-07,9,268.0,Churned
667,Kenneth Norris,Bronze,TX,2024-04-07,7,268.0,Churned
1185,Brian Thompson,Platinum,TN,2024-04-07,7,268.0,Churned
2326,Shawn Garcia,Platinum,OH,2024-04-07,5,268.0,Churned
4126,Amber Perez,Bronze,PA,2024-04-07,9,268.0,Churned
5154,Sarah Fletcher,Silver,CA,2024-04-07,5,268.0,Churned
5196,Christopher Ramirez,Silver,MO,2024-04-07,6,268.0,Churned
5643,Denise Shah,Silver,PA,2024-04-07,5,268.0,Churned
8143,Sean Evans,Silver,AZ,2024-04-07,6,268.0,Churned
8476,Jose Ponce,Silver,MI,2024-04-07,8,268.0,Churned
8899,Ashlee Molina,Bronze,TN,2024-04-07,3,268.0,Churned
9274,Christine Green,Bronze,WA,2024-04-07,5,268.0,Churned
9536,Ethan Johnson,Bronze,IL,2024-04-07,6,268.0,Churned
1880,Arthur Cohen,Bronze,OH,2024-04-08,8,267.0,Churned
2467,Karla Adkins,Bronze,NY,2024-04-08,4,267.0,Churned
6198,Samantha Miller,Gold,TN,2024-04-08,11,267.0,Churned
7215,Jeffery Edwards,Gold,MI,2024-04-08,1,267.0,Churned
8233,Christina Mccarthy,Bronze,TN,2024-04-08,10,267.0,Churned
8291,Marissa Russell,Platinum,MA,2024-04-08,6,267.0,Churned
8503,Jessica Flynn,Gold,GA,2024-04-08,5,267.0,Churned
8542,Robert Russell,Bronze,IL,2024-04-08,4,267.0,Churned
8964,Kimberly Orr,Gold,PA,2024-04-08,7,267.0,Churned
9012,James Jordan,Bronze,WI,2024-04-08,9,267.0,Churned
13,Rodney Bernard,Platinum,WA,2024-04-09,10,266.0,Churned
571,Jeffrey Smith,Gold,CA,2024-04-09,7,266.0,Churned
3679,John Gibson,Bronze,TX,2024-04-09,4,266.0,Churned
4063,Donna Rogers,Platinum,WI,2024-04-09,7,266.0,Churned
4601,Christopher Dunlap,Silver,MO,2024-04-09,5,266.0,Churned
4871,Sergio Baker,Bronze,TX,2024-04-09,10,266.0,Churned
5405,Mckenzie Rivers,Bronze,NJ,2024-04-09,5,266.0,Churned
6704,Angela Thomas,Silver,TN,2024-04-09,13,266.0,Churned
6908,Elizabeth Spencer,Silver,MA,2024-04-09,8,266.0,Churned
7815,Laura Mueller,Bronze,NJ,2024-04-09,5,266.0,Churned
8737,Michael Johns,Bronze,GA,2024-04-09,8,266.0,Churned
8956,Michael Nielsen,Gold,MO,2024-04-09,5,266.0,Churned
15,Charles Lewis,Silver,NC,2024-04-10,10,265.0,Churned
1486,Kathleen Berry,Bronze,VA,2024-04-10,6,265.0,Churned
1739,Donna Johnson,Bronze,OH,2024-04-10,9,265.0,Churned
1947,Cameron Fletcher,Gold,AZ,2024-04-10,11,265.0,Churned
2752,Christian Spears,Silver,MA,2024-04-10,2,265.0,Churned
3470,Jennifer Sparks,Bronze,NJ,2024-04-10,6,265.0,Churned
4005,Jill Wiggins,Bronze,VA,2024-04-10,7,265.0,Churned
4754,Thomas Davidson,Bronze,OH,2024-04-10,8,265.0,Churned
6076,Stephanie Schwartz,Bronze,CA,2024-04-10,3,265.0,Churned
6990,Joanna Ochoa,Bronze,NJ,2024-04-10,12,265.0,Churned
7837,Amber Carter,Gold,WA,2024-04-10,3,265.0,Churned
7861,Mia Brown,Bronze,MA,2024-04-10,3,265.0,Churned
9487,David White,Bronze,IN,2024-04-10,9,265.0,Churned
766,Dylan Cunningham,Gold,IL,2024-04-11,3,264.0,Churned
1551,Lori Eaton,Gold,WA,2024-04-11,3,264.0,Churned
1747,Pamela Baker,Platinum,IL,2024-04-11,6,264.0,Churned
1785,John Wood,Bronze,IL,2024-04-11,5,264.0,Churned
1931,Phillip Martinez,Bronze,TN,2024-04-11,8,264.0,Churned
3741,Emily Quinn,Platinum,WI,2024-04-11,9,264.0,Churned
5192,Theresa Miller,Silver,MI,2024-04-11,5,264.0,Churned
8000,Richard Gardner,Gold,IN,2024-04-11,11,264.0,Churned
8262,Taylor Wagner,Bronze,FL,2024-04-11,6,264.0,Churned
8489,Erin Stewart,Gold,IN,2024-04-11,6,264.0,Churned
769,Corey Rivas,Bronze,NY,2024-04-12,6,263.0,Churned
1197,Barbara Johnson,Silver,TN,2024-04-12,15,263.0,Churned
3988,Tami Porter,Bronze,WA,2024-04-12,4,263.0,Churned
4641,Miranda Richardson,Silver,AZ,2024-04-12,7,263.0,Churned
4743,Cathy Villarreal,Silver,PA,2024-04-12,9,263.0,Churned
197,Desiree Hernandez,Gold,MO,2024-04-13,10,262.0,Churned
1151,Nathan Cook,Gold,NJ,2024-04-13,1,262.0,Churned
1198,Michelle Thomas,Silver,WA,2024-04-13,7,262.0,Churned
2078,Gregory Sanchez,Bronze,AZ,2024-04-13,5,262.0,Churned
5107,Jack Mcclain,Bronze,TN,2024-04-13,10,262.0,Churned
5647,David Cruz,Bronze,NY,2024-04-13,9,262.0,Churned
6297,Dawn Phelps,Gold,OH,2024-04-13,7,262.0,Churned
6522,Gabriela Cole,Platinum,NY,2024-04-13,6,262.0,Churned
6779,Joshua Moran,Silver,AZ,2024-04-13,6,262.0,Churned
7391,Carol Bennett,Bronze,MA,2024-04-13,10,262.0,Churned
9268,Raven Arnold,Silver,NC,2024-04-13,5,262.0,Churned
300,Rebecca Bauer,Bronze,GA,2024-04-14,10,261.0,Churned
655,Joshua Lee,Gold,NY,2024-04-14,7,261.0,Churned
1803,Nicole Brown,Bronze,MO,2024-04-14,8,261.0,Churned
1851,Benjamin Lopez,Silver,OH,2024-04-14,12,261.0,Churned
2114,Victoria Roth,Bronze,WI,2024-04-14,8,261.0,Churned
2687,Chase Miller,Silver,NC,2024-04-14,4,261.0,Churned
4233,Amanda Ochoa,Gold,TN,2024-04-14,9,261.0,Churned
6459,Zachary Martin,Silver,MD,2024-04-14,5,261.0,Churned
7045,Courtney Martinez,Silver,VA,2024-04-14,8,261.0,Churned
7801,Roy Owens,Gold,FL,2024-04-14,8,261.0,Churned
9866,Julia Jones,Silver,NJ,2024-04-14,6,261.0,Churned
729,Sarah Collins,Platinum,IL,2024-04-15,8,260.0,Churned
760,Alyssa Cooper,Bronze,MO,2024-04-15,8,260.0,Churned
2008,Julie Martinez,Silver,MO,2024-04-15,5,260.0,Churned
2431,Andrew Ball,Platinum,NJ,2024-04-15,7,260.0,Churned
3356,Sandra Martinez,Gold,IN,2024-04-15,8,260.0,Churned
3403,Cynthia Cortez,Bronze,WA,2024-04-15,2,260.0,Churned
3554,Diane Bauer,Platinum,WI,2024-04-15,11,260.0,Churned
4659,Lauren Jennings,Gold,NJ,2024-04-15,7,260.0,Churned
4879,Erica Turner,Bronze,GA,2024-04-15,9,260.0,Churned
5373,Angela Mcpherson,Bronze,MI,2024-04-15,12,260.0,Churned
5741,David Burns,Bronze,MD,2024-04-15,7,260.0,Churned
7492,Laura Robinson,Silver,IL,2024-04-15,7,260.0,Churned
8444,Megan Smith,Bronze,VA,2024-04-15,11,260.0,Churned
9042,Jonathan Boyd,Gold,MI,2024-04-15,6,260.0,Churned
34,Kevin Erickson,Gold,IL,2024-04-16,4,259.0,Churned
1720,Antonio Moran,Bronze,WA,2024-04-16,6,259.0,Churned
1930,Michael Griffin,Bronze,WI,2024-04-16,8,259.0,Churned
2022,Joshua Sexton,Bronze,NJ,2024-04-16,5,259.0,Churned
3493,James Williams,Bronze,NJ,2024-04-16,8,259.0,Churned
3623,Michele Simmons,Gold,MO,2024-04-16,3,259.0,Churned
4183,Janice Burgess,Silver,MI,2024-04-16,9,259.0,Churned
4442,Jennifer Holland,Bronze,AZ,2024-04-16,7,259.0,Churned
4600,Michael Smith,Silver,IL,2024-04-16,4,259.0,Churned
5323,John Alvarez,Silver,CA,2024-04-16,6,259.0,Churned
5723,Leonard Carlson,Platinum,NC,2024-04-16,9,259.0,Churned
6366,James Elliott,Bronze,FL,2024-04-16,6,259.0,Churned
9054,Donald Beasley,Bronze,GA,2024-04-16,8,259.0,Churned
9975,Brandy Logan,Bronze,FL,2024-04-16,4,259.0,Churned
1564,Elizabeth Mullins,Gold,OH,2024-04-17,5,258.0,Churned
1753,Joseph Miles,Bronze,VA,2024-04-17,8,258.0,Churned
1991,Michael Monroe,Bronze,WA,2024-04-17,9,258.0,Churned
4951,Randall Gregory,Bronze,OH,2024-04-17,2,258.0,Churned
8279,Robin Watkins,Bronze,NJ,2024-04-17,6,258.0,Churned
1130,Sean Brown,Silver,OH,2024-04-18,5,257.0,Churned
1612,Shannon Cole,Bronze,NC,2024-04-18,8,257.0,Churned
2146,Jason Andrews,Gold,WA,2024-04-18,4,257.0,Churned
5778,Diana Ross,Platinum,NJ,2024-04-18,5,257.0,Churned
5810,Matthew Abbott,Silver,IL,2024-04-18,5,257.0,Churned
6374,Jessica Patel,Silver,FL,2024-04-18,8,257.0,Churned
6530,Keith Dodson,Silver,PA,2024-04-18,4,257.0,Churned
7473,Samantha Vargas,Silver,OH,2024-04-18,8,257.0,Churned
7673,Michele Hall,Platinum,NY,2024-04-18,4,257.0,Churned
9389,Andrew Liu,Bronze,MA,2024-04-18,11,257.0,Churned
9466,Curtis Jackson,Silver,WA,2024-04-18,9,257.0,Churned
253,Shawn Ramos,Bronze,NY,2024-04-19,7,256.0,Churned
2991,Maria Long,Gold,TX,2024-04-19,7,256.0,Churned
3091,Jessica Tran,Bronze,TX,2024-04-19,7,256.0,Churned
3450,Heather Davis,Silver,MD,2024-04-19,7,256.0,Churned
3835,Amanda Anderson,Gold,OH,2024-04-19,7,256.0,Churned
3886,Peter Sweeney,Bronze,MA,2024-04-19,3,256.0,Churned
6346,Frank Dunn,Gold,OH,2024-04-19,6,256.0,Churned
8314,Lisa Barrett,Bronze,MI,2024-04-19,5,256.0,Churned
8659,Kenneth Gomez,Bronze,MA,2024-04-19,8,256.0,Churned
9566,David Hansen,Bronze,GA,2024-04-19,5,256.0,Churned
1013,Samuel Vaughn,Silver,GA,2024-04-20,7,255.0,Churned
2524,Danielle Morris,Bronze,MI,2024-04-20,7,255.0,Churned
2937,Patricia Morrison,Silver,TX,2024-04-20,6,255.0,Churned
3304,David Bernard,Silver,IN,2024-04-20,8,255.0,Churned
5117,Joseph Bennett,Silver,GA,2024-04-20,4,255.0,Churned
6905,Crystal Nicholson,Platinum,FL,2024-04-20,7,255.0,Churned
8160,Brian Morgan,Silver,FL,2024-04-20,11,255.0,Churned
1819,Victor Miller,Bronze,NJ,2024-04-21,8,254.0,Churned
2958,Lisa Smith,Silver,FL,2024-04-21,10,254.0,Churned
6543,Donald Long,Bronze,PA,2024-04-21,8,254.0,Churned
6592,Aaron Barnes,Bronze,WA,2024-04-21,9,254.0,Churned
8029,Randall Miller,Bronze,GA,2024-04-21,5,254.0,Churned
8432,Michael Chase,Bronze,CA,2024-04-21,5,254.0,Churned
9673,Nathan Peck,Platinum,TX,2024-04-21,10,254.0,Churned
851,Keith Lowery,Bronze,NY,2024-04-22,11,253.0,Churned
1437,Melvin Hayes,Gold,GA,2024-04-22,7,253.0,Churned
1458,Joseph Reed,Bronze,MD,2024-04-22,6,253.0,Churned
1817,Paul Vasquez,Bronze,TN,2024-04-22,7,253.0,Churned
1964,John Morgan,Gold,VA,2024-04-22,11,253.0,Churned
2303,Daniel Ramirez,Bronze,TN,2024-04-22,13,253.0,Churned
2410,Stacey Sanchez,Bronze,MI,2024-04-22,4,253.0,Churned
2544,Dalton Cox,Silver,NY,2024-04-22,5,253.0,Churned
3819,Tonya Davis,Gold,NC,2024-04-22,7,253.0,Churned
4989,Rebecca Barajas,Bronze,TN,2024-04-22,9,253.0,Churned
5144,Jennifer George,Gold,OH,2024-04-22,7,253.0,Churned
5275,Gary Mccarty,Silver,IL,2024-04-22,4,253.0,Churned
6113,Amanda Brooks,Silver,NC,2024-04-22,6,253.0,Churned
6274,Tyler Grant,Bronze,IN,2024-04-22,9,253.0,Churned
7611,Matthew Payne,Bronze,OH,2024-04-22,7,253.0,Churned
7877,Kenneth Contreras,Bronze,WI,2024-04-22,2,253.0,Churned
66,Toni Miller,Bronze,MO,2024-04-23,8,252.0,Churned
293,Ronald Foster,Silver,MO,2024-04-23,6,252.0,Churned
3794,Charles Hernandez,Bronze,TN,2024-04-23,8,252.0,Churned
4884,Mark Rogers,Bronze,GA,2024-04-23,7,252.0,Churned
8650,Tiffany Perry,Bronze,IL,2024-04-23,6,252.0,Churned
8925,Elizabeth Avila,Silver,AZ,2024-04-23,6,252.0,Churned
9134,Michelle Rodriguez,Gold,VA,2024-04-23,3,252.0,Churned
9632,Eric Sanchez,Bronze,VA,2024-04-23,10,252.0,Churned
896,Sarah Rhodes,Platinum,MA,2024-04-24,3,251.0,Churned
1544,William Baker,Bronze,IL,2024-04-24,8,251.0,Churned
3533,Cody Stewart,Bronze,NJ,2024-04-24,8,251.0,Churned
3643,Richard Hamilton,Bronze,WA,2024-04-24,7,251.0,Churned
3673,Katherine Hamilton,Silver,PA,2024-04-24,6,251.0,Churned
3782,Christopher Petersen,Bronze,PA,2024-04-24,7,251.0,Churned
3852,Colton Snyder,Bronze,TX,2024-04-24,6,251.0,Churned
4920,Crystal Rangel,Bronze,OH,2024-04-24,4,251.0,Churned
5678,George Rios,Silver,MI,2024-04-24,6,251.0,Churned
6105,Kirsten Stewart,Gold,OH,2024-04-24,6,251.0,Churned
6882,David Ortiz,Bronze,CA,2024-04-24,6,251.0,Churned
7093,Jeremy Smith,Silver,WA,2024-04-24,8,251.0,Churned
7257,Angela Walker,Bronze,VA,2024-04-24,11,251.0,Churned
8529,David Hernandez,Gold,MD,2024-04-24,7,251.0,Churned
9467,Tamara Heath,Silver,VA,2024-04-24,9,251.0,Churned
555,Christopher Stewart,Silver,MI,2024-04-25,7,250.0,Churned
1949,Nathan Hubbard,Bronze,AZ,2024-04-25,11,250.0,Churned
2306,Ricky Rogers,Silver,AZ,2024-04-25,7,250.0,Churned
3757,Alyssa Olson,Bronze,TN,2024-04-25,8,250.0,Churned
4338,John Rice,Silver,MA,2024-04-25,6,250.0,Churned
4364,Kayla Wright,Silver,WI,2024-04-25,3,250.0,Churned
4633,Robert Mcdaniel,Silver,WI,2024-04-25,6,250.0,Churned
6405,Cynthia Brock,Bronze,IN,2024-04-25,9,250.0,Churned
8545,Steven Chen,Bronze,FL,2024-04-25,6,250.0,Churned
8627,Jay Day,Bronze,CA,2024-04-25,7,250.0,Churned
223,Carla Robles,Silver,IN,2024-04-26,5,249.0,Churned
2030,Kristopher Powers,Silver,CA,2024-04-26,7,249.0,Churned
2831,Ruben Fernandez,Platinum,VA,2024-04-26,7,249.0,Churned
3756,Darin Sloan,Bronze,NJ,2024-04-26,8,249.0,Churned
3881,Sara Wells,Platinum,IL,2024-04-26,9,249.0,Churned
4248,Jennifer Higgins,Gold,AZ,2024-04-26,5,249.0,Churned
7177,Lawrence Keller,Gold,MD,2024-04-26,6,249.0,Churned
503,Collin Harris,Platinum,AZ,2024-04-27,3,248.0,Churned
736,Rachel King,Bronze,NJ,2024-04-27,7,248.0,Churned
1509,Paul Crane,Silver,MO,2024-04-27,6,248.0,Churned
1632,Christopher Thompson,Bronze,IN,2024-04-27,7,248.0,Churned
1781,Austin Wyatt,Silver,MD,2024-04-27,4,248.0,Churned
1820,Michael Rodriguez,Platinum,MO,2024-04-27,5,248.0,Churned
1986,Christine Walker,Bronze,CA,2024-04-27,5,248.0,Churned
2523,Teresa Bryant,Gold,NJ,2024-04-27,8,248.0,Churned
3195,Deanna Mckinney,Silver,NJ,2024-04-27,2,248.0,Churned
3251,Michael Shaffer,Bronze,OH,2024-04-27,7,248.0,Churned
3277,Barbara Cohen,Bronze,NY,2024-04-27,10,248.0,Churned
3845,Amanda Rivera,Gold,FL,2024-04-27,6,248.0,Churned
4495,Kevin Meyer,Silver,IN,2024-04-27,8,248.0,Churned
8544,Wayne Juarez,Bronze,PA,2024-04-27,9,248.0,Churned
9661,Jonathan Wright,Gold,IN,2024-04-27,5,248.0,Churned
129,Zachary Ramirez,Platinum,TX,2024-04-28,8,247.0,Churned
758,Jennifer Warren,Silver,TX,2024-04-28,3,247.0,Churned
991,Sheila Hernandez,Gold,PA,2024-04-28,8,247.0,Churned
1426,Tara Smith,Silver,WA,2024-04-28,5,247.0,Churned
1809,Aaron Crosby,Bronze,CA,2024-04-28,5,247.0,Churned
2065,James Walker,Platinum,NJ,2024-04-28,6,247.0,Churned
2728,Sean Schneider,Platinum,IN,2024-04-28,7,247.0,Churned
2886,Leah Myers,Silver,MA,2024-04-28,2,247.0,Churned
2978,Katherine Yang,Bronze,IN,2024-04-28,8,247.0,Churned
3068,Matthew Myers,Bronze,VA,2024-04-28,5,247.0,Churned
5009,Veronica Owens,Bronze,CA,2024-04-28,7,247.0,Churned
5112,Emily Rich,Silver,NY,2024-04-28,10,247.0,Churned
5372,Nicholas Brock,Bronze,FL,2024-04-28,8,247.0,Churned
8311,Marisa Smith,Silver,TN,2024-04-28,9,247.0,Churned
8664,Jason Bridges,Gold,GA,2024-04-28,8,247.0,Churned
8900,Jeremy Moore,Platinum,VA,2024-04-28,5,247.0,Churned
9300,Lisa Le,Silver,MA,2024-04-28,7,247.0,Churned
9731,Brenda Hart,Bronze,MI,2024-04-28,8,247.0,Churned
9888,Darrell Huynh,Silver,FL,2024-04-28,7,247.0,Churned
9895,Nicole Hamilton,Silver,MI,2024-04-28,6,247.0,Churned
74,Theresa Jones,Bronze,WI,2024-04-29,8,246.0,Churned
194,Douglas White,Bronze,MI,2024-04-29,12,246.0,Churned
3656,Kevin Jackson,Silver,TX,2024-04-29,5,246.0,Churned
3933,Katie Powell,Platinum,FL,2024-04-29,6,246.0,Churned
4141,James Haynes,Silver,TX,2024-04-29,7,246.0,Churned
5585,Lauren Chavez,Bronze,NC,2024-04-29,12,246.0,Churned
5800,Valerie Bell,Silver,NY,2024-04-29,8,246.0,Churned
5883,Megan Ramirez,Silver,MA,2024-04-29,4,246.0,Churned
6568,Laura Wagner,Bronze,NC,2024-04-29,4,246.0,Churned
7693,Sarah Perry,Silver,IL,2024-04-29,7,246.0,Churned
3227,Felicia Powers,Gold,IN,2024-04-30,12,245.0,Churned
3909,Mark Lewis,Silver,WA,2024-04-30,8,245.0,Churned
4689,Sierra Davis,Silver,FL,2024-04-30,7,245.0,Churned
5295,Kenneth Smith,Bronze,WI,2024-04-30,6,245.0,Churned
5551,John Paul,Bronze,IL,2024-04-30,10,245.0,Churned
5690,Michael Burton,Bronze,PA,2024-04-30,4,245.0,Churned
6413,Steven Bryan,Bronze,MA,2024-04-30,9,245.0,Churned
7738,Christopher Nunez,Platinum,NC,2024-04-30,8,245.0,Churned
9311,Collin Ramsey,Bronze,VA,2024-04-30,4,245.0,Churned
9338,Michael Mclaughlin,Bronze,GA,2024-04-30,10,245.0,Churned
9354,John Baker,Platinum,MO,2024-04-30,6,245.0,Churned
9560,Rachel Anderson,Bronze,NJ,2024-04-30,5,245.0,Churned
98,James Herrera,Bronze,MA,2024-05-01,5,244.0,Churned
1081,Jill Davis,Silver,NY,2024-05-01,5,244.0,Churned
1523,Rose Wise,Silver,VA,2024-05-01,5,244.0,Churned
2422,Jennifer Burns,Bronze,NJ,2024-05-01,6,244.0,Churned
3209,John Jackson,Bronze,OH,2024-05-01,9,244.0,Churned
4015,Miranda Simmons,Gold,MA,2024-05-01,6,244.0,Churned
4441,Carol Gutierrez,Bronze,TN,2024-05-01,7,244.0,Churned
5104,Amber Vazquez,Silver,CA,2024-05-01,6,244.0,Churned
5569,Kaitlyn Greene,Silver,IN,2024-05-01,3,244.0,Churned
6718,Rachel Hamilton,Bronze,OH,2024-05-01,13,244.0,Churned
7431,Thomas Schneider,Bronze,NC,2024-05-01,4,244.0,Churned
7820,Richard Young,Gold,WI,2024-05-01,4,244.0,Churned
8537,Nicole Ramirez,Silver,IL,2024-05-01,11,244.0,Churned
8562,Jennifer Jackson,Bronze,VA,2024-05-01,9,244.0,Churned
8970,Melinda Grant,Bronze,MA,2024-05-01,5,244.0,Churned
673,Jessica Fernandez,Silver,VA,2024-05-02,6,243.0,Churned
777,Nancy Ryan,Bronze,TN,2024-05-02,10,243.0,Churned
891,Vickie Nelson,Gold,OH,2024-05-02,7,243.0,Churned
1263,Lucas Davis,Bronze,NY,2024-05-02,3,243.0,Churned
2313,Hector Morrison,Bronze,MD,2024-05-02,6,243.0,Churned
3393,Jason Lowe,Silver,PA,2024-05-02,3,243.0,Churned
4614,Angela Blevins,Silver,PA,2024-05-02,11,243.0,Churned
6300,Michael Williams,Platinum,TN,2024-05-02,7,243.0,Churned
6418,Kyle Hernandez,Platinum,MI,2024-05-02,5,243.0,Churned
7434,Destiny Gilmore,Gold,MD,2024-05-02,8,243.0,Churned
7711,Andres Ruiz,Platinum,TX,2024-05-02,7,243.0,Churned
7938,Andrew Meyer,Platinum,IN,2024-05-02,6,243.0,Churned
8183,Eddie Floyd,Gold,IN,2024-05-02,7,243.0,Churned
8450,Julie Flores,Gold,IN,2024-05-02,10,243.0,Churned
8698,Kevin Hill,Platinum,NJ,2024-05-02,6,243.0,Churned
8729,Morgan Williams,Silver,MO,2024-05-02,13,243.0,Churned
8770,Leslie Guerra,Silver,TX,2024-05-02,7,243.0,Churned
9115,Michael Gutierrez,Bronze,VA,2024-05-02,5,243.0,Churned
9272,David Little,Gold,IL,2024-05-02,8,243.0,Churned
9521,John Castro,Bronze,CA,2024-05-02,4,243.0,Churned
9681,Stephanie Frank,Silver,FL,2024-05-02,6,243.0,Churned
9845,Kevin Ibarra,Gold,TN,2024-05-02,5,243.0,Churned
487,Shawn Moore,Bronze,MD,2024-05-03,8,242.0,Churned
1591,Anthony Butler,Bronze,TX,2024-05-03,7,242.0,Churned
1705,Michael Boyd,Platinum,IN,2024-05-03,4,242.0,Churned
1852,Michael Mills,Gold,AZ,2024-05-03,6,242.0,Churned
1906,Sherry Silva,Silver,IN,2024-05-03,9,242.0,Churned
2104,Charles Cooper,Bronze,IN,2024-05-03,10,242.0,Churned
2539,Margaret Brown,Silver,AZ,2024-05-03,3,242.0,Churned
4484,Brandon Nichols,Gold,TX,2024-05-03,6,242.0,Churned
4868,Gregory Bell,Bronze,OH,2024-05-03,7,242.0,Churned
5366,Michael Perry,Silver,MO,2024-05-03,8,242.0,Churned
6344,Brandon Murray,Bronze,MD,2024-05-03,4,242.0,Churned
7359,Todd Owen,Bronze,PA,2024-05-03,12,242.0,Churned
7443,Andrew Smith,Silver,TN,2024-05-03,8,242.0,Churned
7726,Melissa Mendoza,Gold,MA,2024-05-03,5,242.0,Churned
8052,Joan Soto,Gold,WI,2024-05-03,9,242.0,Churned
8527,Judith Cisneros,Silver,WI,2024-05-03,6,242.0,Churned
8975,Sherri Casey,Gold,TX,2024-05-03,6,242.0,Churned
9002,Valerie Graves,Platinum,MO,2024-05-03,5,242.0,Churned
9927,Jake Solomon,Silver,CA,2024-05-03,3,242.0,Churned
9939,Sharon Garcia,Bronze,IL,2024-05-03,7,242.0,Churned
691,Sarah Gibson,Gold,PA,2024-05-04,7,241.0,Churned
1595,Kelly Ramirez,Bronze,IN,2024-05-04,6,241.0,Churned
2075,Kimberly Jones,Gold,MA,2024-05-04,6,241.0,Churned
3686,Julia Sullivan,Bronze,IL,2024-05-04,9,241.0,Churned
3789,Cathy Hall,Bronze,WI,2024-05-04,7,241.0,Churned
4980,Anna Graves,Bronze,GA,2024-05-04,9,241.0,Churned
5310,Deborah Hayes,Bronze,AZ,2024-05-04,4,241.0,Churned
5406,William Mullins,Bronze,CA,2024-05-04,5,241.0,Churned
6098,Karen Lee,Silver,AZ,2024-05-04,5,241.0,Churned
7816,Frank Blankenship,Gold,IL,2024-05-04,9,241.0,Churned
7940,Monica Roth,Gold,VA,2024-05-04,9,241.0,Churned
8155,Jennifer Clayton,Silver,AZ,2024-05-04,9,241.0,Churned
750,Jessica Tran,Bronze,NJ,2024-05-05,7,240.0,Churned
1374,Lee Crawford,Platinum,GA,2024-05-05,5,240.0,Churned
2351,Dennis Garcia,Bronze,MO,2024-05-05,5,240.0,Churned
2564,Paul Gardner,Gold,CA,2024-05-05,6,240.0,Churned
5108,Angela Miller,Gold,MO,2024-05-05,6,240.0,Churned
5226,Melissa Pope,Bronze,CA,2024-05-05,5,240.0,Churned
7903,Kurt Harrison,Bronze,NJ,2024-05-05,7,240.0,Churned
8082,Patricia Kennedy,Silver,OH,2024-05-05,7,240.0,Churned
8854,Colleen Burton,Gold,AZ,2024-05-05,8,240.0,Churned
290,Zachary Jones,Bronze,TN,2024-05-06,7,239.0,Churned
920,Jaime Dominguez,Platinum,GA,2024-05-06,6,239.0,Churned
1581,Michelle Burton,Silver,WI,2024-05-06,8,239.0,Churned
2705,Nicole Graves,Bronze,MA,2024-05-06,3,239.0,Churned
3742,Amanda Chandler,Platinum,AZ,2024-05-06,7,239.0,Churned
4341,Daniel Allen,Bronze,MD,2024-05-06,8,239.0,Churned
4609,Rebecca Dean,Bronze,WI,2024-05-06,8,239.0,Churned
5264,Brian Armstrong,Silver,MO,2024-05-06,8,239.0,Churned
5415,Lynn Taylor,Gold,NJ,2024-05-06,9,239.0,Churned
5513,Amber Fernandez,Gold,AZ,2024-05-06,9,239.0,Churned
6057,Glenn Graham,Bronze,MI,2024-05-06,4,239.0,Churned
7357,Pamela Banks,Gold,MD,2024-05-06,8,239.0,Churned
7360,Linda Chapman,Silver,CA,2024-05-06,9,239.0,Churned
7527,Kyle Tyler,Gold,IN,2024-05-06,11,239.0,Churned
7627,John Branch,Silver,NC,2024-05-06,5,239.0,Churned
9934,Tracy Perkins,Gold,IN,2024-05-06,14,239.0,Churned
616,Melissa Cook,Gold,MI,2024-05-07,9,238.0,Churned
1587,Benjamin Snyder,Silver,FL,2024-05-07,6,238.0,Churned
2256,Nicholas Cox,Bronze,IN,2024-05-07,7,238.0,Churned
2282,Holly Cruz,Bronze,WA,2024-05-07,10,238.0,Churned
2839,Sheila Green,Bronze,MI,2024-05-07,4,238.0,Churned
3377,Phillip Rodriguez,Platinum,TN,2024-05-07,9,238.0,Churned
3446,Sara Reyes,Gold,WA,2024-05-07,5,238.0,Churned
4303,Heather Martin,Silver,TX,2024-05-07,7,238.0,Churned
4745,Traci Kelly,Bronze,WI,2024-05-07,8,238.0,Churned
6540,Chloe Ortiz,Platinum,NJ,2024-05-07,6,238.0,Churned
7255,Michael Hickman,Bronze,GA,2024-05-07,4,238.0,Churned
8220,Amanda Murray,Silver,NY,2024-05-07,10,238.0,Churned
9781,Jessica Garcia,Bronze,NC,2024-05-07,3,238.0,Churned
754,Katherine Cline,Bronze,NY,2024-05-08,8,237.0,Churned
1029,Trevor Weaver,Silver,NJ,2024-05-08,4,237.0,Churned
1316,Hailey Evans,Bronze,GA,2024-05-08,6,237.0,Churned
2166,Gail Garrison,Bronze,OH,2024-05-08,5,237.0,Churned
2701,Brian Alvarez,Gold,VA,2024-05-08,7,237.0,Churned
3832,Raymond Hunter,Silver,NC,2024-05-08,12,237.0,Churned
4026,Amber Giles,Platinum,WA,2024-05-08,3,237.0,Churned
4327,Christine Wilson,Bronze,NC,2024-05-08,11,237.0,Churned
6177,Willie Dunn,Bronze,GA,2024-05-08,9,237.0,Churned
6367,Linda Brock,Silver,MD,2024-05-08,6,237.0,Churned
6806,Jonathan Abbott,Bronze,IL,2024-05-08,7,237.0,Churned
7580,Heather Martinez,Bronze,IN,2024-05-08,5,237.0,Churned
7629,James Walker,Bronze,NY,2024-05-08,8,237.0,Churned
8776,Mark Goodman,Silver,TX,2024-05-08,4,237.0,Churned
9763,Samantha Jones,Silver,TN,2024-05-08,6,237.0,Churned
540,Richard Cardenas,Bronze,VA,2024-05-09,7,236.0,Churned
4881,Jeffrey Beard,Gold,OH,2024-05-09,6,236.0,Churned
5651,Clayton Farmer,Gold,WA,2024-05-09,5,236.0,Churned
5926,Alec Atkins,Platinum,VA,2024-05-09,6,236.0,Churned
8416,Stacey Santiago,Bronze,CA,2024-05-09,6,236.0,Churned
9455,Albert Moore,Bronze,FL,2024-05-09,10,236.0,Churned
376,Colleen Riley,Bronze,MA,2024-05-10,7,235.0,Churned
1733,Cody Lopez,Silver,OH,2024-05-10,9,235.0,Churned
1775,Samantha Chung,Silver,TN,2024-05-10,7,235.0,Churned
2402,Bryan Lewis,Silver,NJ,2024-05-10,6,235.0,Churned
2482,Roberta Castaneda,Bronze,MO,2024-05-10,7,235.0,Churned
2794,Michael Fletcher,Bronze,TN,2024-05-10,9,235.0,Churned
3303,Christian Baxter,Silver,NC,2024-05-10,5,235.0,Churned
3926,Jason Smith,Bronze,GA,2024-05-10,7,235.0,Churned
4481,Eric Rios,Bronze,MA,2024-05-10,7,235.0,Churned
4768,Michael Williams,Gold,PA,2024-05-10,10,235.0,Churned
6298,Chelsea Bryant,Bronze,FL,2024-05-10,9,235.0,Churned
7532,Jennifer Patterson,Silver,WI,2024-05-10,5,235.0,Churned
7694,Patrick Reynolds,Gold,NJ,2024-05-10,6,235.0,Churned
9539,Amy White,Gold,OH,2024-05-10,10,235.0,Churned
9764,Jacob Griffin,Platinum,MI,2024-05-10,12,235.0,Churned
9804,Tammy Jordan,Silver,NY,2024-05-10,8,235.0,Churned
163,Brooke Thompson,Gold,CA,2024-05-11,7,234.0,Churned
428,Regina Strickland,Gold,WI,2024-05-11,8,234.0,Churned
804,Rachel Dillon,Platinum,CA,2024-05-11,3,234.0,Churned
950,Aaron Wiley,Silver,OH,2024-05-11,6,234.0,Churned
2102,Linda Rodriguez,Silver,MI,2024-05-11,5,234.0,Churned
2134,Courtney Galloway,Platinum,OH,2024-05-11,2,234.0,Churned
2139,Dana Murphy,Platinum,MO,2024-05-11,10,234.0,Churned
2634,William Lutz,Bronze,OH,2024-05-11,6,234.0,Churned
2668,Joshua Mccormick,Silver,NC,2024-05-11,5,234.0,Churned
2813,Joe Black,Bronze,MD,2024-05-11,5,234.0,Churned
3281,James Camacho,Platinum,TN,2024-05-11,8,234.0,Churned
5083,Wendy Crawford,Silver,MI,2024-05-11,5,234.0,Churned
5510,Becky Pearson,Gold,TN,2024-05-11,9,234.0,Churned
5641,Shannon Adams,Gold,WI,2024-05-11,3,234.0,Churned
6792,Laura Jackson,Silver,MD,2024-05-11,6,234.0,Churned
7543,Jessica Case,Silver,CA,2024-05-11,9,234.0,Churned
7560,Thomas Moore,Bronze,PA,2024-05-11,5,234.0,Churned
7614,Autumn Castro,Bronze,IN,2024-05-11,7,234.0,Churned
7954,Nichole Wells,Bronze,GA,2024-05-11,2,234.0,Churned
8466,Tiffany Jensen,Silver,NJ,2024-05-11,6,234.0,Churned
9842,Adam Williams,Silver,TX,2024-05-11,7,234.0,Churned
90,Hannah Jenkins,Silver,VA,2024-05-12,8,233.0,Churned
983,Daniel Fernandez,Bronze,NC,2024-05-12,6,233.0,Churned
1552,Casey Schmidt,Bronze,IL,2024-05-12,9,233.0,Churned
3858,Austin Romero,Gold,AZ,2024-05-12,5,233.0,Churned
4176,Hannah Allen,Bronze,AZ,2024-05-12,5,233.0,Churned
5242,Nicholas Parrish,Bronze,NJ,2024-05-12,5,233.0,Churned
6234,Rebecca Le,Gold,NJ,2024-05-12,9,233.0,Churned
7742,Matthew Phillips,Silver,MI,2024-05-12,8,233.0,Churned
7807,Bradley Park,Platinum,GA,2024-05-12,6,233.0,Churned
9799,Christine Olson,Platinum,AZ,2024-05-12,11,233.0,Churned
2729,Michelle Campbell,Bronze,IN,2024-05-13,6,232.0,Churned
4099,Benjamin Deleon,Bronze,NJ,2024-05-13,4,232.0,Churned
4216,Johnny Wall,Silver,VA,2024-05-13,10,232.0,Churned
5617,Victoria Adams,Silver,NJ,2024-05-13,5,232.0,Churned
6103,Adam Gregory,Silver,GA,2024-05-13,5,232.0,Churned
6273,Scott Martinez,Bronze,PA,2024-05-13,6,232.0,Churned
7387,Debbie Jones,Bronze,IN,2024-05-13,5,232.0,Churned
7973,Katherine Robinson,Gold,PA,2024-05-13,3,232.0,Churned
9605,Tom Sharp,Silver,OH,2024-05-13,7,232.0,Churned
883,Nancy Sanchez,Silver,MD,2024-05-14,9,231.0,Churned
1514,Savannah Byrd,Bronze,IL,2024-05-14,7,231.0,Churned
1702,Christina Aguilar,Gold,MA,2024-05-14,4,231.0,Churned
2228,Deborah Torres,Bronze,OH,2024-05-14,4,231.0,Churned
2599,Ryan Wright,Silver,CA,2024-05-14,10,231.0,Churned
3152,Marc Wells,Silver,IN,2024-05-14,6,231.0,Churned
6166,Peter Mann,Gold,NY,2024-05-14,8,231.0,Churned
6389,Jasmine Lloyd,Bronze,NY,2024-05-14,8,231.0,Churned
6874,Melissa Lawrence,Bronze,NC,2024-05-14,4,231.0,Churned
7412,Christopher Ruiz,Silver,MA,2024-05-14,12,231.0,Churned
8094,Carl Chase,Platinum,NY,2024-05-14,7,231.0,Churned
8176,Linda Jones,Bronze,AZ,2024-05-14,8,231.0,Churned
8802,Susan Sanchez,Bronze,WI,2024-05-14,6,231.0,Churned
8958,William Fowler,Gold,VA,2024-05-14,9,231.0,Churned
10000,Yesenia Howard,Gold,IN,2024-05-14,10,231.0,Churned
445,Morgan Williams,Bronze,AZ,2024-05-15,11,230.0,Churned
712,Jason Jordan,Gold,WI,2024-05-15,13,230.0,Churned
1746,Richard Marsh,Gold,WI,2024-05-15,6,230.0,Churned
2858,Christopher Chase,Gold,NJ,2024-05-15,9,230.0,Churned
4251,Nicholas Woods,Gold,PA,2024-05-15,4,230.0,Churned
6364,Lawrence Willis,Bronze,IL,2024-05-15,6,230.0,Churned
7681,John Williamson,Silver,WI,2024-05-15,5,230.0,Churned
8226,James Ross,Bronze,TN,2024-05-15,7,230.0,Churned
8354,Tracy Warren,Bronze,NJ,2024-05-15,9,230.0,Churned
8722,Jamie Hayes,Bronze,OH,2024-05-15,11,230.0,Churned
8784,William Bolton,Silver,MA,2024-05-15,5,230.0,Churned
9742,Cameron Garcia,Silver,FL,2024-05-15,10,230.0,Churned
268,Troy Keller,Gold,TN,2024-05-16,4,229.0,Churned
825,Cynthia Adams,Bronze,TN,2024-05-16,8,229.0,Churned
2039,Diane Hines,Bronze,NY,2024-05-16,5,229.0,Churned
2695,Melissa Black,Bronze,IN,2024-05-16,4,229.0,Churned
3912,Jennifer Sullivan,Silver,NJ,2024-05-16,6,229.0,Churned
4750,Justin Roberts,Gold,NC,2024-05-16,5,229.0,Churned
4798,Jacob Morales,Bronze,AZ,2024-05-16,9,229.0,Churned
4847,Julia Conrad,Bronze,GA,2024-05-16,6,229.0,Churned
5677,Theresa Reynolds,Silver,CA,2024-05-16,8,229.0,Churned
6173,Alexander Green,Platinum,MA,2024-05-16,5,229.0,Churned
6962,Teresa Watson,Silver,PA,2024-05-16,3,229.0,Churned
7478,Krista Gay,Gold,PA,2024-05-16,6,229.0,Churned
9176,George Lucero,Silver,TX,2024-05-16,5,229.0,Churned
2508,Alexis Salazar,Bronze,MA,2024-05-17,5,228.0,Churned
2904,Carrie Villanueva,Gold,CA,2024-05-17,6,228.0,Churned
3897,Gina Austin,Gold,MA,2024-05-17,4,228.0,Churned
4117,Jennifer Hines,Platinum,MO,2024-05-17,9,228.0,Churned
4637,Brian Caldwell,Bronze,PA,2024-05-17,7,228.0,Churned
4666,Diana Jackson,Bronze,IN,2024-05-17,10,228.0,Churned
5427,Desiree Wilson,Platinum,MI,2024-05-17,11,228.0,Churned
7674,Anthony Davis,Bronze,TN,2024-05-17,5,228.0,Churned
7999,Jared Simmons,Silver,MA,2024-05-17,5,228.0,Churned
8097,Kimberly Gilmore,Bronze,AZ,2024-05-17,12,228.0,Churned
8198,Charles Smith,Platinum,IL,2024-05-17,3,228.0,Churned
8368,Richard Mejia,Silver,GA,2024-05-17,7,228.0,Churned
8459,Michael Mckay,Silver,TN,2024-05-17,7,228.0,Churned
9793,Elizabeth Russell,Bronze,VA,2024-05-17,6,228.0,Churned
572,Steven Newton,Gold,MA,2024-05-18,6,227.0,Churned
980,Megan Leon,Silver,IL,2024-05-18,6,227.0,Churned
2797,Andrea Brown,Bronze,MO,2024-05-18,10,227.0,Churned
4373,Laura Bentley,Silver,GA,2024-05-18,4,227.0,Churned
4786,Andrea Peterson,Bronze,NJ,2024-05-18,7,227.0,Churned
5326,Joseph Turner,Gold,IL,2024-05-18,8,227.0,Churned
6227,Candace Collins,Bronze,AZ,2024-05-18,6,227.0,Churned
6514,Kimberly Lewis,Bronze,VA,2024-05-18,9,227.0,Churned
6737,Charles Huerta,Silver,AZ,2024-05-18,10,227.0,Churned
7466,Tanya Hopkins,Gold,FL,2024-05-18,5,227.0,Churned
7766,John Love,Silver,OH,2024-05-18,5,227.0,Churned
8425,Michael Meyers,Silver,IN,2024-05-18,6,227.0,Churned
8528,Aaron Stephens,Platinum,MI,2024-05-18,7,227.0,Churned
8961,Maria Ellis,Gold,MO,2024-05-18,8,227.0,Churned
263,Curtis Daniels,Gold,TX,2024-05-19,9,226.0,Churned
2204,Kevin Bryant,Platinum,NC,2024-05-19,3,226.0,Churned
2490,Hannah Bailey,Gold,TX,2024-05-19,7,226.0,Churned
2614,Andrea Barnett,Silver,TN,2024-05-19,7,226.0,Churned
2638,Dawn Garner,Gold,MD,2024-05-19,6,226.0,Churned
2740,William Wade,Silver,IL,2024-05-19,7,226.0,Churned
2920,Willie Mathis,Silver,TN,2024-05-19,11,226.0,Churned
3148,Sean Garcia,Gold,IL,2024-05-19,7,226.0,Churned
4047,April Brewer,Gold,MI,2024-05-19,6,226.0,Churned
4395,John Gomez,Silver,MI,2024-05-19,3,226.0,Churned
4800,Anthony Cooke,Bronze,MA,2024-05-19,6,226.0,Churned
5679,Stephanie Butler,Bronze,TN,2024-05-19,6,226.0,Churned
5768,Mark Kelley,Gold,IN,2024-05-19,10,226.0,Churned
6932,Erika Mahoney,Bronze,TX,2024-05-19,6,226.0,Churned
7562,Mary Smith,Gold,GA,2024-05-19,10,226.0,Churned
7698,Daniel Green,Gold,AZ,2024-05-19,5,226.0,Churned
8908,Kevin Rhodes,Bronze,WI,2024-05-19,11,226.0,Churned
9149,Chad Williams,Gold,IN,2024-05-19,7,226.0,Churned
9173,April Roy,Gold,NC,2024-05-19,5,226.0,Churned
450,Jeremy Cruz,Bronze,NC,2024-05-20,10,225.0,Churned
858,Carrie Woods,Bronze,OH,2024-05-20,6,225.0,Churned
1752,Vicki Miller,Silver,MO,2024-05-20,6,225.0,Churned
1942,Lindsey Park,Bronze,WI,2024-05-20,6,225.0,Churned
2689,Keith Rivera,Gold,NC,2024-05-20,5,225.0,Churned
4717,Robert Hurst,Silver,OH,2024-05-20,5,225.0,Churned
4914,Evelyn Wolfe,Gold,MD,2024-05-20,5,225.0,Churned
5032,Joanne Brown,Gold,CA,2024-05-20,5,225.0,Churned
6930,Cynthia Lewis,Silver,FL,2024-05-20,5,225.0,Churned
7874,Andre Ortiz,Silver,AZ,2024-05-20,4,225.0,Churned
9017,Donna Stanley,Silver,NJ,2024-05-20,9,225.0,Churned
9282,Joshua Molina,Bronze,CA,2024-05-20,8,225.0,Churned
19,Mark Lin,Gold,TX,2024-05-21,6,224.0,Churned
20,Catherine Dixon,Bronze,CA,2024-05-21,3,224.0,Churned
625,Brian Brooks,Silver,WI,2024-05-21,1,224.0,Churned
1207,Scott Miller,Gold,MA,2024-05-21,9,224.0,Churned
1428,Katie Vega,Bronze,AZ,2024-05-21,7,224.0,Churned
1467,Julie Hardin,Silver,CA,2024-05-21,6,224.0,Churned
1488,Alicia Lee,Silver,MI,2024-05-21,3,224.0,Churned
2014,Robert Simmons,Bronze,TX,2024-05-21,3,224.0,Churned
2036,Patricia Bell,Bronze,TX,2024-05-21,5,224.0,Churned
2344,Richard Wise,Silver,NJ,2024-05-21,4,224.0,Churned
3587,Johnny Ross,Bronze,FL,2024-05-21,4,224.0,Churned
4544,Michele Wood,Gold,AZ,2024-05-21,5,224.0,Churned
5680,Stanley Barnes,Silver,WA,2024-05-21,4,224.0,Churned
6095,Jeffrey Greene,Bronze,TN,2024-05-21,6,224.0,Churned
6582,Ricky Barr,Bronze,AZ,2024-05-21,7,224.0,Churned
7407,Deanna Clark,Bronze,NY,2024-05-21,3,224.0,Churned
8742,Charles Thomas,Gold,IN,2024-05-21,6,224.0,Churned
8873,Morgan Parker,Gold,WI,2024-05-21,7,224.0,Churned
9693,Tanner Edwards,Silver,GA,2024-05-21,6,224.0,Churned
2305,Laura Byrd,Silver,NC,2024-05-22,9,223.0,Churned
2859,Jessica Brown,Bronze,MI,2024-05-22,9,223.0,Churned
3989,John Owens,Platinum,NC,2024-05-22,8,223.0,Churned
4307,Matthew Hill,Silver,IN,2024-05-22,10,223.0,Churned
4865,Jasmine Young,Gold,NC,2024-05-22,6,223.0,Churned
6808,Ricky Sparks,Gold,WA,2024-05-22,5,223.0,Churned
8004,Krystal Torres,Bronze,MD,2024-05-22,7,223.0,Churned
8914,Andrea Baldwin,Bronze,NY,2024-05-22,7,223.0,Churned
9236,Victoria Harvey,Bronze,TN,2024-05-22,9,223.0,Churned
403,Molly Jones,Gold,WI,2024-05-23,9,222.0,Churned
482,George Murphy,Silver,MI,2024-05-23,4,222.0,Churned
1695,Michael Carey,Bronze,MD,2024-05-23,8,222.0,Churned
2069,Joanna Jones,Gold,TN,2024-05-23,8,222.0,Churned
2294,Jessica Young,Bronze,NJ,2024-05-23,11,222.0,Churned
3325,Anthony Burns,Silver,NY,2024-05-23,9,222.0,Churned
3592,Kristin Carr,Bronze,NC,2024-05-23,12,222.0,Churned
4211,Elizabeth Whitaker,Silver,AZ,2024-05-23,9,222.0,Churned
4814,Matthew Allen,Platinum,AZ,2024-05-23,7,222.0,Churned
5257,Roy Mahoney,Bronze,MO,2024-05-23,5,222.0,Churned
7154,Gabriel White,Bronze,NY,2024-05-23,7,222.0,Churned
7310,Margaret Smith,Bronze,IN,2024-05-23,9,222.0,Churned
8019,Kevin Fleming,Silver,MA,2024-05-23,10,222.0,Churned
9111,Belinda Myers,Bronze,FL,2024-05-23,7,222.0,Churned
9410,Miranda Bell,Silver,MI,2024-05-23,6,222.0,Churned
9880,Dennis Santos,Bronze,MA,2024-05-23,5,222.0,Churned
854,Kathleen Jordan,Gold,OH,2024-05-24,11,221.0,Churned
1761,Ray Scott,Gold,MA,2024-05-24,7,221.0,Churned
1952,Dana Rollins,Bronze,IN,2024-05-24,6,221.0,Churned
3019,Nicholas Johnson,Bronze,IN,2024-05-24,5,221.0,Churned
4582,Chad Wise,Bronze,MO,2024-05-24,15,221.0,Churned
5566,Joseph Graves,Silver,TN,2024-05-24,9,221.0,Churned
5712,John Glover,Silver,WI,2024-05-24,9,221.0,Churned
6394,John Cooley,Bronze,FL,2024-05-24,8,221.0,Churned
8197,Nicholas Johnson,Silver,MO,2024-05-24,13,221.0,Churned
8393,David Ramirez,Gold,VA,2024-05-24,3,221.0,Churned
8494,Chris Norris,Silver,IL,2024-05-24,6,221.0,Churned
8761,Sarah Mcdaniel,Gold,NC,2024-05-24,5,221.0,Churned
392,Amanda Mendoza,Gold,VA,2024-05-25,8,220.0,Churned
787,James Fuller,Silver,AZ,2024-05-25,9,220.0,Churned
856,Angie Salas,Platinum,MI,2024-05-25,4,220.0,Churned
2037,Kara Rios,Silver,IN,2024-05-25,12,220.0,Churned
2167,Tara Johnston,Gold,IN,2024-05-25,4,220.0,Churned
2170,Jeffrey Hensley,Silver,WI,2024-05-25,3,220.0,Churned
3681,Christopher Owens,Bronze,VA,2024-05-25,9,220.0,Churned
5086,Patrick Duncan,Silver,WA,2024-05-25,7,220.0,Churned
5918,Jessica Lopez,Silver,MI,2024-05-25,5,220.0,Churned
6617,Jonathon Black,Platinum,NY,2024-05-25,6,220.0,Churned
7904,Scott Dalton,Silver,MA,2024-05-25,6,220.0,Churned
7929,Madison Mcconnell,Silver,NC,2024-05-25,5,220.0,Churned
8820,Anna Collins,Silver,WA,2024-05-25,12,220.0,Churned
8971,Monica Harvey,Silver,IL,2024-05-25,8,220.0,Churned
9024,John Cook,Bronze,AZ,2024-05-25,8,220.0,Churned
9708,Robin Jones,Gold,OH,2024-05-25,9,220.0,Churned
824,Clayton Kirby,Bronze,WA,2024-05-26,5,219.0,Churned
1338,Kendra Richardson,Bronze,MD,2024-05-26,5,219.0,Churned
3329,Eric Burnett,Bronze,MO,2024-05-26,6,219.0,Churned
3338,Sara Salinas,Bronze,OH,2024-05-26,8,219.0,Churned
3544,Heather Webb,Silver,CA,2024-05-26,6,219.0,Churned
3691,Kimberly Ramirez,Bronze,WI,2024-05-26,9,219.0,Churned
4464,William Pierce,Bronze,IN,2024-05-26,6,219.0,Churned
5738,Edward Macias,Silver,NC,2024-05-26,5,219.0,Churned
5900,Robert Pugh,Gold,MO,2024-05-26,3,219.0,Churned
5978,Tracy Wood,Bronze,NC,2024-05-26,11,219.0,Churned
6258,Paula Turner,Bronze,MI,2024-05-26,8,219.0,Churned
8140,Maria Adams,Platinum,WI,2024-05-26,8,219.0,Churned
8287,Richard Powell,Silver,IN,2024-05-26,5,219.0,Churned
8750,Andrea Jones,Silver,IN,2024-05-26,6,219.0,Churned
9157,Ariel Blackburn,Bronze,MO,2024-05-26,5,219.0,Churned
94,Sarah Johnson,Gold,VA,2024-05-27,3,218.0,Churned
757,Erika Vasquez,Platinum,MI,2024-05-27,13,218.0,Churned
1067,Sheila Moore,Bronze,VA,2024-05-27,4,218.0,Churned
1253,Paul Bennett,Gold,VA,2024-05-27,10,218.0,Churned
1391,Kristin Munoz,Bronze,PA,2024-05-27,11,218.0,Churned
2887,Carolyn Miller,Gold,NC,2024-05-27,4,218.0,Churned
3185,Holly Jenkins,Silver,NY,2024-05-27,6,218.0,Churned
3292,David Davis,Bronze,PA,2024-05-27,9,218.0,Churned
3516,Nathaniel Small,Platinum,TN,2024-05-27,8,218.0,Churned
3676,Mary Bates,Silver,MD,2024-05-27,10,218.0,Churned
4854,Barbara West,Bronze,MA,2024-05-27,7,218.0,Churned
5349,Cameron Craig,Gold,MA,2024-05-27,6,218.0,Churned
6202,Nancy Wong,Gold,CA,2024-05-27,4,218.0,Churned
7347,Jon Christensen,Silver,FL,2024-05-27,3,218.0,Churned
8414,Amanda Rivera,Gold,MI,2024-05-27,5,218.0,Churned
8456,Michael Ford,Bronze,CA,2024-05-27,5,218.0,Churned
8809,Ann Salinas,Bronze,AZ,2024-05-27,7,218.0,Churned
8865,Alex Garcia,Bronze,NY,2024-05-27,6,218.0,Churned
9456,Jessica Wilson,Gold,MI,2024-05-27,5,218.0,Churned
108,Jesse Mann,Bronze,MO,2024-05-28,9,217.0,Churned
345,Lindsey Peterson,Bronze,MD,2024-05-28,4,217.0,Churned
834,Carol White,Platinum,TN,2024-05-28,6,217.0,Churned
1575,Deanna Meyer,Bronze,TX,2024-05-28,3,217.0,Churned
2033,Roy Ellison,Silver,MI,2024-05-28,9,217.0,Churned
3369,Ryan Chen,Bronze,NJ,2024-05-28,10,217.0,Churned
5151,David Quinn,Gold,NY,2024-05-28,9,217.0,Churned
5808,Ryan Duncan,Silver,MA,2024-05-28,5,217.0,Churned
6043,Jessica Jensen,Gold,IL,2024-05-28,10,217.0,Churned
6476,Michael Moore,Gold,TN,2024-05-28,4,217.0,Churned
6650,Scott Thompson,Gold,VA,2024-05-28,5,217.0,Churned
9611,Amanda Ellis,Gold,NC,2024-05-28,6,217.0,Churned
9824,Benjamin Graves,Platinum,FL,2024-05-28,7,217.0,Churned
9872,Roy Keith,Bronze,AZ,2024-05-28,7,217.0,Churned
209,Michael Richmond,Bronze,VA,2024-05-29,6,216.0,Churned
1167,Stanley Price,Silver,FL,2024-05-29,5,216.0,Churned
3956,Nicole Torres,Bronze,GA,2024-05-29,6,216.0,Churned
4101,George Henry,Silver,MO,2024-05-29,3,216.0,Churned
5197,Philip Reynolds,Platinum,MD,2024-05-29,9,216.0,Churned
5812,Howard Hill,Bronze,PA,2024-05-29,6,216.0,Churned
6199,Robert Calhoun,Bronze,NJ,2024-05-29,11,216.0,Churned
6508,Samantha Beard,Gold,MD,2024-05-29,10,216.0,Churned
6521,James Hampton,Bronze,TN,2024-05-29,6,216.0,Churned
7809,Cristian Hanson,Silver,MA,2024-05-29,7,216.0,Churned
8384,Samuel Clark,Silver,MA,2024-05-29,7,216.0,Churned
9106,Dennis Hall,Silver,FL,2024-05-29,8,216.0,Churned
9119,Emily Brock,Bronze,NY,2024-05-29,6,216.0,Churned
9334,Whitney Long,Gold,MA,2024-05-29,4,216.0,Churned
1642,Debra Black,Gold,OH,2024-05-30,11,215.0,Churned
1725,Melissa Proctor,Gold,TX,2024-05-30,10,215.0,Churned
1754,Thomas Wilkinson,Gold,AZ,2024-05-30,5,215.0,Churned
2514,Jessica Clayton,Bronze,MO,2024-05-30,8,215.0,Churned
3018,Andrew Johnson,Bronze,NC,2024-05-30,4,215.0,Churned
3806,Shannon Wright,Bronze,IN,2024-05-30,7,215.0,Churned
4950,Adam Erickson,Silver,MO,2024-05-30,12,215.0,Churned
6553,Amy Greene,Gold,TX,2024-05-30,3,215.0,Churned
7188,Benjamin Cardenas,Bronze,CA,2024-05-30,7,215.0,Churned
7644,Raymond Wade,Bronze,TX,2024-05-30,7,215.0,Churned
7772,Kim Torres,Gold,NJ,2024-05-30,4,215.0,Churned
8837,Michelle Jones,Silver,VA,2024-05-30,7,215.0,Churned
1212,Thomas Davis,Silver,WI,2024-05-31,4,214.0,Churned
1740,Joan Davis,Gold,MD,2024-05-31,5,214.0,Churned
3331,Wendy Ruiz,Gold,NC,2024-05-31,11,214.0,Churned
4384,James Young,Silver,WI,2024-05-31,9,214.0,Churned
5094,Joshua Smith,Gold,NY,2024-05-31,15,214.0,Churned
5124,Brandon Brown,Bronze,IL,2024-05-31,10,214.0,Churned
5584,Anna Stephens,Gold,PA,2024-05-31,14,214.0,Churned
5804,Shelly Trujillo,Bronze,IN,2024-05-31,11,214.0,Churned
6334,Latoya Hamilton,Gold,GA,2024-05-31,4,214.0,Churned
7459,Daniel Stevens,Bronze,NC,2024-05-31,6,214.0,Churned
8331,Julie Baker,Silver,IL,2024-05-31,7,214.0,Churned
8603,Alexis Huerta,Bronze,VA,2024-05-31,9,214.0,Churned
9247,Benjamin Smith,Bronze,IL,2024-05-31,15,214.0,Churned
9935,Lorraine Peters,Gold,VA,2024-05-31,3,214.0,Churned
9993,Erin Norman,Platinum,MD,2024-05-31,9,214.0,Churned
10,Brianna Smith,Bronze,GA,2024-06-01,5,213.0,Churned
1291,Joseph Duffy,Bronze,VA,2024-06-01,8,213.0,Churned
1607,Robert Bentley,Bronze,NJ,2024-06-01,7,213.0,Churned
1608,Teresa Miller,Bronze,PA,2024-06-01,10,213.0,Churned
2029,Rebecca Lin,Gold,MI,2024-06-01,9,213.0,Churned
3069,Rodney Lowery,Silver,TN,2024-06-01,10,213.0,Churned
3490,Tara Stokes,Bronze,TX,2024-06-01,10,213.0,Churned
3722,Kimberly Smith,Silver,NJ,2024-06-01,9,213.0,Churned
4696,Laura Smith,Bronze,WI,2024-06-01,6,213.0,Churned
6219,Julie Watson,Silver,AZ,2024-06-01,10,213.0,Churned
6456,Kyle Marshall,Bronze,MD,2024-06-01,6,213.0,Churned
6716,Michael Taylor,Bronze,TX,2024-06-01,10,213.0,Churned
7143,Andrew Frank,Silver,NY,2024-06-01,6,213.0,Churned
7327,Philip Lindsey,Bronze,NJ,2024-06-01,11,213.0,Churned
8216,Margaret Chung,Bronze,MA,2024-06-01,11,213.0,Churned
8670,Christopher Henry,Silver,WA,2024-06-01,9,213.0,Churned
9421,Larry Perez,Silver,CA,2024-06-01,8,213.0,Churned
22,Thomas Santana,Silver,IL,2024-06-02,9,212.0,Churned
496,Jacqueline Flowers,Platinum,NJ,2024-06-02,3,212.0,Churned
1499,Christopher Smith,Silver,VA,2024-06-02,7,212.0,Churned
1504,Cynthia Peterson,Bronze,PA,2024-06-02,12,212.0,Churned
3871,Jacqueline Craig,Gold,WI,2024-06-02,6,212.0,Churned
4296,Andrew Combs,Bronze,MO,2024-06-02,5,212.0,Churned
7910,Jo Bell,Gold,CA,2024-06-02,9,212.0,Churned
8398,Jerry Armstrong,Silver,WA,2024-06-02,7,212.0,Churned
8612,Thomas Nicholson,Bronze,NJ,2024-06-02,6,212.0,Churned
9129,Daniel Blair,Platinum,NJ,2024-06-02,7,212.0,Churned
97,David Hendricks,Bronze,NJ,2024-06-03,7,211.0,Churned
384,William Potter,Silver,AZ,2024-06-03,5,211.0,Churned
591,James Bates,Platinum,NY,2024-06-03,7,211.0,Churned
805,Christopher Ponce,Platinum,MA,2024-06-03,10,211.0,Churned
2370,Katherine Jensen,Bronze,TN,2024-06-03,6,211.0,Churned
2485,William Collins,Bronze,IL,2024-06-03,9,211.0,Churned
3021,Erica Anderson,Bronze,NJ,2024-06-03,6,211.0,Churned
3346,Kevin Jones,Bronze,OH,2024-06-03,6,211.0,Churned
4198,Michelle Sanchez,Bronze,PA,2024-06-03,10,211.0,Churned
4842,Bradley Freeman,Gold,OH,2024-06-03,7,211.0,Churned
5012,Charles Rodriguez,Bronze,PA,2024-06-03,10,211.0,Churned
5324,Troy Nelson,Silver,GA,2024-06-03,13,211.0,Churned
6073,Heather White,Bronze,NJ,2024-06-03,4,211.0,Churned
6657,Cheryl Smith,Silver,WA,2024-06-03,6,211.0,Churned
7303,John Stokes,Bronze,MD,2024-06-03,12,211.0,Churned
7456,Kelli Chambers,Gold,IN,2024-06-03,12,211.0,Churned
9366,Lucas Nelson,Gold,WI,2024-06-03,6,211.0,Churned
1049,Thomas Garrison,Bronze,TN,2024-06-04,6,210.0,Churned
2099,Douglas Barker,Gold,IN,2024-06-04,6,210.0,Churned
2159,Adam Stewart,Silver,GA,2024-06-04,10,210.0,Churned
3008,Nicholas Barton,Platinum,MA,2024-06-04,6,210.0,Churned
3872,Dominique Clark,Bronze,NY,2024-06-04,4,210.0,Churned
4619,Michael Kelley,Gold,GA,2024-06-04,10,210.0,Churned
6319,James Montgomery,Bronze,MA,2024-06-04,11,210.0,Churned
7952,Steven Gilbert,Platinum,FL,2024-06-04,10,210.0,Churned
8550,Christopher Escobar,Gold,MI,2024-06-04,5,210.0,Churned
8893,Ivan Smith,Gold,MO,2024-06-04,6,210.0,Churned
9183,Antonio Calderon,Bronze,IN,2024-06-04,11,210.0,Churned
2590,Christina Hurley,Gold,OH,2024-06-05,3,209.0,Churned
2664,Brenda Clayton,Gold,MD,2024-06-05,12,209.0,Churned
4336,Michael Ryan,Gold,CA,2024-06-05,4,209.0,Churned
4572,James Braun,Bronze,FL,2024-06-05,10,209.0,Churned
5596,Kevin Harris,Silver,MD,2024-06-05,3,209.0,Churned
6031,Makayla Kirby,Gold,FL,2024-06-05,10,209.0,Churned
6796,Kathryn Rodriguez,Platinum,PA,2024-06-05,8,209.0,Churned
7552,Christian Meyer,Bronze,IN,2024-06-05,8,209.0,Churned
8477,Amy Evans,Platinum,GA,2024-06-05,9,209.0,Churned
9461,Joshua Howe,Silver,VA,2024-06-05,4,209.0,Churned
9653,Timothy Baker,Bronze,MA,2024-06-05,9,209.0,Churned
407,Crystal Rhodes,Silver,NY,2024-06-06,4,208.0,Churned
671,Heather Lewis,Bronze,FL,2024-06-06,4,208.0,Churned
799,Danielle Young,Bronze,NJ,2024-06-06,8,208.0,Churned
1658,Matthew Robinson,Silver,FL,2024-06-06,10,208.0,Churned
2026,Janice Wall,Bronze,NY,2024-06-06,9,208.0,Churned
3270,David Boyer,Silver,FL,2024-06-06,11,208.0,Churned
3348,Kristin Austin,Silver,OH,2024-06-06,6,208.0,Churned
4332,Christine Johnson,Gold,IL,2024-06-06,11,208.0,Churned
5173,Troy Jackson,Platinum,VA,2024-06-06,10,208.0,Churned
5920,Sandra Smith,Gold,OH,2024-06-06,6,208.0,Churned
6535,Scott Jackson,Silver,OH,2024-06-06,6,208.0,Churned
6768,Nicole Ruiz,Silver,AZ,2024-06-06,8,208.0,Churned
6912,Nathaniel Davis,Gold,PA,2024-06-06,6,208.0,Churned
7332,Amanda Soto,Platinum,FL,2024-06-06,7,208.0,Churned
8011,Jared Haas,Gold,NJ,2024-06-06,6,208.0,Churned
8095,Jennifer Jordan,Silver,NY,2024-06-06,5,208.0,Churned
8177,Derrick Hughes,Bronze,WI,2024-06-06,2,208.0,Churned
8669,Adam Morales,Bronze,MA,2024-06-06,4,208.0,Churned
9220,Robert Singh,Silver,MD,2024-06-06,2,208.0,Churned
9619,Holly Davis,Bronze,IL,2024-06-06,5,208.0,Churned
9659,Justin Hubbard,Silver,GA,2024-06-06,7,208.0,Churned
9770,Crystal Davis,Silver,TN,2024-06-06,9,208.0,Churned
9867,Charles Odom,Gold,NC,2024-06-06,5,208.0,Churned
175,Michael Rhodes,Silver,WA,2024-06-07,7,207.0,Churned
835,Deborah Garcia,Bronze,CA,2024-06-07,7,207.0,Churned
1234,Maria Edwards,Platinum,GA,2024-06-07,6,207.0,Churned
1603,Tara Doyle,Gold,NC,2024-06-07,3,207.0,Churned
2996,Grace Pacheco,Gold,IL,2024-06-07,9,207.0,Churned
3139,Cynthia Johnson,Silver,CA,2024-06-07,8,207.0,Churned
3198,Gabriel Hernandez,Gold,IL,2024-06-07,5,207.0,Churned
4219,Lori Howe,Gold,MA,2024-06-07,7,207.0,Churned
4942,Aaron Ramos,Gold,VA,2024-06-07,5,207.0,Churned
5984,Theresa Richards,Silver,FL,2024-06-07,5,207.0,Churned
6376,Rachel Smith,Silver,OH,2024-06-07,7,207.0,Churned
6573,Kevin Alexander,Gold,NC,2024-06-07,6,207.0,Churned
7000,Patrick Glover,Bronze,MO,2024-06-07,8,207.0,Churned
7087,Sarah Smith,Silver,MA,2024-06-07,8,207.0,Churned
7496,Evan Silva,Silver,GA,2024-06-07,4,207.0,Churned
7762,Jessica Oliver,Gold,GA,2024-06-07,10,207.0,Churned
7827,Amy Gomez,Silver,IN,2024-06-07,5,207.0,Churned
8290,Michael Adams,Bronze,PA,2024-06-07,5,207.0,Churned
8349,Angela Jenkins,Silver,NY,2024-06-07,10,207.0,Churned
9522,Cynthia Johnson,Gold,TN,2024-06-07,3,207.0,Churned
9925,Brianna Drake,Bronze,MA,2024-06-07,11,207.0,Churned
569,Richard White,Bronze,FL,2024-06-08,6,206.0,Churned
853,Joseph Jones,Bronze,IN,2024-06-08,9,206.0,Churned
2010,Carrie Bennett,Bronze,TX,2024-06-08,6,206.0,Churned
2712,Kelly Wood,Platinum,IN,2024-06-08,8,206.0,Churned
3044,Rebecca Ray,Bronze,CA,2024-06-08,6,206.0,Churned
3163,Michaela Moore,Platinum,MA,2024-06-08,13,206.0,Churned
3274,Riley Stanley,Bronze,MD,2024-06-08,13,206.0,Churned
3352,Andrew Drake,Silver,GA,2024-06-08,7,206.0,Churned
3410,Cindy Brooks,Silver,IL,2024-06-08,8,206.0,Churned
5657,Ashley Fisher,Bronze,NY,2024-06-08,11,206.0,Churned
6004,Lisa Wood,Silver,TX,2024-06-08,9,206.0,Churned
7521,Walter Walters,Bronze,FL,2024-06-08,9,206.0,Churned
8196,Sabrina Gibson,Bronze,IN,2024-06-08,8,206.0,Churned
8449,Jennifer Frank,Bronze,NJ,2024-06-08,5,206.0,Churned
8471,Sandra Butler,Silver,WI,2024-06-08,3,206.0,Churned
8877,Sarah Wheeler,Gold,WA,2024-06-08,7,206.0,Churned
9083,Jonathan Gomez,Platinum,MO,2024-06-08,9,206.0,Churned
102,Donald Holder,Silver,IN,2024-06-09,5,205.0,Churned
215,Ivan Coleman,Platinum,CA,2024-06-09,6,205.0,Churned
264,Philip Bush,Platinum,VA,2024-06-09,5,205.0,Churned
343,Jeffrey Parks,Gold,TX,2024-06-09,7,205.0,Churned
864,Kim Beck,Silver,TN,2024-06-09,11,205.0,Churned
2214,Austin Perry,Silver,IN,2024-06-09,10,205.0,Churned
3506,Tina Maxwell,Bronze,OH,2024-06-09,8,205.0,Churned
4080,William Acosta,Bronze,MI,2024-06-09,8,205.0,Churned
6318,Christina Thompson,Gold,NJ,2024-06-09,10,205.0,Churned
9326,Jaime Jones,Bronze,OH,2024-06-09,8,205.0,Churned
598,Sarah Barrett,Bronze,GA,2024-06-10,7,204.0,Churned
984,Thomas Smith,Bronze,TN,2024-06-10,7,204.0,Churned
1531,Amanda Miller,Gold,MD,2024-06-10,4,204.0,Churned
1995,Scott Smith,Bronze,WI,2024-06-10,9,204.0,Churned
2542,Kenneth Dixon,Bronze,NY,2024-06-10,7,204.0,Churned
3382,Justin Vargas,Bronze,IN,2024-06-10,7,204.0,Churned
3713,Kimberly Braun,Bronze,NC,2024-06-10,12,204.0,Churned
4386,Heather Owen,Bronze,NC,2024-06-10,4,204.0,Churned
5132,Shelby Blair,Gold,WA,2024-06-10,10,204.0,Churned
5212,Nicholas Raymond,Gold,AZ,2024-06-10,10,204.0,Churned
5314,Mercedes Mcbride,Bronze,TN,2024-06-10,6,204.0,Churned
5915,Jessica Allen,Platinum,NY,2024-06-10,4,204.0,Churned
6102,Nathan Smith,Bronze,WA,2024-06-10,9,204.0,Churned
6148,Leslie Monroe,Platinum,TN,2024-06-10,4,204.0,Churned
6688,Jerry Kelley,Silver,MO,2024-06-10,6,204.0,Churned
6867,Danielle Booth,Gold,NY,2024-06-10,6,204.0,Churned
7252,Thomas Parker,Silver,CA,2024-06-10,4,204.0,Churned
7354,Dale Simmons,Silver,IL,2024-06-10,6,204.0,Churned
7689,Melissa Alexander,Bronze,FL,2024-06-10,11,204.0,Churned
7879,Gregory Wright,Silver,CA,2024-06-10,9,204.0,Churned
8017,Austin Drake,Gold,IL,2024-06-10,10,204.0,Churned
8020,Kirsten Gonzalez,Bronze,NY,2024-06-10,10,204.0,Churned
8596,Valerie Moody,Silver,NY,2024-06-10,9,204.0,Churned
9672,Donald Jones,Bronze,IN,2024-06-10,5,204.0,Churned
144,Kyle Baker,Bronze,FL,2024-06-11,8,203.0,Churned
718,Eddie Henson,Gold,IN,2024-06-11,11,203.0,Churned
1627,Kim Riley,Bronze,TX,2024-06-11,4,203.0,Churned
1706,Allison Lopez,Gold,CA,2024-06-11,3,203.0,Churned
2173,Brandon Nichols,Gold,TX,2024-06-11,6,203.0,Churned
2240,Kathryn Espinoza,Gold,OH,2024-06-11,10,203.0,Churned
4519,Brittany Ferrell,Bronze,IN,2024-06-11,9,203.0,Churned
4691,Mike James,Platinum,OH,2024-06-11,7,203.0,Churned
4860,Jason Hernandez,Gold,AZ,2024-06-11,8,203.0,Churned
5007,Andrew Williamson,Bronze,WI,2024-06-11,10,203.0,Churned
5943,Kendra Scott,Platinum,WA,2024-06-11,5,203.0,Churned
6620,Anthony Aguirre,Bronze,NY,2024-06-11,6,203.0,Churned
8548,Karen Russell,Bronze,GA,2024-06-11,4,203.0,Churned
8868,Jason Williamson,Gold,CA,2024-06-11,5,203.0,Churned
9010,Matthew Evans,Silver,FL,2024-06-11,6,203.0,Churned
9407,Roy Simmons,Silver,WA,2024-06-11,8,203.0,Churned
315,Billy Murphy,Bronze,MD,2024-06-12,6,202.0,Churned
2290,Jeffery Stephenson,Bronze,TN,2024-06-12,8,202.0,Churned
2836,Beth Simpson,Silver,WA,2024-06-12,6,202.0,Churned
2874,Deborah Martinez,Platinum,MD,2024-06-12,7,202.0,Churned
3167,Seth Chen,Bronze,GA,2024-06-12,9,202.0,Churned
4044,Tracy Lang,Silver,MD,2024-06-12,8,202.0,Churned
4392,Angelica Jackson,Platinum,OH,2024-06-12,6,202.0,Churned
5789,Michael Newman,Silver,IN,2024-06-12,8,202.0,Churned
5955,James Scott,Bronze,VA,2024-06-12,9,202.0,Churned
6034,Leslie Conley,Silver,NY,2024-06-12,9,202.0,Churned
6175,Brandi Collins,Gold,VA,2024-06-12,5,202.0,Churned
6933,Terrance Jordan,Silver,NJ,2024-06-12,11,202.0,Churned
7107,Shannon Galloway,Bronze,AZ,2024-06-12,7,202.0,Churned
7115,Jeffrey Jones,Bronze,MD,2024-06-12,8,202.0,Churned
7244,Samantha Wells,Silver,OH,2024-06-12,5,202.0,Churned
7718,Michael Mann,Bronze,IN,2024-06-12,13,202.0,Churned
8780,Melissa Bond,Bronze,AZ,2024-06-12,11,202.0,Churned
8902,Warren Yu,Bronze,FL,2024-06-12,3,202.0,Churned
9264,Michael Weber,Bronze,PA,2024-06-12,13,202.0,Churned
9485,Timothy Blair,Platinum,VA,2024-06-12,4,202.0,Churned
9557,Lisa Hopkins,Bronze,NC,2024-06-12,5,202.0,Churned
9587,Kristin Thomas,Bronze,MD,2024-06-12,8,202.0,Churned
9696,Daniel Carlson,Bronze,WI,2024-06-12,6,202.0,Churned
464,Daniel Moyer,Bronze,AZ,2024-06-13,6,201.0,Churned
684,Kristin Rodriguez,Gold,MO,2024-06-13,12,201.0,Churned
1026,Julie Cooley,Platinum,MO,2024-06-13,11,201.0,Churned
1076,Samantha Werner,Bronze,NJ,2024-06-13,7,201.0,Churned
2613,Nancy Sanders,Silver,TX,2024-06-13,9,201.0,Churned
3337,Penny Davis,Bronze,PA,2024-06-13,12,201.0,Churned
3614,Matthew Johnston,Bronze,WI,2024-06-13,9,201.0,Churned
3696,Savannah Herman,Platinum,MI,2024-06-13,5,201.0,Churned
3804,Jessica Calhoun,Gold,AZ,2024-06-13,8,201.0,Churned
3867,Wendy Smith,Bronze,NY,2024-06-13,6,201.0,Churned
4426,Chelsea Williams,Silver,IN,2024-06-13,9,201.0,Churned
4571,Christina Rubio,Bronze,FL,2024-06-13,6,201.0,Churned
5298,Katherine Vasquez,Silver,VA,2024-06-13,6,201.0,Churned
6028,Richard Jackson,Bronze,MO,2024-06-13,11,201.0,Churned
6041,Jennifer Johnson,Silver,CA,2024-06-13,5,201.0,Churned
6701,Kaitlin Chan,Bronze,TX,2024-06-13,7,201.0,Churned
7208,Lisa Ortega,Silver,MD,2024-06-13,15,201.0,Churned
7588,Tracy Rowe,Silver,MD,2024-06-13,10,201.0,Churned
8091,Maria May,Gold,CA,2024-06-13,11,201.0,Churned
8366,Stephanie Bell,Bronze,IN,2024-06-13,10,201.0,Churned
8764,Douglas Johnson,Silver,WA,2024-06-13,7,201.0,Churned
9023,Adam Hernandez,Silver,TN,2024-06-13,7,201.0,Churned
9036,Jacob Schultz,Gold,VA,2024-06-13,8,201.0,Churned
9796,Heather Oliver,Bronze,IL,2024-06-13,5,201.0,Churned
995,Robert Johnson,Silver,MA,2024-06-14,7,200.0,Churned
1392,Jessica Ortiz,Silver,NJ,2024-06-14,9,200.0,Churned
1490,Jonathan Diaz,Silver,NY,2024-06-14,10,200.0,Churned
1516,Nathan Young,Gold,NJ,2024-06-14,7,200.0,Churned
1620,Sarah Estrada,Gold,WI,2024-06-14,7,200.0,Churned
2911,Eric Miller,Bronze,TX,2024-06-14,8,200.0,Churned
3275,Alexander Pierce,Silver,PA,2024-06-14,3,200.0,Churned
5229,Jasmin Bennett,Platinum,MD,2024-06-14,6,200.0,Churned
5608,Matthew Mullen,Silver,NJ,2024-06-14,7,200.0,Churned
5638,Jeremy Kline,Gold,TN,2024-06-14,3,200.0,Churned
5982,Marissa Brown,Gold,OH,2024-06-14,5,200.0,Churned
6323,Wendy Stevens,Silver,PA,2024-06-14,6,200.0,Churned
6328,Valerie Alvarado,Silver,FL,2024-06-14,7,200.0,Churned
6777,Walter Webb,Gold,CA,2024-06-14,5,200.0,Churned
6850,Kayla Hartman,Silver,NC,2024-06-14,5,200.0,Churned
7469,William Schultz,Silver,WA,2024-06-14,8,200.0,Churned
7502,Steve Blanchard,Bronze,MI,2024-06-14,6,200.0,Churned
7853,Larry Newton,Bronze,NJ,2024-06-14,7,200.0,Churned
506,Jennifer Morgan,Silver,MD,2024-06-15,5,199.0,Churned
1196,Ronald Smith,Bronze,MI,2024-06-15,8,199.0,Churned
1563,Brandy Foster,Bronze,NY,2024-06-15,5,199.0,Churned
1793,Tina Taylor,Bronze,MO,2024-06-15,4,199.0,Churned
1933,Diamond Daniels,Bronze,OH,2024-06-15,3,199.0,Churned
2866,Kelly Trevino,Gold,OH,2024-06-15,10,199.0,Churned
3276,Jesse Foster,Bronze,TN,2024-06-15,4,199.0,Churned
3381,Rodney Rios,Platinum,IL,2024-06-15,7,199.0,Churned
3433,Dustin Smith,Platinum,IN,2024-06-15,9,199.0,Churned
4561,Christie Johnson,Silver,CA,2024-06-15,6,199.0,Churned
4947,Kelly Bates,Silver,MI,2024-06-15,7,199.0,Churned
4969,Julie Brown,Gold,NY,2024-06-15,9,199.0,Churned
5244,Brenda Jones,Gold,MI,2024-06-15,10,199.0,Churned
6401,Joshua Johnson,Silver,IL,2024-06-15,5,199.0,Churned
6457,Ryan Miller,Silver,WI,2024-06-15,6,199.0,Churned
8015,Jessica Joseph,Gold,FL,2024-06-15,5,199.0,Churned
552,Glenn Brady,Bronze,OH,2024-06-16,5,198.0,Churned
646,Kristopher Cole,Bronze,NY,2024-06-16,4,198.0,Churned
1190,Tara Fischer,Silver,IL,2024-06-16,10,198.0,Churned
2946,Rachel Jordan,Bronze,OH,2024-06-16,10,198.0,Churned
3649,Kimberly Nelson,Bronze,WI,2024-06-16,6,198.0,Churned
3808,Sherri Hunter,Bronze,MI,2024-06-16,8,198.0,Churned
5078,Michael Hebert,Silver,VA,2024-06-16,6,198.0,Churned
5286,Roy Kelly,Gold,TX,2024-06-16,7,198.0,Churned
5522,Heather Mccoy,Bronze,FL,2024-06-16,4,198.0,Churned
6236,Joseph Doyle,Bronze,IL,2024-06-16,4,198.0,Churned
6288,Heather Norris,Bronze,NJ,2024-06-16,8,198.0,Churned
6340,Mario Jones,Bronze,WA,2024-06-16,10,198.0,Churned
7426,Zachary Roy,Silver,NY,2024-06-16,13,198.0,Churned
8200,Kimberly Lewis,Silver,MA,2024-06-16,7,198.0,Churned
8319,Maria Perez,Silver,VA,2024-06-16,7,198.0,Churned
8433,Alexis Mora,Bronze,IL,2024-06-16,5,198.0,Churned
8643,Brian Thompson,Gold,OH,2024-06-16,9,198.0,Churned
9353,Vanessa Johnson,Silver,TX,2024-06-16,7,198.0,Churned
895,Douglas Martinez,Gold,MO,2024-06-17,9,197.0,Churned
1444,Pamela Mccormick,Gold,TX,2024-06-17,4,197.0,Churned
2064,Katherine Lynch,Silver,TX,2024-06-17,10,197.0,Churned
2420,Daniel Fields,Silver,MO,2024-06-17,4,197.0,Churned
2610,William Medina,Platinum,FL,2024-06-17,9,197.0,Churned
3514,William Sandoval,Silver,MO,2024-06-17,5,197.0,Churned
4480,Joseph Nelson,Bronze,NY,2024-06-17,6,197.0,Churned
5232,Patricia Day,Bronze,TX,2024-06-17,4,197.0,Churned
5304,Joseph Estrada,Platinum,MA,2024-06-17,3,197.0,Churned
5475,Zachary Holden,Platinum,OH,2024-06-17,6,197.0,Churned
6466,Sara Hernandez,Bronze,MA,2024-06-17,8,197.0,Churned
6532,Jennifer Hoover,Gold,OH,2024-06-17,4,197.0,Churned
7647,Micheal Conner,Bronze,MD,2024-06-17,6,197.0,Churned
8406,Victoria Cruz,Bronze,IN,2024-06-17,5,197.0,Churned
414,Kristen Moran,Gold,NY,2024-06-18,9,196.0,Churned
1268,Kyle Bell,Silver,NC,2024-06-18,4,196.0,Churned
1556,Jamie Jefferson,Bronze,TX,2024-06-18,7,196.0,Churned
1676,Kelly Fields,Bronze,MD,2024-06-18,7,196.0,Churned
1810,Christopher Cannon,Platinum,IL,2024-06-18,7,196.0,Churned
1833,Paul Lamb,Gold,NC,2024-06-18,5,196.0,Churned
2277,Mark Kelly,Bronze,PA,2024-06-18,9,196.0,Churned
2533,Eric Johnson,Bronze,IN,2024-06-18,11,196.0,Churned
3125,Christina Mason,Bronze,VA,2024-06-18,9,196.0,Churned
3910,Evan Potts,Platinum,NY,2024-06-18,6,196.0,Churned
4221,Danielle Oneal,Bronze,MD,2024-06-18,5,196.0,Churned
4454,Tracy Holmes,Gold,IL,2024-06-18,9,196.0,Churned
5877,Kaitlyn Cole,Bronze,GA,2024-06-18,8,196.0,Churned
6852,Patricia Moore,Bronze,IL,2024-06-18,4,196.0,Churned
7549,Danielle Griffin,Silver,AZ,2024-06-18,5,196.0,Churned
7741,Brian Baker,Bronze,IN,2024-06-18,7,196.0,Churned
8330,Gregory Ramirez,Gold,NC,2024-06-18,4,196.0,Churned
8388,Elizabeth Green,Silver,PA,2024-06-18,8,196.0,Churned
8950,Lori Greene,Gold,IN,2024-06-18,7,196.0,Churned
9408,Kelly Cooper,Gold,MO,2024-06-18,10,196.0,Churned
9419,Lisa Gamble,Silver,MI,2024-06-18,4,196.0,Churned
9475,Michael Johns,Silver,FL,2024-06-18,8,196.0,Churned
9775,David Campbell,Gold,AZ,2024-06-18,6,196.0,Churned
914,Manuel Williams,Gold,TN,2024-06-19,10,195.0,Churned
931,Lisa Garza,Gold,TX,2024-06-19,7,195.0,Churned
2853,Eric Smith,Platinum,NJ,2024-06-19,5,195.0,Churned
2962,Paul Smith,Silver,WA,2024-06-19,9,195.0,Churned
3243,Erin Kaufman,Silver,IN,2024-06-19,6,195.0,Churned
3690,David Franco,Bronze,WI,2024-06-19,7,195.0,Churned
5165,Lori Anderson,Silver,TX,2024-06-19,6,195.0,Churned
5213,Pamela Burns,Silver,PA,2024-06-19,8,195.0,Churned
5975,Michael Brown,Platinum,WA,2024-06-19,11,195.0,Churned
6871,John Lawson,Gold,NC,2024-06-19,8,195.0,Churned
8825,Stacy Brown,Bronze,MI,2024-06-19,8,195.0,Churned
9481,Ricky Palmer,Bronze,TX,2024-06-19,4,195.0,Churned
1153,Kenneth Morgan,Silver,IL,2024-06-20,10,194.0,Churned
1213,Rachel Hinton,Gold,OH,2024-06-20,9,194.0,Churned
1525,Luis Lewis,Gold,VA,2024-06-20,10,194.0,Churned
1773,Tracy Blake,Bronze,MD,2024-06-20,11,194.0,Churned
2207,George Allen,Gold,CA,2024-06-20,6,194.0,Churned
3778,Michael Long,Gold,NY,2024-06-20,5,194.0,Churned
3960,Christopher Morales,Platinum,AZ,2024-06-20,8,194.0,Churned
4694,Robin Ortega,Gold,AZ,2024-06-20,6,194.0,Churned
5835,Jackson Riddle,Bronze,MO,2024-06-20,10,194.0,Churned
6026,Kathryn Griffith,Silver,MO,2024-06-20,10,194.0,Churned
6574,Natasha Carter,Gold,TN,2024-06-20,6,194.0,Churned
7411,Sylvia Castillo,Bronze,WA,2024-06-20,12,194.0,Churned
7631,Michael Taylor,Silver,TN,2024-06-20,9,194.0,Churned
7702,Michael Martin,Silver,NC,2024-06-20,8,194.0,Churned
8218,Cassie Owens,Platinum,IN,2024-06-20,8,194.0,Churned
8679,Michael Briggs,Silver,AZ,2024-06-20,8,194.0,Churned
8872,Donna Wolfe,Bronze,FL,2024-06-20,10,194.0,Churned
180,Megan Rivera,Silver,WI,2024-06-21,4,193.0,Churned
907,Michael King,Bronze,NJ,2024-06-21,8,193.0,Churned
1209,Christina Richardson,Bronze,NC,2024-06-21,9,193.0,Churned
2081,Anthony Knight,Bronze,MD,2024-06-21,6,193.0,Churned
2319,Bridget Hunter,Platinum,MA,2024-06-21,9,193.0,Churned
2736,Julia Smith,Silver,CA,2024-06-21,5,193.0,Churned
2799,Kevin Kent,Gold,FL,2024-06-21,3,193.0,Churned
2891,Aaron Snyder,Silver,PA,2024-06-21,8,193.0,Churned
3353,Beth Wright,Silver,MA,2024-06-21,8,193.0,Churned
4358,Jared Doyle,Silver,IL,2024-06-21,10,193.0,Churned
4891,Justin Fleming,Silver,MA,2024-06-21,4,193.0,Churned
5090,James James,Silver,FL,2024-06-21,10,193.0,Churned
5867,John Sullivan,Silver,NY,2024-06-21,6,193.0,Churned
6725,Sandra Smith,Platinum,TN,2024-06-21,7,193.0,Churned
9553,Brandon Ward,Bronze,GA,2024-06-21,6,193.0,Churned
320,Brian Baker,Bronze,IN,2024-06-22,4,192.0,Churned
522,Gabrielle Valencia,Gold,WA,2024-06-22,9,192.0,Churned
792,Susan Lozano,Silver,TX,2024-06-22,7,192.0,Churned
1313,Sarah Summers,Platinum,MD,2024-06-22,2,192.0,Churned
1659,Andrew Avila,Bronze,MO,2024-06-22,8,192.0,Churned
2761,Gregory Garza,Silver,NC,2024-06-22,11,192.0,Churned
3624,Elizabeth Carpenter,Bronze,CA,2024-06-22,7,192.0,Churned
5684,Blake Wright,Bronze,VA,2024-06-22,7,192.0,Churned
6575,Patricia Hart,Platinum,VA,2024-06-22,6,192.0,Churned
7640,Jacqueline Villanueva,Platinum,IL,2024-06-22,4,192.0,Churned
8586,John Sawyer,Gold,MA,2024-06-22,8,192.0,Churned
8999,Joshua White,Bronze,MO,2024-06-22,7,192.0,Churned
9248,Jack Thompson,Silver,MA,2024-06-22,4,192.0,Churned
9294,Allison Sanchez,Gold,PA,2024-06-22,7,192.0,Churned
9391,Kelly Davis,Gold,CA,2024-06-22,11,192.0,Churned
9789,Kimberly Camacho,Gold,IL,2024-06-22,9,192.0,Churned
318,Patrick Shelton,Bronze,MA,2024-06-23,6,191.0,Churned
1010,Jeremy Rodriguez,Gold,AZ,2024-06-23,7,191.0,Churned
1296,Zoe Yang,Bronze,TX,2024-06-23,3,191.0,Churned
1816,Bradley Keller,Bronze,PA,2024-06-23,4,191.0,Churned
1900,Christopher Wong,Bronze,CA,2024-06-23,12,191.0,Churned
1998,Brenda Wilson,Bronze,WI,2024-06-23,12,191.0,Churned
2984,Wayne Campbell,Bronze,NY,2024-06-23,4,191.0,Churned
3733,Michael Evans,Platinum,OH,2024-06-23,4,191.0,Churned
3978,Katherine Olson,Silver,FL,2024-06-23,7,191.0,Churned
4263,Andre Krueger,Silver,WA,2024-06-23,3,191.0,Churned
4703,Jason Blair,Bronze,IL,2024-06-23,6,191.0,Churned
5378,Kevin King,Bronze,WA,2024-06-23,6,191.0,Churned
6306,Amber Wallace,Bronze,FL,2024-06-23,7,191.0,Churned
7730,Madison Brown,Bronze,TN,2024-06-23,5,191.0,Churned
8304,Edwin Mcdowell,Bronze,AZ,2024-06-23,4,191.0,Churned
9113,Richard Rogers,Bronze,MD,2024-06-23,10,191.0,Churned
9695,Chelsea Doyle,Platinum,TX,2024-06-23,6,191.0,Churned
9834,Whitney Ramirez,Silver,WI,2024-06-23,2,191.0,Churned
705,Kyle Hunter,Bronze,AZ,2024-06-24,2,190.0,Churned
1387,Melissa Cantrell,Bronze,MA,2024-06-24,6,190.0,Churned
1700,Keith Hernandez,Bronze,FL,2024-06-24,5,190.0,Churned
2002,Melissa Brown,Gold,NY,2024-06-24,6,190.0,Churned
3584,Andre Shelton,Bronze,TN,2024-06-24,7,190.0,Churned
4043,Garrett Young,Silver,MD,2024-06-24,10,190.0,Churned
4701,Edwin Lewis,Platinum,MI,2024-06-24,8,190.0,Churned
4899,Mary Elliott,Bronze,TX,2024-06-24,6,190.0,Churned
5023,Leonard Esparza,Bronze,IL,2024-06-24,9,190.0,Churned
5088,Blake Rose,Silver,TX,2024-06-24,6,190.0,Churned
6359,Briana Johnson,Silver,AZ,2024-06-24,4,190.0,Churned
6434,Michael Beck,Bronze,VA,2024-06-24,7,190.0,Churned
6437,Micheal Rodriguez,Silver,VA,2024-06-24,7,190.0,Churned
6709,Luis Peterson,Bronze,MO,2024-06-24,6,190.0,Churned
6778,Gregory Kirk,Silver,PA,2024-06-24,9,190.0,Churned
6909,Gary Flynn,Bronze,NC,2024-06-24,10,190.0,Churned
8973,Jeffrey Lin,Silver,AZ,2024-06-24,9,190.0,Churned
37,Glenn Jones,Silver,CA,2024-06-25,8,189.0,Churned
1496,Jacob Lara,Bronze,MO,2024-06-25,5,189.0,Churned
3641,Thomas Maddox,Bronze,NC,2024-06-25,7,189.0,Churned
3674,Michelle Kirby,Silver,GA,2024-06-25,5,189.0,Churned
4496,Louis Maldonado,Silver,TN,2024-06-25,6,189.0,Churned
4642,Mark Brown,Silver,AZ,2024-06-25,5,189.0,Churned
5386,Steve Barrett,Bronze,FL,2024-06-25,12,189.0,Churned
5616,Jennifer Barnes,Platinum,NJ,2024-06-25,14,189.0,Churned
6400,Morgan Hall,Silver,WA,2024-06-25,12,189.0,Churned
6489,Nicole Estrada,Gold,MA,2024-06-25,6,189.0,Churned
7072,Ashlee Medina,Bronze,IN,2024-06-25,7,189.0,Churned
7169,David Palmer,Bronze,AZ,2024-06-25,5,189.0,Churned
7650,Andrew Ramsey,Bronze,TN,2024-06-25,6,189.0,Churned
8560,Renee Pineda,Bronze,WA,2024-06-25,9,189.0,Churned
9006,Eric Frazier,Silver,TN,2024-06-25,7,189.0,Churned
599,James Wise,Silver,TX,2024-06-26,4,188.0,Churned
1077,Eric Duran,Bronze,WI,2024-06-26,8,188.0,Churned
2441,Jessica Madden,Gold,TN,2024-06-26,10,188.0,Churned
2496,Michelle Ali,Bronze,MA,2024-06-26,9,188.0,Churned
3705,Michael Fowler,Gold,GA,2024-06-26,4,188.0,Churned
4397,Karen Thomas,Silver,MO,2024-06-26,8,188.0,Churned
5692,Benjamin Rasmussen,Bronze,AZ,2024-06-26,4,188.0,Churned
6143,Catherine Austin,Bronze,TN,2024-06-26,8,188.0,Churned
6501,Aaron Williams,Gold,NY,2024-06-26,11,188.0,Churned
6757,Donald Johnson,Bronze,IL,2024-06-26,12,188.0,Churned
7197,Thomas Stewart,Gold,TX,2024-06-26,8,188.0,Churned
8117,Michael Reed,Bronze,VA,2024-06-26,6,188.0,Churned
8463,Brandon James,Gold,NJ,2024-06-26,6,188.0,Churned
8516,Sarah Jarvis,Silver,NJ,2024-06-26,7,188.0,Churned
8702,Eric Walker,Bronze,OH,2024-06-26,4,188.0,Churned
9254,Clayton Hampton,Silver,MO,2024-06-26,12,188.0,Churned
9620,Leah Watson,Gold,MO,2024-06-26,4,188.0,Churned
9919,Deborah Rivera,Bronze,IN,2024-06-26,10,188.0,Churned
170,Andrew Smith,Platinum,AZ,2024-06-27,9,187.0,Churned
672,Hannah Patrick,Gold,MA,2024-06-27,11,187.0,Churned
793,Lauren Oneill,Bronze,GA,2024-06-27,10,187.0,Churned
1242,Kimberly Wilson,Bronze,AZ,2024-06-27,12,187.0,Churned
1433,Michael Wyatt,Bronze,MI,2024-06-27,12,187.0,Churned
1522,Kyle Bradshaw,Gold,GA,2024-06-27,9,187.0,Churned
1759,Laurie Davidson,Bronze,PA,2024-06-27,6,187.0,Churned
2136,Lisa Hill,Gold,MA,2024-06-27,8,187.0,Churned
2854,Patrick Ross,Bronze,MI,2024-06-27,8,187.0,Churned
3456,Veronica Reyes,Gold,NY,2024-06-27,10,187.0,Churned
4258,Richard Perez,Gold,VA,2024-06-27,9,187.0,Churned
5550,Erika Fry,Bronze,NC,2024-06-27,10,187.0,Churned
5903,Anthony Gibson,Silver,VA,2024-06-27,9,187.0,Churned
6583,Tammy Atkins,Bronze,PA,2024-06-27,5,187.0,Churned
6950,Jonathan Tucker,Gold,CA,2024-06-27,4,187.0,Churned
7824,Kristina Lopez,Bronze,WI,2024-06-27,8,187.0,Churned
7979,Melissa Donaldson,Platinum,GA,2024-06-27,9,187.0,Churned
8424,Jessica Williams,Bronze,TN,2024-06-27,11,187.0,Churned
9056,Erin Peck,Bronze,OH,2024-06-27,5,187.0,Churned
2393,Meagan Moyer,Silver,GA,2024-06-28,6,186.0,Churned
3240,Jason Smith,Gold,CA,2024-06-28,5,186.0,Churned
3268,Jessica Alvarez,Bronze,OH,2024-06-28,10,186.0,Churned
3299,Chad Wang,Bronze,PA,2024-06-28,2,186.0,Churned
3569,Eric Snyder,Bronze,WA,2024-06-28,4,186.0,Churned
3714,Nicole Young,Silver,TX,2024-06-28,8,186.0,Churned
4226,Shannon Nelson,Silver,PA,2024-06-28,6,186.0,Churned
4626,Angela Gutierrez,Bronze,WI,2024-06-28,7,186.0,Churned
4799,Kimberly White,Bronze,CA,2024-06-28,5,186.0,Churned
5087,Roger Medina,Silver,MO,2024-06-28,5,186.0,Churned
6513,David Rosales,Bronze,OH,2024-06-28,5,186.0,Churned
9118,Cole Logan,Silver,NJ,2024-06-28,12,186.0,Churned
9447,Lisa Rose,Gold,PA,2024-06-28,3,186.0,Churned
332,Kathryn Bradford,Silver,MO,2024-06-29,5,185.0,Churned
473,Samuel Garcia,Silver,MI,2024-06-29,10,185.0,Churned
868,Cynthia Sullivan,Bronze,AZ,2024-06-29,7,185.0,Churned
966,Christopher Landry,Bronze,PA,2024-06-29,9,185.0,Churned
3579,Michael Castillo,Bronze,GA,2024-06-29,6,185.0,Churned
4508,Rebecca Perez,Bronze,TX,2024-06-29,12,185.0,Churned
4737,Justin Anderson,Gold,MI,2024-06-29,11,185.0,Churned
4828,Jocelyn Mccall,Platinum,AZ,2024-06-29,12,185.0,Churned
5277,Renee Howard,Bronze,TX,2024-06-29,7,185.0,Churned
6179,Robert Bowman,Gold,MO,2024-06-29,5,185.0,Churned
7027,Penny Jones,Gold,NY,2024-06-29,3,185.0,Churned
7253,Alexander Schmidt,Silver,TN,2024-06-29,7,185.0,Churned
7497,Claudia Olson,Bronze,MI,2024-06-29,7,185.0,Churned
7749,Michael Hines,Platinum,CA,2024-06-29,9,185.0,Churned
8688,Alexander Bass,Bronze,FL,2024-06-29,9,185.0,Churned
9170,Matthew Davis,Silver,WI,2024-06-29,6,185.0,Churned
9736,Lucas Torres,Bronze,NJ,2024-06-29,7,185.0,Churned
73,Robert Bauer,Gold,AZ,2024-06-30,9,184.0,Churned
755,Angela Mason,Gold,MO,2024-06-30,7,184.0,Churned
1827,James Harrison,Bronze,MA,2024-06-30,10,184.0,Churned
2371,Thomas Pratt,Bronze,MO,2024-06-30,4,184.0,Churned
2765,Mary Leon,Silver,MO,2024-06-30,2,184.0,Churned
3178,Dennis Lewis,Platinum,OH,2024-06-30,9,184.0,Churned
3400,Jesse Navarro,Bronze,MD,2024-06-30,8,184.0,Churned
6153,Michael Holden,Platinum,NY,2024-06-30,6,184.0,Churned
6665,Arthur Palmer,Bronze,NY,2024-06-30,2,184.0,Churned
6844,Katherine Williams,Bronze,MD,2024-06-30,8,184.0,Churned
7262,Jose Schroeder,Silver,IL,2024-06-30,7,184.0,Churned
7328,Sherry Sanchez,Silver,OH,2024-06-30,5,184.0,Churned
7867,Kimberly Gonzalez,Bronze,PA,2024-06-30,10,184.0,Churned
8657,Matthew Delgado,Gold,AZ,2024-06-30,9,184.0,Churned
8775,Crystal Brooks,Bronze,MI,2024-06-30,6,184.0,Churned
9749,David Brewer,Platinum,NJ,2024-06-30,4,184.0,Churned
1442,Stephen Greene,Bronze,CA,2024-07-01,8,183.0,Churned
1530,Christopher Brooks,Silver,NY,2024-07-01,7,183.0,Churned
2190,Alicia Barrett,Bronze,TX,2024-07-01,6,183.0,Churned
2211,Sarah Norman,Silver,NJ,2024-07-01,13,183.0,Churned
2248,Vanessa White,Bronze,IN,2024-07-01,11,183.0,Churned
3115,Emily Smith,Bronze,PA,2024-07-01,7,183.0,Churned
3267,Kevin Schmitt,Silver,WI,2024-07-01,11,183.0,Churned
4081,John Fischer,Silver,PA,2024-07-01,6,183.0,Churned
5370,Patricia Adkins,Bronze,IN,2024-07-01,8,183.0,Churned
6317,Jessica Jackson,Bronze,FL,2024-07-01,10,183.0,Churned
6388,Sandra Thomas,Silver,NY,2024-07-01,9,183.0,Churned
6417,Christopher Bullock,Bronze,OH,2024-07-01,10,183.0,Churned
6800,Cheryl Becker,Bronze,MD,2024-07-01,6,183.0,Churned
8620,James Collier,Gold,VA,2024-07-01,10,183.0,Churned
252,Robert Collins,Bronze,TN,2024-07-02,11,182.0,Churned
1878,Angela Moore,Bronze,GA,2024-07-02,15,182.0,Churned
2028,Rhonda Edwards,Bronze,OH,2024-07-02,9,182.0,Churned
2871,Sarah Moore,Bronze,IL,2024-07-02,7,182.0,Churned
2929,Brittany Cabrera,Bronze,IN,2024-07-02,6,182.0,Churned
4688,Justin Shaw,Bronze,GA,2024-07-02,5,182.0,Churned
4822,Melanie Bond,Bronze,NJ,2024-07-02,5,182.0,Churned
5082,Parker Fisher,Silver,AZ,2024-07-02,7,182.0,Churned
5294,Kristi Williams,Silver,PA,2024-07-02,7,182.0,Churned
5419,Chad Miller,Bronze,NY,2024-07-02,10,182.0,Churned
5695,John Coleman,Bronze,IN,2024-07-02,9,182.0,Churned
5811,Johnny Wallace,Gold,WA,2024-07-02,10,182.0,Churned
7018,Denise Jones,Gold,MA,2024-07-02,9,182.0,Churned
7170,Daniel Medina,Gold,TX,2024-07-02,10,182.0,Churned
8079,Christian Johnson,Bronze,FL,2024-07-02,9,182.0,Churned
8295,Jason Lucas,Silver,WA,2024-07-02,4,182.0,Churned
157,Anne Hernandez,Gold,NC,2024-07-03,6,181.0,Churned
968,Melissa Rollins,Silver,IN,2024-07-03,8,181.0,Churned
1139,John Garrison,Platinum,MD,2024-07-03,5,181.0,Churned
1436,Emily Rivera,Gold,TX,2024-07-03,7,181.0,Churned
1983,Michelle Pena,Platinum,NY,2024-07-03,12,181.0,Churned
2557,James Murray,Bronze,FL,2024-07-03,4,181.0,Churned
2922,Martin Tucker,Bronze,PA,2024-07-03,11,181.0,Churned
2967,Evan Henderson,Gold,WA,2024-07-03,6,181.0,Churned
3436,Elizabeth Harrington,Gold,NY,2024-07-03,11,181.0,Churned
4188,Mary Lang,Bronze,MO,2024-07-03,7,181.0,Churned
4849,Ernest Burns,Silver,NJ,2024-07-03,7,181.0,Churned
6499,Bryan Ryan,Gold,PA,2024-07-03,7,181.0,Churned
6926,Kevin Sutton,Silver,TN,2024-07-03,7,181.0,Churned
7599,Miguel Lewis,Silver,AZ,2024-07-03,5,181.0,Churned
8800,Edward Marquez,Silver,WI,2024-07-03,6,181.0,Churned
8946,Scott Brown,Gold,MA,2024-07-03,5,181.0,Churned
9732,Crystal Castillo,Gold,TX,2024-07-03,9,181.0,Churned
9813,Mary Scott,Bronze,MO,2024-07-03,15,181.0,Churned
9965,Melissa Oliver,Silver,TX,2024-07-03,11,181.0,Churned
730,Christopher Jackson,Silver,CA,2024-07-04,6,180.0,At Risk
1006,Larry Douglas,Platinum,TX,2024-07-04,8,180.0,At Risk
2359,William Baker,Bronze,PA,2024-07-04,4,180.0,At Risk
2698,Melanie Thomas,Platinum,VA,2024-07-04,6,180.0,At Risk
4329,Rebecca Mata,Bronze,OH,2024-07-04,8,180.0,At Risk
4396,Michael Sanders,Gold,MI,2024-07-04,6,180.0,At Risk
4795,Tammy Davila,Silver,PA,2024-07-04,14,180.0,At Risk
4996,Chad Mitchell,Silver,NC,2024-07-04,6,180.0,At Risk
5362,Jennifer Hensley,Bronze,NC,2024-07-04,8,180.0,At Risk
5874,David Mcneil,Bronze,TN,2024-07-04,4,180.0,At Risk
6681,Rebecca Long,Bronze,PA,2024-07-04,6,180.0,At Risk
7754,Ebony Schmidt,Silver,MO,2024-07-04,6,180.0,At Risk
7856,Christina Riley,Silver,WA,2024-07-04,6,180.0,At Risk
8051,Jeremy Avila,Gold,MO,2024-07-04,6,180.0,At Risk
8655,David Moore,Gold,FL,2024-07-04,9,180.0,At Risk
9909,Debbie Cannon,Bronze,MO,2024-07-04,10,180.0,At Risk
9948,Johnny Lee,Gold,TX,2024-07-04,9,180.0,At Risk
329,John Ramirez,Silver,WI,2024-07-05,6,179.0,At Risk
532,Jennifer Calhoun,Bronze,MD,2024-07-05,11,179.0,At Risk
2024,Veronica Green,Bronze,IL,2024-07-05,5,179.0,At Risk
2183,Evelyn Norris,Bronze,MI,2024-07-05,11,179.0,At Risk
3250,Daniel Jackson,Silver,MO,2024-07-05,6,179.0,At Risk
3392,Jonathan Wolfe,Platinum,NC,2024-07-05,10,179.0,At Risk
5448,Breanna Walton,Silver,TN,2024-07-05,8,179.0,At Risk
6539,Brent Alvarez,Silver,MO,2024-07-05,8,179.0,At Risk
6702,Jennifer Powell,Bronze,NC,2024-07-05,10,179.0,At Risk
6712,Anna Archer,Bronze,AZ,2024-07-05,5,179.0,At Risk
6733,Brandon Turner,Bronze,PA,2024-07-05,10,179.0,At Risk
7156,Daniel Anderson,Bronze,VA,2024-07-05,10,179.0,At Risk
7261,Scott Reed,Bronze,PA,2024-07-05,5,179.0,At Risk
8083,Jonathan Watkins,Bronze,WA,2024-07-05,5,179.0,At Risk
8645,Kimberly Schroeder,Bronze,VA,2024-07-05,6,179.0,At Risk
8861,Brianna Cole,Gold,MI,2024-07-05,6,179.0,At Risk
9186,Stephen Smith,Platinum,WA,2024-07-05,6,179.0,At Risk
9482,John Martinez,Silver,OH,2024-07-05,10,179.0,At Risk
9790,Donald Allen,Silver,MA,2024-07-05,9,179.0,At Risk
9914,Dustin Curry,Bronze,NC,2024-07-05,8,179.0,At Risk
353,Rhonda Moore,Silver,CA,2024-07-06,7,178.0,At Risk
356,Sandra Hernandez,Bronze,FL,2024-07-06,7,178.0,At Risk
1039,Donald Owens,Bronze,NY,2024-07-06,11,178.0,At Risk
1493,Teresa Browning,Silver,NJ,2024-07-06,8,178.0,At Risk
3192,Tiffany Brown,Bronze,WA,2024-07-06,5,178.0,At Risk
3342,Erin Tyler,Gold,NC,2024-07-06,7,178.0,At Risk
3406,Chad Lane,Silver,VA,2024-07-06,11,178.0,At Risk
4319,David Mays,Bronze,PA,2024-07-06,11,178.0,At Risk
4385,Michael Mcguire,Silver,IN,2024-07-06,3,178.0,At Risk
4482,Tara Scott,Bronze,IL,2024-07-06,7,178.0,At Risk
4618,Nicole Strickland,Gold,MI,2024-07-06,10,178.0,At Risk
5429,Casey Bryant,Gold,NJ,2024-07-06,11,178.0,At Risk
5854,Dalton Campbell,Silver,TN,2024-07-06,5,178.0,At Risk
7108,Nathaniel Riley,Silver,TX,2024-07-06,8,178.0,At Risk
7218,Austin Ashley,Silver,NC,2024-07-06,7,178.0,At Risk
8084,Jerry Reilly,Gold,TX,2024-07-06,12,178.0,At Risk
8735,Jasmine Reyes,Silver,AZ,2024-07-06,8,178.0,At Risk
9052,Michael Roman,Bronze,FL,2024-07-06,3,178.0,At Risk
9667,Arthur Ortiz,Silver,IL,2024-07-06,6,178.0,At Risk
1058,Kathy Hubbard,Bronze,GA,2024-07-07,11,177.0,At Risk
1500,Kristin Eaton,Gold,IL,2024-07-07,9,177.0,At Risk
1501,Dana Sampson,Silver,TN,2024-07-07,10,177.0,At Risk
1856,Emma Wells,Silver,FL,2024-07-07,6,177.0,At Risk
1898,Benjamin Murphy,Silver,FL,2024-07-07,8,177.0,At Risk
3205,Eileen Everett,Silver,AZ,2024-07-07,5,177.0,At Risk
3758,Katherine Gutierrez,Bronze,TN,2024-07-07,3,177.0,At Risk
3938,Alec Contreras,Platinum,NJ,2024-07-07,6,177.0,At Risk
4649,Linda Castillo,Gold,NY,2024-07-07,10,177.0,At Risk
4896,Kayla Beck,Silver,FL,2024-07-07,8,177.0,At Risk
5011,Robert White,Bronze,WI,2024-07-07,8,177.0,At Risk
5036,Whitney Henderson,Bronze,IN,2024-07-07,7,177.0,At Risk
5157,Michael Turner,Silver,PA,2024-07-07,11,177.0,At Risk
6056,Gabrielle Lee,Silver,OH,2024-07-07,10,177.0,At Risk
6893,Karen Newman,Platinum,NY,2024-07-07,10,177.0,At Risk
7338,Kathleen Shannon,Platinum,FL,2024-07-07,3,177.0,At Risk
7423,Justin Bradley,Silver,FL,2024-07-07,9,177.0,At Risk
8107,Virginia Jackson,Bronze,FL,2024-07-07,7,177.0,At Risk
8540,Joanna Lamb,Silver,GA,2024-07-07,7,177.0,At Risk
8778,Crystal Russell,Silver,TN,2024-07-07,7,177.0,At Risk
8891,Daniel Chapman,Silver,VA,2024-07-07,7,177.0,At Risk
690,Stephen Peterson,Silver,FL,2024-07-08,8,176.0,At Risk
695,Jocelyn Cruz,Silver,MD,2024-07-08,6,176.0,At Risk
724,Christina Floyd,Gold,FL,2024-07-08,4,176.0,At Risk
819,David Perry,Platinum,OH,2024-07-08,9,176.0,At Risk
1363,Thomas Morgan,Bronze,MD,2024-07-08,8,176.0,At Risk
1616,Mary Matthews,Bronze,GA,2024-07-08,10,176.0,At Risk
2818,Richard Watts,Bronze,MD,2024-07-08,9,176.0,At Risk
4114,Rodney Foster,Bronze,NC,2024-07-08,14,176.0,At Risk
4168,Jason Mccall,Bronze,NC,2024-07-08,4,176.0,At Risk
5135,John Sanders,Bronze,MD,2024-07-08,3,176.0,At Risk
6000,Kelli Jackson,Bronze,TX,2024-07-08,6,176.0,At Risk
6272,Mandy Kennedy,Gold,MD,2024-07-08,10,176.0,At Risk
6411,Jose Friedman,Silver,MD,2024-07-08,7,176.0,At Risk
6807,Thomas Morales,Platinum,TN,2024-07-08,5,176.0,At Risk
7534,Jeremy Parks,Bronze,PA,2024-07-08,6,176.0,At Risk
8271,Richard Salinas,Silver,MI,2024-07-08,8,176.0,At Risk
9093,Justin Khan,Silver,NJ,2024-07-08,10,176.0,At Risk
9926,Heather Park,Gold,AZ,2024-07-08,8,176.0,At Risk
239,Warren Ayala,Bronze,TN,2024-07-09,7,175.0,At Risk
254,Emily Carr,Silver,NC,2024-07-09,7,175.0,At Risk
402,Kristin Williams,Silver,IN,2024-07-09,8,175.0,At Risk
728,Jennifer Kane,Silver,WI,2024-07-09,8,175.0,At Risk
803,Natalie Contreras,Bronze,WI,2024-07-09,4,175.0,At Risk
1043,Erik White,Bronze,MI,2024-07-09,8,175.0,At Risk
1411,Megan Martin,Bronze,AZ,2024-07-09,4,175.0,At Risk
1937,Robert Ramirez,Silver,CA,2024-07-09,9,175.0,At Risk
2246,Sarah Ortiz,Gold,OH,2024-07-09,12,175.0,At Risk
2637,Sarah Watts,Gold,MD,2024-07-09,10,175.0,At Risk
2722,Ronald Sullivan,Bronze,NC,2024-07-09,8,175.0,At Risk
2785,Sharon Mclaughlin,Bronze,NJ,2024-07-09,8,175.0,At Risk
2940,Brenda Page,Bronze,IN,2024-07-09,6,175.0,At Risk
4286,Tina Knapp,Bronze,MO,2024-07-09,10,175.0,At Risk
4463,Theresa Crawford,Bronze,OH,2024-07-09,7,175.0,At Risk
4555,Jeremy Gonzalez,Silver,GA,2024-07-09,13,175.0,At Risk
4729,Daryl Li,Silver,MD,2024-07-09,9,175.0,At Risk
5238,Sally Duncan,Silver,VA,2024-07-09,8,175.0,At Risk
5404,Joseph Blackwell,Bronze,NY,2024-07-09,9,175.0,At Risk
5633,Jeffrey Lewis,Platinum,GA,2024-07-09,15,175.0,At Risk
8137,Edward Calhoun,Gold,IL,2024-07-09,5,175.0,At Risk
8329,Michael Anderson,Platinum,OH,2024-07-09,6,175.0,At Risk
8819,Tonya Solis,Bronze,TN,2024-07-09,10,175.0,At Risk
8857,Brandy Simmons,Silver,OH,2024-07-09,7,175.0,At Risk
8972,Jennifer Ramirez,Silver,CA,2024-07-09,8,175.0,At Risk
9819,James Adams,Bronze,WA,2024-07-09,10,175.0,At Risk
389,Samuel Farrell,Silver,TN,2024-07-10,5,174.0,At Risk
446,Jeffrey Sanford,Silver,PA,2024-07-10,8,174.0,At Risk
688,Amanda Jensen,Gold,IL,2024-07-10,13,174.0,At Risk
1057,Megan Walsh,Silver,CA,2024-07-10,5,174.0,At Risk
1144,Crystal Landry,Silver,MO,2024-07-10,8,174.0,At Risk
1372,Mark Fuentes,Gold,NC,2024-07-10,5,174.0,At Risk
1376,James Lewis,Bronze,FL,2024-07-10,5,174.0,At Risk
1629,Kevin Wood,Bronze,NJ,2024-07-10,5,174.0,At Risk
1774,Jeffrey Evans,Bronze,WA,2024-07-10,7,174.0,At Risk
3479,Jacob Thomas,Bronze,GA,2024-07-10,7,174.0,At Risk
3625,Reginald Morris,Gold,WA,2024-07-10,7,174.0,At Risk
3626,Michelle Lee,Bronze,TN,2024-07-10,6,174.0,At Risk
3632,Cynthia Rogers,Gold,NJ,2024-07-10,7,174.0,At Risk
3734,Jonathan Brown,Gold,FL,2024-07-10,7,174.0,At Risk
4105,Shane Arroyo,Bronze,TX,2024-07-10,7,174.0,At Risk
5668,Kimberly Morris,Silver,PA,2024-07-10,8,174.0,At Risk
6194,Troy Nielsen,Gold,IN,2024-07-10,12,174.0,At Risk
6561,Ashley Moore,Bronze,PA,2024-07-10,15,174.0,At Risk
6593,Gary Robinson,Bronze,MI,2024-07-10,5,174.0,At Risk
7267,Chad Wilson,Bronze,MO,2024-07-10,7,174.0,At Risk
7882,Claire Hickman,Silver,PA,2024-07-10,6,174.0,At Risk
8158,Cassandra Fisher,Silver,IL,2024-07-10,10,174.0,At Risk
8236,Jennifer Burns,Gold,MO,2024-07-10,4,174.0,At Risk
8345,Jeffrey Nguyen,Bronze,NY,2024-07-10,8,174.0,At Risk
8370,Jessica Wilkins,Gold,VA,2024-07-10,5,174.0,At Risk
3109,Rebecca Mann,Platinum,TN,2024-07-11,10,173.0,At Risk
3675,Madeline Gomez,Bronze,VA,2024-07-11,4,173.0,At Risk
4214,Cheryl Austin,Silver,TN,2024-07-11,7,173.0,At Risk
4933,Dorothy Ward,Silver,VA,2024-07-11,9,173.0,At Risk
5010,Dustin Pearson,Bronze,MI,2024-07-11,7,173.0,At Risk
5106,Kimberly Thomas,Platinum,OH,2024-07-11,7,173.0,At Risk
5428,Michelle Graham,Bronze,PA,2024-07-11,6,173.0,At Risk
6090,Kaylee Clark,Silver,AZ,2024-07-11,11,173.0,At Risk
6256,Taylor Gomez,Silver,WI,2024-07-11,9,173.0,At Risk
6277,Nicole Hendrix,Bronze,FL,2024-07-11,5,173.0,At Risk
6338,James Allen,Bronze,NC,2024-07-11,11,173.0,At Risk
6448,Matthew Brennan,Bronze,MI,2024-07-11,5,173.0,At Risk
6994,Richard Fitzgerald,Gold,WI,2024-07-11,9,173.0,At Risk
7305,Victoria Tran,Gold,NY,2024-07-11,4,173.0,At Risk
7452,Kimberly Gillespie,Bronze,CA,2024-07-11,7,173.0,At Risk
8482,Christopher Davidson,Bronze,TN,2024-07-11,5,173.0,At Risk
8839,Cindy Nichols,Silver,WI,2024-07-11,10,173.0,At Risk
9655,Matthew Perry,Silver,NY,2024-07-11,10,173.0,At Risk
9779,John Mcbride,Gold,NJ,2024-07-11,8,173.0,At Risk
9885,Anthony Robinson,Bronze,MO,2024-07-11,10,173.0,At Risk
9896,Jennifer Warner,Silver,TX,2024-07-11,8,173.0,At Risk
323,Jason Baker,Silver,MD,2024-07-12,4,172.0,At Risk
431,Richard Edwards,Silver,AZ,2024-07-12,6,172.0,At Risk
889,Paige Cortez,Silver,TN,2024-07-12,12,172.0,At Risk
918,Michele Martinez,Silver,PA,2024-07-12,9,172.0,At Risk
1036,Rachel Peterson,Bronze,GA,2024-07-12,9,172.0,At Risk
2092,Joseph Jordan,Platinum,MI,2024-07-12,6,172.0,At Risk
2222,Alexandria Navarro,Silver,MD,2024-07-12,8,172.0,At Risk
2867,Danielle Delgado,Bronze,MI,2024-07-12,7,172.0,At Risk
3694,Daniel Benjamin,Gold,OH,2024-07-12,5,172.0,At Risk
4650,Martha Randall,Platinum,MD,2024-07-12,8,172.0,At Risk
4672,Roberta Peterson,Silver,VA,2024-07-12,13,172.0,At Risk
5219,Anna Holder,Silver,PA,2024-07-12,13,172.0,At Risk
5620,Lee Macias,Platinum,IN,2024-07-12,6,172.0,At Risk
5674,Anthony Jones,Bronze,NC,2024-07-12,10,172.0,At Risk
6045,Robert Beck,Platinum,CA,2024-07-12,7,172.0,At Risk
6946,William Murray,Bronze,MD,2024-07-12,7,172.0,At Risk
7119,Carl Moore,Gold,MD,2024-07-12,7,172.0,At Risk
7130,Marisa Williams,Silver,PA,2024-07-12,5,172.0,At Risk
7316,Denise Taylor,Bronze,TX,2024-07-12,5,172.0,At Risk
7480,Nathaniel Vasquez,Bronze,WI,2024-07-12,6,172.0,At Risk
7637,Robert Keller,Silver,VA,2024-07-12,7,172.0,At Risk
8365,Mary Griffith,Gold,IL,2024-07-12,3,172.0,At Risk
8557,Jason Aguirre,Silver,MA,2024-07-12,10,172.0,At Risk
8759,Jeffrey Tyler,Bronze,OH,2024-07-12,7,172.0,At Risk
8765,Janet Miller,Gold,PA,2024-07-12,13,172.0,At Risk
8769,John Brown,Silver,NC,2024-07-12,6,172.0,At Risk
8855,Shelly Mccoy,Silver,VA,2024-07-12,9,172.0,At Risk
9390,Katherine Dominguez,Bronze,PA,2024-07-12,7,172.0,At Risk
9503,Rebecca Martinez,Bronze,MI,2024-07-12,7,172.0,At Risk
9549,Desiree Mcclain,Silver,MD,2024-07-12,6,172.0,At Risk
781,Stephen Patrick,Silver,NJ,2024-07-13,6,171.0,At Risk
1261,Jeffrey Neal,Bronze,CA,2024-07-13,8,171.0,At Risk
1293,Amy Moran,Bronze,VA,2024-07-13,6,171.0,At Risk
1622,Jay Flores,Bronze,NY,2024-07-13,7,171.0,At Risk
1639,Paul Collins,Bronze,MI,2024-07-13,12,171.0,At Risk
1966,William Knapp,Bronze,TX,2024-07-13,11,171.0,At Risk
2541,Melissa Gonzalez,Silver,TN,2024-07-13,7,171.0,At Risk
2936,Chad Butler,Gold,NC,2024-07-13,7,171.0,At Risk
2982,Sandra Mcgee,Bronze,IL,2024-07-13,6,171.0,At Risk
3287,Tyler Pittman,Silver,MO,2024-07-13,7,171.0,At Risk
3501,Christina Hunter,Silver,CA,2024-07-13,11,171.0,At Risk
3866,Tammy Carlson,Silver,NJ,2024-07-13,4,171.0,At Risk
4699,Christine Salinas,Silver,MO,2024-07-13,3,171.0,At Risk
5564,Cassandra Evans,Silver,WI,2024-07-13,9,171.0,At Risk
5938,James White,Silver,AZ,2024-07-13,7,171.0,At Risk
6684,Connie Lopez,Bronze,MI,2024-07-13,9,171.0,At Risk
7290,Patricia Smith,Bronze,GA,2024-07-13,5,171.0,At Risk
8423,Alexis Edwards,Bronze,PA,2024-07-13,8,171.0,At Risk
8931,Kayla Gutierrez,Bronze,PA,2024-07-13,8,171.0,At Risk
9747,James Davis,Platinum,MI,2024-07-13,10,171.0,At Risk
9955,Peter Walker,Gold,PA,2024-07-13,5,171.0,At Risk
57,Stephanie Mcdaniel,Bronze,MA,2024-07-14,7,170.0,At Risk
1742,Eduardo Williamson,Bronze,NY,2024-07-14,6,170.0,At Risk
1751,Karen Gentry,Silver,NY,2024-07-14,6,170.0,At Risk
2021,Brooke Hill,Bronze,GA,2024-07-14,6,170.0,At Risk
2289,Charles Hickman,Gold,MO,2024-07-14,6,170.0,At Risk
2907,Kevin Peterson,Silver,CA,2024-07-14,6,170.0,At Risk
2983,Marco Blankenship,Platinum,AZ,2024-07-14,7,170.0,At Risk
3802,Sarah Vaughn,Bronze,FL,2024-07-14,7,170.0,At Risk
4320,Allison Johnson,Bronze,NC,2024-07-14,5,170.0,At Risk
4553,Kara Faulkner,Gold,CA,2024-07-14,7,170.0,At Risk
4676,John Ramos,Silver,TN,2024-07-14,6,170.0,At Risk
5002,Victoria Wilkinson,Silver,NJ,2024-07-14,8,170.0,At Risk
5658,David Scott,Bronze,IL,2024-07-14,11,170.0,At Risk
5993,Jose Cummings,Gold,TN,2024-07-14,8,170.0,At Risk
6370,Anna Dominguez,Bronze,TX,2024-07-14,5,170.0,At Risk
6408,Annette Francis,Silver,CA,2024-07-14,6,170.0,At Risk
6706,Eric Rodriguez,Bronze,WA,2024-07-14,12,170.0,At Risk
6934,Lisa Johnson,Gold,FL,2024-07-14,10,170.0,At Risk
7913,William Mcintyre,Bronze,NC,2024-07-14,5,170.0,At Risk
8099,Kevin Day,Silver,NJ,2024-07-14,8,170.0,At Risk
8821,Charles Mullins,Silver,TN,2024-07-14,10,170.0,At Risk
8976,Steven Marshall,Bronze,TN,2024-07-14,8,170.0,At Risk
9137,Kayla Chavez,Bronze,WI,2024-07-14,5,170.0,At Risk
9340,Susan Barry,Silver,IL,2024-07-14,9,170.0,At Risk
42,Stacey Holland,Bronze,FL,2024-07-15,10,169.0,At Risk
361,Sandra Wilson,Bronze,NY,2024-07-15,10,169.0,At Risk
843,Kelly May,Gold,AZ,2024-07-15,10,169.0,At Risk
2127,Kylie Hill,Gold,IN,2024-07-15,6,169.0,At Risk
2586,Billy Wiggins,Silver,TN,2024-07-15,9,169.0,At Risk
2808,Daniel Strong,Platinum,OH,2024-07-15,10,169.0,At Risk
2877,Cameron Gutierrez,Bronze,PA,2024-07-15,8,169.0,At Risk
2910,Lawrence Russell,Silver,MA,2024-07-15,6,169.0,At Risk
3279,Peter Carter,Platinum,MD,2024-07-15,3,169.0,At Risk
3417,David Glass,Bronze,MA,2024-07-15,10,169.0,At Risk
4474,Clayton Carroll,Bronze,OH,2024-07-15,7,169.0,At Risk
5109,Emily Horn,Silver,IL,2024-07-15,9,169.0,At Risk
5171,Micheal Anderson,Silver,VA,2024-07-15,9,169.0,At Risk
5288,Elizabeth Thornton,Platinum,GA,2024-07-15,5,169.0,At Risk
7228,Anthony Reed,Bronze,CA,2024-07-15,9,169.0,At Risk
7286,John Boyle,Silver,WA,2024-07-15,7,169.0,At Risk
7978,Joseph Murray,Bronze,MA,2024-07-15,10,169.0,At Risk
8318,Gary Stephens,Bronze,MD,2024-07-15,8,169.0,At Risk
8341,Carmen Williams,Gold,PA,2024-07-15,8,169.0,At Risk
8625,Steven Arellano,Gold,MI,2024-07-15,7,169.0,At Risk
8990,John Lamb,Bronze,NJ,2024-07-15,2,169.0,At Risk
9524,Joseph Lewis,Gold,IN,2024-07-15,9,169.0,At Risk
111,Tiffany Dickson,Silver,CA,2024-07-16,6,168.0,At Risk
1640,Megan Williams,Silver,NY,2024-07-16,5,168.0,At Risk
1680,Rita Brooks,Platinum,IN,2024-07-16,10,168.0,At Risk
2045,Amber Anderson,Bronze,FL,2024-07-16,8,168.0,At Risk
2341,Brian Thomas,Bronze,NY,2024-07-16,7,168.0,At Risk
2442,James Harrison,Bronze,NY,2024-07-16,9,168.0,At Risk
3660,Jake Woodard,Silver,MD,2024-07-16,5,168.0,At Risk
5228,Cody Gomez,Gold,AZ,2024-07-16,6,168.0,At Risk
6407,Katherine Benjamin,Silver,NC,2024-07-16,7,168.0,At Risk
7160,Jesse Huff,Gold,WA,2024-07-16,7,168.0,At Risk
8006,Albert Jones,Bronze,MA,2024-07-16,6,168.0,At Risk
8070,Sarah Turner,Platinum,TN,2024-07-16,7,168.0,At Risk
8377,Craig Montgomery,Gold,AZ,2024-07-16,6,168.0,At Risk
8892,Samantha Doyle,Silver,MO,2024-07-16,6,168.0,At Risk
9706,Amanda James,Silver,VA,2024-07-16,6,168.0,At Risk
9792,Adam Arellano,Bronze,NY,2024-07-16,6,168.0,At Risk
224,Derrick Rodriguez,Silver,TN,2024-07-17,3,167.0,At Risk
302,Erica Wilson,Bronze,NJ,2024-07-17,8,167.0,At Risk
484,Jennifer Perez,Bronze,MD,2024-07-17,6,167.0,At Risk
1511,Timothy Chen,Silver,PA,2024-07-17,7,167.0,At Risk
1806,John Garrett,Silver,NJ,2024-07-17,8,167.0,At Risk
2640,Daniel Cooper,Silver,MA,2024-07-17,10,167.0,At Risk
3476,John Jones,Silver,NC,2024-07-17,7,167.0,At Risk
3620,Linda Warren,Silver,MO,2024-07-17,9,167.0,At Risk
3901,William Gonzalez,Bronze,IL,2024-07-17,5,167.0,At Risk
4412,Mark Dawson,Gold,NY,2024-07-17,12,167.0,At Risk
5482,Alisha Martinez,Gold,WA,2024-07-17,5,167.0,At Risk
5767,Madison Randolph,Platinum,IL,2024-07-17,6,167.0,At Risk
6164,Tracy Barnes,Bronze,WI,2024-07-17,5,167.0,At Risk
6257,Kayla Taylor,Silver,WA,2024-07-17,9,167.0,At Risk
6371,Joseph Howell,Silver,PA,2024-07-17,11,167.0,At Risk
6805,Kaitlyn Hood,Bronze,TX,2024-07-17,8,167.0,At Risk
8373,Kim Green,Bronze,WI,2024-07-17,7,167.0,At Risk
890,Richard Brooks,Bronze,TX,2024-07-18,9,166.0,At Risk
1472,Amanda Hardin,Silver,OH,2024-07-18,4,166.0,At Risk
1796,Daniel Haley,Silver,VA,2024-07-18,6,166.0,At Risk
2128,Theresa Ramos,Platinum,TN,2024-07-18,6,166.0,At Risk
3442,Shawn Erickson,Bronze,NJ,2024-07-18,11,166.0,At Risk
4232,Richard Douglas,Silver,NY,2024-07-18,4,166.0,At Risk
5116,Peter Carr,Platinum,TX,2024-07-18,8,166.0,At Risk
5218,Scott Morrow,Bronze,IL,2024-07-18,7,166.0,At Risk
5328,Robert Hines,Bronze,GA,2024-07-18,14,166.0,At Risk
5929,Robin Ayala,Bronze,MD,2024-07-18,9,166.0,At Risk
6206,James Leonard,Platinum,PA,2024-07-18,2,166.0,At Risk
6766,Heather Hernandez,Bronze,WA,2024-07-18,4,166.0,At Risk
7488,Edward Johnson,Bronze,NJ,2024-07-18,7,166.0,At Risk
8088,Cassandra Scott,Silver,NY,2024-07-18,6,166.0,At Risk
9164,Richard Bradley,Bronze,TX,2024-07-18,5,166.0,At Risk
109,Daniel Davis,Bronze,IL,2024-07-19,3,165.0,At Risk
200,Jerry Robertson,Silver,MI,2024-07-19,9,165.0,At Risk
367,Richard Washington,Gold,IN,2024-07-19,5,165.0,At Risk
381,Angela Thomas,Silver,CA,2024-07-19,5,165.0,At Risk
441,Julia Chapman,Bronze,WA,2024-07-19,9,165.0,At Risk
1122,Brian Erickson,Platinum,NY,2024-07-19,6,165.0,At Risk
1186,Angela Underwood,Gold,TN,2024-07-19,6,165.0,At Risk
1590,Laurie Mullen,Gold,MI,2024-07-19,7,165.0,At Risk
1934,Tina Davis,Platinum,MA,2024-07-19,5,165.0,At Risk
2376,Jill Gonzales,Gold,NJ,2024-07-19,6,165.0,At Risk
2516,Jean Hill,Silver,IL,2024-07-19,6,165.0,At Risk
2560,Danielle Mata,Gold,VA,2024-07-19,6,165.0,At Risk
2769,Patricia Ellis,Bronze,WI,2024-07-19,6,165.0,At Risk
2779,Donald Nelson,Bronze,MA,2024-07-19,11,165.0,At Risk
2802,Michele Sosa,Silver,MI,2024-07-19,4,165.0,At Risk
4143,Peter Meyers,Silver,WI,2024-07-19,10,165.0,At Risk
4394,Joseph Martin,Bronze,FL,2024-07-19,10,165.0,At Risk
4767,Ricky Scott,Silver,GA,2024-07-19,4,165.0,At Risk
5024,Robert Pace,Bronze,NY,2024-07-19,7,165.0,At Risk
5134,Julie Hunter,Silver,CA,2024-07-19,6,165.0,At Risk
5315,Maurice Mccarthy,Bronze,FL,2024-07-19,11,165.0,At Risk
6193,Kevin Walls,Silver,AZ,2024-07-19,1,165.0,At Risk
8284,Gabriela Avila,Platinum,MA,2024-07-19,7,165.0,At Risk
8728,Alexander Huynh,Platinum,VA,2024-07-19,12,165.0,At Risk
9124,Joshua Williams,Platinum,CA,2024-07-19,8,165.0,At Risk
9368,Jody Wright,Silver,IL,2024-07-19,9,165.0,At Risk
406,Tara Brooks,Platinum,NJ,2024-07-20,13,164.0,At Risk
491,Jessica Suarez,Silver,CA,2024-07-20,10,164.0,At Risk
586,Luis Walters,Bronze,AZ,2024-07-20,7,164.0,At Risk
833,Ashley Barker,Bronze,AZ,2024-07-20,5,164.0,At Risk
940,Jill Smith,Platinum,AZ,2024-07-20,10,164.0,At Risk
1159,Jason Lowery,Gold,TN,2024-07-20,6,164.0,At Risk
2279,Wendy Robertson,Silver,OH,2024-07-20,6,164.0,At Risk
3056,Jessica Montgomery,Silver,NC,2024-07-20,6,164.0,At Risk
4058,Micheal Miller,Gold,NC,2024-07-20,4,164.0,At Risk
4398,Jennifer Kim,Bronze,NC,2024-07-20,5,164.0,At Risk
4491,Joseph Leblanc,Silver,FL,2024-07-20,10,164.0,At Risk
5161,Andrea Daniels,Silver,IN,2024-07-20,8,164.0,At Risk
6122,Emma Villarreal,Bronze,WA,2024-07-20,8,164.0,At Risk
6534,Tony Johnson,Gold,FL,2024-07-20,9,164.0,At Risk
7603,Brittany Norris,Silver,CA,2024-07-20,5,164.0,At Risk
7876,Henry Jimenez,Bronze,MD,2024-07-20,5,164.0,At Risk
8485,James Kramer,Bronze,NC,2024-07-20,9,164.0,At Risk
8757,Donald Harrison,Silver,NJ,2024-07-20,9,164.0,At Risk
8903,Patrick Hall,Bronze,GA,2024-07-20,3,164.0,At Risk
9270,Adrian Smith,Silver,VA,2024-07-20,10,164.0,At Risk
9463,Justin Clark,Bronze,IN,2024-07-20,14,164.0,At Risk
124,Brittany Powers,Bronze,FL,2024-07-21,12,163.0,At Risk
998,Gregory Welch,Gold,NJ,2024-07-21,10,163.0,At Risk
2188,Joseph Stevens,Silver,TN,2024-07-21,9,163.0,At Risk
2283,Linda Rodriguez,Bronze,AZ,2024-07-21,8,163.0,At Risk
2520,Donald Douglas,Bronze,VA,2024-07-21,5,163.0,At Risk
2534,Joseph Weeks,Silver,WA,2024-07-21,10,163.0,At Risk
3427,Kevin Smith,Silver,WI,2024-07-21,7,163.0,At Risk
3699,Albert Walker,Bronze,NC,2024-07-21,9,163.0,At Risk
3710,Kathy Reyes,Silver,NC,2024-07-21,5,163.0,At Risk
4087,Amber Garcia,Bronze,TX,2024-07-21,10,163.0,At Risk
4846,Isabella Anderson,Bronze,NJ,2024-07-21,9,163.0,At Risk
4897,Melissa Hicks,Platinum,WI,2024-07-21,6,163.0,At Risk
5473,George Wallace,Silver,WI,2024-07-21,7,163.0,At Risk
5971,Brittany Mays,Silver,NJ,2024-07-21,7,163.0,At Risk
6262,David Crawford,Bronze,WI,2024-07-21,10,163.0,At Risk
6303,Jeffrey Becker,Silver,AZ,2024-07-21,8,163.0,At Risk
6623,David Hernandez,Silver,WA,2024-07-21,10,163.0,At Risk
7141,James Moore,Silver,NY,2024-07-21,7,163.0,At Risk
7444,Alicia Thomas,Silver,CA,2024-07-21,7,163.0,At Risk
7996,Christopher Miller,Bronze,NC,2024-07-21,8,163.0,At Risk
70,Robert Martin,Bronze,FL,2024-07-22,8,162.0,At Risk
486,Mary Sanchez,Bronze,TN,2024-07-22,6,162.0,At Risk
886,Jesus Long,Bronze,NY,2024-07-22,11,162.0,At Risk
945,Tara Barnes,Silver,TN,2024-07-22,10,162.0,At Risk
1357,Kelly Daniels,Bronze,PA,2024-07-22,14,162.0,At Risk
1641,Julie Estrada,Silver,IN,2024-07-22,5,162.0,At Risk
2212,Jacob Martin,Silver,OH,2024-07-22,6,162.0,At Risk
2570,Joel Perry,Silver,CA,2024-07-22,6,162.0,At Risk
2881,Melanie Thompson,Gold,NJ,2024-07-22,7,162.0,At Risk
3519,Michael Jackson,Bronze,NJ,2024-07-22,5,162.0,At Risk
3698,Joseph Thompson,Silver,MD,2024-07-22,7,162.0,At Risk
4326,Thomas Smith,Bronze,VA,2024-07-22,12,162.0,At Risk
5098,Ralph Brooks,Bronze,MI,2024-07-22,9,162.0,At Risk
5252,Nicole Burns,Silver,GA,2024-07-22,6,162.0,At Risk
6717,Brett Hill,Bronze,CA,2024-07-22,5,162.0,At Risk
6730,Gabriel Gill,Silver,OH,2024-07-22,4,162.0,At Risk
7117,Tonya Howard,Silver,NJ,2024-07-22,9,162.0,At Risk
7134,Joseph Randolph,Silver,TN,2024-07-22,4,162.0,At Risk
8595,David Hawkins,Gold,FL,2024-07-22,7,162.0,At Risk
8864,Christie Tyler,Bronze,OH,2024-07-22,3,162.0,At Risk
9585,Austin Walker,Silver,WI,2024-07-22,12,162.0,At Risk
9798,Christy Williams,Gold,NC,2024-07-22,7,162.0,At Risk
327,Kenneth Brown,Gold,NJ,2024-07-23,10,161.0,At Risk
633,Jennifer Neal,Silver,OH,2024-07-23,10,161.0,At Risk
1286,Brittany Ross,Bronze,NJ,2024-07-23,4,161.0,At Risk
1306,Patricia Richardson,Platinum,MA,2024-07-23,5,161.0,At Risk
2156,David Brown,Platinum,NY,2024-07-23,10,161.0,At Risk
3800,Robert Elliott,Silver,OH,2024-07-23,11,161.0,At Risk
4074,Charlene Mccormick,Silver,IN,2024-07-23,5,161.0,At Risk
4427,William Velazquez,Silver,NJ,2024-07-23,5,161.0,At Risk
4742,Dennis Cordova,Platinum,TN,2024-07-23,7,161.0,At Risk
4796,Emily Hawkins,Bronze,MD,2024-07-23,12,161.0,At Risk
5371,Carlos Guzman,Gold,PA,2024-07-23,4,161.0,At Risk
5442,Crystal Anderson,Silver,TN,2024-07-23,3,161.0,At Risk
5858,Jason Clements,Bronze,WA,2024-07-23,7,161.0,At Risk
5974,Stephen Smith,Silver,MI,2024-07-23,6,161.0,At Risk
6169,Gregory Adams,Silver,NJ,2024-07-23,11,161.0,At Risk
6185,Chad Martinez,Bronze,MO,2024-07-23,5,161.0,At Risk
6692,Eric Kane,Gold,TN,2024-07-23,6,161.0,At Risk
6868,Kevin Haynes,Platinum,IL,2024-07-23,4,161.0,At Risk
6958,Steve Thomas,Bronze,MI,2024-07-23,7,161.0,At Risk
7769,Katelyn Robinson,Gold,MO,2024-07-23,12,161.0,At Risk
7971,Brandon Rivera,Gold,TN,2024-07-23,10,161.0,At Risk
9959,Amy Taylor,Bronze,MA,2024-07-23,12,161.0,At Risk
9985,Mariah Mcclain,Silver,CA,2024-07-23,12,161.0,At Risk
235,Kevin Walker,Silver,MA,2024-07-24,5,160.0,At Risk
270,Jason Thompson,Silver,NJ,2024-07-24,8,160.0,At Risk
1246,Jessica Keith,Bronze,GA,2024-07-24,7,160.0,At Risk
1369,Jeffrey Gonzalez,Gold,TN,2024-07-24,6,160.0,At Risk
1399,Victoria Ramirez,Bronze,PA,2024-07-24,10,160.0,At Risk
2307,Sarah Harper,Bronze,MA,2024-07-24,10,160.0,At Risk
3164,Jason Maldonado,Platinum,NC,2024-07-24,10,160.0,At Risk
3282,Ryan Bond,Silver,NY,2024-07-24,6,160.0,At Risk
4468,Mary Smith,Bronze,NJ,2024-07-24,13,160.0,At Risk
5910,Monique Peters,Silver,NY,2024-07-24,7,160.0,At Risk
6200,Thomas Perkins,Bronze,NJ,2024-07-24,9,160.0,At Risk
6357,Harold Carlson,Gold,MO,2024-07-24,8,160.0,At Risk
6674,Leon Carrillo,Bronze,TX,2024-07-24,12,160.0,At Risk
6738,Madeline Webb,Bronze,CA,2024-07-24,8,160.0,At Risk
7126,Jill Barrett,Platinum,TX,2024-07-24,8,160.0,At Risk
7401,Paul Sullivan,Silver,NJ,2024-07-24,7,160.0,At Risk
7509,Shannon Whitney,Silver,TX,2024-07-24,14,160.0,At Risk
9818,Gregory Gilbert,Bronze,MD,2024-07-24,8,160.0,At Risk
106,Corey Zavala,Bronze,CA,2024-07-25,8,159.0,At Risk
238,Luis Cunningham,Silver,WI,2024-07-25,12,159.0,At Risk
337,Tiffany Porter,Silver,WI,2024-07-25,6,159.0,At Risk
1188,Nicholas Reid,Bronze,NJ,2024-07-25,2,159.0,At Risk
2377,Jonathan Fisher,Silver,MO,2024-07-25,9,159.0,At Risk
2472,Timothy Bailey,Bronze,IL,2024-07-25,8,159.0,At Risk
3462,Nicole Wong,Bronze,FL,2024-07-25,13,159.0,At Risk
3603,Amber Stevenson,Bronze,CA,2024-07-25,6,159.0,At Risk
3622,Daniel Lucas,Gold,NC,2024-07-25,5,159.0,At Risk
4610,Joshua Vaughn,Bronze,CA,2024-07-25,5,159.0,At Risk
4683,Hannah Wise,Silver,VA,2024-07-25,5,159.0,At Risk
5243,Frank King,Silver,MA,2024-07-25,8,159.0,At Risk
5356,Kevin Savage,Gold,NC,2024-07-25,4,159.0,At Risk
7462,Meredith Carrillo,Silver,GA,2024-07-25,7,159.0,At Risk
7540,Lisa Johnson,Bronze,MI,2024-07-25,1,159.0,At Risk
7997,Matthew Jimenez,Silver,WA,2024-07-25,7,159.0,At Risk
8209,Eric Hunt,Platinum,TX,2024-07-25,6,159.0,At Risk
9000,Anthony Hayes,Gold,MD,2024-07-25,4,159.0,At Risk
9612,Amanda Mcbride,Bronze,MA,2024-07-25,7,159.0,At Risk
208,James Bowers,Silver,NJ,2024-07-26,4,158.0,At Risk
314,Scott Rosario,Bronze,IL,2024-07-26,5,158.0,At Risk
490,Joseph Jones,Silver,WA,2024-07-26,8,158.0,At Risk
885,Carl Hughes,Gold,VA,2024-07-26,7,158.0,At Risk
1345,Matthew Hernandez,Gold,AZ,2024-07-26,3,158.0,At Risk
1470,Tasha Rivera,Silver,AZ,2024-07-26,5,158.0,At Risk
1870,Crystal Jennings,Gold,WA,2024-07-26,12,158.0,At Risk
2276,Tracey Gibbs,Gold,PA,2024-07-26,5,158.0,At Risk
2809,Dawn Smith,Gold,MA,2024-07-26,8,158.0,At Risk
2885,Nicholas Abbott,Bronze,WI,2024-07-26,9,158.0,At Risk
3497,Brittany Reynolds,Bronze,VA,2024-07-26,9,158.0,At Risk
3654,Melinda Horton,Silver,MI,2024-07-26,9,158.0,At Risk
4213,Andrew Johnson,Bronze,NJ,2024-07-26,7,158.0,At Risk
4838,Eric Butler,Bronze,AZ,2024-07-26,5,158.0,At Risk
5049,Jennifer Hurley,Bronze,GA,2024-07-26,8,158.0,At Risk
5470,Stephanie Turner,Silver,VA,2024-07-26,5,158.0,At Risk
5634,Nicholas Dawson,Bronze,NJ,2024-07-26,12,158.0,At Risk
6015,Blake Vazquez,Bronze,VA,2024-07-26,7,158.0,At Risk
6059,Christopher Smith,Gold,NJ,2024-07-26,7,158.0,At Risk
6080,Ronald Lee,Bronze,WI,2024-07-26,10,158.0,At Risk
7748,Ashley Rice,Bronze,FL,2024-07-26,8,158.0,At Risk
7958,Lance Davis,Silver,WA,2024-07-26,5,158.0,At Risk
8073,David Torres,Bronze,MO,2024-07-26,9,158.0,At Risk
9169,Brittany Mcbride,Bronze,FL,2024-07-26,15,158.0,At Risk
168,Sheryl Jones,Silver,WA,2024-07-27,9,157.0,At Risk
734,Kaitlin Warren,Bronze,VA,2024-07-27,6,157.0,At Risk
795,Jeffery Cervantes,Gold,PA,2024-07-27,8,157.0,At Risk
1014,Alexandra Scott,Silver,MO,2024-07-27,7,157.0,At Risk
1498,Victoria Harris,Silver,VA,2024-07-27,8,157.0,At Risk
2059,Angela Johnson,Gold,AZ,2024-07-27,8,157.0,At Risk
2837,Christine Johnson,Silver,TX,2024-07-27,7,157.0,At Risk
2875,Brandy Ortiz,Silver,WA,2024-07-27,12,157.0,At Risk
2898,David Espinoza,Bronze,WI,2024-07-27,7,157.0,At Risk
3175,Christopher Benson,Bronze,GA,2024-07-27,6,157.0,At Risk
4726,Melinda Jordan,Bronze,IN,2024-07-27,6,157.0,At Risk
4740,Carol Garcia,Bronze,NY,2024-07-27,8,157.0,At Risk
4765,Mitchell Thompson,Silver,PA,2024-07-27,9,157.0,At Risk
4880,Brooke Cervantes,Silver,MO,2024-07-27,7,157.0,At Risk
6555,Troy Schwartz,Bronze,NC,2024-07-27,9,157.0,At Risk
6944,Alyssa Chambers,Bronze,GA,2024-07-27,10,157.0,At Risk
8768,Sandra Robertson,Platinum,NY,2024-07-27,7,157.0,At Risk
9477,Christopher Morales,Silver,CA,2024-07-27,13,157.0,At Risk
9596,Randy Barron,Bronze,GA,2024-07-27,3,157.0,At Risk
641,Danielle Andrews,Bronze,WI,2024-07-28,8,156.0,At Risk
873,Pamela Robinson,Bronze,FL,2024-07-28,9,156.0,At Risk
1950,Shelley Sherman,Platinum,WA,2024-07-28,6,156.0,At Risk
1969,Emily Woods,Silver,NJ,2024-07-28,10,156.0,At Risk
1997,Rachel Gaines,Silver,NJ,2024-07-28,8,156.0,At Risk
2072,Dustin Perkins,Bronze,MA,2024-07-28,12,156.0,At Risk
2272,Michelle Murphy,Bronze,FL,2024-07-28,9,156.0,At Risk
3389,Timothy Munoz,Bronze,WA,2024-07-28,12,156.0,At Risk
3483,Sarah Keller,Silver,TN,2024-07-28,11,156.0,At Risk
3860,Danielle Graham,Bronze,PA,2024-07-28,11,156.0,At Risk
4250,Brandi Sanford,Platinum,PA,2024-07-28,9,156.0,At Risk
4916,Laura Richards,Bronze,MI,2024-07-28,7,156.0,At Risk
5279,Steven Perkins,Silver,OH,2024-07-28,6,156.0,At Risk
5433,Marcus Anderson,Bronze,IN,2024-07-28,2,156.0,At Risk
5822,James Gonzales,Bronze,GA,2024-07-28,8,156.0,At Risk
6093,Dennis Lee,Gold,MI,2024-07-28,9,156.0,At Risk
7013,Sheila Thomas,Bronze,VA,2024-07-28,7,156.0,At Risk
7193,Philip Harrison,Gold,NJ,2024-07-28,4,156.0,At Risk
7304,Shannon Kelly,Silver,WA,2024-07-28,9,156.0,At Risk
7389,Frances Calderon,Gold,IL,2024-07-28,11,156.0,At Risk
8558,Miguel Lee,Bronze,MI,2024-07-28,11,156.0,At Risk
8746,Corey Blair,Bronze,PA,2024-07-28,8,156.0,At Risk
99,Lisa Reese,Gold,VA,2024-07-29,10,155.0,At Risk
978,Steven Smith,Silver,NJ,2024-07-29,13,155.0,At Risk
1172,Sherry Sanchez,Silver,CA,2024-07-29,9,155.0,At Risk
1815,Charles Christensen,Bronze,IN,2024-07-29,10,155.0,At Risk
1957,David Woods,Platinum,GA,2024-07-29,8,155.0,At Risk
2666,Lisa Page,Bronze,MO,2024-07-29,13,155.0,At Risk
2796,David Williams,Silver,GA,2024-07-29,4,155.0,At Risk
3224,Catherine Sloan,Silver,NC,2024-07-29,6,155.0,At Risk
3300,Kari Carroll,Silver,MI,2024-07-29,5,155.0,At Risk
3682,Austin Bowman,Bronze,NY,2024-07-29,7,155.0,At Risk
3736,Tanya Hansen,Gold,MA,2024-07-29,8,155.0,At Risk
4421,Donald Hurst,Silver,PA,2024-07-29,6,155.0,At Risk
6438,Megan Jackson,Bronze,TN,2024-07-29,3,155.0,At Risk
6610,Ronald Ewing,Platinum,CA,2024-07-29,15,155.0,At Risk
8221,Michael Foster,Gold,IL,2024-07-29,7,155.0,At Risk
8258,Dennis Marks,Silver,PA,2024-07-29,6,155.0,At Risk
8638,Manuel Reynolds,Silver,NC,2024-07-29,5,155.0,At Risk
9817,Joy Higgins,Silver,GA,2024-07-29,10,155.0,At Risk
1189,Charles Thomas,Platinum,PA,2024-07-30,12,154.0,At Risk
2158,Brianna Luna,Bronze,VA,2024-07-30,8,154.0,At Risk
2437,Johnathan Steele,Gold,IL,2024-07-30,9,154.0,At Risk
2660,Michael Wells,Silver,MD,2024-07-30,5,154.0,At Risk
5393,Kevin Dean,Silver,NJ,2024-07-30,6,154.0,At Risk
6248,Jimmy Willis,Gold,NY,2024-07-30,7,154.0,At Risk
7570,Vicki Lee,Bronze,MD,2024-07-30,6,154.0,At Risk
7976,Corey Hernandez,Silver,NJ,2024-07-30,6,154.0,At Risk
8180,Kelly Brown,Bronze,IN,2024-07-30,8,154.0,At Risk
8285,Monica Mcguire,Bronze,NY,2024-07-30,9,154.0,At Risk
8500,Eric Harris,Gold,TN,2024-07-30,6,154.0,At Risk
9102,Michelle Conley,Silver,VA,2024-07-30,5,154.0,At Risk
9190,Trevor Hill,Gold,MA,2024-07-30,8,154.0,At Risk
9443,Kelly Hill,Gold,AZ,2024-07-30,9,154.0,At Risk
9670,Nicole Malone,Bronze,VA,2024-07-30,9,154.0,At Risk
374,David Holmes,Silver,VA,2024-07-31,5,153.0,At Risk
1594,April Mullins,Silver,NJ,2024-07-31,5,153.0,At Risk
1735,Aaron Green,Silver,FL,2024-07-31,4,153.0,At Risk
2071,Seth Hansen,Silver,PA,2024-07-31,9,153.0,At Risk
2624,Jennifer Osborn,Silver,GA,2024-07-31,9,153.0,At Risk
3688,Christine Martin,Silver,VA,2024-07-31,5,153.0,At Risk
4222,Dennis Lewis,Silver,NY,2024-07-31,6,153.0,At Risk
4243,Julian Morris,Bronze,TX,2024-07-31,8,153.0,At Risk
5715,Jessica Garrett,Bronze,MO,2024-07-31,6,153.0,At Risk
5725,Samuel Brown,Bronze,MO,2024-07-31,9,153.0,At Risk
5847,Penny Delgado,Bronze,CA,2024-07-31,4,153.0,At Risk
6183,Brandi Diaz,Bronze,OH,2024-07-31,10,153.0,At Risk
6576,Wesley Clark,Bronze,FL,2024-07-31,4,153.0,At Risk
8201,Samantha Herring,Silver,NY,2024-07-31,7,153.0,At Risk
8773,Joel Lopez,Bronze,MA,2024-07-31,7,153.0,At Risk
9967,Dustin Walker,Gold,NJ,2024-07-31,6,153.0,At Risk
148,Roberta Shaw,Bronze,MD,2024-08-01,13,152.0,At Risk
640,Shaun Conway,Bronze,TN,2024-08-01,3,152.0,At Risk
961,Joshua James,Gold,WI,2024-08-01,4,152.0,At Risk
3133,Megan Duke,Gold,FL,2024-08-01,9,152.0,At Risk
4006,Jennifer Rogers,Gold,GA,2024-08-01,10,152.0,At Risk
4280,Heidi Davidson,Bronze,OH,2024-08-01,10,152.0,At Risk
5884,Michael Lloyd,Bronze,MI,2024-08-01,9,152.0,At Risk
6710,Claire Mitchell,Gold,TN,2024-08-01,12,152.0,At Risk
7223,Kevin Fisher,Silver,NY,2024-08-01,3,152.0,At Risk
7688,Matthew Williams,Gold,NY,2024-08-01,4,152.0,At Risk
7811,James Gillespie,Gold,CA,2024-08-01,5,152.0,At Risk
8067,Kelly Strong,Platinum,OH,2024-08-01,7,152.0,At Risk
8281,Stephen Reed,Bronze,PA,2024-08-01,9,152.0,At Risk
8316,Christopher Schwartz,Silver,IN,2024-08-01,17,152.0,At Risk
8755,Monica Garcia,Gold,NJ,2024-08-01,5,152.0,At Risk
9658,Justin Simpson,Silver,NY,2024-08-01,7,152.0,At Risk
897,Rhonda Brewer,Bronze,TX,2024-08-02,5,151.0,At Risk
1102,Megan Vaughn,Bronze,TX,2024-08-02,8,151.0,At Risk
1529,Craig Walker,Gold,NY,2024-08-02,5,151.0,At Risk
1709,Sara Roberts,Silver,NY,2024-08-02,8,151.0,At Risk
2932,Allen Williams,Bronze,OH,2024-08-02,13,151.0,At Risk
2945,Craig Hawkins,Bronze,OH,2024-08-02,6,151.0,At Risk
3204,Susan Bates,Silver,NC,2024-08-02,6,151.0,At Risk
3711,Elijah Wright,Bronze,AZ,2024-08-02,10,151.0,At Risk
3739,Kevin Webb,Silver,IN,2024-08-02,8,151.0,At Risk
4261,David Adams,Silver,VA,2024-08-02,6,151.0,At Risk
4714,Kenneth Black,Silver,PA,2024-08-02,7,151.0,At Risk
5534,Chelsea Koch,Gold,MO,2024-08-02,7,151.0,At Risk
5581,Bryan Clark,Bronze,NY,2024-08-02,11,151.0,At Risk
5922,Andrea Whitaker,Bronze,VA,2024-08-02,10,151.0,At Risk
6241,Patricia Gibbs,Platinum,IL,2024-08-02,9,151.0,At Risk
6493,Patrick Lynch,Bronze,IN,2024-08-02,6,151.0,At Risk
7482,Mikayla Allen,Gold,AZ,2024-08-02,8,151.0,At Risk
7873,Summer Harper,Bronze,WA,2024-08-02,4,151.0,At Risk
8647,Sherry Mason,Bronze,AZ,2024-08-02,8,151.0,At Risk
9362,Lawrence Johnson,Bronze,MA,2024-08-02,8,151.0,At Risk
9423,Anna Beck,Bronze,MI,2024-08-02,6,151.0,At Risk
53,Christopher Lewis,Platinum,NY,2024-08-03,5,150.0,At Risk
339,Stephen Rodriguez,Silver,MO,2024-08-03,6,150.0,At Risk
1946,Jeanette Lopez,Gold,TN,2024-08-03,3,150.0,At Risk
2502,Edward Dillon,Silver,MO,2024-08-03,11,150.0,At Risk
4710,Lance Swanson,Platinum,IN,2024-08-03,10,150.0,At Risk
5076,Mark Bryant,Bronze,WA,2024-08-03,9,150.0,At Risk
5293,Patrick Brewer,Silver,CA,2024-08-03,6,150.0,At Risk
5464,Linda Koch,Gold,WA,2024-08-03,8,150.0,At Risk
5476,Julia Watson,Gold,IL,2024-08-03,2,150.0,At Risk
5600,Sarah Austin,Bronze,PA,2024-08-03,8,150.0,At Risk
6018,Shelley Marquez,Bronze,PA,2024-08-03,8,150.0,At Risk
6038,Jared Harrison,Platinum,IL,2024-08-03,5,150.0,At Risk
6047,Crystal Garcia,Silver,MO,2024-08-03,4,150.0,At Risk
6361,Rachel Hebert,Silver,IL,2024-08-03,9,150.0,At Risk
7100,Jerry Olsen,Bronze,CA,2024-08-03,10,150.0,At Risk
7153,Alexis Hamilton,Bronze,NY,2024-08-03,10,150.0,At Risk
8453,Barbara Bell,Bronze,GA,2024-08-03,13,150.0,At Risk
8671,Larry Miller,Silver,NJ,2024-08-03,9,150.0,At Risk
9509,Chelsea Ellis,Platinum,TN,2024-08-03,5,150.0,At Risk
438,Christopher Patterson,Bronze,TN,2024-08-04,7,149.0,At Risk
533,Kimberly Mann,Gold,TN,2024-08-04,6,149.0,At Risk
1492,Charles Ryan,Bronze,MO,2024-08-04,7,149.0,At Risk
2089,Danielle Mueller,Gold,MO,2024-08-04,9,149.0,At Risk
2913,Joe Bright,Silver,AZ,2024-08-04,7,149.0,At Risk
2980,Steven Torres,Silver,CA,2024-08-04,8,149.0,At Risk
4039,Jennifer Anderson,Silver,VA,2024-08-04,10,149.0,At Risk
4316,Danielle Smith,Gold,MD,2024-08-04,8,149.0,At Risk
4834,Kenneth Mathis,Platinum,GA,2024-08-04,9,149.0,At Risk
5186,Christopher Martinez,Bronze,WI,2024-08-04,7,149.0,At Risk
5515,Jose Cook,Silver,CA,2024-08-04,8,149.0,At Risk
7292,Michael Stone,Bronze,GA,2024-08-04,6,149.0,At Risk
8259,Karen Paul,Bronze,MD,2024-08-04,7,149.0,At Risk
9525,Thomas Ramos,Silver,AZ,2024-08-04,7,149.0,At Risk
9542,Mary Pena,Bronze,MI,2024-08-04,7,149.0,At Risk
9726,Michael Moore,Bronze,IN,2024-08-04,12,149.0,At Risk
282,Maureen Hodges,Gold,TX,2024-08-05,6,148.0,At Risk
545,Reginald Phillips,Platinum,TX,2024-08-05,12,148.0,At Risk
837,Tami Lee,Gold,MA,2024-08-05,6,148.0,At Risk
3156,Stephanie Martin,Gold,WA,2024-08-05,4,148.0,At Risk
3428,Teresa Raymond,Platinum,TX,2024-08-05,10,148.0,At Risk
3887,David Perez,Gold,TN,2024-08-05,9,148.0,At Risk
5508,Eric Dalton,Gold,MD,2024-08-05,5,148.0,At Risk
5771,Theresa Arias,Bronze,MI,2024-08-05,8,148.0,At Risk
6061,Felicia Tran,Bronze,NJ,2024-08-05,5,148.0,At Risk
6322,Gregory Stewart,Silver,MO,2024-08-05,4,148.0,At Risk
6387,Angelica Mendoza,Bronze,MO,2024-08-05,8,148.0,At Risk
6753,Amanda Mclean,Gold,AZ,2024-08-05,12,148.0,At Risk
7498,Michael Schultz,Silver,IN,2024-08-05,7,148.0,At Risk
7659,Brendan Webb,Bronze,AZ,2024-08-05,6,148.0,At Risk
7875,Charles Atkinson,Platinum,NY,2024-08-05,7,148.0,At Risk
9788,Carol Lopez,Bronze,CA,2024-08-05,8,148.0,At Risk
9815,Mark Cox,Gold,AZ,2024-08-05,6,148.0,At Risk
122,Mark Simmons,Silver,FL,2024-08-06,10,147.0,At Risk
173,Abigail Dean,Gold,TN,2024-08-06,10,147.0,At Risk
534,Tyler Anderson,Bronze,MA,2024-08-06,4,147.0,At Risk
1161,Wayne Newton,Silver,AZ,2024-08-06,9,147.0,At Risk
1679,Brett Dean,Bronze,MD,2024-08-06,7,147.0,At Risk
1691,Bradley Jimenez,Bronze,MA,2024-08-06,10,147.0,At Risk
1943,Carol Webb,Bronze,WA,2024-08-06,6,147.0,At Risk
2121,Colleen Clark,Gold,PA,2024-08-06,6,147.0,At Risk
2191,William Taylor,Silver,CA,2024-08-06,3,147.0,At Risk
2301,Patrick Vazquez,Bronze,MI,2024-08-06,6,147.0,At Risk
2892,Anthony Luna,Gold,WI,2024-08-06,12,147.0,At Risk
4148,Barbara Medina,Bronze,NY,2024-08-06,4,147.0,At Risk
4858,Laura Wu,Silver,FL,2024-08-06,4,147.0,At Risk
4919,Christopher Pace,Platinum,NJ,2024-08-06,7,147.0,At Risk
5085,Dennis Carroll,Silver,WA,2024-08-06,3,147.0,At Risk
5261,John Murray,Gold,PA,2024-08-06,12,147.0,At Risk
5842,Jennifer Moore,Bronze,IL,2024-08-06,8,147.0,At Risk
6462,Tiffany Walker,Silver,VA,2024-08-06,8,147.0,At Risk
7094,Charles Cisneros,Bronze,WI,2024-08-06,5,147.0,At Risk
7686,Traci Williams,Bronze,AZ,2024-08-06,8,147.0,At Risk
7855,Douglas Olson,Bronze,AZ,2024-08-06,6,147.0,At Risk
8615,Shannon Evans,Gold,WA,2024-08-06,11,147.0,At Risk
9026,David Mckee,Silver,IN,2024-08-06,7,147.0,At Risk
609,Peter Boyd,Silver,MD,2024-08-07,9,146.0,At Risk
727,Larry Short,Bronze,TX,2024-08-07,12,146.0,At Risk
746,Jennifer Payne,Gold,NC,2024-08-07,5,146.0,At Risk
908,Jennifer Vargas,Bronze,WA,2024-08-07,6,146.0,At Risk
1048,Cory Bailey,Gold,MA,2024-08-07,6,146.0,At Risk
1537,Roger Nguyen,Bronze,MA,2024-08-07,8,146.0,At Risk
2182,Michael Smith,Silver,TN,2024-08-07,9,146.0,At Risk
3294,Eric Brooks,Silver,AZ,2024-08-07,8,146.0,At Risk
3345,Joseph Olson,Platinum,CA,2024-08-07,6,146.0,At Risk
4227,Tara Romero,Platinum,MA,2024-08-07,6,146.0,At Risk
4831,Joseph Banks,Silver,FL,2024-08-07,10,146.0,At Risk
4915,Dalton Harris,Platinum,NY,2024-08-07,11,146.0,At Risk
5207,Sandra Harvey,Bronze,TN,2024-08-07,10,146.0,At Risk
5299,Denise Cook,Silver,AZ,2024-08-07,8,146.0,At Risk
6443,Hannah Allen,Bronze,VA,2024-08-07,10,146.0,At Risk
6861,John Taylor,Silver,MD,2024-08-07,4,146.0,At Risk
7872,Michael Vasquez,Platinum,NJ,2024-08-07,9,146.0,At Risk
8326,Michael Deleon,Bronze,IN,2024-08-07,7,146.0,At Risk
8790,Hunter Hunt,Silver,PA,2024-08-07,9,146.0,At Risk
8965,Erika Parrish,Silver,MD,2024-08-07,9,146.0,At Risk
8969,William Weaver,Silver,NY,2024-08-07,9,146.0,At Risk
8988,Diana Robinson,Silver,PA,2024-08-07,10,146.0,At Risk
9309,Brian Warren,Platinum,AZ,2024-08-07,8,146.0,At Risk
9500,Gabrielle Blackburn,Bronze,IL,2024-08-07,7,146.0,At Risk
9814,Maria Garcia,Bronze,WA,2024-08-07,3,146.0,At Risk
92,Paula Foster,Bronze,TN,2024-08-08,5,145.0,At Risk
547,Colleen Wheeler,Bronze,NJ,2024-08-08,5,145.0,At Risk
863,David Scott,Bronze,WI,2024-08-08,9,145.0,At Risk
1916,Misty Savage,Bronze,IN,2024-08-08,8,145.0,At Risk
1948,Jason Richards,Bronze,AZ,2024-08-08,12,145.0,At Risk
2154,Jennifer Adams,Bronze,TN,2024-08-08,7,145.0,At Risk
2280,Robert Day,Bronze,NY,2024-08-08,9,145.0,At Risk
2471,Kevin Kaufman,Bronze,WI,2024-08-08,11,145.0,At Risk
2509,Steve Price,Bronze,IN,2024-08-08,6,145.0,At Risk
2682,Michael Baker,Gold,AZ,2024-08-08,6,145.0,At Risk
3751,Joseph Lindsey,Silver,WI,2024-08-08,10,145.0,At Risk
3979,Jennifer Brown,Bronze,MO,2024-08-08,6,145.0,At Risk
4033,Janice Ramirez,Gold,TN,2024-08-08,9,145.0,At Risk
4418,Connor Griffin,Silver,NC,2024-08-08,7,145.0,At Risk
4475,Micheal Cook,Bronze,TX,2024-08-08,7,145.0,At Risk
4499,Frank Chavez,Platinum,WI,2024-08-08,9,145.0,At Risk
5841,Stacey Barton,Bronze,NY,2024-08-08,10,145.0,At Risk
6284,Bethany Tucker,Platinum,AZ,2024-08-08,7,145.0,At Risk
6938,Melissa Anderson,Gold,WA,2024-08-08,10,145.0,At Risk
7413,Gilbert Allison,Bronze,TX,2024-08-08,7,145.0,At Risk
7425,Michael Thomas,Silver,NC,2024-08-08,8,145.0,At Risk
7955,Patrick Fuentes,Silver,MO,2024-08-08,6,145.0,At Risk
8014,Taylor Church,Bronze,VA,2024-08-08,12,145.0,At Risk
9225,Renee Valdez,Gold,VA,2024-08-08,7,145.0,At Risk
9850,Kelly Lee,Silver,MI,2024-08-08,5,145.0,At Risk
9881,Michael Greene,Silver,NY,2024-08-08,7,145.0,At Risk
9908,Breanna Russo,Silver,WA,2024-08-08,8,145.0,At Risk
9976,Taylor Williams,Gold,TN,2024-08-08,9,145.0,At Risk
556,Nicole Thompson,Silver,NY,2024-08-09,8,144.0,At Risk
865,Julie West,Bronze,MA,2024-08-09,8,144.0,At Risk
1585,Richard Roberts,Silver,CA,2024-08-09,8,144.0,At Risk
2427,April Long,Bronze,TX,2024-08-09,6,144.0,At Risk
2737,Tammy Walker,Platinum,IL,2024-08-09,6,144.0,At Risk
3236,Derrick Leonard,Gold,PA,2024-08-09,5,144.0,At Risk
3570,Brenda Alvarez,Platinum,WA,2024-08-09,11,144.0,At Risk
4092,Wendy White,Bronze,AZ,2024-08-09,10,144.0,At Risk
4502,Jason Hill,Silver,GA,2024-08-09,12,144.0,At Risk
4943,Gregory Cohen,Gold,FL,2024-08-09,7,144.0,At Risk
5523,Stephen Morgan,Silver,FL,2024-08-09,9,144.0,At Risk
6035,Alexander Brown,Silver,NJ,2024-08-09,13,144.0,At Risk
6843,Dawn Jones,Gold,NY,2024-08-09,8,144.0,At Risk
6857,Joseph Jenkins,Silver,CA,2024-08-09,7,144.0,At Risk
6969,Lisa Terry,Silver,VA,2024-08-09,8,144.0,At Risk
7148,Christopher Hayes,Bronze,TX,2024-08-09,7,144.0,At Risk
7596,Michael Solis,Silver,PA,2024-08-09,6,144.0,At Risk
8044,Amber Moyer,Bronze,IN,2024-08-09,6,144.0,At Risk
8157,Jeremiah Carlson,Bronze,NY,2024-08-09,12,144.0,At Risk
8255,Annette Gamble,Silver,AZ,2024-08-09,11,144.0,At Risk
8363,Joshua Clark,Silver,AZ,2024-08-09,2,144.0,At Risk
8412,Michelle Buck,Silver,PA,2024-08-09,9,144.0,At Risk
9184,Emily Harrison,Bronze,TX,2024-08-09,6,144.0,At Risk
9335,Emily Rollins,Bronze,IL,2024-08-09,2,144.0,At Risk
9652,Carlos Marshall,Silver,NC,2024-08-09,10,144.0,At Risk
9762,Debra Bradley,Bronze,TX,2024-08-09,12,144.0,At Risk
18,Angel Doyle,Bronze,TX,2024-08-10,7,143.0,At Risk
50,Nancy Diaz,Gold,TN,2024-08-10,12,143.0,At Risk
959,Christopher Cobb,Platinum,PA,2024-08-10,9,143.0,At Risk
1578,Julie Shaw,Bronze,MI,2024-08-10,9,143.0,At Risk
2491,Joseph Soto,Bronze,OH,2024-08-10,6,143.0,At Risk
3412,Jennifer Salazar,Bronze,IL,2024-08-10,4,143.0,At Risk
3642,Dawn Wood,Silver,VA,2024-08-10,5,143.0,At Risk
4038,Kelsey Gray,Silver,MI,2024-08-10,10,143.0,At Risk
4091,Rachel Morse,Bronze,OH,2024-08-10,11,143.0,At Risk
4812,Brian Morrison,Silver,IL,2024-08-10,10,143.0,At Risk
4994,Shane Ramirez,Bronze,MD,2024-08-10,12,143.0,At Risk
5110,Bethany Jones,Platinum,AZ,2024-08-10,10,143.0,At Risk
5531,Brandon Mccormick,Gold,NJ,2024-08-10,3,143.0,At Risk
5664,James Sanders,Bronze,FL,2024-08-10,9,143.0,At Risk
6827,Cheryl Luna,Silver,MA,2024-08-10,12,143.0,At Risk
7022,Mark Davila,Bronze,MI,2024-08-10,3,143.0,At Risk
7397,Brittney Vaughan,Bronze,MI,2024-08-10,7,143.0,At Risk
7419,Jennifer Tucker,Gold,NY,2024-08-10,8,143.0,At Risk
7865,Steven Dillon,Platinum,NJ,2024-08-10,10,143.0,At Risk
8985,Lauren Montes,Gold,NJ,2024-08-10,13,143.0,At Risk
9262,Tracy Harper,Platinum,IN,2024-08-10,9,143.0,At Risk
9545,Kristie Johnson,Silver,WI,2024-08-10,4,143.0,At Risk
1064,Gabriel Bautista,Platinum,MA,2024-08-11,8,142.0,At Risk
1663,Christopher Simmons,Bronze,NJ,2024-08-11,6,142.0,At Risk
2452,Tracey Dennis,Bronze,IN,2024-08-11,7,142.0,At Risk
2863,Thomas Rollins,Silver,VA,2024-08-11,13,142.0,At Risk
3655,Gina Humphrey,Bronze,MA,2024-08-11,8,142.0,At Risk
3831,John Wood,Platinum,GA,2024-08-11,5,142.0,At Risk
3984,Ashley Rose,Silver,MD,2024-08-11,7,142.0,At Risk
4382,Lisa Fisher,Platinum,MI,2024-08-11,4,142.0,At Risk
4611,Carolyn Sexton,Bronze,FL,2024-08-11,10,142.0,At Risk
4624,Emily White,Bronze,MD,2024-08-11,7,142.0,At Risk
6795,Elizabeth Coleman,Silver,IL,2024-08-11,13,142.0,At Risk
7317,Tammie Moore,Silver,GA,2024-08-11,6,142.0,At Risk
7624,Matthew Hoffman,Bronze,TX,2024-08-11,7,142.0,At Risk
8410,Shaun Hanna,Silver,NJ,2024-08-11,6,142.0,At Risk
8992,Matthew Foster,Platinum,NC,2024-08-11,9,142.0,At Risk
9131,Brianna Bowen,Gold,NY,2024-08-11,9,142.0,At Risk
9665,Sonia Phillips,Platinum,GA,2024-08-11,9,142.0,At Risk
40,Mark Steele,Gold,NY,2024-08-12,12,141.0,At Risk
47,Monica Harvey,Silver,AZ,2024-08-12,7,141.0,At Risk
232,Laurie Brown,Gold,IN,2024-08-12,6,141.0,At Risk
471,Jeffrey Gibson,Bronze,MD,2024-08-12,10,141.0,At Risk
852,Adam Quinn,Silver,TN,2024-08-12,6,141.0,At Risk
985,Karina Thomas,Bronze,TX,2024-08-12,10,141.0,At Risk
1342,Megan Velazquez,Silver,CA,2024-08-12,7,141.0,At Risk
1454,Rachel Cowan,Silver,CA,2024-08-12,7,141.0,At Risk
1667,Alyssa Cortez,Gold,AZ,2024-08-12,7,141.0,At Risk
2746,Heidi Brown,Silver,MA,2024-08-12,5,141.0,At Risk
2970,Manuel Hahn,Silver,TN,2024-08-12,6,141.0,At Risk
3202,Lori Mcgee,Silver,CA,2024-08-12,8,141.0,At Risk
3878,Ashley Reeves,Silver,IL,2024-08-12,5,141.0,At Risk
4167,Michelle Hudson,Silver,WA,2024-08-12,6,141.0,At Risk
4239,Kristi Kennedy,Platinum,IN,2024-08-12,7,141.0,At Risk
4246,Leslie Bowers,Gold,MO,2024-08-12,9,141.0,At Risk
5556,Thomas Adams,Platinum,AZ,2024-08-12,11,141.0,At Risk
6453,Brian Diaz,Silver,MO,2024-08-12,3,141.0,At Risk
6563,Angel Lawrence,Bronze,NY,2024-08-12,12,141.0,At Risk
7038,Christopher Porter,Silver,OH,2024-08-12,9,141.0,At Risk
7236,Danielle Allen,Bronze,OH,2024-08-12,7,141.0,At Risk
7918,Tammy Nixon,Silver,MO,2024-08-12,3,141.0,At Risk
8240,Francisco Davis,Platinum,NC,2024-08-12,6,141.0,At Risk
456,Erin Liu,Bronze,CA,2024-08-13,8,140.0,At Risk
543,Alexandra Franco,Bronze,AZ,2024-08-13,8,140.0,At Risk
859,Tyler Smith,Silver,OH,2024-08-13,4,140.0,At Risk
2530,Morgan Garrett,Gold,MD,2024-08-13,7,140.0,At Risk
3256,Jessica Simpson,Bronze,AZ,2024-08-13,10,140.0,At Risk
3445,Carol Quinn,Bronze,PA,2024-08-13,10,140.0,At Risk
3604,Courtney Ward,Bronze,MD,2024-08-13,10,140.0,At Risk
3728,Jeffrey Hodge,Bronze,MA,2024-08-13,9,140.0,At Risk
4372,Robert Newman,Bronze,TN,2024-08-13,7,140.0,At Risk
4855,Melissa Cooper,Silver,GA,2024-08-13,7,140.0,At Risk
4955,Christina Kemp,Silver,WI,2024-08-13,6,140.0,At Risk
5031,Heather Vasquez,Silver,MO,2024-08-13,6,140.0,At Risk
5170,Zachary Lee,Gold,WA,2024-08-13,9,140.0,At Risk
5382,Kevin Long,Silver,IN,2024-08-13,10,140.0,At Risk
6813,John Jefferson,Gold,NY,2024-08-13,11,140.0,At Risk
6899,Kyle Hayes,Gold,MA,2024-08-13,13,140.0,At Risk
6960,Valerie Nelson,Gold,CA,2024-08-13,9,140.0,At Risk
6974,Jesse Buckley,Bronze,MA,2024-08-13,12,140.0,At Risk
7906,Juan Lam,Platinum,WI,2024-08-13,11,140.0,At Risk
8222,Jennifer Kelley,Gold,CA,2024-08-13,6,140.0,At Risk
8639,John Johnson,Bronze,FL,2024-08-13,8,140.0,At Risk
8699,Antonio Harris,Silver,GA,2024-08-13,8,140.0,At Risk
8936,Elizabeth Scott,Silver,NY,2024-08-13,6,140.0,At Risk
9060,Ashley Wright,Gold,NC,2024-08-13,8,140.0,At Risk
9701,Charles Adams,Silver,PA,2024-08-13,9,140.0,At Risk
656,Lance Montgomery,Bronze,NY,2024-08-14,9,139.0,At Risk
666,Karen Scott,Silver,NJ,2024-08-14,8,139.0,At Risk
756,James Fox,Bronze,MO,2024-08-14,4,139.0,At Risk
806,David White,Platinum,WA,2024-08-14,6,139.0,At Risk
1219,Elizabeth Johnson,Bronze,MI,2024-08-14,8,139.0,At Risk
1417,Kathryn Roberts,Silver,AZ,2024-08-14,6,139.0,At Risk
1824,Ashley Hall,Gold,PA,2024-08-14,8,139.0,At Risk
2848,Theresa Fox,Bronze,NJ,2024-08-14,7,139.0,At Risk
3176,Ryan Gallagher,Bronze,IN,2024-08-14,7,139.0,At Risk
3645,Michael Hansen,Silver,MA,2024-08-14,3,139.0,At Risk
3827,Bonnie Smith,Bronze,OH,2024-08-14,5,139.0,At Risk
3928,Lisa Case,Silver,MI,2024-08-14,8,139.0,At Risk
5147,Chelsea Henderson,Bronze,NJ,2024-08-14,10,139.0,At Risk
5990,Ellen Webb,Gold,FL,2024-08-14,6,139.0,At Risk
6425,Nicole Rodriguez,Platinum,WA,2024-08-14,8,139.0,At Risk
6517,Amanda Robinson,Platinum,MD,2024-08-14,4,139.0,At Risk
6719,Jessica Martin,Gold,FL,2024-08-14,10,139.0,At Risk
6793,Linda Torres,Gold,MA,2024-08-14,7,139.0,At Risk
6943,Robert Martin,Silver,WI,2024-08-14,6,139.0,At Risk
7780,Samuel Moody,Gold,IL,2024-08-14,11,139.0,At Risk
7799,Christine Sharp,Silver,FL,2024-08-14,12,139.0,At Risk
7972,Nicole Johnson,Gold,FL,2024-08-14,8,139.0,At Risk
8035,Denise Welch,Bronze,AZ,2024-08-14,7,139.0,At Risk
8190,Kristine Vaughan,Bronze,VA,2024-08-14,6,139.0,At Risk
8315,Megan Stanton,Gold,WI,2024-08-14,5,139.0,At Risk
8580,Sarah Wise,Bronze,PA,2024-08-14,9,139.0,At Risk
8694,Anthony Roman,Platinum,MO,2024-08-14,12,139.0,At Risk
9623,Keith Haas,Silver,TX,2024-08-14,13,139.0,At Risk
155,Jamie Lee,Silver,MO,2024-08-15,5,138.0,At Risk
348,Melinda Mclaughlin,Gold,TX,2024-08-15,9,138.0,At Risk
416,Daniel Peterson,Bronze,FL,2024-08-15,10,138.0,At Risk
582,Jonathan Perez,Platinum,TX,2024-08-15,9,138.0,At Risk
639,Stephanie Ford,Gold,GA,2024-08-15,5,138.0,At Risk
1015,Lisa Jones,Gold,NY,2024-08-15,8,138.0,At Risk
1258,Robert Torres,Bronze,MA,2024-08-15,10,138.0,At Risk
1346,Robert Cameron,Gold,TX,2024-08-15,9,138.0,At Risk
1687,Ryan Adams,Gold,MI,2024-08-15,6,138.0,At Risk
1828,Carol Taylor,Silver,IN,2024-08-15,7,138.0,At Risk
2548,Kristin Johnston,Bronze,NJ,2024-08-15,10,138.0,At Risk
2720,Thomas Chandler,Silver,IL,2024-08-15,11,138.0,At Risk
3218,Jeremy Wise,Silver,NJ,2024-08-15,9,138.0,At Risk
3261,Craig Davis,Bronze,PA,2024-08-15,5,138.0,At Risk
3340,John Meadows,Silver,MA,2024-08-15,10,138.0,At Risk
4146,Monique Garza,Gold,IN,2024-08-15,5,138.0,At Risk
4885,Ann Jones,Platinum,IN,2024-08-15,8,138.0,At Risk
5061,Jennifer Cook,Bronze,MI,2024-08-15,8,138.0,At Risk
5494,Jose Odom,Silver,MD,2024-08-15,13,138.0,At Risk
5851,Logan Porter,Bronze,CA,2024-08-15,8,138.0,At Risk
6743,Kevin Pacheco,Silver,NJ,2024-08-15,8,138.0,At Risk
7139,Angelica Martinez,Gold,MO,2024-08-15,4,138.0,At Risk
7907,Gary Williams,Platinum,NC,2024-08-15,9,138.0,At Risk
8204,Monica Kline,Bronze,CA,2024-08-15,13,138.0,At Risk
8253,Claire Hamilton,Gold,MA,2024-08-15,9,138.0,At Risk
8273,Amanda Diaz,Gold,MI,2024-08-15,6,138.0,At Risk
9640,Stanley Graham,Bronze,NJ,2024-08-15,7,138.0,At Risk
88,Mark Austin,Platinum,NJ,2024-08-16,8,137.0,At Risk
138,Zachary Carson,Bronze,IL,2024-08-16,8,137.0,At Risk
558,Erik Alvarez,Gold,PA,2024-08-16,9,137.0,At Risk
566,Pamela Parks,Bronze,TN,2024-08-16,5,137.0,At Risk
774,Karen Young,Gold,AZ,2024-08-16,11,137.0,At Risk
1247,Amanda Rhodes,Bronze,WI,2024-08-16,7,137.0,At Risk
1276,Maria Barnes,Silver,OH,2024-08-16,10,137.0,At Risk
1683,Joshua Arroyo,Silver,TN,2024-08-16,6,137.0,At Risk
1750,Richard Evans,Platinum,OH,2024-08-16,12,137.0,At Risk
1994,Lori Perez,Bronze,AZ,2024-08-16,6,137.0,At Risk
2860,Patricia Bonilla,Bronze,MA,2024-08-16,6,137.0,At Risk
3046,Adrian Anderson,Bronze,NC,2024-08-16,8,137.0,At Risk
3137,Rachel Berry,Bronze,MI,2024-08-16,7,137.0,At Risk
3416,Crystal Aguilar,Silver,PA,2024-08-16,6,137.0,At Risk
3458,Jennifer Guzman,Silver,FL,2024-08-16,7,137.0,At Risk
5278,Lisa Davis,Bronze,WI,2024-08-16,7,137.0,At Risk
6242,Donna White,Platinum,NY,2024-08-16,9,137.0,At Risk
6596,Heather Olsen,Bronze,MI,2024-08-16,13,137.0,At Risk
7061,Joseph Contreras,Bronze,PA,2024-08-16,11,137.0,At Risk
7118,Jack Zuniga,Silver,CA,2024-08-16,11,137.0,At Risk
7708,Jacob Wright,Bronze,NC,2024-08-16,10,137.0,At Risk
7833,Shawn Carpenter,Bronze,GA,2024-08-16,6,137.0,At Risk
7962,Sarah Garrison,Silver,IN,2024-08-16,11,137.0,At Risk
8708,Joseph Munoz,Gold,NC,2024-08-16,8,137.0,At Risk
9753,Jeffrey Harvey,Gold,MA,2024-08-16,9,137.0,At Risk
130,Amy Anderson,Gold,TX,2024-08-17,6,136.0,At Risk
233,Alicia Wright,Bronze,MA,2024-08-17,5,136.0,At Risk
377,Michelle Cobb,Silver,NJ,2024-08-17,3,136.0,At Risk
1359,David Hart,Bronze,MI,2024-08-17,7,136.0,At Risk
2009,Leah Moore,Silver,MD,2024-08-17,7,136.0,At Risk
2852,Brian Williams,Bronze,TX,2024-08-17,9,136.0,At Risk
3605,Kathryn Martinez,Bronze,TN,2024-08-17,8,136.0,At Risk
4100,Johnny Nichols,Platinum,TX,2024-08-17,11,136.0,At Risk
4298,Joseph Johnson,Bronze,WI,2024-08-17,10,136.0,At Risk
4575,Tiffany Castillo,Silver,FL,2024-08-17,8,136.0,At Risk
4598,Michael Mccarthy,Platinum,PA,2024-08-17,4,136.0,At Risk
5119,Cynthia Lindsey,Bronze,FL,2024-08-17,9,136.0,At Risk
5398,Joshua Crawford,Bronze,TN,2024-08-17,5,136.0,At Risk
5480,Daniel Baker,Gold,MO,2024-08-17,5,136.0,At Risk
5493,Kara Gibson,Silver,WA,2024-08-17,9,136.0,At Risk
5542,Anne Silva,Silver,WI,2024-08-17,12,136.0,At Risk
6544,Sonia Moore,Silver,OH,2024-08-17,9,136.0,At Risk
6898,David Lin,Bronze,MI,2024-08-17,6,136.0,At Risk
7447,Kimberly Smith,Bronze,TX,2024-08-17,6,136.0,At Risk
7573,Christine Smith,Silver,VA,2024-08-17,6,136.0,At Risk
8002,Kristin Cole,Bronze,GA,2024-08-17,6,136.0,At Risk
8171,Amanda Rice,Silver,MI,2024-08-17,8,136.0,At Risk
8966,Natalie Hall,Bronze,MD,2024-08-17,8,136.0,At Risk
9089,Dustin Mercer,Bronze,VA,2024-08-17,13,136.0,At Risk
9506,Shari Lewis,Bronze,MO,2024-08-17,5,136.0,At Risk
9680,Robert Lee,Gold,AZ,2024-08-17,5,136.0,At Risk
9761,Brent Romero,Silver,WI,2024-08-17,11,136.0,At Risk
844,Michael Smith,Silver,NJ,2024-08-18,8,135.0,At Risk
1118,James Collins,Platinum,GA,2024-08-18,7,135.0,At Risk
1299,Ebony Walters,Silver,NY,2024-08-18,6,135.0,At Risk
1421,Cheryl Huff,Gold,AZ,2024-08-18,9,135.0,At Risk
1536,Karen Kirby,Bronze,PA,2024-08-18,6,135.0,At Risk
1573,Michelle Watson,Silver,FL,2024-08-18,5,135.0,At Risk
1812,Kelly Weber,Gold,AZ,2024-08-18,5,135.0,At Risk
2172,Jennifer Flowers,Gold,IL,2024-08-18,8,135.0,At Risk
2951,Scott Taylor,Gold,MA,2024-08-18,10,135.0,At Risk
2979,Mallory Newton,Platinum,NC,2024-08-18,9,135.0,At Risk
3006,Emma Lawson,Platinum,IN,2024-08-18,7,135.0,At Risk
3012,Larry Jackson,Silver,MD,2024-08-18,6,135.0,At Risk
3196,Joy Hughes,Platinum,OH,2024-08-18,9,135.0,At Risk
3700,Jorge Chen,Gold,MA,2024-08-18,8,135.0,At Risk
4276,Jesus Smith,Bronze,MA,2024-08-18,8,135.0,At Risk
4380,Kimberly Hunter,Platinum,AZ,2024-08-18,9,135.0,At Risk
5079,Andrew Sanchez,Platinum,TN,2024-08-18,6,135.0,At Risk
5481,Cynthia Blankenship,Bronze,OH,2024-08-18,5,135.0,At Risk
5705,Parker Stephens,Gold,CA,2024-08-18,13,135.0,At Risk
5964,William Hutchinson,Silver,MD,2024-08-18,6,135.0,At Risk
6282,Eugene Contreras,Silver,WI,2024-08-18,9,135.0,At Risk
6485,Holly Wilson,Bronze,VA,2024-08-18,12,135.0,At Risk
7777,John Ferguson,Gold,NC,2024-08-18,5,135.0,At Risk
8235,Julian Ritter,Bronze,GA,2024-08-18,7,135.0,At Risk
8400,Tracy Alexander,Gold,OH,2024-08-18,7,135.0,At Risk
9863,Emily Phillips,Gold,OH,2024-08-18,6,135.0,At Risk
1228,Lawrence Moore,Silver,MI,2024-08-19,6,134.0,At Risk
1858,Tyler Gregory,Gold,VA,2024-08-19,7,134.0,At Risk
2342,Michael Wood,Silver,TN,2024-08-19,3,134.0,At Risk
2506,James Thompson,Bronze,AZ,2024-08-19,5,134.0,At Risk
3729,Amanda Wang,Bronze,AZ,2024-08-19,5,134.0,At Risk
3810,Rebecca Maxwell,Silver,FL,2024-08-19,6,134.0,At Risk
3995,Stephanie Harper,Silver,MD,2024-08-19,4,134.0,At Risk
4096,Steven Tucker,Bronze,MA,2024-08-19,4,134.0,At Risk
4154,Travis Reynolds,Platinum,IL,2024-08-19,7,134.0,At Risk
4256,Hannah Hooper,Bronze,GA,2024-08-19,5,134.0,At Risk
5567,Heather Boyer,Bronze,OH,2024-08-19,6,134.0,At Risk
5650,Courtney Miles,Bronze,GA,2024-08-19,5,134.0,At Risk
6337,Corey Fleming,Bronze,IL,2024-08-19,7,134.0,At Risk
6490,Robert Anderson,Bronze,TX,2024-08-19,8,134.0,At Risk
6527,Jennifer Petty,Bronze,WI,2024-08-19,11,134.0,At Risk
6815,Chelsea Smith,Bronze,MA,2024-08-19,7,134.0,At Risk
7217,Tammy Parks,Silver,MD,2024-08-19,6,134.0,At Risk
7227,Michelle White,Gold,MA,2024-08-19,1,134.0,At Risk
7266,Sheila Williams,Silver,NC,2024-08-19,10,134.0,At Risk
8733,Alan Grimes,Silver,MO,2024-08-19,12,134.0,At Risk
9316,Gina Reyes,Silver,TX,2024-08-19,4,134.0,At Risk
9625,Damon Andrews,Gold,WI,2024-08-19,10,134.0,At Risk
468,Victor Stewart,Bronze,CA,2024-08-20,10,133.0,At Risk
523,Maria Becker,Silver,NY,2024-08-20,10,133.0,At Risk
2339,Troy Johnson,Platinum,CA,2024-08-20,6,133.0,At Risk
3027,Jamie Burke,Gold,MI,2024-08-20,5,133.0,At Risk
3141,David Kirk,Platinum,NY,2024-08-20,6,133.0,At Risk
3526,Lindsay Perkins,Gold,OH,2024-08-20,6,133.0,At Risk
3963,Patricia Gregory,Platinum,PA,2024-08-20,11,133.0,At Risk
4667,Timothy Fry,Silver,CA,2024-08-20,7,133.0,At Risk
4706,Rebecca Norman,Silver,NJ,2024-08-20,14,133.0,At Risk
4883,Jennifer Graham,Silver,NJ,2024-08-20,7,133.0,At Risk
5180,Keith King,Silver,IN,2024-08-20,6,133.0,At Risk
5249,David Bailey,Bronze,VA,2024-08-20,9,133.0,At Risk
5563,Cynthia Jackson,Silver,MO,2024-08-20,5,133.0,At Risk
6030,Jeffrey Eaton,Silver,WA,2024-08-20,7,133.0,At Risk
6299,Chad Burns,Silver,TN,2024-08-20,5,133.0,At Risk
6552,Monique Schultz,Bronze,NC,2024-08-20,8,133.0,At Risk
6570,James Anderson,Bronze,NC,2024-08-20,6,133.0,At Risk
7939,Deborah Todd,Silver,MA,2024-08-20,8,133.0,At Risk
7970,Elizabeth Patterson,Bronze,TN,2024-08-20,5,133.0,At Risk
8846,Michael Lewis,Bronze,WI,2024-08-20,8,133.0,At Risk
9314,Allen Black,Bronze,WA,2024-08-20,6,133.0,At Risk
9516,Michael Massey,Silver,MO,2024-08-20,5,133.0,At Risk
9757,Eugene Lowe,Platinum,CA,2024-08-20,8,133.0,At Risk
55,Daniel Gordon,Silver,MA,2024-08-21,12,132.0,At Risk
207,Sara Graham,Silver,MI,2024-08-21,8,132.0,At Risk
420,Lacey Glenn,Bronze,NY,2024-08-21,5,132.0,At Risk
1699,Amy Lee,Bronze,PA,2024-08-21,6,132.0,At Risk
3549,Paul Drake,Platinum,NJ,2024-08-21,8,132.0,At Risk
3814,Sara Rivera,Bronze,VA,2024-08-21,4,132.0,At Risk
4020,Jason Guerra,Bronze,MI,2024-08-21,8,132.0,At Risk
4282,Michelle Strickland,Bronze,GA,2024-08-21,5,132.0,At Risk
4824,Robin Tucker,Bronze,CA,2024-08-21,6,132.0,At Risk
4941,Timothy Campbell,Platinum,WI,2024-08-21,9,132.0,At Risk
5121,Brenda Sullivan,Silver,GA,2024-08-21,5,132.0,At Risk
5198,Mark Kerr,Bronze,TN,2024-08-21,6,132.0,At Risk
5888,Ashley Krueger,Bronze,IL,2024-08-21,5,132.0,At Risk
5901,Jill Warner,Silver,WI,2024-08-21,10,132.0,At Risk
6390,Jill Lewis,Bronze,TN,2024-08-21,6,132.0,At Risk
6957,Noah Cooper,Gold,NC,2024-08-21,3,132.0,At Risk
7102,Scott Davis,Platinum,GA,2024-08-21,9,132.0,At Risk
7279,Dylan Dennis,Bronze,GA,2024-08-21,10,132.0,At Risk
7587,Roger Parker,Gold,IL,2024-08-21,8,132.0,At Risk
7665,John Byrd,Platinum,WA,2024-08-21,3,132.0,At Risk
36,Kevin Oliver,Platinum,WI,2024-08-22,5,131.0,At Risk
342,Carrie Howard,Bronze,NJ,2024-08-22,7,131.0,At Risk
1349,James Hall,Platinum,OH,2024-08-22,7,131.0,At Risk
1726,Tammy Morrison,Silver,GA,2024-08-22,8,131.0,At Risk
2730,Claire Medina,Silver,WA,2024-08-22,7,131.0,At Risk
2861,Thomas Olson,Silver,NJ,2024-08-22,8,131.0,At Risk
2924,Cynthia Rhodes,Bronze,TX,2024-08-22,4,131.0,At Risk
3249,Andrew Fry,Bronze,PA,2024-08-22,10,131.0,At Risk
3507,Julie Bishop,Bronze,AZ,2024-08-22,5,131.0,At Risk
3945,Adam Park,Platinum,PA,2024-08-22,9,131.0,At Risk
4035,Yolanda Dawson,Bronze,OH,2024-08-22,7,131.0,At Risk
4507,Mark White,Bronze,MO,2024-08-22,5,131.0,At Risk
5054,Jeffery Fuentes,Platinum,IL,2024-08-22,4,131.0,At Risk
6029,Kyle Barrett,Gold,NY,2024-08-22,11,131.0,At Risk
6068,Michael Baker,Silver,GA,2024-08-22,7,131.0,At Risk
6126,Alicia Diaz,Silver,TN,2024-08-22,13,131.0,At Risk
6431,Maurice Brown,Gold,IL,2024-08-22,6,131.0,At Risk
6940,Lisa Smith,Silver,CA,2024-08-22,7,131.0,At Risk
7179,Wesley Taylor,Bronze,NC,2024-08-22,7,131.0,At Risk
7803,Larry Perez,Platinum,FL,2024-08-22,8,131.0,At Risk
8007,Stephanie Smith,Silver,AZ,2024-08-22,4,131.0,At Risk
8454,Shelly Evans,Gold,MO,2024-08-22,7,131.0,At Risk
8852,Kevin Nelson,Bronze,MA,2024-08-22,8,131.0,At Risk
9055,Vincent Moss,Silver,MD,2024-08-22,7,131.0,At Risk
9073,Danielle Munoz,Platinum,WI,2024-08-22,7,131.0,At Risk
9346,Denise May,Silver,WA,2024-08-22,5,131.0,At Risk
9689,Valerie Miles,Silver,IL,2024-08-22,8,131.0,At Risk
470,Angela Martin,Gold,VA,2024-08-23,5,130.0,At Risk
938,Mark Doyle,Silver,AZ,2024-08-23,5,130.0,At Risk
1294,Mary Moss,Gold,MA,2024-08-23,8,130.0,At Risk
1415,Alexander Page,Platinum,IL,2024-08-23,10,130.0,At Risk
1438,Dylan Rhodes,Bronze,FL,2024-08-23,13,130.0,At Risk
1447,Laura Thomas,Bronze,TX,2024-08-23,7,130.0,At Risk
1770,Ashley Bryan,Bronze,WA,2024-08-23,5,130.0,At Risk
2297,Allison Chen,Gold,MD,2024-08-23,6,130.0,At Risk
2356,Adam Wilson,Bronze,CA,2024-08-23,7,130.0,At Risk
2364,Scott Nguyen,Bronze,GA,2024-08-23,14,130.0,At Risk
2498,Nicole Thompson,Silver,IN,2024-08-23,6,130.0,At Risk
2641,Peter Torres,Platinum,CA,2024-08-23,9,130.0,At Risk
2926,Tabitha Atkinson,Bronze,MD,2024-08-23,6,130.0,At Risk
3064,Margaret Jenkins,Gold,CA,2024-08-23,7,130.0,At Risk
3098,William Hill,Gold,NJ,2024-08-23,6,130.0,At Risk
3238,Angela Brown,Silver,PA,2024-08-23,9,130.0,At Risk
3379,Kevin Arnold,Gold,NJ,2024-08-23,11,130.0,At Risk
3787,James Hansen,Silver,NY,2024-08-23,5,130.0,At Risk
4546,Matthew Chambers,Platinum,TN,2024-08-23,14,130.0,At Risk
5334,Betty Roberson,Silver,VA,2024-08-23,7,130.0,At Risk
5559,Jose White,Silver,OH,2024-08-23,5,130.0,At Risk
6444,Claudia Phillips,Silver,OH,2024-08-23,8,130.0,At Risk
6463,Jonathan Huerta,Bronze,OH,2024-08-23,6,130.0,At Risk
6748,Savannah Day,Bronze,GA,2024-08-23,7,130.0,At Risk
7282,Timothy Ryan,Gold,OH,2024-08-23,8,130.0,At Risk
7852,Jacob Lee,Bronze,AZ,2024-08-23,7,130.0,At Risk
7936,Judy Whitehead,Bronze,TX,2024-08-23,7,130.0,At Risk
8105,Brent Taylor,Bronze,WI,2024-08-23,8,130.0,At Risk
8364,Cassandra Gardner,Bronze,TX,2024-08-23,8,130.0,At Risk
8382,Jennifer Fox,Bronze,IL,2024-08-23,5,130.0,At Risk
8863,Amanda Savage,Silver,IL,2024-08-23,5,130.0,At Risk
9827,Justin Adams,Bronze,IN,2024-08-23,5,130.0,At Risk
294,Kristy Wood,Silver,MD,2024-08-24,7,129.0,At Risk
366,Christina Nguyen,Gold,CA,2024-08-24,7,129.0,At Risk
778,Rachel Holmes,Gold,NY,2024-08-24,2,129.0,At Risk
1028,Ryan Allen,Platinum,MD,2024-08-24,8,129.0,At Risk
2116,Robert Chang,Bronze,WI,2024-08-24,9,129.0,At Risk
3085,Dawn Morris,Bronze,WI,2024-08-24,8,129.0,At Risk
3297,Joe Hernandez,Bronze,VA,2024-08-24,8,129.0,At Risk
3327,Nicole Trujillo,Bronze,TX,2024-08-24,12,129.0,At Risk
3595,Timothy Evans,Platinum,AZ,2024-08-24,10,129.0,At Risk
3684,Jose Jones,Gold,NY,2024-08-24,9,129.0,At Risk
3998,Aaron Lynn,Silver,NY,2024-08-24,9,129.0,At Risk
4065,Joseph Hill,Bronze,TX,2024-08-24,6,129.0,At Risk
4506,Richard Woods,Gold,CA,2024-08-24,7,129.0,At Risk
4528,Tiffany Davis,Platinum,VA,2024-08-24,10,129.0,At Risk
5388,Jessica Silva,Silver,CA,2024-08-24,7,129.0,At Risk
6992,Erika Olson,Bronze,MI,2024-08-24,7,129.0,At Risk
7775,Gregory Sanchez,Bronze,NC,2024-08-24,10,129.0,At Risk
7851,Eric Munoz,Bronze,CA,2024-08-24,12,129.0,At Risk
9011,Emily Matthews,Silver,MO,2024-08-24,10,129.0,At Risk
9138,Kim Torres,Bronze,IN,2024-08-24,8,129.0,At Risk
9306,Megan Galvan,Silver,FL,2024-08-24,3,129.0,At Risk
9450,Gary Ferguson,Bronze,VA,2024-08-24,6,129.0,At Risk
9889,Michelle Choi,Silver,IL,2024-08-24,6,129.0,At Risk
462,Debra Taylor,Silver,PA,2024-08-25,5,128.0,At Risk
1971,Laura Fisher,Gold,NJ,2024-08-25,10,128.0,At Risk
2041,Alison Ross,Platinum,OH,2024-08-25,8,128.0,At Risk
2295,Danny Munoz,Silver,WA,2024-08-25,3,128.0,At Risk
2391,Michael Larson,Gold,TX,2024-08-25,13,128.0,At Risk
2627,Christian Cooper,Silver,IN,2024-08-25,10,128.0,At Risk
2778,Tammy Tapia,Bronze,MO,2024-08-25,5,128.0,At Risk
3001,Denise Tran,Bronze,GA,2024-08-25,5,128.0,At Risk
3488,Shannon Davis,Silver,NC,2024-08-25,6,128.0,At Risk
3790,Danielle Ponce,Gold,NC,2024-08-25,8,128.0,At Risk
3879,Marcus Ramirez,Silver,IL,2024-08-25,9,128.0,At Risk
3977,Howard Vaughn,Bronze,GA,2024-08-25,6,128.0,At Risk
4488,Daniel English,Gold,MO,2024-08-25,12,128.0,At Risk
4851,Jennifer Gardner,Silver,GA,2024-08-25,1,128.0,At Risk
4853,Keith Thomas,Silver,IN,2024-08-25,10,128.0,At Risk
5630,Amy Mcmahon,Silver,MA,2024-08-25,6,128.0,At Risk
5639,Raven Stanley,Platinum,GA,2024-08-25,8,128.0,At Risk
5939,Brandy Floyd,Bronze,NJ,2024-08-25,12,128.0,At Risk
6742,Robert Adams,Bronze,CA,2024-08-25,10,128.0,At Risk
7626,Rachel Valdez,Gold,TN,2024-08-25,9,128.0,At Risk
7983,Anthony Mckenzie,Silver,NC,2024-08-25,8,128.0,At Risk
8043,Becky Williams,Silver,IN,2024-08-25,6,128.0,At Risk
8479,Jennifer Carr,Gold,VA,2024-08-25,8,128.0,At Risk
8487,Ann Harmon,Silver,NY,2024-08-25,7,128.0,At Risk
9426,Michelle Norman,Bronze,WA,2024-08-25,7,128.0,At Risk
63,Samuel Rodriguez,Bronze,VA,2024-08-26,12,127.0,At Risk
249,April Foster,Gold,WA,2024-08-26,6,127.0,At Risk
535,Dana Washington,Silver,GA,2024-08-26,3,127.0,At Risk
1044,Christopher Hudson,Gold,TX,2024-08-26,5,127.0,At Risk
1211,Ann Robbins,Silver,OH,2024-08-26,5,127.0,At Risk
1895,Calvin Anderson,Silver,CA,2024-08-26,9,127.0,At Risk
2017,Justin Wade,Platinum,IN,2024-08-26,8,127.0,At Risk
2153,Derek Haynes,Bronze,IL,2024-08-26,8,127.0,At Risk
2623,Jeremy Bird,Bronze,IL,2024-08-26,6,127.0,At Risk
2766,Chad Ray,Silver,OH,2024-08-26,11,127.0,At Risk
3119,Raymond Smith,Bronze,TX,2024-08-26,5,127.0,At Risk
3188,Anthony Davis,Silver,PA,2024-08-26,6,127.0,At Risk
3528,Nicole Abbott,Bronze,WI,2024-08-26,7,127.0,At Risk
3807,Kirk Horton,Bronze,NY,2024-08-26,8,127.0,At Risk
4404,Jessica Perry,Gold,IL,2024-08-26,7,127.0,At Risk
4541,Virginia Blake,Bronze,GA,2024-08-26,5,127.0,At Risk
4949,William Flynn,Platinum,TN,2024-08-26,5,127.0,At Risk
5102,John Johnson,Silver,MO,2024-08-26,12,127.0,At Risk
5488,Brett Vega,Bronze,NC,2024-08-26,12,127.0,At Risk
5700,Yolanda Winters,Silver,MI,2024-08-26,9,127.0,At Risk
6115,Maurice Whitaker,Silver,OH,2024-08-26,7,127.0,At Risk
6424,Jennifer Poole,Bronze,MI,2024-08-26,4,127.0,At Risk
6915,Christopher Smith,Gold,IN,2024-08-26,10,127.0,At Risk
6959,Jennifer Richards,Silver,NJ,2024-08-26,5,127.0,At Risk
8049,Rhonda Shepard,Silver,MI,2024-08-26,4,127.0,At Risk
9575,Ashley Little,Platinum,MD,2024-08-26,7,127.0,At Risk
9648,Kurt Stuart,Bronze,MA,2024-08-26,7,127.0,At Risk
524,Anthony Lynch,Silver,NY,2024-08-27,8,126.0,At Risk
869,Luis Rogers,Silver,TX,2024-08-27,12,126.0,At Risk
1037,Samantha King,Silver,FL,2024-08-27,7,126.0,At Risk
1360,Megan Pham,Bronze,IN,2024-08-27,10,126.0,At Risk
1588,Eric Cox,Gold,GA,2024-08-27,18,126.0,At Risk
1602,Rita Whitaker,Platinum,WA,2024-08-27,9,126.0,At Risk
2040,Isabella Pearson,Bronze,NC,2024-08-27,12,126.0,At Risk
3648,Ashley Moore,Bronze,NJ,2024-08-27,5,126.0,At Risk
3965,Rachel Turner,Gold,WI,2024-08-27,6,126.0,At Risk
4012,Katherine Wheeler,Bronze,TN,2024-08-27,10,126.0,At Risk
4131,Mathew Griffin,Bronze,TX,2024-08-27,7,126.0,At Risk
4205,Alexandra Brown,Silver,MA,2024-08-27,6,126.0,At Risk
4769,April Murphy,Bronze,NC,2024-08-27,8,126.0,At Risk
4832,Melissa Le,Gold,NY,2024-08-27,10,126.0,At Risk
4965,Michelle Cook,Silver,WA,2024-08-27,8,126.0,At Risk
5270,Annette Alvarado,Bronze,TX,2024-08-27,12,126.0,At Risk
6745,Kevin Walker,Bronze,NC,2024-08-27,6,126.0,At Risk
8403,Noah White,Platinum,NJ,2024-08-27,9,126.0,At Risk
8719,Candice Ball,Gold,GA,2024-08-27,17,126.0,At Risk
8897,Mark Oliver,Silver,NJ,2024-08-27,2,126.0,At Risk
8989,Lisa Abbott,Silver,TX,2024-08-27,5,126.0,At Risk
9153,Andrew Castillo,Gold,WI,2024-08-27,5,126.0,At Risk
9191,Kelly Cannon,Bronze,FL,2024-08-27,7,126.0,At Risk
9970,Joseph Collier,Platinum,WI,2024-08-27,5,126.0,At Risk
278,James Johnson,Bronze,MO,2024-08-28,8,125.0,At Risk
621,Deanna Spencer,Platinum,WI,2024-08-28,12,125.0,At Risk
842,Tanner Singh,Platinum,GA,2024-08-28,9,125.0,At Risk
1414,Stanley Stark,Bronze,CA,2024-08-28,6,125.0,At Risk
1566,Kelly Lewis,Silver,PA,2024-08-28,9,125.0,At Risk
1821,Samantha Brown,Bronze,NC,2024-08-28,7,125.0,At Risk
2535,Susan Brown,Gold,NJ,2024-08-28,7,125.0,At Risk
2709,Isabella Russell,Silver,TX,2024-08-28,9,125.0,At Risk
3312,Richard Anderson,Platinum,NC,2024-08-28,4,125.0,At Risk
3966,Bryan Ramirez,Bronze,IN,2024-08-28,8,125.0,At Risk
4510,Michael White,Silver,MI,2024-08-28,12,125.0,At Risk
4749,Kyle Fuller,Bronze,MI,2024-08-28,8,125.0,At Risk
5815,Cheyenne Gray,Silver,AZ,2024-08-28,6,125.0,At Risk
5897,Kristy Anderson,Bronze,OH,2024-08-28,11,125.0,At Risk
6182,David Patel,Bronze,MA,2024-08-28,8,125.0,At Risk
6698,Matthew Wright,Silver,AZ,2024-08-28,4,125.0,At Risk
6924,Joseph Simon,Platinum,MO,2024-08-28,8,125.0,At Risk
7109,Matthew Hall,Silver,MO,2024-08-28,8,125.0,At Risk
7201,Gregory Combs,Silver,FL,2024-08-28,10,125.0,At Risk
7513,Mark Zimmerman,Platinum,FL,2024-08-28,6,125.0,At Risk
8061,Daniel Sanders,Silver,MO,2024-08-28,9,125.0,At Risk
8093,Dennis Collins,Platinum,VA,2024-08-28,6,125.0,At Risk
9128,Karla Kerr,Platinum,WA,2024-08-28,12,125.0,At Risk
9938,Jeffrey Hernandez,Gold,PA,2024-08-28,5,125.0,At Risk
460,Lindsey Pena,Bronze,NY,2024-08-29,9,124.0,At Risk
1553,David Leach,Silver,WA,2024-08-29,8,124.0,At Risk
1789,Jacob Shah,Bronze,WA,2024-08-29,7,124.0,At Risk
2106,Alexander Oneill,Silver,FL,2024-08-29,9,124.0,At Risk
2320,Peter Hall,Silver,MD,2024-08-29,8,124.0,At Risk
2561,Casey Krause,Bronze,TN,2024-08-29,6,124.0,At Risk
2747,Larry Thomas,Silver,MI,2024-08-29,11,124.0,At Risk
3248,Michelle Rogers,Silver,TN,2024-08-29,5,124.0,At Risk
3333,Kenneth Wilson,Bronze,PA,2024-08-29,9,124.0,At Risk
3683,Sarah Andrews,Gold,TN,2024-08-29,7,124.0,At Risk
3797,Lauren Edwards,Gold,MI,2024-08-29,6,124.0,At Risk
4357,Annette Payne,Gold,GA,2024-08-29,10,124.0,At Risk
4957,Thomas Fernandez,Bronze,MO,2024-08-29,6,124.0,At Risk
5462,Carlos Delgado,Gold,NJ,2024-08-29,12,124.0,At Risk
5791,Scott Hanson,Platinum,OH,2024-08-29,9,124.0,At Risk
6016,Luke Hunter,Gold,IL,2024-08-29,6,124.0,At Risk
6116,Steven Lopez,Silver,MI,2024-08-29,4,124.0,At Risk
6379,Christine Dennis,Silver,NJ,2024-08-29,8,124.0,At Risk
6664,Alexis Stevenson,Platinum,GA,2024-08-29,10,124.0,At Risk
6791,Eric Miller,Gold,AZ,2024-08-29,10,124.0,At Risk
6836,Dustin Patton,Bronze,MD,2024-08-29,5,124.0,At Risk
8072,Mario George,Bronze,TX,2024-08-29,6,124.0,At Risk
8147,Antonio Brennan,Platinum,CA,2024-08-29,5,124.0,At Risk
8799,Nicholas Brown,Silver,WA,2024-08-29,6,124.0,At Risk
9096,Pamela Cherry,Platinum,TN,2024-08-29,11,124.0,At Risk
9416,Michael Freeman,Platinum,NJ,2024-08-29,3,124.0,At Risk
9451,David Hall,Gold,WI,2024-08-29,6,124.0,At Risk
9724,Richard Horn,Bronze,NC,2024-08-29,6,124.0,At Risk
25,Patricia Miller,Bronze,IN,2024-08-30,11,123.0,At Risk
100,Christopher Brandt,Silver,IN,2024-08-30,9,123.0,At Risk
101,Joshua Pineda,Gold,NY,2024-08-30,7,123.0,At Risk
680,Laurie Nichols,Bronze,OH,2024-08-30,8,123.0,At Risk
1222,Brandi Armstrong,Gold,PA,2024-08-30,9,123.0,At Risk
1255,Clinton Daniels,Bronze,GA,2024-08-30,9,123.0,At Risk
1322,David Bailey,Silver,NC,2024-08-30,5,123.0,At Risk
1804,Megan Munoz,Bronze,MA,2024-08-30,9,123.0,At Risk
2042,Chad Holland,Bronze,PA,2024-08-30,9,123.0,At Risk
2201,Brett Stephenson,Platinum,NC,2024-08-30,7,123.0,At Risk
2235,Anthony Johnson,Platinum,VA,2024-08-30,8,123.0,At Risk
2312,Kelly Wolf,Platinum,MD,2024-08-30,4,123.0,At Risk
2575,Jennifer Rivera,Silver,NY,2024-08-30,5,123.0,At Risk
3880,Cole Smith,Bronze,TX,2024-08-30,5,123.0,At Risk
5280,Bradley Lopez,Silver,MA,2024-08-30,9,123.0,At Risk
5305,Michelle Malone,Bronze,MI,2024-08-30,10,123.0,At Risk
5618,Lisa Jones,Gold,AZ,2024-08-30,6,123.0,At Risk
5833,Christina Turner,Gold,VA,2024-08-30,9,123.0,At Risk
6161,Emily Harris,Silver,VA,2024-08-30,11,123.0,At Risk
6705,Paul Hanna,Platinum,IL,2024-08-30,6,123.0,At Risk
6726,Wayne Brown,Silver,IN,2024-08-30,6,123.0,At Risk
6851,Jerry Keller,Silver,FL,2024-08-30,3,123.0,At Risk
7049,John Smith,Gold,TX,2024-08-30,4,123.0,At Risk
7151,Tamara Owens,Silver,TN,2024-08-30,6,123.0,At Risk
7355,David Bush,Silver,GA,2024-08-30,7,123.0,At Risk
7522,April Brown,Platinum,AZ,2024-08-30,10,123.0,At Risk
7821,Tony Kerr,Bronze,GA,2024-08-30,9,123.0,At Risk
8826,Michelle Watts,Silver,IN,2024-08-30,7,123.0,At Risk
8836,Jason Johnson,Silver,NC,2024-08-30,5,123.0,At Risk
9404,Patrick Roy,Silver,NY,2024-08-30,8,123.0,At Risk
9997,Stephen Wallace,Silver,OH,2024-08-30,12,123.0,At Risk
229,Rachel Washington,Gold,MD,2024-08-31,8,122.0,At Risk
1082,Amber Rollins,Platinum,WI,2024-08-31,7,122.0,At Risk
2714,Amy Holmes,Silver,MD,2024-08-31,10,122.0,At Risk
2741,Alicia Arnold,Gold,WI,2024-08-31,8,122.0,At Risk
3026,Henry Bean,Silver,TN,2024-08-31,5,122.0,At Risk
3072,Stephen Ortiz,Platinum,OH,2024-08-31,11,122.0,At Risk
3553,Melissa Brown,Silver,IL,2024-08-31,15,122.0,At Risk
4381,Julie Villa,Gold,PA,2024-08-31,9,122.0,At Risk
5269,Michelle Allen,Silver,MD,2024-08-31,9,122.0,At Risk
5285,Denise Davis,Bronze,MI,2024-08-31,8,122.0,At Risk
5906,Alan Hall,Bronze,WI,2024-08-31,8,122.0,At Risk
6009,Erin Clark,Gold,IL,2024-08-31,11,122.0,At Risk
6378,Darlene Rodriguez,Bronze,CA,2024-08-31,5,122.0,At Risk
6481,Carolyn Glover,Bronze,WI,2024-08-31,4,122.0,At Risk
7083,Charles Reese,Bronze,NJ,2024-08-31,4,122.0,At Risk
7668,Teresa Clements,Silver,TN,2024-08-31,6,122.0,At Risk
8982,Tiffany Bowen,Gold,GA,2024-08-31,6,122.0,At Risk
9058,Lisa Peters,Silver,GA,2024-08-31,13,122.0,At Risk
9857,Taylor Shepherd,Silver,GA,2024-08-31,7,122.0,At Risk
344,Robert Marshall,Bronze,IN,2024-09-01,7,121.0,At Risk
1510,Katherine Duarte,Platinum,MA,2024-09-01,6,121.0,At Risk
2056,Joshua Bowman,Silver,IL,2024-09-01,8,121.0,At Risk
2515,Charles White,Bronze,TX,2024-09-01,12,121.0,At Risk
2620,Michelle Patterson,Bronze,FL,2024-09-01,7,121.0,At Risk
3033,Matthew Combs,Gold,TX,2024-09-01,6,121.0,At Risk
3311,Elizabeth Hall,Bronze,NY,2024-09-01,10,121.0,At Risk
3586,Katherine Wright,Silver,FL,2024-09-01,7,121.0,At Risk
5311,Candace Scott,Bronze,MA,2024-09-01,8,121.0,At Risk
5399,Lisa Moore,Bronze,OH,2024-09-01,8,121.0,At Risk
5662,Deanna Whitaker,Silver,OH,2024-09-01,11,121.0,At Risk
5940,Stephanie Figueroa,Silver,WA,2024-09-01,5,121.0,At Risk
7511,Christopher Phillips,Silver,GA,2024-09-01,11,121.0,At Risk
7654,Misty Pratt,Silver,NY,2024-09-01,4,121.0,At Risk
7781,Katherine Cameron,Bronze,TN,2024-09-01,5,121.0,At Risk
7863,Misty Lane,Bronze,TX,2024-09-01,14,121.0,At Risk
8378,Spencer Campbell,Bronze,MA,2024-09-01,7,121.0,At Risk
8552,Juan Young,Platinum,NY,2024-09-01,7,121.0,At Risk
9305,Kimberly Johnson,Silver,FL,2024-09-01,6,121.0,At Risk
9352,Lauren Hernandez,Platinum,VA,2024-09-01,9,121.0,At Risk
9634,Daniel Daniels,Bronze,MO,2024-09-01,11,121.0,At Risk
9755,Cory Johnson,Silver,IL,2024-09-01,6,121.0,At Risk
9981,Susan Hayes,Gold,VA,2024-09-01,8,121.0,At Risk
322,Nicholas Myers,Bronze,IL,2024-09-02,10,120.0,At Risk
1505,Megan Dunn,Platinum,TX,2024-09-02,11,120.0,At Risk
1935,Dale Martinez,Silver,MA,2024-09-02,3,120.0,At Risk
2016,Rebecca Brown,Silver,NC,2024-09-02,8,120.0,At Risk
2095,Lisa Harrington,Bronze,OH,2024-09-02,9,120.0,At Risk
2700,David Paul,Silver,GA,2024-09-02,5,120.0,At Risk
2844,Nicolas Golden,Silver,MA,2024-09-02,9,120.0,At Risk
2949,Andrew Rodriguez,Platinum,MI,2024-09-02,8,120.0,At Risk
3022,Bridget Guzman,Bronze,NC,2024-09-02,11,120.0,At Risk
3182,Patricia Cox,Bronze,WI,2024-09-02,8,120.0,At Risk
3283,Peter Aguirre,Silver,NY,2024-09-02,11,120.0,At Risk
3706,Amanda Mccarty,Gold,OH,2024-09-02,5,120.0,At Risk
3773,Lee Hicks,Gold,WA,2024-09-02,7,120.0,At Risk
4031,Matthew Ellis,Gold,MA,2024-09-02,5,120.0,At Risk
4293,Janet Lloyd,Gold,IN,2024-09-02,8,120.0,At Risk
4569,Brady Rogers,Silver,PA,2024-09-02,5,120.0,At Risk
4593,Jackson Peterson,Bronze,IN,2024-09-02,7,120.0,At Risk
4705,Justin Kelly,Bronze,NJ,2024-09-02,6,120.0,At Risk
4841,Barbara Klein,Gold,GA,2024-09-02,3,120.0,At Risk
5520,Chelsea Morris,Platinum,TX,2024-09-02,8,120.0,At Risk
5972,Christine Hill,Bronze,VA,2024-09-02,7,120.0,At Risk
6033,Desiree Herrera,Bronze,IL,2024-09-02,9,120.0,At Risk
6883,Brenda Simon,Bronze,NC,2024-09-02,12,120.0,At Risk
7204,Brian Mcbride,Bronze,VA,2024-09-02,8,120.0,At Risk
7795,Sara Rodriguez,Silver,WA,2024-09-02,9,120.0,At Risk
8089,Penny Pollard,Silver,MO,2024-09-02,7,120.0,At Risk
9269,Lisa Hanson,Silver,CA,2024-09-02,11,120.0,At Risk
9436,Katelyn Meyers,Silver,MI,2024-09-02,7,120.0,At Risk
9497,Brian Reese,Bronze,IL,2024-09-02,6,120.0,At Risk
9645,Suzanne Barker,Silver,MA,2024-09-02,9,120.0,At Risk
9691,Dawn Sanchez,Bronze,NY,2024-09-02,10,120.0,At Risk
3,Michael Cooper,Bronze,MI,2024-09-03,4,119.0,At Risk
1217,Rhonda Robinson,Silver,VA,2024-09-03,4,119.0,At Risk
1570,Brandon Rojas,Platinum,CA,2024-09-03,8,119.0,At Risk
1690,Heidi Harris,Bronze,WA,2024-09-03,6,119.0,At Risk
1711,Marie Morrison,Bronze,NY,2024-09-03,12,119.0,At Risk
2196,Sarah House,Bronze,TN,2024-09-03,12,119.0,At Risk
2244,Robert Glover,Platinum,GA,2024-09-03,10,119.0,At Risk
2777,Belinda Petersen,Bronze,WA,2024-09-03,7,119.0,At Risk
2821,Robert Gonzales,Silver,TN,2024-09-03,5,119.0,At Risk
2828,Andrea Smith,Silver,GA,2024-09-03,4,119.0,At Risk
2901,Edward Villegas,Bronze,OH,2024-09-03,7,119.0,At Risk
3302,Lindsey Moore,Bronze,OH,2024-09-03,13,119.0,At Risk
4448,Cristian Carter,Silver,OH,2024-09-03,14,119.0,At Risk
5266,Dawn Ferguson,Silver,WA,2024-09-03,10,119.0,At Risk
5466,Tara Williams,Silver,MI,2024-09-03,8,119.0,At Risk
5623,Kenneth Martin,Silver,GA,2024-09-03,5,119.0,At Risk
5779,Cynthia Butler,Gold,OH,2024-09-03,4,119.0,At Risk
5887,Judith Stewart,Silver,FL,2024-09-03,7,119.0,At Risk
6058,Andrea Patrick,Silver,TX,2024-09-03,8,119.0,At Risk
6066,Kim Nguyen,Silver,MA,2024-09-03,9,119.0,At Risk
6313,Preston Meyer,Silver,NJ,2024-09-03,15,119.0,At Risk
6613,Walter Jackson,Silver,MA,2024-09-03,4,119.0,At Risk
6680,Leslie Torres,Platinum,IL,2024-09-03,8,119.0,At Risk
6708,William Chambers,Platinum,NC,2024-09-03,8,119.0,At Risk
7084,Jill Gardner,Bronze,IL,2024-09-03,9,119.0,At Risk
7888,Christina James,Bronze,CA,2024-09-03,10,119.0,At Risk
8062,Jesse Huber,Bronze,TX,2024-09-03,6,119.0,At Risk
8430,Cristian Mcguire,Gold,MD,2024-09-03,8,119.0,At Risk
8748,Derek Garcia,Bronze,OH,2024-09-03,6,119.0,At Risk
9135,Michelle Bird,Gold,MO,2024-09-03,13,119.0,At Risk
9342,Edwin Hunter,Silver,OH,2024-09-03,7,119.0,At Risk
349,Daryl Dean,Silver,NC,2024-09-04,3,118.0,At Risk
848,Lisa Hensley,Bronze,WA,2024-09-04,11,118.0,At Risk
1271,Emily Ryan,Silver,WI,2024-09-04,8,118.0,At Risk
1277,Nicole Gay,Bronze,WA,2024-09-04,8,118.0,At Risk
1889,Riley Heath,Bronze,OH,2024-09-04,10,118.0,At Risk
2031,Sandra Elliott,Gold,AZ,2024-09-04,10,118.0,At Risk
2205,Bobby Allen,Gold,NY,2024-09-04,7,118.0,At Risk
2426,Amy Church,Platinum,TN,2024-09-04,4,118.0,At Risk
3444,Jessica Walker,Gold,MA,2024-09-04,4,118.0,At Risk
3543,Phillip Haley,Bronze,FL,2024-09-04,6,118.0,At Risk
3695,Jill Grimes,Gold,OH,2024-09-04,5,118.0,At Risk
3715,Ashley Rodriguez,Bronze,MA,2024-09-04,10,118.0,At Risk
4498,Brian Moses,Silver,MD,2024-09-04,12,118.0,At Risk
4987,Eugene Jones,Bronze,WA,2024-09-04,4,118.0,At Risk
5762,Tamara Cruz,Gold,TN,2024-09-04,12,118.0,At Risk
6121,Gary Brown,Silver,CA,2024-09-04,6,118.0,At Risk
6280,Colin Acosta,Silver,WA,2024-09-04,10,118.0,At Risk
6461,Allen Flores,Bronze,MD,2024-09-04,6,118.0,At Risk
6494,Denise Morgan,Bronze,MO,2024-09-04,7,118.0,At Risk
6511,Jack Davenport,Bronze,TN,2024-09-04,7,118.0,At Risk
6602,Amanda Smith,Silver,VA,2024-09-04,6,118.0,At Risk
6676,Donald Warren,Gold,TX,2024-09-04,9,118.0,At Risk
7030,James Sanders,Platinum,OH,2024-09-04,7,118.0,At Risk
7371,Jason White,Platinum,MD,2024-09-04,10,118.0,At Risk
7901,Peter Dodson,Bronze,NC,2024-09-04,9,118.0,At Risk
8517,Rebecca Rivas,Bronze,WA,2024-09-04,13,118.0,At Risk
8828,Paul Shaw,Bronze,IL,2024-09-04,9,118.0,At Risk
9441,Kenneth Webster,Gold,NJ,2024-09-04,8,118.0,At Risk
7,Nancy Baker,Gold,CA,2024-09-05,11,117.0,At Risk
481,Anna Cruz,Silver,TN,2024-09-05,7,117.0,At Risk
1526,Michael Rice,Bronze,MD,2024-09-05,8,117.0,At Risk
1648,Scott Fleming,Bronze,WA,2024-09-05,4,117.0,At Risk
1838,David Nguyen,Gold,AZ,2024-09-05,9,117.0,At Risk
2171,Richard Carr,Bronze,FL,2024-09-05,10,117.0,At Risk
2463,Shannon Alexander,Bronze,FL,2024-09-05,10,117.0,At Risk
2650,Melissa Gardner,Gold,CA,2024-09-05,8,117.0,At Risk
2732,Sarah Jennings,Silver,TX,2024-09-05,3,117.0,At Risk
2845,Madeline Malone,Bronze,NJ,2024-09-05,13,117.0,At Risk
3025,Christian Lambert,Gold,NY,2024-09-05,6,117.0,At Risk
3652,Teresa Braun,Silver,NJ,2024-09-05,8,117.0,At Risk
3743,Scott Morton,Bronze,NY,2024-09-05,11,117.0,At Risk
3828,Jessica Walsh,Bronze,TX,2024-09-05,9,117.0,At Risk
3890,Alexandria White,Gold,IN,2024-09-05,9,117.0,At Risk
3915,Michael Roberts,Silver,MD,2024-09-05,7,117.0,At Risk
4684,Michael Navarro,Bronze,WI,2024-09-05,7,117.0,At Risk
5267,Austin Russo,Silver,MA,2024-09-05,9,117.0,At Risk
5343,Deborah Williams,Bronze,MI,2024-09-05,5,117.0,At Risk
5704,Timothy West,Silver,FL,2024-09-05,7,117.0,At Risk
5832,Kimberly Thomas,Bronze,AZ,2024-09-05,7,117.0,At Risk
6316,Robert Miller,Gold,MO,2024-09-05,6,117.0,At Risk
6363,Christina Walker,Bronze,TN,2024-09-05,9,117.0,At Risk
6998,Alexandra Davenport,Silver,TX,2024-09-05,5,117.0,At Risk
7158,James Meyers,Bronze,NC,2024-09-05,10,117.0,At Risk
7667,Nicole Mcintosh,Silver,MI,2024-09-05,8,117.0,At Risk
7765,Jean Berger,Gold,CA,2024-09-05,10,117.0,At Risk
8071,Eduardo Pace,Silver,MD,2024-09-05,9,117.0,At Risk
8275,Paul Jones,Gold,MO,2024-09-05,9,117.0,At Risk
8478,Eric Hines,Bronze,PA,2024-09-05,7,117.0,At Risk
8888,Amanda Taylor,Bronze,GA,2024-09-05,5,117.0,At Risk
9148,Shelley Wood,Platinum,IL,2024-09-05,11,117.0,At Risk
9297,Tyler Flores,Platinum,MI,2024-09-05,4,117.0,At Risk
9622,Justin Smith,Bronze,GA,2024-09-05,13,117.0,At Risk
141,Whitney Parsons,Silver,MA,2024-09-06,6,116.0,At Risk
434,Crystal Long,Bronze,IL,2024-09-06,7,116.0,At Risk
444,Brittany Smith,Gold,VA,2024-09-06,4,116.0,At Risk
692,Blake Jones,Bronze,VA,2024-09-06,7,116.0,At Risk
802,Karen Garcia,Bronze,MD,2024-09-06,10,116.0,At Risk
861,Helen Rush,Gold,IN,2024-09-06,10,116.0,At Risk
1336,Audrey Lopez,Silver,CA,2024-09-06,11,116.0,At Risk
1762,Brian Baker,Platinum,MD,2024-09-06,8,116.0,At Risk
2000,Karina Salinas,Silver,MI,2024-09-06,7,116.0,At Risk
2348,Douglas Perez,Bronze,MI,2024-09-06,8,116.0,At Risk
2480,Kirsten Vaughan,Silver,FL,2024-09-06,7,116.0,At Risk
2607,Jessica Watson,Bronze,MI,2024-09-06,5,116.0,At Risk
2745,Kenneth Huang,Platinum,VA,2024-09-06,7,116.0,At Risk
2925,Blake Sims,Bronze,FL,2024-09-06,3,116.0,At Risk
3232,Mary Thomas,Platinum,IN,2024-09-06,7,116.0,At Risk
3235,Dominique Bell,Platinum,NY,2024-09-06,8,116.0,At Risk
3413,Jenna Moon,Gold,PA,2024-09-06,6,116.0,At Risk
4060,Zachary Smith,Platinum,MD,2024-09-06,6,116.0,At Risk
4155,Robin Mitchell,Silver,TX,2024-09-06,7,116.0,At Risk
4191,Andrew Hudson,Bronze,MI,2024-09-06,8,116.0,At Risk
4462,Veronica Bryant,Gold,CA,2024-09-06,6,116.0,At Risk
4542,Jasmine Anthony,Silver,NC,2024-09-06,4,116.0,At Risk
4837,Beth Scott,Silver,IL,2024-09-06,5,116.0,At Risk
5077,Samantha Goodman,Silver,TN,2024-09-06,9,116.0,At Risk
5231,Adam Williams,Bronze,NJ,2024-09-06,6,116.0,At Risk
5746,Carol Jones,Gold,TX,2024-09-06,6,116.0,At Risk
5894,Susan Hansen,Bronze,VA,2024-09-06,8,116.0,At Risk
6159,Timothy Stephens,Silver,OH,2024-09-06,12,116.0,At Risk
6341,Vincent Briggs,Silver,NC,2024-09-06,4,116.0,At Risk
6397,Robert Johnson,Silver,MI,2024-09-06,7,116.0,At Risk
6572,Austin Nelson,Platinum,IN,2024-09-06,14,116.0,At Risk
6759,Kim Todd,Gold,FL,2024-09-06,11,116.0,At Risk
7378,Michael Baker,Silver,MO,2024-09-06,6,116.0,At Risk
7400,Henry Howard,Silver,MD,2024-09-06,10,116.0,At Risk
7501,Lori Mcknight,Gold,WI,2024-09-06,11,116.0,At Risk
7606,Phyllis Williams,Silver,NC,2024-09-06,7,116.0,At Risk
7986,Caitlin Griffin,Silver,NC,2024-09-06,11,116.0,At Risk
8525,Karen Bray,Bronze,AZ,2024-09-06,10,116.0,At Risk
8907,Adam Santiago,Gold,MD,2024-09-06,5,116.0,At Risk
9355,Jennifer Proctor,Silver,MI,2024-09-06,10,116.0,At Risk
9924,Sabrina Ferguson,Bronze,VA,2024-09-06,9,116.0,At Risk
211,Marilyn Wright,Bronze,IN,2024-09-07,9,115.0,At Risk
371,David Stanton,Silver,OH,2024-09-07,9,115.0,At Risk
415,Jeffrey Scott,Bronze,NC,2024-09-07,7,115.0,At Risk
948,April Soto,Gold,VA,2024-09-07,12,115.0,At Risk
1016,Michelle Hall,Bronze,WA,2024-09-07,13,115.0,At Risk
1096,Tyler Davis,Bronze,PA,2024-09-07,6,115.0,At Risk
1155,Thomas Gray,Silver,NY,2024-09-07,5,115.0,At Risk
1302,Mark Randall,Bronze,IL,2024-09-07,6,115.0,At Risk
1546,Teresa Parsons,Bronze,WA,2024-09-07,7,115.0,At Risk
1722,Mark Riley,Silver,NC,2024-09-07,7,115.0,At Risk
2444,Jackie Woods,Silver,AZ,2024-09-07,7,115.0,At Risk
2479,Tyler Blankenship,Silver,FL,2024-09-07,11,115.0,At Risk
2574,Melinda Fox,Silver,NJ,2024-09-07,8,115.0,At Risk
2908,Tammy Burton,Bronze,WA,2024-09-07,3,115.0,At Risk
3522,Sheila Thomas,Gold,MO,2024-09-07,4,115.0,At Risk
3793,Alan Chambers,Gold,IN,2024-09-07,8,115.0,At Risk
4900,Stephen Newman,Platinum,TX,2024-09-07,10,115.0,At Risk
5122,Lisa Glover,Gold,WA,2024-09-07,3,115.0,At Risk
5341,Logan Pena,Platinum,IL,2024-09-07,7,115.0,At Risk
5342,Kevin Gomez,Silver,IN,2024-09-07,8,115.0,At Risk
5364,Veronica Smith,Silver,NJ,2024-09-07,8,115.0,At Risk
5485,Darren Hooper,Gold,MI,2024-09-07,11,115.0,At Risk
6141,Leslie Crawford,Silver,VA,2024-09-07,10,115.0,At Risk
6659,Paul Mcdonald,Platinum,FL,2024-09-07,10,115.0,At Risk
6901,Eduardo Santiago,Gold,WA,2024-09-07,7,115.0,At Risk
7494,Barbara Yoder,Platinum,MO,2024-09-07,6,115.0,At Risk
7880,Colin Houston,Bronze,CA,2024-09-07,10,115.0,At Risk
7892,Michelle White,Bronze,WI,2024-09-07,9,115.0,At Risk
8163,James Kramer,Bronze,NJ,2024-09-07,6,115.0,At Risk
8573,Mike Khan,Silver,TN,2024-09-07,9,115.0,At Risk
8788,Brian Hawkins,Silver,GA,2024-09-07,17,115.0,At Risk
8813,Kelly Gonzalez,Silver,OH,2024-09-07,7,115.0,At Risk
123,Jane Flynn,Silver,IN,2024-09-08,8,114.0,At Risk
276,Julie Goodwin,Silver,PA,2024-09-08,16,114.0,At Risk
1025,Daniel Martin,Silver,MO,2024-09-08,6,114.0,At Risk
1673,Eric Middleton,Gold,VA,2024-09-08,4,114.0,At Risk
1875,Thomas Welch,Gold,IN,2024-09-08,5,114.0,At Risk
2144,Elizabeth Williams,Gold,NY,2024-09-08,10,114.0,At Risk
2334,Brian Phillips,Bronze,NC,2024-09-08,9,114.0,At Risk
2758,Betty Lee,Bronze,MD,2024-09-08,5,114.0,At Risk
2931,Michael Gomez,Silver,IN,2024-09-08,8,114.0,At Risk
3066,Luis Farrell,Bronze,TX,2024-09-08,7,114.0,At Risk
3423,Patricia Short,Bronze,MI,2024-09-08,13,114.0,At Risk
3697,Andrew Rodriguez,Silver,MI,2024-09-08,7,114.0,At Risk
4410,William Chambers,Bronze,VA,2024-09-08,8,114.0,At Risk
4453,Jacob Adams,Bronze,TN,2024-09-08,14,114.0,At Risk
4596,Christopher Shaw,Bronze,NJ,2024-09-08,8,114.0,At Risk
4826,Glenn Mcdonald,Platinum,NC,2024-09-08,10,114.0,At Risk
5045,Andrea Khan,Bronze,PA,2024-09-08,6,114.0,At Risk
5514,Shane Orr,Bronze,MA,2024-09-08,10,114.0,At Risk
5945,Dennis Knight,Gold,NJ,2024-09-08,8,114.0,At Risk
6713,Mark White,Platinum,CA,2024-09-08,5,114.0,At Risk
6769,Nicholas Rodriguez,Silver,NJ,2024-09-08,8,114.0,At Risk
6869,Katrina Rivera,Bronze,MD,2024-09-08,8,114.0,At Risk
6878,Kelly Randall,Silver,VA,2024-09-08,10,114.0,At Risk
7046,Lori Watson,Bronze,TN,2024-09-08,7,114.0,At Risk
7052,David Berger,Silver,GA,2024-09-08,13,114.0,At Risk
7270,Andrew Simpson,Bronze,WA,2024-09-08,10,114.0,At Risk
8263,Kristy Castillo,Silver,WI,2024-09-08,7,114.0,At Risk
8375,Ian Murphy,Silver,IN,2024-09-08,11,114.0,At Risk
8440,Christopher Garcia,Bronze,WI,2024-09-08,6,114.0,At Risk
8535,Mark Vargas,Platinum,NY,2024-09-08,9,114.0,At Risk
9001,Amanda Allen,Silver,NC,2024-09-08,5,114.0,At Risk
9160,Steven Shaw,Silver,TN,2024-09-08,7,114.0,At Risk
9428,Christopher Garcia,Bronze,TX,2024-09-08,2,114.0,At Risk
9430,Jon King,Bronze,TN,2024-09-08,10,114.0,At Risk
9730,Chad Erickson,Silver,GA,2024-09-08,4,114.0,At Risk
76,Michael Norman,Gold,NJ,2024-09-09,5,113.0,At Risk
154,Andrew Green,Bronze,WI,2024-09-09,10,113.0,At Risk
193,Deborah Bernard,Bronze,NJ,2024-09-09,4,113.0,At Risk
528,Chelsea Rodriguez,Silver,WI,2024-09-09,6,113.0,At Risk
764,Roberta Doyle,Silver,VA,2024-09-09,5,113.0,At Risk
1368,Dustin Gordon,Silver,TN,2024-09-09,8,113.0,At Risk
1405,Todd Bradford,Bronze,CA,2024-09-09,5,113.0,At Risk
1473,Marcus Brown,Bronze,PA,2024-09-09,11,113.0,At Risk
1560,Charles Reed,Silver,TX,2024-09-09,11,113.0,At Risk
1704,Kimberly Solis,Gold,MO,2024-09-09,5,113.0,At Risk
1834,Heather Byrd,Silver,PA,2024-09-09,6,113.0,At Risk
1843,Matthew Haynes,Silver,MD,2024-09-09,7,113.0,At Risk
1891,Brandon Frederick,Platinum,MD,2024-09-09,10,113.0,At Risk
2034,Courtney Sparks,Bronze,IN,2024-09-09,10,113.0,At Risk
2049,Julie Khan,Silver,TN,2024-09-09,9,113.0,At Risk
2117,John Figueroa,Bronze,CA,2024-09-09,13,113.0,At Risk
2770,Meghan Wheeler,Gold,MA,2024-09-09,5,113.0,At Risk
2976,Stephanie Kerr,Platinum,WI,2024-09-09,4,113.0,At Risk
3097,James Moore,Bronze,TX,2024-09-09,12,113.0,At Risk
4124,Stephen Walker,Bronze,WA,2024-09-09,12,113.0,At Risk
5540,Megan Austin,Silver,OH,2024-09-09,8,113.0,At Risk
6112,Allen Jones,Bronze,PA,2024-09-09,5,113.0,At Risk
6451,Alyssa Jones,Silver,NC,2024-09-09,4,113.0,At Risk
6591,Travis Myers,Bronze,MA,2024-09-09,9,113.0,At Risk
6686,Holly Reyes,Bronze,NJ,2024-09-09,8,113.0,At Risk
6736,Thomas Peters,Silver,TX,2024-09-09,8,113.0,At Risk
6936,Michael Clark,Bronze,VA,2024-09-09,7,113.0,At Risk
6939,Jeffrey Shannon,Bronze,MD,2024-09-09,7,113.0,At Risk
7732,Leah Jensen,Gold,MA,2024-09-09,8,113.0,At Risk
8136,Nicole Wagner,Bronze,WA,2024-09-09,8,113.0,At Risk
8347,Jeremy Brock,Bronze,AZ,2024-09-09,9,113.0,At Risk
8507,Kent Lam,Bronze,TN,2024-09-09,6,113.0,At Risk
8515,Jennifer Stewart,Silver,NJ,2024-09-09,11,113.0,At Risk
9386,Dakota Hobbs,Bronze,WA,2024-09-09,10,113.0,At Risk
9569,Charles Howard,Silver,TX,2024-09-09,10,113.0,At Risk
9646,Patrick Rivera,Bronze,FL,2024-09-09,6,113.0,At Risk
9772,Joshua Gonzalez,Bronze,FL,2024-09-09,9,113.0,At Risk
9982,Tyler Anderson,Platinum,MD,2024-09-09,5,113.0,At Risk
258,Derek Moore,Gold,FL,2024-09-10,2,112.0,At Risk
605,Jill Rosales,Bronze,OH,2024-09-10,8,112.0,At Risk
653,Amy Mcgee,Bronze,VA,2024-09-10,10,112.0,At Risk
933,Joyce Gutierrez,Bronze,CA,2024-09-10,12,112.0,At Risk
1157,Crystal Turner,Gold,CA,2024-09-10,9,112.0,At Risk
1402,William Robbins,Silver,TN,2024-09-10,8,112.0,At Risk
1517,Erin Luna,Silver,IN,2024-09-10,8,112.0,At Risk
1665,Danielle Johnson,Bronze,NY,2024-09-10,10,112.0,At Risk
1776,Paul Russell,Bronze,NC,2024-09-10,3,112.0,At Risk
2884,Amy Neal,Bronze,AZ,2024-09-10,10,112.0,At Risk
3135,Andrew Griffith,Bronze,TN,2024-09-10,10,112.0,At Risk
3453,Jennifer Smith,Gold,TX,2024-09-10,8,112.0,At Risk
3574,Ashley King,Bronze,NC,2024-09-10,4,112.0,At Risk
3667,Chelsea Ryan,Bronze,NC,2024-09-10,8,112.0,At Risk
4075,Jennifer Webb,Bronze,MA,2024-09-10,7,112.0,At Risk
4408,Deborah Sloan,Bronze,MA,2024-09-10,5,112.0,At Risk
4461,Timothy Howard,Gold,NJ,2024-09-10,8,112.0,At Risk
4756,Tracy Sanders,Silver,TX,2024-09-10,11,112.0,At Risk
4946,Anna Sloan,Silver,VA,2024-09-10,10,112.0,At Risk
5027,Eric Vance,Bronze,GA,2024-09-10,9,112.0,At Risk
5309,Joseph Howard,Bronze,VA,2024-09-10,8,112.0,At Risk
5516,Mark Thomas,Bronze,MD,2024-09-10,10,112.0,At Risk
5609,Yolanda Davis,Silver,MI,2024-09-10,4,112.0,At Risk
6050,Michael Miller,Bronze,PA,2024-09-10,7,112.0,At Risk
6168,Robert Stewart,Silver,NY,2024-09-10,12,112.0,At Risk
6287,Jill Barber,Bronze,NJ,2024-09-10,6,112.0,At Risk
6342,Justin Charles,Gold,WI,2024-09-10,9,112.0,At Risk
6546,Jennifer Roberts,Silver,GA,2024-09-10,15,112.0,At Risk
6607,Lauren Cain,Silver,OH,2024-09-10,9,112.0,At Risk
7239,Zachary Johnson,Bronze,IN,2024-09-10,9,112.0,At Risk
7372,John Morgan,Silver,NY,2024-09-10,11,112.0,At Risk
8045,Robert Rodriguez,Bronze,IL,2024-09-10,12,112.0,At Risk
8421,Jerry Johnson,Gold,GA,2024-09-10,5,112.0,At Risk
8431,Chelsea Greene,Bronze,MO,2024-09-10,8,112.0,At Risk
8844,Carla Miller,Silver,IL,2024-09-10,14,112.0,At Risk
8995,Michael Burton,Gold,TX,2024-09-10,4,112.0,At Risk
9291,Michelle Rosales,Platinum,MA,2024-09-10,5,112.0,At Risk
9324,Jessica Sherman,Gold,VA,2024-09-10,12,112.0,At Risk
9418,Karen Gonzalez,Gold,GA,2024-09-10,8,112.0,At Risk
9514,Edward Warren,Bronze,WA,2024-09-10,6,112.0,At Risk
678,Michael Scott,Bronze,WI,2024-09-11,5,111.0,At Risk
1666,Elizabeth Stewart,Silver,MI,2024-09-11,5,111.0,At Risk
1670,Emily Diaz,Gold,NC,2024-09-11,6,111.0,At Risk
2060,Marcus Washington,Platinum,WI,2024-09-11,13,111.0,At Risk
2210,Andrea Smith,Bronze,WI,2024-09-11,8,111.0,At Risk
2718,Alyssa Turner,Gold,MO,2024-09-11,6,111.0,At Risk
3273,Joseph Frazier,Bronze,IN,2024-09-11,11,111.0,At Risk
4292,Allen Deleon,Silver,MO,2024-09-11,7,111.0,At Risk
5248,Nicole Gray,Silver,NJ,2024-09-11,9,111.0,At Risk
5463,Emily Taylor,Silver,MA,2024-09-11,5,111.0,At Risk
5707,Jon Phillips,Platinum,TN,2024-09-11,7,111.0,At Risk
6027,Mary Brown,Platinum,NY,2024-09-11,7,111.0,At Risk
6538,Adam Schultz,Silver,TX,2024-09-11,10,111.0,At Risk
6556,Amber Martinez,Silver,NC,2024-09-11,10,111.0,At Risk
6907,Lisa Lopez,Gold,WI,2024-09-11,12,111.0,At Risk
7181,Dennis Boyle,Silver,IN,2024-09-11,6,111.0,At Risk
7429,Kara King,Gold,WA,2024-09-11,8,111.0,At Risk
7669,Gloria Schultz,Silver,IL,2024-09-11,5,111.0,At Risk
7676,Kelly Gregory,Gold,WA,2024-09-11,9,111.0,At Risk
7679,Joseph Atkins,Bronze,TN,2024-09-11,18,111.0,At Risk
8150,Cody Gordon,Gold,VA,2024-09-11,8,111.0,At Risk
9678,Shelley Jones,Bronze,CA,2024-09-11,12,111.0,At Risk
189,Jonathan Ramsey,Gold,IL,2024-09-12,9,110.0,At Risk
674,Marvin Howard,Bronze,MO,2024-09-12,7,110.0,At Risk
1248,Jennifer Deleon,Bronze,OH,2024-09-12,10,110.0,At Risk
2569,Michele Joseph,Bronze,IN,2024-09-12,9,110.0,At Risk
2948,Shawn Ellis,Platinum,VA,2024-09-12,11,110.0,At Risk
3031,Stacey Nelson,Silver,MI,2024-09-12,10,110.0,At Risk
3117,Kelly Clay,Bronze,IN,2024-09-12,6,110.0,At Risk
3848,Rachel Smith,Silver,MD,2024-09-12,4,110.0,At Risk
4249,Rebecca Hayden,Silver,CA,2024-09-12,7,110.0,At Risk
4420,Paul Taylor,Silver,WA,2024-09-12,4,110.0,At Risk
5452,David Hansen,Silver,MA,2024-09-12,7,110.0,At Risk
5545,Erin Jones,Gold,WI,2024-09-12,5,110.0,At Risk
6077,Kayla Moreno,Bronze,TN,2024-09-12,9,110.0,At Risk
6096,Brian Hopkins,Silver,GA,2024-09-12,6,110.0,At Risk
6139,Amanda Mcdonald,Silver,IL,2024-09-12,7,110.0,At Risk
6752,Patricia Townsend,Silver,MD,2024-09-12,6,110.0,At Risk
6881,Tracy Berry,Silver,PA,2024-09-12,8,110.0,At Risk
7539,Rachel Lewis,Bronze,IN,2024-09-12,6,110.0,At Risk
8199,Christine Stewart,Silver,AZ,2024-09-12,7,110.0,At Risk
8574,Wanda Jordan,Bronze,WA,2024-09-12,15,110.0,At Risk
8743,Kevin Smith,Bronze,WI,2024-09-12,7,110.0,At Risk
9127,Jill Irwin,Bronze,WA,2024-09-12,11,110.0,At Risk
9431,Sheila Ellis,Silver,GA,2024-09-12,5,110.0,At Risk
9529,Emma Harris,Bronze,MD,2024-09-12,7,110.0,At Risk
9609,Thomas Adams,Bronze,CA,2024-09-12,10,110.0,At Risk
9956,Diana Henderson,Bronze,OH,2024-09-12,6,110.0,At Risk
8,James Brooks,Bronze,WI,2024-09-13,8,109.0,At Risk
59,Sandra Bell,Gold,MI,2024-09-13,6,109.0,At Risk
453,Robert Lane,Bronze,WI,2024-09-13,8,109.0,At Risk
1407,Jodi Hunt,Bronze,GA,2024-09-13,9,109.0,At Risk
2067,Elizabeth Stanton,Bronze,PA,2024-09-13,4,109.0,At Risk
2923,Thomas Swanson,Gold,GA,2024-09-13,5,109.0,At Risk
3508,Jordan Brooks,Silver,TN,2024-09-13,12,109.0,At Risk
3873,Jason Rodgers,Silver,OH,2024-09-13,6,109.0,At Risk
5037,Steven Brown,Gold,CA,2024-09-13,8,109.0,At Risk
5136,Tracy Flores,Silver,GA,2024-09-13,6,109.0,At Risk
5389,Michael Reese,Gold,GA,2024-09-13,3,109.0,At Risk
5892,John Patterson,Gold,CA,2024-09-13,8,109.0,At Risk
7373,Douglas Maldonado,Gold,VA,2024-09-13,6,109.0,At Risk
7737,Brittany Jones,Platinum,PA,2024-09-13,5,109.0,At Risk
7931,William Page,Platinum,OH,2024-09-13,12,109.0,At Risk
8849,Richard Shea,Bronze,MO,2024-09-13,10,109.0,At Risk
9177,Samantha Grant,Silver,GA,2024-09-13,3,109.0,At Risk
9194,Deanna Ramirez,Gold,AZ,2024-09-13,7,109.0,At Risk
9369,Timothy Harrison,Bronze,MD,2024-09-13,11,109.0,At Risk
9483,James Garza,Bronze,PA,2024-09-13,10,109.0,At Risk
9576,Caitlin Guerrero,Silver,IL,2024-09-13,14,109.0,At Risk
9685,Jimmy Meyer,Platinum,MO,2024-09-13,7,109.0,At Risk
9692,Pamela Mcneil,Platinum,MA,2024-09-13,5,109.0,At Risk
133,Casey Elliott,Gold,NJ,2024-09-14,10,108.0,At Risk
840,Sarah Merritt,Gold,IN,2024-09-14,8,108.0,At Risk
1031,Bradley Smith,Bronze,NC,2024-09-14,10,108.0,At Risk
1063,Samantha Barrett,Platinum,VA,2024-09-14,10,108.0,At Risk
1698,George Serrano,Bronze,MD,2024-09-14,11,108.0,At Risk
1912,Heather Lopez,Bronze,MA,2024-09-14,7,108.0,At Risk
1926,Robert Smith,Platinum,PA,2024-09-14,9,108.0,At Risk
3045,Tammy Gray,Platinum,TN,2024-09-14,9,108.0,At Risk
3272,Joshua Sanchez,Silver,FL,2024-09-14,10,108.0,At Risk
3414,John Wilson,Bronze,MO,2024-09-14,10,108.0,At Risk
3542,Jennifer Hodges,Bronze,IN,2024-09-14,9,108.0,At Risk
4275,Joseph Stein,Gold,NY,2024-09-14,11,108.0,At Risk
4669,Robert Rubio,Silver,NJ,2024-09-14,8,108.0,At Risk
5691,Joshua Taylor,Bronze,TX,2024-09-14,10,108.0,At Risk
5872,Linda Bean,Platinum,NY,2024-09-14,8,108.0,At Risk
5937,Alexandra Anderson,Silver,IL,2024-09-14,8,108.0,At Risk
5997,Kaitlyn Bailey,Silver,TX,2024-09-14,8,108.0,At Risk
7572,Maria Johnson,Gold,WA,2024-09-14,11,108.0,At Risk
7755,Jennifer Fernandez,Bronze,GA,2024-09-14,4,108.0,At Risk
7779,Edwin Garcia,Silver,CA,2024-09-14,6,108.0,At Risk
8193,Patrick Gilmore,Silver,FL,2024-09-14,6,108.0,At Risk
8381,Christie Robinson,Bronze,WA,2024-09-14,9,108.0,At Risk
8577,Jennifer Greer,Silver,MI,2024-09-14,8,108.0,At Risk
9196,Amanda Lawrence,Silver,AZ,2024-09-14,10,108.0,At Risk
9244,Ashley Walker,Bronze,AZ,2024-09-14,7,108.0,At Risk
9315,John Spence,Gold,OH,2024-09-14,8,108.0,At Risk
248,James Thompson,Gold,MD,2024-09-15,10,107.0,At Risk
260,Shannon Sampson,Silver,NC,2024-09-15,8,107.0,At Risk
822,Mary Gordon,Bronze,GA,2024-09-15,6,107.0,At Risk
1011,Billy Johns,Gold,IN,2024-09-15,5,107.0,At Risk
1110,Amanda Kane,Gold,NC,2024-09-15,9,107.0,At Risk
1199,Danielle Chandler,Silver,MD,2024-09-15,8,107.0,At Risk
3254,Brenda Carlson,Bronze,NJ,2024-09-15,7,107.0,At Risk
3469,Carolyn Martinez,Gold,PA,2024-09-15,6,107.0,At Risk
4224,Megan Cox,Bronze,MI,2024-09-15,7,107.0,At Risk
4278,Travis Mitchell,Silver,NC,2024-09-15,13,107.0,At Risk
4848,Eugene Mitchell,Bronze,CA,2024-09-15,16,107.0,At Risk
4978,Gregory Mata,Bronze,PA,2024-09-15,7,107.0,At Risk
4983,Tyler Sharp,Bronze,GA,2024-09-15,7,107.0,At Risk
5020,Sue Davis,Silver,MO,2024-09-15,8,107.0,At Risk
5312,Kenneth Perez,Bronze,GA,2024-09-15,7,107.0,At Risk
6302,Samantha Hardy,Platinum,NJ,2024-09-15,8,107.0,At Risk
6629,Margaret Hill,Platinum,GA,2024-09-15,8,107.0,At Risk
6818,Amber Nguyen,Silver,FL,2024-09-15,9,107.0,At Risk
6826,Brad Barnes,Bronze,FL,2024-09-15,8,107.0,At Risk
6864,Billy Reed,Platinum,IL,2024-09-15,12,107.0,At Risk
6954,Amber Farrell,Bronze,WI,2024-09-15,16,107.0,At Risk
7180,Derek Schultz,Silver,IL,2024-09-15,6,107.0,At Risk
7545,Jennifer Martinez,Silver,GA,2024-09-15,5,107.0,At Risk
8059,Shannon Sawyer,Bronze,MA,2024-09-15,6,107.0,At Risk
8593,Brandon Booker,Gold,OH,2024-09-15,7,107.0,At Risk
8622,Elaine Odonnell,Bronze,TX,2024-09-15,5,107.0,At Risk
8718,David Blevins,Silver,VA,2024-09-15,8,107.0,At Risk
9100,David Green,Bronze,WI,2024-09-15,7,107.0,At Risk
9171,Anna Garcia,Bronze,WA,2024-09-15,7,107.0,At Risk
9212,James Harrison,Silver,TX,2024-09-15,8,107.0,At Risk
9437,Emily Nelson,Bronze,GA,2024-09-15,9,107.0,At Risk
9546,Donald Clark,Bronze,MD,2024-09-15,10,107.0,At Risk
9715,Michael Stewart,Gold,NJ,2024-09-15,12,107.0,At Risk
9989,Robert Brown,Silver,MA,2024-09-15,6,107.0,At Risk
153,Jonathan Rodriguez,Bronze,VA,2024-09-16,11,106.0,At Risk
557,Matthew Schmitt,Bronze,TN,2024-09-16,6,106.0,At Risk
1113,Charles Reyes,Bronze,TX,2024-09-16,4,106.0,At Risk
1127,Alexander Tucker,Bronze,VA,2024-09-16,6,106.0,At Risk
1143,Brett Rice,Bronze,OH,2024-09-16,5,106.0,At Risk
1178,Patrick Flowers,Silver,WA,2024-09-16,12,106.0,At Risk
1237,Troy Brown,Gold,GA,2024-09-16,3,106.0,At Risk
1543,Nathan Gutierrez,Silver,NC,2024-09-16,6,106.0,At Risk
1829,Tracy Powers,Platinum,TX,2024-09-16,8,106.0,At Risk
3233,Terry Rodriguez,Gold,WA,2024-09-16,4,106.0,At Risk
3435,Brandon Mitchell,Gold,NC,2024-09-16,8,106.0,At Risk
3448,Justin Mayo,Gold,IL,2024-09-16,6,106.0,At Risk
3785,Arthur Taylor,Bronze,PA,2024-09-16,8,106.0,At Risk
4318,Katherine Clark,Gold,AZ,2024-09-16,8,106.0,At Risk
4547,Dustin Soto,Bronze,IL,2024-09-16,7,106.0,At Risk
5209,Shari Moore,Platinum,MO,2024-09-16,7,106.0,At Risk
5457,Dana Miller,Platinum,CA,2024-09-16,10,106.0,At Risk
5530,John Brady,Bronze,AZ,2024-09-16,8,106.0,At Risk
5713,Audrey Johnson,Bronze,MO,2024-09-16,6,106.0,At Risk
6670,Andrew Kirk,Platinum,TN,2024-09-16,6,106.0,At Risk
6849,Kenneth Glass,Gold,AZ,2024-09-16,8,106.0,At Risk
7229,Amber Key,Gold,TN,2024-09-16,10,106.0,At Risk
7950,Matthew Callahan,Silver,MO,2024-09-16,10,106.0,At Risk
8060,Jon White,Bronze,GA,2024-09-16,9,106.0,At Risk
8660,Maria Smith,Bronze,WA,2024-09-16,7,106.0,At Risk
8879,Lynn Bennett,Gold,MA,2024-09-16,7,106.0,At Risk
9218,John Ramirez,Bronze,WI,2024-09-16,7,106.0,At Risk
9995,Tony Carr,Silver,FL,2024-09-16,6,106.0,At Risk
45,Tammie Martinez,Gold,WA,2024-09-17,10,105.0,At Risk
234,Sarah Orr,Bronze,MO,2024-09-17,9,105.0,At Risk
1484,John Harris,Bronze,MA,2024-09-17,8,105.0,At Risk
1780,Lisa Smith,Silver,IN,2024-09-17,10,105.0,At Risk
1996,Emily Perez,Gold,CA,2024-09-17,8,105.0,At Risk
2140,Seth Mccarty,Gold,WI,2024-09-17,6,105.0,At Risk
2635,Kimberly Taylor,Bronze,WI,2024-09-17,7,105.0,At Risk
2691,Haley Best,Bronze,MI,2024-09-17,8,105.0,At Risk
2739,Sherry Miller,Bronze,IL,2024-09-17,7,105.0,At Risk
2742,Jay Dillon,Silver,WI,2024-09-17,5,105.0,At Risk
3520,Henry Harris,Bronze,WA,2024-09-17,12,105.0,At Risk
3557,Jeremy Jenkins,Bronze,CA,2024-09-17,7,105.0,At Risk
4362,Ryan Melton,Bronze,TN,2024-09-17,11,105.0,At Risk
4663,Janet Navarro,Bronze,PA,2024-09-17,5,105.0,At Risk
4665,Nicholas Campbell,Silver,MI,2024-09-17,16,105.0,At Risk
4702,Peter Carroll,Bronze,FL,2024-09-17,8,105.0,At Risk
4759,Julie Ball,Gold,TX,2024-09-17,7,105.0,At Risk
5436,Alexis Pierce,Silver,NJ,2024-09-17,10,105.0,At Risk
6231,Dakota Ball,Platinum,NY,2024-09-17,5,105.0,At Risk
7124,Brenda Meyers,Silver,MA,2024-09-17,7,105.0,At Risk
7428,Karen Mills,Silver,MA,2024-09-17,9,105.0,At Risk
7590,Lindsay Anderson,Platinum,WI,2024-09-17,13,105.0,At Risk
7984,Chelsea Young,Platinum,CA,2024-09-17,12,105.0,At Risk
8081,Jose Turner,Platinum,MI,2024-09-17,6,105.0,At Risk
8438,Wyatt Baldwin,Silver,MA,2024-09-17,8,105.0,At Risk
8886,Paul Jones,Gold,IL,2024-09-17,7,105.0,At Risk
9088,Ashley Chandler,Bronze,NJ,2024-09-17,8,105.0,At Risk
9155,Deanna White,Gold,OH,2024-09-17,7,105.0,At Risk
9403,Garrett Bell,Bronze,PA,2024-09-17,12,105.0,At Risk
27,Tina Ferguson,Bronze,TX,2024-09-18,6,104.0,At Risk
578,Jennifer Lawson,Silver,TX,2024-09-18,9,104.0,At Risk
643,Robert Hoffman,Bronze,WA,2024-09-18,10,104.0,At Risk
1524,Donna Price,Bronze,IN,2024-09-18,8,104.0,At Risk
1688,Valerie Yoder,Silver,TX,2024-09-18,9,104.0,At Risk
1721,Gloria Johnson,Bronze,NY,2024-09-18,9,104.0,At Risk
2629,Marissa Wallace,Bronze,MI,2024-09-18,5,104.0,At Risk
3230,Samuel Jones,Silver,IN,2024-09-18,12,104.0,At Risk
3359,Daniel Allen,Bronze,PA,2024-09-18,8,104.0,At Risk
3439,Jennifer Burns,Silver,MD,2024-09-18,3,104.0,At Risk
3602,Jacqueline Valdez,Platinum,MI,2024-09-18,15,104.0,At Risk
3770,Debra Nelson,Silver,NC,2024-09-18,5,104.0,At Risk
4110,Katie Reynolds,Bronze,MO,2024-09-18,8,104.0,At Risk
4118,Paul Rogers,Platinum,VA,2024-09-18,5,104.0,At Risk
4210,Stephen Cantu,Platinum,AZ,2024-09-18,4,104.0,At Risk
4237,Paige Simmons,Bronze,NY,2024-09-18,7,104.0,At Risk
4939,Brandon Hodges,Silver,NJ,2024-09-18,7,104.0,At Risk
5099,Antonio Smith,Gold,MD,2024-09-18,9,104.0,At Risk
5873,Shelby Trujillo,Platinum,MA,2024-09-18,9,104.0,At Risk
6021,Daniel Elliott,Silver,PA,2024-09-18,6,104.0,At Risk
6152,Gary Andrews,Gold,IN,2024-09-18,7,104.0,At Risk
6215,Miguel Santiago,Platinum,MI,2024-09-18,6,104.0,At Risk
6682,Timothy Jackson,Silver,NJ,2024-09-18,6,104.0,At Risk
7313,Sharon Taylor,Bronze,OH,2024-09-18,13,104.0,At Risk
7964,Patty Warren,Silver,AZ,2024-09-18,8,104.0,At Risk
8047,Edward Greene,Bronze,WI,2024-09-18,10,104.0,At Risk
8531,Denise Nunez,Gold,NC,2024-09-18,7,104.0,At Risk
8709,Tracy Collier,Gold,CA,2024-09-18,8,104.0,At Risk
9031,Charles Cruz,Bronze,MD,2024-09-18,6,104.0,At Risk
9231,Juan Young,Gold,NY,2024-09-18,8,104.0,At Risk
9253,Randy Chan,Bronze,MD,2024-09-18,6,104.0,At Risk
9379,Elijah Allen,Gold,GA,2024-09-18,6,104.0,At Risk
9668,Gary Campbell,Bronze,AZ,2024-09-18,5,104.0,At Risk
9833,Lori Davidson,Bronze,NC,2024-09-18,9,104.0,At Risk
305,Gregory Murray,Gold,TN,2024-09-19,7,103.0,At Risk
520,Kenneth Duncan,Gold,AZ,2024-09-19,8,103.0,At Risk
1555,Donald Bond,Bronze,TX,2024-09-19,6,103.0,At Risk
1850,Nicholas Rush,Bronze,AZ,2024-09-19,10,103.0,At Risk
2019,Brian Weeks,Platinum,NJ,2024-09-19,9,103.0,At Risk
2184,Barbara Thompson,Silver,WI,2024-09-19,5,103.0,At Risk
2270,Kathleen Mccoy,Bronze,NC,2024-09-19,6,103.0,At Risk
2843,Teresa Crawford,Silver,WI,2024-09-19,5,103.0,At Risk
3284,Patricia Tran,Platinum,IN,2024-09-19,11,103.0,At Risk
3829,Rhonda Willis,Platinum,MD,2024-09-19,6,103.0,At Risk
3932,Katie Williams,Bronze,NY,2024-09-19,9,103.0,At Risk
4149,Ashley Hill,Silver,TN,2024-09-19,8,103.0,At Risk
4393,Kelly Perez,Bronze,TN,2024-09-19,11,103.0,At Risk
4443,Sandra Blanchard,Bronze,TN,2024-09-19,5,103.0,At Risk
4721,Kristin Cervantes,Bronze,FL,2024-09-19,4,103.0,At Risk
5241,Tina Fernandez,Gold,NY,2024-09-19,9,103.0,At Risk
6269,Crystal Fox,Platinum,IN,2024-09-19,10,103.0,At Risk
7086,Ryan Molina,Bronze,IL,2024-09-19,9,103.0,At Risk
7376,Kelly Miller,Gold,MI,2024-09-19,7,103.0,At Risk
7377,James Gallagher,Silver,NJ,2024-09-19,8,103.0,At Risk
7847,Austin Marshall,Silver,VA,2024-09-19,8,103.0,At Risk
8142,Kelly Coleman,Bronze,PA,2024-09-19,9,103.0,At Risk
8667,Aaron Leon,Silver,IN,2024-09-19,11,103.0,At Risk
9032,Sarah Jensen,Gold,AZ,2024-09-19,5,103.0,At Risk
9675,Robin Williams,Bronze,WI,2024-09-19,5,103.0,At Risk
246,Lonnie Grant,Bronze,MD,2024-09-20,9,102.0,At Risk
624,Patrick Wells,Silver,WI,2024-09-20,8,102.0,At Risk
1000,Robin Molina,Silver,PA,2024-09-20,6,102.0,At Risk
1052,Emily Williams,Bronze,MO,2024-09-20,13,102.0,At Risk
1266,Larry Winters,Gold,TN,2024-09-20,5,102.0,At Risk
1902,Michael Wise,Gold,NC,2024-09-20,6,102.0,At Risk
2510,Gabriel Wells,Silver,AZ,2024-09-20,9,102.0,At Risk
2943,Rhonda Moore,Silver,MO,2024-09-20,6,102.0,At Risk
3662,Christopher Turner,Platinum,WI,2024-09-20,8,102.0,At Risk
4140,Holly Perez,Silver,IN,2024-09-20,6,102.0,At Risk
4151,Danielle Garcia,Bronze,WA,2024-09-20,10,102.0,At Risk
4539,Nicholas Henderson,Bronze,IL,2024-09-20,3,102.0,At Risk
4554,Robert Davis,Silver,NJ,2024-09-20,5,102.0,At Risk
4730,Shelby Brown,Silver,VA,2024-09-20,10,102.0,At Risk
4960,Laura Williams,Silver,TX,2024-09-20,7,102.0,At Risk
5400,Ethan Smith,Platinum,WA,2024-09-20,10,102.0,At Risk
6071,Alexander Becker,Silver,OH,2024-09-20,5,102.0,At Risk
6551,Christine Le,Silver,MO,2024-09-20,9,102.0,At Risk
6802,Rachel Blake,Silver,AZ,2024-09-20,8,102.0,At Risk
6887,Lynn Johnson,Gold,MO,2024-09-20,5,102.0,At Risk
7226,Melissa Peters,Silver,NJ,2024-09-20,9,102.0,At Risk
7326,Lindsey Booth,Gold,OH,2024-09-20,10,102.0,At Risk
7720,Frank Chavez,Platinum,MI,2024-09-20,6,102.0,At Risk
7957,Brittany White,Bronze,NY,2024-09-20,9,102.0,At Risk
8591,Trevor Wilson,Silver,OH,2024-09-20,8,102.0,At Risk
8767,John Peterson,Bronze,NY,2024-09-20,5,102.0,At Risk
8896,Harold Greene,Gold,NJ,2024-09-20,9,102.0,At Risk
8986,Jeffrey Stanley,Silver,GA,2024-09-20,11,102.0,At Risk
9265,Juan Reyes,Silver,CA,2024-09-20,11,102.0,At Risk
9507,Charlene Reeves,Bronze,WA,2024-09-20,10,102.0,At Risk
9664,Vanessa Mcmillan,Gold,AZ,2024-09-20,13,102.0,At Risk
9778,Larry Harper,Silver,MI,2024-09-20,9,102.0,At Risk
9847,Rebekah Washington,Bronze,WA,2024-09-20,7,102.0,At Risk
166,Anthony Jimenez,Gold,PA,2024-09-21,6,101.0,At Risk
437,Robert Pierce,Bronze,VA,2024-09-21,11,101.0,At Risk
485,Brandy Wilson,Bronze,MA,2024-09-21,5,101.0,At Risk
1539,Melanie Craig,Silver,WA,2024-09-21,6,101.0,At Risk
1729,John Esparza,Silver,GA,2024-09-21,10,101.0,At Risk
1831,Melissa Barr,Gold,MD,2024-09-21,7,101.0,At Risk
2563,Philip Figueroa,Gold,VA,2024-09-21,7,101.0,At Risk
2591,Lisa Lee,Gold,NJ,2024-09-21,12,101.0,At Risk
2692,Penny Rodriguez,Bronze,IL,2024-09-21,6,101.0,At Risk
3760,Jessica Rojas,Gold,TN,2024-09-21,14,101.0,At Risk
3766,Nicholas Washington,Bronze,FL,2024-09-21,6,101.0,At Risk
3985,Miranda Walker,Gold,AZ,2024-09-21,5,101.0,At Risk
4467,Robyn Brown,Silver,TN,2024-09-21,9,101.0,At Risk
4779,Joseph Foster,Bronze,WI,2024-09-21,11,101.0,At Risk
5062,Jillian Osborn,Bronze,IN,2024-09-21,8,101.0,At Risk
5987,Brandon Johnson,Silver,GA,2024-09-21,8,101.0,At Risk
6023,Jamie Adams,Bronze,NJ,2024-09-21,7,101.0,At Risk
6662,Joseph Thompson,Bronze,MD,2024-09-21,6,101.0,At Risk
7381,Kimberly Mckinney,Gold,MD,2024-09-21,10,101.0,At Risk
7592,Evelyn Scott,Bronze,NY,2024-09-21,13,101.0,At Risk
7893,Nicole Howell,Silver,OH,2024-09-21,5,101.0,At Risk
7990,Jennifer Dominguez,Silver,AZ,2024-09-21,6,101.0,At Risk
8599,Roy Andrews,Gold,CA,2024-09-21,6,101.0,At Risk
8905,Karen Davis,Bronze,NY,2024-09-21,8,101.0,At Risk
9025,Michael Landry,Silver,MO,2024-09-21,8,101.0,At Risk
9292,Ricky Smith,Bronze,MD,2024-09-21,4,101.0,At Risk
9900,Edward Hull,Silver,FL,2024-09-21,10,101.0,At Risk
9974,Martha Gray,Silver,MA,2024-09-21,8,101.0,At Risk
28,Karen Decker,Gold,IL,2024-09-22,10,100.0,At Risk
383,Louis Jordan,Bronze,NY,2024-09-22,7,100.0,At Risk
1030,Michelle Tran,Platinum,NC,2024-09-22,9,100.0,At Risk
1168,William Sosa,Bronze,GA,2024-09-22,8,100.0,At Risk
1469,Victor Reeves,Bronze,MI,2024-09-22,8,100.0,At Risk
1669,Tracy King,Gold,IL,2024-09-22,12,100.0,At Risk
1678,Stephanie Carroll,Gold,WA,2024-09-22,10,100.0,At Risk
1710,Brian May,Platinum,TX,2024-09-22,12,100.0,At Risk
1897,Elizabeth Williams,Silver,WA,2024-09-22,9,100.0,At Risk
2180,Brooke Sweeney,Gold,MA,2024-09-22,9,100.0,At Risk
2358,Mark Trevino,Silver,FL,2024-09-22,6,100.0,At Risk
3380,Scott Cooper,Bronze,CA,2024-09-22,14,100.0,At Risk
3512,Christy Williams,Silver,TX,2024-09-22,7,100.0,At Risk
4115,Tyler Reyes,Bronze,GA,2024-09-22,12,100.0,At Risk
4202,Adrian Gutierrez,Silver,AZ,2024-09-22,10,100.0,At Risk
4236,Mark Cruz,Platinum,MI,2024-09-22,9,100.0,At Risk
4299,Lauren Diaz,Silver,AZ,2024-09-22,9,100.0,At Risk
4389,Mariah Fitzgerald,Bronze,AZ,2024-09-22,11,100.0,At Risk
4497,Calvin Fox,Silver,IN,2024-09-22,10,100.0,At Risk
4537,Michael Weber,Bronze,OH,2024-09-22,8,100.0,At Risk
4662,Robert Thompson,Gold,VA,2024-09-22,11,100.0,At Risk
4877,Emily Arnold,Bronze,NJ,2024-09-22,10,100.0,At Risk
5004,Michael Romero,Silver,GA,2024-09-22,5,100.0,At Risk
5129,Jeffery Powers,Bronze,IN,2024-09-22,6,100.0,At Risk
5474,Kathleen Ellis,Gold,VA,2024-09-22,11,100.0,At Risk
5612,Olivia Lopez,Bronze,CA,2024-09-22,4,100.0,At Risk
5736,Erica Williams,Gold,PA,2024-09-22,3,100.0,At Risk
5862,Kristina Phillips,Bronze,TN,2024-09-22,12,100.0,At Risk
5880,Sydney Sanchez,Bronze,NC,2024-09-22,6,100.0,At Risk
6201,Patricia Harris,Silver,MO,2024-09-22,5,100.0,At Risk
6217,Dawn Ramirez,Silver,PA,2024-09-22,7,100.0,At Risk
6986,Kevin Wilcox,Bronze,NY,2024-09-22,7,100.0,At Risk
8941,Tammy Morris,Silver,MI,2024-09-22,9,100.0,At Risk
9377,David Washington,Silver,WI,2024-09-22,8,100.0,At Risk
9741,James Frederick,Silver,GA,2024-09-22,9,100.0,At Risk
213,Raymond Christensen,Silver,CA,2024-09-23,9,99.0,At Risk
790,Jimmy Palmer,Gold,PA,2024-09-23,11,99.0,At Risk
903,Kathleen Ferguson,Gold,MO,2024-09-23,8,99.0,At Risk
1675,Jennifer Miranda,Gold,MD,2024-09-23,8,99.0,At Risk
1787,William Carney,Silver,MA,2024-09-23,9,99.0,At Risk
2109,Julie Smith,Platinum,WI,2024-09-23,11,99.0,At Risk
2175,Juan Lucero,Bronze,MD,2024-09-23,12,99.0,At Risk
2316,Jacob Thomas,Silver,NJ,2024-09-23,9,99.0,At Risk
2596,Richard Reed,Platinum,VA,2024-09-23,4,99.0,At Risk
2993,Steven Tanner,Bronze,NJ,2024-09-23,6,99.0,At Risk
3132,Susan Mcgee,Silver,IN,2024-09-23,7,99.0,At Risk
3143,Brandon Hopkins,Gold,AZ,2024-09-23,7,99.0,At Risk
3255,Jeremy Charles,Silver,CA,2024-09-23,6,99.0,At Risk
3509,Sheila Moore,Bronze,OH,2024-09-23,6,99.0,At Risk
3994,Larry Monroe,Gold,MI,2024-09-23,13,99.0,At Risk
4466,Sharon Walker,Silver,TN,2024-09-23,4,99.0,At Risk
4801,Laura Davis,Gold,IN,2024-09-23,8,99.0,At Risk
4984,Christopher Johnson,Bronze,IN,2024-09-23,7,99.0,At Risk
5096,Lisa Johnson,Bronze,NY,2024-09-23,11,99.0,At Risk
5447,Rachel Diaz,Bronze,VA,2024-09-23,2,99.0,At Risk
5597,Summer Brock,Silver,MI,2024-09-23,4,99.0,At Risk
5603,Katie Green,Platinum,IN,2024-09-23,10,99.0,At Risk
5805,Justin Turner,Bronze,AZ,2024-09-23,6,99.0,At Risk
6119,Brian Pearson,Bronze,NJ,2024-09-23,9,99.0,At Risk
6158,Michael Clark,Bronze,TN,2024-09-23,6,99.0,At Risk
6393,Elizabeth Murphy,Gold,NY,2024-09-23,7,99.0,At Risk
6614,Betty Smith,Bronze,TN,2024-09-23,8,99.0,At Risk
7747,Brandon Torres,Platinum,NC,2024-09-23,6,99.0,At Risk
8131,Laura Robinson,Silver,GA,2024-09-23,8,99.0,At Risk
8267,Travis Pitts,Silver,OH,2024-09-23,4,99.0,At Risk
8581,Jacqueline Briggs,Bronze,MO,2024-09-23,6,99.0,At Risk
8822,Danny Clark,Gold,AZ,2024-09-23,8,99.0,At Risk
8889,Nicole Green,Platinum,WA,2024-09-23,5,99.0,At Risk
8912,Bonnie Weaver,Gold,AZ,2024-09-23,10,99.0,At Risk
9041,Alisha Hubbard,Gold,NC,2024-09-23,6,99.0,At Risk
9574,Richard Tucker,Bronze,NC,2024-09-23,11,99.0,At Risk
9684,Charles Mason,Platinum,WI,2024-09-23,6,99.0,At Risk
9785,Kenneth Allen,Gold,TX,2024-09-23,8,99.0,At Risk
9878,Jeanne Robinson,Gold,IL,2024-09-23,6,99.0,At Risk
9,Katie Anderson,Bronze,PA,2024-09-24,6,98.0,At Risk
203,Wesley Wilson,Bronze,IL,2024-09-24,3,98.0,At Risk
288,Megan Pruitt,Silver,MA,2024-09-24,7,98.0,At Risk
893,Daniel Livingston,Silver,PA,2024-09-24,9,98.0,At Risk
924,James Smith,Bronze,GA,2024-09-24,9,98.0,At Risk
1712,Jacob Thompson,Bronze,CA,2024-09-24,5,98.0,At Risk
1989,Matthew Mathis,Silver,MA,2024-09-24,7,98.0,At Risk
2125,Robert Watson,Platinum,OH,2024-09-24,4,98.0,At Risk
3053,Kenneth Bates,Gold,FL,2024-09-24,8,98.0,At Risk
3103,Colin Reid,Bronze,NJ,2024-09-24,9,98.0,At Risk
3241,Amanda Miles,Bronze,MD,2024-09-24,12,98.0,At Risk
3386,Donald Hart,Bronze,PA,2024-09-24,7,98.0,At Risk
4656,Philip Gordon,Silver,MA,2024-09-24,11,98.0,At Risk
4777,Kathryn Ramirez,Gold,PA,2024-09-24,6,98.0,At Risk
4810,Robert Peters,Bronze,TN,2024-09-24,7,98.0,At Risk
4975,Andrew Pitts,Bronze,MA,2024-09-24,7,98.0,At Risk
5390,Gregg Best,Silver,WI,2024-09-24,10,98.0,At Risk
5469,Carolyn Watson,Platinum,AZ,2024-09-24,7,98.0,At Risk
5956,Lori Simmons,Bronze,OH,2024-09-24,8,98.0,At Risk
6255,Marilyn Davis,Silver,MD,2024-09-24,8,98.0,At Risk
6427,Jake Cole,Bronze,NJ,2024-09-24,7,98.0,At Risk
7053,Michelle Freeman,Gold,TX,2024-09-24,8,98.0,At Risk
7264,Paul Boone,Gold,FL,2024-09-24,11,98.0,At Risk
7561,Bobby Adkins,Bronze,IL,2024-09-24,6,98.0,At Risk
7752,Dwayne Davis,Silver,MD,2024-09-24,6,98.0,At Risk
7753,Jamie Lang,Bronze,WA,2024-09-24,7,98.0,At Risk
7912,Victoria Butler,Bronze,FL,2024-09-24,7,98.0,At Risk
8392,Kelly Gonzalez,Platinum,MO,2024-09-24,9,98.0,At Risk
9120,James Jackson,Silver,CA,2024-09-24,10,98.0,At Risk
9800,Gregory Patel,Silver,IN,2024-09-24,9,98.0,At Risk
46,Barry Jones,Platinum,MD,2024-09-25,4,97.0,At Risk
225,Edward Snyder,Bronze,TN,2024-09-25,13,97.0,At Risk
310,Lori Mclean,Silver,PA,2024-09-25,4,97.0,At Risk
1854,Michael Rice,Silver,AZ,2024-09-25,9,97.0,At Risk
2048,Stephen Bennett,Gold,WI,2024-09-25,9,97.0,At Risk
2115,Katherine Anderson,Bronze,WI,2024-09-25,10,97.0,At Risk
2670,Madison Bauer,Silver,NC,2024-09-25,7,97.0,At Risk
3062,Brandy Ruiz,Bronze,TN,2024-09-25,11,97.0,At Risk
3409,Anthony Mclaughlin,Silver,FL,2024-09-25,15,97.0,At Risk
3753,Casey Smith,Silver,IN,2024-09-25,8,97.0,At Risk
4203,Kevin Lamb,Silver,NY,2024-09-25,10,97.0,At Risk
4685,Nathan Gonzales,Platinum,MD,2024-09-25,3,97.0,At Risk
4859,Tammy Austin,Bronze,AZ,2024-09-25,4,97.0,At Risk
4963,Alexa Bird,Bronze,VA,2024-09-25,11,97.0,At Risk
5263,Kim Gould,Silver,NJ,2024-09-25,6,97.0,At Risk
5696,Kristen Howard,Bronze,NY,2024-09-25,6,97.0,At Risk
6128,Laura Cobb,Bronze,MI,2024-09-25,8,97.0,At Risk
6876,Christina Winters,Bronze,MA,2024-09-25,12,97.0,At Risk
7487,Leah Brown,Platinum,MD,2024-09-25,7,97.0,At Risk
7491,Christopher Sanchez,Bronze,FL,2024-09-25,4,97.0,At Risk
7760,Charles Hansen,Gold,FL,2024-09-25,13,97.0,At Risk
7789,Amanda Jones,Platinum,NJ,2024-09-25,7,97.0,At Risk
8028,Steven Shannon,Bronze,NC,2024-09-25,8,97.0,At Risk
8056,Audrey Hernandez,Gold,WI,2024-09-25,10,97.0,At Risk
8169,Pamela Thomas,Gold,MI,2024-09-25,6,97.0,At Risk
8439,Nathan Elliott,Platinum,MI,2024-09-25,13,97.0,At Risk
9116,James Rios,Silver,TX,2024-09-25,9,97.0,At Risk
9351,Allen Barnes,Silver,NY,2024-09-25,13,97.0,At Risk
9495,Tyler Peters,Bronze,NC,2024-09-25,5,97.0,At Risk
9589,Richard Dudley,Silver,NC,2024-09-25,8,97.0,At Risk
9860,Jonathan Henderson,Bronze,MI,2024-09-25,7,97.0,At Risk
380,Christina Barnes,Gold,MD,2024-09-26,7,96.0,At Risk
452,Daniel Simmons,Gold,NJ,2024-09-26,10,96.0,At Risk
682,Micheal Stephens,Silver,WI,2024-09-26,9,96.0,At Risk
710,Kevin Kaufman,Bronze,MD,2024-09-26,7,96.0,At Risk
878,Jennifer Pierce,Bronze,CA,2024-09-26,8,96.0,At Risk
1287,Steven Silva,Silver,NC,2024-09-26,8,96.0,At Risk
1448,Zachary Norton,Bronze,PA,2024-09-26,5,96.0,At Risk
1449,Gina Miller,Bronze,IN,2024-09-26,2,96.0,At Risk
2394,Danielle Vaughan,Bronze,TN,2024-09-26,9,96.0,At Risk
2546,Katelyn Jackson,Silver,PA,2024-09-26,9,96.0,At Risk
3190,Luis Oneill,Silver,WA,2024-09-26,13,96.0,At Risk
3849,Lisa Bailey,Platinum,MI,2024-09-26,6,96.0,At Risk
4160,Ellen Davis,Bronze,OH,2024-09-26,9,96.0,At Risk
4388,David Nguyen,Silver,NY,2024-09-26,6,96.0,At Risk
4401,Mike Cook,Bronze,MD,2024-09-26,9,96.0,At Risk
4476,Alexander Rivera,Platinum,IL,2024-09-26,6,96.0,At Risk
4486,Christopher Mcclain,Bronze,MA,2024-09-26,7,96.0,At Risk
4581,Jessica Dickson,Silver,MA,2024-09-26,6,96.0,At Risk
5185,Taylor Camacho,Platinum,MA,2024-09-26,7,96.0,At Risk
5568,Robert Scott,Bronze,OH,2024-09-26,9,96.0,At Risk
5628,Thomas Foster,Bronze,IN,2024-09-26,6,96.0,At Risk
5760,David Higgins,Silver,TN,2024-09-26,3,96.0,At Risk
5853,Nicholas Peters,Bronze,AZ,2024-09-26,11,96.0,At Risk
6276,Cindy Fowler,Silver,MO,2024-09-26,6,96.0,At Risk
6550,Tyrone Moore,Bronze,MI,2024-09-26,7,96.0,At Risk
6711,Joyce Andrews,Platinum,WI,2024-09-26,12,96.0,At Risk
6891,Heather Shields,Silver,WI,2024-09-26,5,96.0,At Risk
6993,Elizabeth Sanchez,Silver,NJ,2024-09-26,9,96.0,At Risk
7294,Daniel Marshall,Platinum,PA,2024-09-26,5,96.0,At Risk
7558,Michael Peterson,Gold,WI,2024-09-26,7,96.0,At Risk
7670,Carmen Lee,Silver,GA,2024-09-26,7,96.0,At Risk
7678,Juan Ramirez,Gold,FL,2024-09-26,6,96.0,At Risk
8234,John Thomas,Silver,VA,2024-09-26,3,96.0,At Risk
8613,Emma Cruz,Platinum,TN,2024-09-26,12,96.0,At Risk
9136,Jeffrey Wagner,Gold,GA,2024-09-26,10,96.0,At Risk
9498,Wendy Weber,Silver,MO,2024-09-26,7,96.0,At Risk
243,Tina Romero,Bronze,PA,2024-09-27,8,95.0,At Risk
455,Chris Carroll,Silver,IN,2024-09-27,7,95.0,At Risk
747,Scott Shannon,Bronze,WI,2024-09-27,5,95.0,At Risk
1002,Shawn Smith,Bronze,MD,2024-09-27,7,95.0,At Risk
1193,Douglas Chambers,Bronze,FL,2024-09-27,5,95.0,At Risk
1281,Emily Hernandez,Gold,MD,2024-09-27,9,95.0,At Risk
1584,John Giles,Gold,OH,2024-09-27,9,95.0,At Risk
2124,Franklin Carter,Bronze,TX,2024-09-27,6,95.0,At Risk
2163,Robert Newman,Bronze,IL,2024-09-27,7,95.0,At Risk
2321,Kimberly Lopez,Gold,TN,2024-09-27,10,95.0,At Risk
4313,Joshua Christensen,Bronze,GA,2024-09-27,9,95.0,At Risk
4639,Jasmine Hickman,Silver,IL,2024-09-27,12,95.0,At Risk
5224,Eric Riley,Silver,IL,2024-09-27,6,95.0,At Risk
5301,Jason Jimenez,Gold,FL,2024-09-27,8,95.0,At Risk
5552,John Berry,Bronze,VA,2024-09-27,9,95.0,At Risk
5824,Suzanne Pratt,Silver,NJ,2024-09-27,6,95.0,At Risk
6053,Phyllis Smith,Silver,WI,2024-09-27,4,95.0,At Risk
6270,Raymond Mullen,Bronze,WI,2024-09-27,8,95.0,At Risk
7287,David Schroeder,Gold,NY,2024-09-27,8,95.0,At Risk
7764,Randall Schultz,Platinum,GA,2024-09-27,4,95.0,At Risk
7884,Susan Erickson,Platinum,WA,2024-09-27,8,95.0,At Risk
8217,Brittany Roberson,Bronze,VA,2024-09-27,6,95.0,At Risk
9008,Elizabeth Santiago,Bronze,IN,2024-09-27,7,95.0,At Risk
325,Edward Jennings,Gold,VA,2024-09-28,7,94.0,At Risk
815,Hunter Schmidt,Gold,WA,2024-09-28,8,94.0,At Risk
1095,Shane Bowman,Platinum,IL,2024-09-28,8,94.0,At Risk
1180,Sara Thompson,Bronze,IL,2024-09-28,7,94.0,At Risk
1755,Paula Hurst,Silver,MD,2024-09-28,13,94.0,At Risk
2916,Eric Rodriguez,Silver,TN,2024-09-28,10,94.0,At Risk
3104,Lisa Scott,Silver,IL,2024-09-28,10,94.0,At Risk
3395,Emily Johns,Bronze,WI,2024-09-28,11,94.0,At Risk
4113,Steven Bailey,Platinum,MA,2024-09-28,7,94.0,At Risk
4342,Roger Edwards,Bronze,MD,2024-09-28,7,94.0,At Risk
5003,Alexander Noble,Platinum,TN,2024-09-28,6,94.0,At Risk
5091,Devin Moreno,Silver,PA,2024-09-28,13,94.0,At Risk
5644,Sarah Beltran,Gold,GA,2024-09-28,10,94.0,At Risk
5837,Candice Green,Silver,VA,2024-09-28,5,94.0,At Risk
6856,Laurie George,Silver,NY,2024-09-28,9,94.0,At Risk
7457,Keith Greene,Bronze,CA,2024-09-28,5,94.0,At Risk
7618,Wendy Torres,Silver,VA,2024-09-28,6,94.0,At Risk
8588,Christopher Patterson,Gold,PA,2024-09-28,13,94.0,At Risk
9081,Joseph Jennings,Platinum,OH,2024-09-28,6,94.0,At Risk
9242,Jason Nolan,Bronze,TN,2024-09-28,8,94.0,At Risk
9429,Debra Holmes,Bronze,FL,2024-09-28,8,94.0,At Risk
9511,Guy Allen,Gold,TN,2024-09-28,10,94.0,At Risk
9839,Seth Jones,Silver,CA,2024-09-28,4,94.0,At Risk
12,Scott Callahan,Gold,PA,2024-09-29,8,93.0,At Risk
382,Renee Smith,Gold,IL,2024-09-29,7,93.0,At Risk
743,Holly Martin,Bronze,VA,2024-09-29,3,93.0,At Risk
839,Amanda Holmes,Bronze,TX,2024-09-29,16,93.0,At Risk
1041,Valerie Jordan,Silver,TN,2024-09-29,5,93.0,At Risk
1440,Michaela Lee,Gold,MI,2024-09-29,9,93.0,At Risk
1908,Joanna Mitchell,Bronze,TN,2024-09-29,6,93.0,At Risk
2226,Danny Oconnell,Platinum,GA,2024-09-29,12,93.0,At Risk
2329,Tina Avila,Bronze,WI,2024-09-29,15,93.0,At Risk
2486,Ryan Ochoa,Bronze,OH,2024-09-29,7,93.0,At Risk
2558,Amanda Mcdaniel,Gold,IL,2024-09-29,10,93.0,At Risk
2838,Johnny Davis,Bronze,PA,2024-09-29,9,93.0,At Risk
2865,Kayla Nunez,Bronze,WA,2024-09-29,13,93.0,At Risk
3184,Dylan Vasquez,Gold,NJ,2024-09-29,6,93.0,At Risk
3316,Richard Grimes,Silver,GA,2024-09-29,13,93.0,At Risk
3344,Kristina Glass,Silver,TN,2024-09-29,11,93.0,At Risk
3576,Robert Morris,Platinum,PA,2024-09-29,7,93.0,At Risk
4760,Nathaniel Johnson,Bronze,VA,2024-09-29,7,93.0,At Risk
4863,Vickie Clarke,Gold,NY,2024-09-29,6,93.0,At Risk
4909,Craig Arnold,Gold,PA,2024-09-29,7,93.0,At Risk
5030,Denise Reed,Bronze,MA,2024-09-29,7,93.0,At Risk
5652,Michelle Harmon,Silver,MD,2024-09-29,7,93.0,At Risk
5821,Gina Berg,Silver,TN,2024-09-29,12,93.0,At Risk
5891,Daniel Miller,Bronze,TX,2024-09-29,6,93.0,At Risk
6020,Sean Mendoza,Bronze,TX,2024-09-29,6,93.0,At Risk
6123,Gregory Sullivan,Gold,IN,2024-09-29,7,93.0,At Risk
6221,Lindsay Guzman,Gold,GA,2024-09-29,8,93.0,At Risk
6233,Phillip Fitzgerald,Silver,WI,2024-09-29,10,93.0,At Risk
6260,Diane Turner,Silver,WA,2024-09-29,9,93.0,At Risk
6691,Jackie Parker,Bronze,MD,2024-09-29,8,93.0,At Risk
6865,Darrell Best,Bronze,WI,2024-09-29,7,93.0,At Risk
7055,Alan Curtis,Platinum,IL,2024-09-29,6,93.0,At Risk
7219,Brandon Hodges,Bronze,TX,2024-09-29,8,93.0,At Risk
7260,Samantha Gonzalez,Bronze,MI,2024-09-29,7,93.0,At Risk
7323,Jasmine Mason,Silver,TN,2024-09-29,9,93.0,At Risk
7980,Richard Coleman,Bronze,FL,2024-09-29,6,93.0,At Risk
8149,Teresa Santana,Silver,MA,2024-09-29,9,93.0,At Risk
8154,Rebecca Smith,Silver,VA,2024-09-29,10,93.0,At Risk
8437,Beth Morris,Gold,NC,2024-09-29,9,93.0,At Risk
8944,Christian Moore,Bronze,WA,2024-09-29,10,93.0,At Risk
9204,Krystal Singh,Bronze,WA,2024-09-29,8,93.0,At Risk
5,Richard Jones,Bronze,PA,2024-09-30,9,92.0,At Risk
85,Michelle Barnes,Gold,GA,2024-09-30,9,92.0,At Risk
160,Joseph Pena,Silver,TX,2024-09-30,7,92.0,At Risk
946,William Cunningham,Gold,NY,2024-09-30,11,92.0,At Risk
953,Carolyn Hurley,Silver,CA,2024-09-30,10,92.0,At Risk
1100,Marco Hines,Platinum,FL,2024-09-30,11,92.0,At Risk
1192,Brianna Moore,Gold,NY,2024-09-30,6,92.0,At Risk
1252,Linda Butler,Bronze,OH,2024-09-30,6,92.0,At Risk
1272,Ryan Salazar,Silver,IL,2024-09-30,12,92.0,At Risk
1598,Derrick Berger,Bronze,MA,2024-09-30,8,92.0,At Risk
1848,Christina Nichols,Bronze,FL,2024-09-30,12,92.0,At Risk
2571,Danny Daniels,Bronze,MO,2024-09-30,12,92.0,At Risk
2873,Haley Johnson,Bronze,MA,2024-09-30,5,92.0,At Risk
2935,Thomas Evans,Silver,IL,2024-09-30,7,92.0,At Risk
3464,Tara Sheppard,Bronze,PA,2024-09-30,4,92.0,At Risk
3548,Karen Nguyen,Bronze,PA,2024-09-30,6,92.0,At Risk
4339,Kevin Rowland,Gold,VA,2024-09-30,8,92.0,At Risk
4355,Patty Holmes,Silver,CA,2024-09-30,8,92.0,At Risk
4529,Ryan Schultz,Gold,IL,2024-09-30,9,92.0,At Risk
4788,Ashley Garcia,Bronze,AZ,2024-09-30,13,92.0,At Risk
4901,Kathleen Henderson,Silver,WI,2024-09-30,7,92.0,At Risk
5051,Joseph Harris,Silver,CA,2024-09-30,5,92.0,At Risk
5645,Scott Chen,Platinum,MD,2024-09-30,5,92.0,At Risk
5683,Christian Riley,Silver,VA,2024-09-30,4,92.0,At Risk
5836,Tanya Long,Bronze,FL,2024-09-30,8,92.0,At Risk
7421,Gregory Garcia,Silver,PA,2024-09-30,10,92.0,At Risk
7985,Devin Parrish,Bronze,MI,2024-09-30,9,92.0,At Risk
8408,Evelyn Rivers,Gold,MA,2024-09-30,8,92.0,At Risk
8633,Paul Ellis,Bronze,TX,2024-09-30,6,92.0,At Risk
8887,Erika Miller,Bronze,MA,2024-09-30,7,92.0,At Risk
9263,David Scott,Bronze,IL,2024-09-30,6,92.0,At Risk
9532,Wanda Gardner,Bronze,OH,2024-09-30,4,92.0,At Risk
9725,Erin Williams,Bronze,NC,2024-09-30,9,92.0,At Risk
9738,Michael White,Bronze,PA,2024-09-30,11,92.0,At Risk
9751,Tina Lopez,Bronze,IL,2024-09-30,13,92.0,At Risk
9864,Zachary Mccarty,Bronze,OH,2024-09-30,6,92.0,At Risk
262,Abigail Hopkins,Bronze,WI,2024-10-01,4,91.0,At Risk
404,Roger Obrien,Platinum,NC,2024-10-01,9,91.0,At Risk
583,Gary Fox,Silver,MI,2024-10-01,9,91.0,At Risk
660,Madison Brewer,Bronze,MO,2024-10-01,7,91.0,At Risk
813,Jerry Cole,Gold,WI,2024-10-01,8,91.0,At Risk
881,Francisco Brown,Gold,FL,2024-10-01,9,91.0,At Risk
899,Tammy Schwartz,Bronze,IL,2024-10-01,8,91.0,At Risk
1170,Alicia Howard,Silver,TX,2024-10-01,10,91.0,At Risk
1572,Morgan Murphy,Bronze,TX,2024-10-01,6,91.0,At Risk
1766,Jenny Cummings,Platinum,PA,2024-10-01,10,91.0,At Risk
2633,Kristy Hall,Bronze,IL,2024-10-01,4,91.0,At Risk
3126,Pamela Jackson,Bronze,CA,2024-10-01,2,91.0,At Risk
3489,Lisa Juarez,Silver,AZ,2024-10-01,4,91.0,At Risk
3843,Jose Nash,Silver,NJ,2024-10-01,7,91.0,At Risk
4415,Amy Wilson,Silver,CA,2024-10-01,12,91.0,At Risk
5358,Edward Williams,Gold,WI,2024-10-01,10,91.0,At Risk
6480,Scott Mccoy,Bronze,IN,2024-10-01,6,91.0,At Risk
6925,Marissa Hammond,Gold,TX,2024-10-01,10,91.0,At Risk
7438,Kristie Johnson,Bronze,IN,2024-10-01,2,91.0,At Risk
7516,Desiree Cisneros,Silver,FL,2024-10-01,5,91.0,At Risk
7813,Jennifer Thomas,Silver,GA,2024-10-01,9,91.0,At Risk
8151,Amanda Bradley,Bronze,IN,2024-10-01,5,91.0,At Risk
8242,Margaret Cardenas,Silver,MA,2024-10-01,7,91.0,At Risk
8312,Aaron Weber,Platinum,FL,2024-10-01,7,91.0,At Risk
8662,Jeffrey Kelly,Silver,MI,2024-10-01,8,91.0,At Risk
8692,Richard Gonzalez,Bronze,MI,2024-10-01,8,91.0,At Risk
9527,Daniel Bush,Silver,GA,2024-10-01,7,91.0,At Risk
9977,Dennis Friedman,Bronze,OH,2024-10-01,5,91.0,At Risk
60,Caitlyn Ware,Silver,NC,2024-10-02,9,90.0,Active
195,Todd Murphy,Silver,MI,2024-10-02,12,90.0,Active
474,Crystal Howard,Silver,OH,2024-10-02,11,90.0,Active
576,Colleen Cohen,Silver,NY,2024-10-02,7,90.0,Active
638,Yvette Macias,Bronze,MO,2024-10-02,6,90.0,Active
780,David Sellers,Platinum,NY,2024-10-02,12,90.0,Active
1087,Andrew Perez,Bronze,WA,2024-10-02,9,90.0,Active
1465,Cindy Dixon,Bronze,WI,2024-10-02,14,90.0,Active
2103,Courtney Aguilar,Gold,TX,2024-10-02,7,90.0,Active
2177,Eric Cunningham,Gold,WI,2024-10-02,6,90.0,Active
3081,James Kim,Silver,OH,2024-10-02,8,90.0,Active
3761,Donna Knight,Bronze,GA,2024-10-02,8,90.0,Active
3925,Kimberly Richardson,Silver,WA,2024-10-02,13,90.0,Active
3958,Alexander Vincent,Bronze,FL,2024-10-02,12,90.0,Active
4107,Brady Bennett,Silver,WA,2024-10-02,9,90.0,Active
4111,James Fox,Silver,MD,2024-10-02,6,90.0,Active
4331,Nathan Taylor,Silver,MI,2024-10-02,9,90.0,Active
5149,Kristina Mason,Silver,IL,2024-10-02,11,90.0,Active
5287,Joseph Hall,Bronze,MD,2024-10-02,10,90.0,Active
5308,Matthew Moody,Silver,WA,2024-10-02,12,90.0,Active
5797,Mary Williamson,Gold,NC,2024-10-02,12,90.0,Active
5942,Leah Ross,Bronze,MO,2024-10-02,6,90.0,Active
5957,Alexis Lewis,Bronze,VA,2024-10-02,11,90.0,Active
6083,Gregory Mathis,Silver,NY,2024-10-02,5,90.0,Active
6085,Alyssa Brown,Gold,TN,2024-10-02,10,90.0,Active
6832,Tammy Morton,Silver,FL,2024-10-02,14,90.0,Active
7150,Victoria Mata,Bronze,OH,2024-10-02,10,90.0,Active
7386,Christopher Nunez,Bronze,WA,2024-10-02,14,90.0,Active
7390,Maxwell Herman,Bronze,WI,2024-10-02,10,90.0,Active
7648,Matthew Smith,Gold,PA,2024-10-02,9,90.0,Active
7889,Russell Ortiz,Bronze,VA,2024-10-02,6,90.0,Active
8174,Elaine Taylor,Bronze,NY,2024-10-02,8,90.0,Active
8307,Lisa Mendoza,Silver,IL,2024-10-02,12,90.0,Active
8646,Pamela Smith,Silver,GA,2024-10-02,4,90.0,Active
8651,Heather Boone,Bronze,MD,2024-10-02,8,90.0,Active
9091,Rachel Oconnor,Silver,NY,2024-10-02,5,90.0,Active
9313,Julie Gordon,Gold,TX,2024-10-02,6,90.0,Active
9453,Charlotte Crosby,Gold,NC,2024-10-02,9,90.0,Active
9518,Jeremy Petty,Silver,IN,2024-10-02,11,90.0,Active
9766,Beth Brewer,Platinum,IN,2024-10-02,8,90.0,Active
91,Michael Ingram,Bronze,NC,2024-10-03,8,89.0,Active
114,Kathleen Garcia,Silver,MI,2024-10-03,4,89.0,Active
214,Craig Ward,Bronze,IL,2024-10-03,8,89.0,Active
299,Debbie Nguyen,Silver,PA,2024-10-03,8,89.0,Active
304,Keith Shaffer,Silver,WA,2024-10-03,10,89.0,Active
391,Antonio Barker,Silver,FL,2024-10-03,6,89.0,Active
632,Megan Lopez,Bronze,AZ,2024-10-03,11,89.0,Active
648,Tracy Adams,Bronze,IN,2024-10-03,10,89.0,Active
1925,Steven Johnson,Bronze,MO,2024-10-03,8,89.0,Active
2004,Jesse Johnson,Gold,TX,2024-10-03,6,89.0,Active
2195,Emily Fernandez,Bronze,NJ,2024-10-03,8,89.0,Active
2606,Amy Jones,Bronze,MA,2024-10-03,12,89.0,Active
2707,Jeremy Doyle,Silver,VA,2024-10-03,9,89.0,Active
2900,Victor Simpson,Platinum,FL,2024-10-03,8,89.0,Active
3065,Michael Martin,Bronze,IN,2024-10-03,8,89.0,Active
3099,Wesley Jones,Silver,VA,2024-10-03,9,89.0,Active
3226,Yvonne Wilson,Silver,OH,2024-10-03,4,89.0,Active
3286,Sharon Johnson,Gold,NY,2024-10-03,6,89.0,Active
3461,Jacqueline Lewis,Bronze,NY,2024-10-03,10,89.0,Active
3898,Scott Maddox,Silver,TN,2024-10-03,10,89.0,Active
3991,David Becker,Silver,MO,2024-10-03,13,89.0,Active
4207,Andrew Bridges,Gold,WI,2024-10-03,4,89.0,Active
4494,Antonio Sutton,Silver,MD,2024-10-03,3,89.0,Active
4531,Kimberly Castillo,Silver,PA,2024-10-03,7,89.0,Active
4643,Anthony Hall,Bronze,PA,2024-10-03,5,89.0,Active
4648,Michael Lambert,Bronze,WI,2024-10-03,5,89.0,Active
4791,Melinda Golden,Gold,MO,2024-10-03,6,89.0,Active
4924,Anna Vasquez,Silver,NC,2024-10-03,11,89.0,Active
5071,Michelle Alvarez,Platinum,OH,2024-10-03,5,89.0,Active
5506,Jesse Lin,Bronze,CA,2024-10-03,6,89.0,Active
5831,Robin Trujillo,Bronze,PA,2024-10-03,9,89.0,Active
5912,David Johnson,Silver,TX,2024-10-03,13,89.0,Active
5981,Amy Wang,Bronze,MO,2024-10-03,5,89.0,Active
6042,Dennis Morales,Bronze,PA,2024-10-03,13,89.0,Active
6267,Virginia Wood,Platinum,VA,2024-10-03,11,89.0,Active
6292,Sara Mcdonald,Bronze,GA,2024-10-03,13,89.0,Active
6627,Samantha Turner,Silver,CA,2024-10-03,3,89.0,Active
6724,Logan Gonzalez,Bronze,CA,2024-10-03,7,89.0,Active
6770,Timothy Mays,Bronze,WI,2024-10-03,9,89.0,Active
7032,Emily Rowe,Bronze,AZ,2024-10-03,6,89.0,Active
7040,Amy Underwood,Gold,TN,2024-10-03,7,89.0,Active
7213,William Wilson,Platinum,FL,2024-10-03,8,89.0,Active
7414,David Campbell,Silver,IN,2024-10-03,6,89.0,Active
7941,Linda Luna,Silver,MO,2024-10-03,6,89.0,Active
8075,Kevin Wagner,Bronze,MO,2024-10-03,11,89.0,Active
8243,Billy Black,Gold,WA,2024-10-03,5,89.0,Active
8313,Angela Moreno,Bronze,VA,2024-10-03,7,89.0,Active
9402,Michael Wilkerson,Bronze,PA,2024-10-03,10,89.0,Active
9472,Jennifer James,Silver,AZ,2024-10-03,7,89.0,Active
9722,Ryan Nelson,Silver,WA,2024-10-03,10,89.0,Active
9957,Evan Robertson,Bronze,IN,2024-10-03,5,89.0,Active
121,Darren Shepard,Silver,TN,2024-10-04,6,88.0,Active
867,Holly Cross,Bronze,WA,2024-10-04,6,88.0,Active
979,Stephanie Mclean,Silver,WA,2024-10-04,10,88.0,Active
1154,Amanda Phillips,Platinum,MA,2024-10-04,11,88.0,Active
1842,Jonathan Miles,Platinum,GA,2024-10-04,5,88.0,Active
1980,Eric Murray,Silver,OH,2024-10-04,11,88.0,Active
2160,Kimberly Hamilton,Gold,WI,2024-10-04,7,88.0,Active
2651,Matthew Evans,Bronze,MI,2024-10-04,13,88.0,Active
2653,Dawn White,Bronze,CA,2024-10-04,7,88.0,Active
2657,Matthew Phillips,Bronze,CA,2024-10-04,7,88.0,Active
3020,Kim Evans,Platinum,NJ,2024-10-04,8,88.0,Active
3067,Hannah Lee,Bronze,WA,2024-10-04,10,88.0,Active
3266,Louis Mcdaniel,Silver,NC,2024-10-04,13,88.0,Active
3486,John Gill,Platinum,OH,2024-10-04,8,88.0,Active
3619,Matthew Hamilton,Gold,GA,2024-10-04,10,88.0,Active
3781,Stephanie Cooper,Gold,WI,2024-10-04,5,88.0,Active
4017,Donald Austin,Platinum,WA,2024-10-04,8,88.0,Active
4513,Jacqueline Ward,Bronze,GA,2024-10-04,5,88.0,Active
4552,Kenneth Haynes,Bronze,IL,2024-10-04,13,88.0,Active
4584,Anne Nichols,Bronze,WA,2024-10-04,9,88.0,Active
4658,Gerald Cox,Gold,OH,2024-10-04,9,88.0,Active
4990,Abigail Washington,Bronze,NY,2024-10-04,14,88.0,Active
5253,Gary Sanchez,Silver,NY,2024-10-04,8,88.0,Active
5303,Scott Robinson,Bronze,NC,2024-10-04,7,88.0,Active
5817,Kimberly Richards,Bronze,FL,2024-10-04,7,88.0,Active
6005,Sandra Lawson,Gold,NY,2024-10-04,11,88.0,Active
6072,Gerald Hawkins,Bronze,TX,2024-10-04,8,88.0,Active
6133,Peter Anderson,Gold,AZ,2024-10-04,5,88.0,Active
6382,Donald Mckee,Bronze,FL,2024-10-04,10,88.0,Active
6472,Robert Erickson,Gold,AZ,2024-10-04,10,88.0,Active
6715,Kevin Fletcher,Bronze,AZ,2024-10-04,6,88.0,Active
7925,Kimberly Price,Silver,NY,2024-10-04,8,88.0,Active
8239,Tanner Merritt,Bronze,MI,2024-10-04,11,88.0,Active
8554,Jennifer Copeland,Silver,GA,2024-10-04,6,88.0,Active
8898,Linda Thompson,Bronze,FL,2024-10-04,12,88.0,Active
9037,Steve Baker,Bronze,MO,2024-10-04,6,88.0,Active
9434,Dawn Lang,Bronze,WA,2024-10-04,11,88.0,Active
89,Kyle Roach,Bronze,NY,2024-10-05,9,87.0,Active
95,Francisco Stevens,Bronze,IL,2024-10-05,11,87.0,Active
105,Kevin Stout,Bronze,TX,2024-10-05,9,87.0,Active
563,Jason Graham,Silver,IN,2024-10-05,9,87.0,Active
964,Brandy Simon,Silver,IN,2024-10-05,10,87.0,Active
1035,Rebecca Carr,Gold,IN,2024-10-05,5,87.0,Active
1264,Steven Soto,Bronze,IN,2024-10-05,7,87.0,Active
1333,Daniel Stephens,Silver,MI,2024-10-05,7,87.0,Active
1701,Debra Bryant,Bronze,AZ,2024-10-05,9,87.0,Active
1847,James Adams,Bronze,FL,2024-10-05,7,87.0,Active
1922,Gerald Andrews,Silver,NY,2024-10-05,8,87.0,Active
2655,Wendy Rubio,Silver,AZ,2024-10-05,9,87.0,Active
2856,Lisa Gross,Bronze,NY,2024-10-05,3,87.0,Active
2927,Amy Ruiz,Silver,AZ,2024-10-05,5,87.0,Active
3616,Jesse Barnes,Bronze,WI,2024-10-05,9,87.0,Active
3833,Melissa Jones,Bronze,IN,2024-10-05,8,87.0,Active
4106,Deborah Mcguire,Silver,GA,2024-10-05,11,87.0,Active
4135,Nicole Montes,Platinum,VA,2024-10-05,7,87.0,Active
4399,Michael Richardson,Gold,MI,2024-10-05,4,87.0,Active
4548,Elizabeth Madden,Gold,OH,2024-10-05,5,87.0,Active
4602,Gabriel Benson,Gold,FL,2024-10-05,6,87.0,Active
4627,Tracy White,Bronze,TX,2024-10-05,8,87.0,Active
4906,Amber Ramos,Silver,IL,2024-10-05,8,87.0,Active
4911,Jessica Gonzalez,Gold,CA,2024-10-05,6,87.0,Active
4973,Anna Willis,Gold,CA,2024-10-05,7,87.0,Active
5411,Michelle Saunders,Silver,NJ,2024-10-05,15,87.0,Active
5574,Gregory Ellis,Platinum,NY,2024-10-05,11,87.0,Active
5970,Toni Scott,Bronze,OH,2024-10-05,9,87.0,Active
6186,Thomas Villa,Platinum,TX,2024-10-05,7,87.0,Active
6224,Kimberly Moreno,Bronze,OH,2024-10-05,11,87.0,Active
6345,Theresa Everett,Bronze,IN,2024-10-05,8,87.0,Active
6436,Michael Stewart,Gold,CA,2024-10-05,7,87.0,Active
6660,Debra Harris,Bronze,PA,2024-10-05,6,87.0,Active
6760,Taylor Wilson,Bronze,NC,2024-10-05,5,87.0,Active
6859,Glenn Brown,Bronze,AZ,2024-10-05,8,87.0,Active
7195,Jasmine Simmons,Silver,TN,2024-10-05,9,87.0,Active
7335,Seth Bennett,Gold,IN,2024-10-05,5,87.0,Active
7365,Jennifer Smith,Platinum,VA,2024-10-05,12,87.0,Active
7436,Madison Friedman,Bronze,MA,2024-10-05,9,87.0,Active
7517,Gabriela Norman,Bronze,NC,2024-10-05,8,87.0,Active
7692,Sarah Riley,Bronze,NC,2024-10-05,5,87.0,Active
7942,Nicholas Hunter,Platinum,VA,2024-10-05,8,87.0,Active
8264,Kayla Garza,Bronze,PA,2024-10-05,7,87.0,Active
8700,Jacqueline Nichols,Silver,MA,2024-10-05,6,87.0,Active
8783,Vanessa Hill,Bronze,TX,2024-10-05,7,87.0,Active
8906,Jason Thomas,Silver,PA,2024-10-05,8,87.0,Active
9544,James Roy,Silver,NC,2024-10-05,10,87.0,Active
9671,James Gonzalez,Bronze,MO,2024-10-05,6,87.0,Active
9887,Tara Crawford,Bronze,VA,2024-10-05,10,87.0,Active
9932,David Mitchell,Bronze,IL,2024-10-05,12,87.0,Active
43,Sarah Romero,Silver,OH,2024-10-06,7,86.0,Active
669,Debbie Maddox,Gold,MO,2024-10-06,7,86.0,Active
716,Jacqueline Johnson,Bronze,VA,2024-10-06,9,86.0,Active
811,Robert Anderson,Bronze,NJ,2024-10-06,7,86.0,Active
1350,Matthew Medina,Gold,IL,2024-10-06,8,86.0,Active
1435,Marc Smith,Bronze,IL,2024-10-06,6,86.0,Active
1682,Alicia Brown,Platinum,VA,2024-10-06,6,86.0,Active
2355,Kenneth Diaz,Silver,TN,2024-10-06,8,86.0,Active
2577,Katie Heath,Bronze,WA,2024-10-06,10,86.0,Active
2788,Richard Evans,Silver,FL,2024-10-06,10,86.0,Active
2879,Bobby Reynolds,Bronze,GA,2024-10-06,7,86.0,Active
2902,Matthew Greene,Gold,MA,2024-10-06,6,86.0,Active
3047,Catherine Barnes,Silver,IN,2024-10-06,4,86.0,Active
3070,Patrick Vega,Platinum,AZ,2024-10-06,11,86.0,Active
3421,Denise Rodriguez,Silver,IL,2024-10-06,7,86.0,Active
3913,Jon Watkins,Platinum,IL,2024-10-06,13,86.0,Active
3976,Nicole Allen,Bronze,IN,2024-10-06,7,86.0,Active
4052,Tamara Benson,Silver,MI,2024-10-06,4,86.0,Active
4156,Joshua Fields,Bronze,IN,2024-10-06,5,86.0,Active
4479,Cody Page,Gold,NJ,2024-10-06,6,86.0,Active
4595,Grant Huang,Gold,FL,2024-10-06,10,86.0,Active
4793,Kelly Davis,Gold,TX,2024-10-06,16,86.0,Active
5492,Michelle Garcia,Bronze,PA,2024-10-06,8,86.0,Active
5519,Lindsey Williams,Silver,IN,2024-10-06,5,86.0,Active
5590,David Jennings,Gold,NJ,2024-10-06,9,86.0,Active
5898,Eric Cole,Gold,IN,2024-10-06,9,86.0,Active
6013,Brandon Patel,Gold,TX,2024-10-06,9,86.0,Active
6615,Shawn Brooks,Silver,CA,2024-10-06,8,86.0,Active
6820,Jonathan Washington,Bronze,FL,2024-10-06,9,86.0,Active
7010,Tammy Vasquez,Platinum,NJ,2024-10-06,14,86.0,Active
7458,Megan Marshall,Bronze,IN,2024-10-06,3,86.0,Active
7547,Connor Davis,Gold,TN,2024-10-06,11,86.0,Active
7905,Lori Elliott,Bronze,OH,2024-10-06,3,86.0,Active
7921,Jessica Archer,Silver,NJ,2024-10-06,6,86.0,Active
8335,Patrick Wagner,Silver,NJ,2024-10-06,9,86.0,Active
8396,William Mcclain,Bronze,TN,2024-10-06,6,86.0,Active
8499,Jennifer Shepherd,Silver,NY,2024-10-06,4,86.0,Active
8617,Jennifer Lopez,Silver,NC,2024-10-06,7,86.0,Active
8938,Michael Sanders,Silver,MA,2024-10-06,8,86.0,Active
9158,Lee Olsen,Bronze,VA,2024-10-06,8,86.0,Active
9650,Timothy Watts,Silver,TX,2024-10-06,4,86.0,Active
9728,Danielle Raymond,Gold,WI,2024-10-06,6,86.0,Active
9943,Lauren King,Bronze,VA,2024-10-06,6,86.0,Active
149,Barbara Mcgrath,Bronze,NJ,2024-10-07,10,85.0,Active
297,Walter Gallegos,Bronze,FL,2024-10-07,6,85.0,Active
312,Colin Martinez,Silver,GA,2024-10-07,8,85.0,Active
436,Donald Burgess,Silver,TX,2024-10-07,8,85.0,Active
458,Cameron Harper,Platinum,GA,2024-10-07,7,85.0,Active
969,Jason Murray,Bronze,TN,2024-10-07,13,85.0,Active
1215,Brian Hoover,Bronze,VA,2024-10-07,7,85.0,Active
1471,Molly Stevens,Gold,WI,2024-10-07,11,85.0,Active
1924,Andre Decker,Gold,MI,2024-10-07,11,85.0,Active
2285,David Gibson,Gold,MA,2024-10-07,10,85.0,Active
2328,Amy Maynard,Bronze,WI,2024-10-07,11,85.0,Active
2518,David Brown,Silver,NJ,2024-10-07,2,85.0,Active
2598,Andrew Snyder,Gold,VA,2024-10-07,9,85.0,Active
3200,Jenny Johnson,Bronze,IL,2024-10-07,9,85.0,Active
3609,Charles Williams,Silver,NC,2024-10-07,9,85.0,Active
3664,Stephen Lopez,Silver,VA,2024-10-07,10,85.0,Active
3943,Sherri Hanson,Bronze,MO,2024-10-07,7,85.0,Active
4082,Heather Mccarthy,Silver,NY,2024-10-07,10,85.0,Active
4145,Brenda Wilson,Bronze,OH,2024-10-07,8,85.0,Active
4723,Donald Garcia,Bronze,NJ,2024-10-07,11,85.0,Active
5081,Marc Francis,Platinum,IN,2024-10-07,10,85.0,Active
5426,Mary Carpenter,Bronze,TN,2024-10-07,7,85.0,Active
5541,Lucas Castaneda,Bronze,IL,2024-10-07,6,85.0,Active
5904,Kimberly Santos,Platinum,MA,2024-10-07,11,85.0,Active
6997,Kyle Brown,Bronze,CA,2024-10-07,8,85.0,Active
7088,Cheryl Rodgers,Bronze,OH,2024-10-07,10,85.0,Active
7408,Gary Dorsey,Silver,WI,2024-10-07,9,85.0,Active
8594,Mark Wheeler,Gold,WI,2024-10-07,11,85.0,Active
9201,Brad Hayes,Bronze,VA,2024-10-07,9,85.0,Active
9217,Marie Williams,Bronze,IN,2024-10-07,9,85.0,Active
9851,Todd Howard,Bronze,GA,2024-10-07,7,85.0,Active
44,Patrick Chase,Bronze,FL,2024-10-08,7,84.0,Active
69,Lisa Martin,Silver,NY,2024-10-08,9,84.0,Active
273,Jessica Fisher,Gold,NC,2024-10-08,4,84.0,Active
435,Travis Miller,Bronze,FL,2024-10-08,11,84.0,Active
623,Kim Jones,Silver,IN,2024-10-08,5,84.0,Active
696,Carolyn Hale,Platinum,AZ,2024-10-08,7,84.0,Active
773,Carlos Lee,Bronze,TN,2024-10-08,5,84.0,Active
1593,Erica Young,Silver,TX,2024-10-08,9,84.0,Active
1621,Heidi Mcclain,Bronze,NJ,2024-10-08,14,84.0,Active
2209,Darryl Everett,Bronze,IN,2024-10-08,5,84.0,Active
2392,Scott Smith,Bronze,TN,2024-10-08,9,84.0,Active
2636,Richard Wall,Silver,PA,2024-10-08,6,84.0,Active
2903,Megan Nielsen,Silver,MA,2024-10-08,9,84.0,Active
3112,Peter Meyer,Silver,NJ,2024-10-08,6,84.0,Active
3150,Christopher Martinez,Platinum,GA,2024-10-08,6,84.0,Active
3398,Jessica Bradford,Bronze,MI,2024-10-08,5,84.0,Active
3680,Misty George,Silver,NY,2024-10-08,5,84.0,Active
3842,Troy Payne,Bronze,VA,2024-10-08,6,84.0,Active
4164,Miguel Smith,Bronze,OH,2024-10-08,9,84.0,Active
4387,Debbie Perez,Bronze,AZ,2024-10-08,10,84.0,Active
5327,Monica Beck,Bronze,FL,2024-10-08,7,84.0,Active
5986,Gina Clark,Silver,WA,2024-10-08,13,84.0,Active
6510,Brett Hudson,Platinum,NJ,2024-10-08,1,84.0,Active
6784,James Conner,Bronze,AZ,2024-10-08,6,84.0,Active
7751,Lisa Wilkins,Bronze,NY,2024-10-08,11,84.0,Active
7988,Tara Gonzalez,Silver,VA,2024-10-08,7,84.0,Active
8689,Julie Kane,Bronze,VA,2024-10-08,12,84.0,Active
8928,Donna Romero,Bronze,MO,2024-10-08,5,84.0,Active
9185,Robert Clark,Bronze,WI,2024-10-08,12,84.0,Active
9396,Frank Palmer,Gold,MD,2024-10-08,8,84.0,Active
9486,William Bates,Bronze,TN,2024-10-08,9,84.0,Active
9572,Kaitlyn Rice,Gold,MD,2024-10-08,8,84.0,Active
158,Erica Oliver,Gold,NC,2024-10-09,6,83.0,Active
271,Roger Wilkins,Silver,IL,2024-10-09,6,83.0,Active
283,Kyle Ferguson,Bronze,VA,2024-10-09,11,83.0,Active
711,Christopher Martin,Gold,NC,2024-10-09,8,83.0,Active
1126,Angela Hughes,Bronze,FL,2024-10-09,6,83.0,Active
1210,John Williams,Gold,NY,2024-10-09,10,83.0,Active
1394,Joseph Wells,Silver,IN,2024-10-09,8,83.0,Active
1512,Jerry Taylor,Gold,NY,2024-10-09,6,83.0,Active
1618,Michael Dominguez,Gold,IN,2024-10-09,8,83.0,Active
1736,Matthew Hicks,Silver,GA,2024-10-09,8,83.0,Active
2090,Jennifer Page,Silver,AZ,2024-10-09,4,83.0,Active
2247,Donna Bowen,Silver,WA,2024-10-09,12,83.0,Active
2378,Sarah Carter,Bronze,GA,2024-10-09,10,83.0,Active
2417,Kyle Miller,Bronze,GA,2024-10-09,5,83.0,Active
2549,Matthew Mejia,Bronze,NC,2024-10-09,10,83.0,Active
3438,Stanley Larson,Bronze,PA,2024-10-09,12,83.0,Active
3957,Jeremy Valentine,Silver,PA,2024-10-09,7,83.0,Active
4328,Richard Simpson,Bronze,FL,2024-10-09,9,83.0,Active
5380,Zachary Figueroa,Silver,NJ,2024-10-09,11,83.0,Active
5814,Regina Carter,Silver,WI,2024-10-09,13,83.0,Active
6409,Adam Brock,Bronze,MD,2024-10-09,15,83.0,Active
6631,Crystal Arellano,Bronze,WA,2024-10-09,8,83.0,Active
6632,Megan Jones,Bronze,MI,2024-10-09,13,83.0,Active
7342,Michael Velazquez,Gold,MA,2024-10-09,8,83.0,Active
7557,Kristen Hill,Gold,MI,2024-10-09,7,83.0,Active
7581,Andrea Santiago,Bronze,MO,2024-10-09,13,83.0,Active
7744,Laura Diaz,Silver,IN,2024-10-09,9,83.0,Active
7758,Alexandra Lewis,Gold,MO,2024-10-09,6,83.0,Active
7899,David Johnson,Silver,GA,2024-10-09,8,83.0,Active
8294,Laura Malone,Gold,MA,2024-10-09,11,83.0,Active
8526,Harold Washington,Bronze,NJ,2024-10-09,6,83.0,Active
8530,Kevin Dunlap,Bronze,MA,2024-10-09,8,83.0,Active
8712,Amanda Fowler,Gold,MD,2024-10-09,9,83.0,Active
8785,Dennis Bailey,Silver,PA,2024-10-09,5,83.0,Active
8810,Curtis Green,Gold,NY,2024-10-09,5,83.0,Active
8960,Michael Vasquez,Silver,IL,2024-10-09,7,83.0,Active
9180,Gabrielle Mendoza,Bronze,NC,2024-10-09,7,83.0,Active
9471,Brandon King,Silver,MD,2024-10-09,5,83.0,Active
9677,Jamie Oliver,Silver,MO,2024-10-09,12,83.0,Active
186,Rhonda Bush,Gold,VA,2024-10-10,10,82.0,Active
245,Susan Salazar,Gold,NC,2024-10-10,8,82.0,Active
250,Maria Hayes,Bronze,TX,2024-10-10,8,82.0,Active
400,Mark Mccoy,Bronze,MD,2024-10-10,10,82.0,Active
715,Kirk Valdez,Silver,AZ,2024-10-10,10,82.0,Active
818,Aaron Wright,Silver,VA,2024-10-10,8,82.0,Active
981,Edward Ross,Gold,MO,2024-10-10,11,82.0,Active
1194,Jacob Cobb,Gold,MO,2024-10-10,9,82.0,Active
1314,Michael Williams,Silver,WI,2024-10-10,6,82.0,Active
1559,James Norris,Platinum,NY,2024-10-10,11,82.0,Active
1731,Joseph Jones,Bronze,NJ,2024-10-10,10,82.0,Active
1960,Terri Morse,Silver,GA,2024-10-10,9,82.0,Active
2061,Cynthia Mcdonald,Platinum,GA,2024-10-10,11,82.0,Active
2390,Patrick Gibson,Silver,AZ,2024-10-10,10,82.0,Active
2708,Jacqueline Walker,Bronze,MO,2024-10-10,4,82.0,Active
2760,Jessica Reed,Silver,WI,2024-10-10,3,82.0,Active
2954,Katie Pugh,Gold,TN,2024-10-10,5,82.0,Active
3111,Brianna Kline,Bronze,TN,2024-10-10,6,82.0,Active
3385,Jeanette Ramirez,Bronze,VA,2024-10-10,7,82.0,Active
3390,Sarah Little,Bronze,OH,2024-10-10,6,82.0,Active
3615,Phillip Roman,Silver,WA,2024-10-10,10,82.0,Active
3776,Carolyn Mclaughlin,Gold,CA,2024-10-10,9,82.0,Active
4134,Timothy Cooper,Gold,PA,2024-10-10,11,82.0,Active
4334,Matthew Berg,Bronze,TN,2024-10-10,8,82.0,Active
4617,Paul Evans,Bronze,NC,2024-10-10,7,82.0,Active
4921,Timothy Brooks,Platinum,FL,2024-10-10,6,82.0,Active
4954,Kari Malone,Silver,MI,2024-10-10,4,82.0,Active
5046,Jake Thompson,Bronze,MI,2024-10-10,8,82.0,Active
5216,Deborah Bennett,Silver,NJ,2024-10-10,12,82.0,Active
5321,Kaitlin Hunt,Bronze,WI,2024-10-10,11,82.0,Active
6253,Henry Martinez,Bronze,NY,2024-10-10,9,82.0,Active
6311,Christopher Boone,Bronze,MI,2024-10-10,7,82.0,Active
6549,Joseph Hernandez,Bronze,GA,2024-10-10,7,82.0,Active
6643,Tammy Jones,Bronze,TN,2024-10-10,6,82.0,Active
6775,David Stein,Platinum,MA,2024-10-10,10,82.0,Active
6821,Crystal Wolf,Gold,WI,2024-10-10,3,82.0,Active
7081,Shawn Baird,Gold,NY,2024-10-10,12,82.0,Active
7621,Amy Kelley,Bronze,GA,2024-10-10,9,82.0,Active
7768,Catherine Thomas,Gold,OH,2024-10-10,7,82.0,Active
8124,Margaret Long,Silver,IL,2024-10-10,6,82.0,Active
8172,Christopher Jones,Bronze,IL,2024-10-10,10,82.0,Active
8309,Kathryn Hoover,Bronze,NY,2024-10-10,8,82.0,Active
8512,Kimberly Edwards,Silver,WI,2024-10-10,9,82.0,Active
8656,Amy Bryant,Platinum,VA,2024-10-10,5,82.0,Active
8674,William Shah,Bronze,PA,2024-10-10,7,82.0,Active
8929,Curtis Green,Gold,TX,2024-10-10,9,82.0,Active
9224,Joseph Le,Silver,IL,2024-10-10,7,82.0,Active
9303,Angela Dunlap,Gold,IL,2024-10-10,9,82.0,Active
139,Michele Jackson,Silver,MO,2024-10-11,4,81.0,Active
176,Joseph Cruz,Bronze,OH,2024-10-11,9,81.0,Active
713,Antonio Carter,Silver,MD,2024-10-11,4,81.0,Active
779,Ashley Oconnor,Silver,WI,2024-10-11,10,81.0,Active
1050,Gary Adams,Gold,TX,2024-10-11,9,81.0,Active
1051,Zachary Gross,Bronze,NY,2024-10-11,11,81.0,Active
1075,Regina Rivera,Bronze,MA,2024-10-11,8,81.0,Active
1395,Jeremy Adkins,Silver,NJ,2024-10-11,10,81.0,Active
1732,Kelly Rice,Platinum,TN,2024-10-11,9,81.0,Active
2074,Jane Johnson,Gold,NC,2024-10-11,11,81.0,Active
2084,Kelly Smith,Bronze,GA,2024-10-11,7,81.0,Active
2232,Julia Davis,Platinum,NY,2024-10-11,8,81.0,Active
2609,Christopher Stevens,Platinum,PA,2024-10-11,6,81.0,Active
2713,Angela Cole,Bronze,MI,2024-10-11,7,81.0,Active
2928,Carla Lewis,Bronze,TN,2024-10-11,7,81.0,Active
3762,Natasha Macias,Platinum,TX,2024-10-11,11,81.0,Active
3923,Matthew Robinson,Bronze,FL,2024-10-11,4,81.0,Active
4585,Debbie Shelton,Silver,WI,2024-10-11,7,81.0,Active
4674,Nancy Frazier,Silver,GA,2024-10-11,11,81.0,Active
4928,Andrew Douglas,Bronze,CA,2024-10-11,9,81.0,Active
5133,Jacob Meyer,Bronze,TX,2024-10-11,5,81.0,Active
5461,Bruce May,Silver,CA,2024-10-11,6,81.0,Active
6060,David Frye,Bronze,VA,2024-10-11,10,81.0,Active
6505,Derek Collins,Gold,MA,2024-10-11,5,81.0,Active
6655,Jonathan Herrera,Bronze,MD,2024-10-11,7,81.0,Active
6700,Amanda Wilson,Bronze,CA,2024-10-11,11,81.0,Active
6977,Lori Dougherty,Bronze,TX,2024-10-11,10,81.0,Active
7050,Danny Martinez,Bronze,NJ,2024-10-11,2,81.0,Active
7168,Dakota Lopez,Silver,NY,2024-10-11,5,81.0,Active
8121,Regina Stewart,Bronze,PA,2024-10-11,3,81.0,Active
8212,Mark Spence,Gold,WI,2024-10-11,11,81.0,Active
8411,Jennifer Johnson,Platinum,VA,2024-10-11,11,81.0,Active
8681,John Erickson,Gold,WI,2024-10-11,10,81.0,Active
9414,Sandra Schmidt,Silver,IN,2024-10-11,7,81.0,Active
615,Corey Knapp,Platinum,NC,2024-10-12,6,80.0,Active
670,Sarah Clay,Bronze,IN,2024-10-12,11,80.0,Active
681,Lindsay Whitehead,Bronze,NC,2024-10-12,9,80.0,Active
1083,Angela Cohen,Silver,FL,2024-10-12,7,80.0,Active
1331,Dawn Garcia,Silver,CA,2024-10-12,8,80.0,Active
1654,Michelle Robinson,Bronze,WI,2024-10-12,7,80.0,Active
2189,Kim Potter,Bronze,NC,2024-10-12,14,80.0,Active
2318,John Daniel,Gold,TX,2024-10-12,7,80.0,Active
2343,Kimberly Rosales,Silver,PA,2024-10-12,5,80.0,Active
2436,Stephanie Mcbride,Bronze,FL,2024-10-12,11,80.0,Active
2630,Melissa Hicks,Platinum,NC,2024-10-12,8,80.0,Active
2632,Mary Armstrong,Platinum,PA,2024-10-12,6,80.0,Active
2639,Valerie Fisher,Bronze,IL,2024-10-12,7,80.0,Active
2767,Deborah Fox,Bronze,MO,2024-10-12,10,80.0,Active
2905,David Williamson,Silver,IL,2024-10-12,7,80.0,Active
3113,Jennifer Lewis,Gold,WI,2024-10-12,6,80.0,Active
3709,Nicholas Nichols,Bronze,TX,2024-10-12,13,80.0,Active
3727,Angela Wheeler,Bronze,TX,2024-10-12,7,80.0,Active
3950,Brittany Clarke,Bronze,GA,2024-10-12,7,80.0,Active
4122,Paul Johnson,Silver,CA,2024-10-12,7,80.0,Active
4518,Kelly Smith,Gold,PA,2024-10-12,9,80.0,Active
4646,Mary Hoffman,Silver,WI,2024-10-12,8,80.0,Active
4967,Jonathon Wilkinson,Bronze,AZ,2024-10-12,7,80.0,Active
4976,Madison Watkins,Silver,NC,2024-10-12,8,80.0,Active
5070,Scott Jackson,Gold,TN,2024-10-12,6,80.0,Active
5073,Jeffrey Suarez,Silver,AZ,2024-10-12,4,80.0,Active
5544,Jesus Watkins,Bronze,MO,2024-10-12,6,80.0,Active
5665,David Nguyen,Bronze,AZ,2024-10-12,7,80.0,Active
5720,Jose Rodriguez,Gold,VA,2024-10-12,6,80.0,Active
6331,Jason Brown,Platinum,IL,2024-10-12,10,80.0,Active
6351,Crystal Lawrence,Silver,MD,2024-10-12,8,80.0,Active
6536,Jessica Clark,Gold,CA,2024-10-12,9,80.0,Active
7029,Vincent Gilmore,Silver,TN,2024-10-12,12,80.0,Active
7132,Kim Estrada,Bronze,MA,2024-10-12,5,80.0,Active
7162,Aaron Duran,Silver,CA,2024-10-12,10,80.0,Active
7176,Paige Lewis,Bronze,GA,2024-10-12,4,80.0,Active
7358,John Underwood,Bronze,AZ,2024-10-12,9,80.0,Active
7759,Martha Green,Bronze,TN,2024-10-12,12,80.0,Active
7981,Kevin Callahan,Silver,MD,2024-10-12,9,80.0,Active
8003,Erik Monroe,Platinum,WI,2024-10-12,10,80.0,Active
8786,Ashley Molina,Platinum,NC,2024-10-12,6,80.0,Active
9288,Joseph Donaldson,Silver,MA,2024-10-12,7,80.0,Active
9618,Connor Dickson,Bronze,TX,2024-10-12,3,80.0,Active
9963,Lance Mccoy,Gold,GA,2024-10-12,10,80.0,Active
78,Kimberly Diaz,Platinum,GA,2024-10-13,10,79.0,Active
131,Clarence Ward,Gold,FL,2024-10-13,7,79.0,Active
136,Jennifer Wang,Bronze,IN,2024-10-13,14,79.0,Active
156,Collin Clark,Gold,AZ,2024-10-13,7,79.0,Active
732,Betty Coffey,Bronze,NJ,2024-10-13,8,79.0,Active
827,Danielle Conley,Silver,TN,2024-10-13,13,79.0,Active
1107,Madison Hampton,Silver,MD,2024-10-13,6,79.0,Active
1562,Lauren Cruz,Silver,IN,2024-10-13,8,79.0,Active
1772,Kevin Moore,Bronze,TX,2024-10-13,12,79.0,Active
1909,Jill Edwards,Platinum,TX,2024-10-13,8,79.0,Active
1972,Dennis Diaz,Bronze,CA,2024-10-13,6,79.0,Active
2105,Maurice Martinez,Silver,WI,2024-10-13,9,79.0,Active
2120,Summer Torres,Silver,GA,2024-10-13,7,79.0,Active
2817,Nathaniel Gould,Bronze,MO,2024-10-13,8,79.0,Active
2872,Kristy Richards,Gold,NJ,2024-10-13,11,79.0,Active
3355,Michael Wilson,Silver,WA,2024-10-13,12,79.0,Active
3376,Stacey Schneider,Platinum,MD,2024-10-13,7,79.0,Active
3517,Michelle Pacheco,Platinum,MI,2024-10-13,9,79.0,Active
4008,Antonio Wiggins,Silver,TN,2024-10-13,8,79.0,Active
4594,Erin Campbell,Platinum,AZ,2024-10-13,6,79.0,Active
5210,Jerry Wade,Bronze,OH,2024-10-13,8,79.0,Active
5258,Gary Clark,Silver,FL,2024-10-13,4,79.0,Active
5521,Jessica Humphrey,Silver,AZ,2024-10-13,9,79.0,Active
5675,William Smith,Bronze,NC,2024-10-13,8,79.0,Active
5756,Robert Garcia,Silver,MI,2024-10-13,10,79.0,Active
6162,Lynn Moore,Silver,NC,2024-10-13,8,79.0,Active
6385,Judith Wade,Gold,VA,2024-10-13,7,79.0,Active
6465,James Colon,Bronze,GA,2024-10-13,11,79.0,Active
6597,Deanna Powell,Gold,TN,2024-10-13,4,79.0,Active
6621,Joshua Duke,Silver,MI,2024-10-13,9,79.0,Active
6729,Kelly Hart,Silver,TN,2024-10-13,10,79.0,Active
7105,Tammy Hall,Bronze,IN,2024-10-13,5,79.0,Active
7312,Riley Bryant,Bronze,NC,2024-10-13,5,79.0,Active
7715,Nathan Bell,Platinum,VA,2024-10-13,6,79.0,Active
8077,Courtney Moore,Gold,NC,2024-10-13,7,79.0,Active
9082,Erik Weber,Bronze,TN,2024-10-13,8,79.0,Active
9364,Aaron Robertson,Platinum,TN,2024-10-13,8,79.0,Active
251,Jessica Davis,Silver,IN,2024-10-14,8,78.0,Active
287,Courtney Patton,Silver,MA,2024-10-14,12,78.0,Active
443,Laura Benson,Silver,IN,2024-10-14,6,78.0,Active
636,Daniel Brown,Bronze,TX,2024-10-14,11,78.0,Active
649,Chad Aguilar,Gold,VA,2024-10-14,5,78.0,Active
879,Kendra Gordon,Silver,PA,2024-10-14,9,78.0,Active
999,Stephen Johnson,Bronze,GA,2024-10-14,6,78.0,Active
1108,John Smith,Silver,FL,2024-10-14,8,78.0,Active
1457,Wendy Morris,Platinum,NJ,2024-10-14,11,78.0,Active
1624,Ashley Hill,Bronze,MD,2024-10-14,8,78.0,Active
1757,Michael Rhodes,Silver,MO,2024-10-14,9,78.0,Active
1846,Sean Crane,Platinum,PA,2024-10-14,10,78.0,Active
2149,Anna Cervantes,Bronze,IL,2024-10-14,6,78.0,Active
2628,Andrea Terry,Gold,NY,2024-10-14,5,78.0,Active
2965,Juan Wall,Silver,NC,2024-10-14,13,78.0,Active
3212,Taylor Soto,Bronze,MA,2024-10-14,3,78.0,Active
3374,Tyler Smith,Bronze,GA,2024-10-14,6,78.0,Active
3468,Meghan Jacobs,Gold,GA,2024-10-14,10,78.0,Active
3537,Ricky Wood,Bronze,WA,2024-10-14,15,78.0,Active
3540,Christine Ponce,Silver,MA,2024-10-14,5,78.0,Active
3668,Amy Bird,Bronze,MO,2024-10-14,9,78.0,Active
4159,Phillip Johnson,Silver,WA,2024-10-14,9,78.0,Active
4577,Douglas Sanchez,Bronze,PA,2024-10-14,11,78.0,Active
5206,Linda Ross,Bronze,NY,2024-10-14,5,78.0,Active
5251,Danielle Davis,Bronze,WI,2024-10-14,10,78.0,Active
5672,Benjamin Bean,Bronze,OH,2024-10-14,7,78.0,Active
5769,Scott Martin,Silver,MA,2024-10-14,9,78.0,Active
6081,Melissa Frye,Gold,OH,2024-10-14,6,78.0,Active
6104,Susan Waters,Platinum,MD,2024-10-14,5,78.0,Active
6470,Stacy Garcia,Gold,CA,2024-10-14,9,78.0,Active
6644,Ashley Rojas,Gold,MI,2024-10-14,6,78.0,Active
7274,Andrea Smith,Silver,MD,2024-10-14,8,78.0,Active
7346,Ryan Wright,Gold,WI,2024-10-14,11,78.0,Active
7794,Gabrielle Steele,Silver,MA,2024-10-14,6,78.0,Active
8025,Ann Brown,Silver,MD,2024-10-14,5,78.0,Active
8037,Rebecca Todd,Silver,CA,2024-10-14,5,78.0,Active
8256,Debra Bates,Platinum,NY,2024-10-14,5,78.0,Active
8383,Joshua Villegas,Bronze,OH,2024-10-14,8,78.0,Active
8704,Pamela Perkins,Bronze,CA,2024-10-14,7,78.0,Active
8806,Jonathon Daniel,Silver,NJ,2024-10-14,6,78.0,Active
8832,Amanda Baker,Platinum,OH,2024-10-14,4,78.0,Active
9019,Lisa Jones,Gold,GA,2024-10-14,10,78.0,Active
9654,Susan Rodriguez,Bronze,GA,2024-10-14,5,78.0,Active
9910,David Fox,Gold,AZ,2024-10-14,8,78.0,Active
217,Cole Garner,Silver,WI,2024-10-15,11,77.0,Active
397,Austin Leonard,Gold,NY,2024-10-15,7,77.0,Active
1635,Heather Sanders,Bronze,MI,2024-10-15,11,77.0,Active
2990,Michael Grimes,Bronze,NY,2024-10-15,6,77.0,Active
3354,Jimmy Stephens,Silver,NC,2024-10-15,5,77.0,Active
3769,Chad Walker,Bronze,MA,2024-10-15,13,77.0,Active
4040,Johnny Stark,Bronze,TX,2024-10-15,3,77.0,Active
4073,Mark Reed,Silver,AZ,2024-10-15,10,77.0,Active
4242,Jon Anderson,Platinum,MO,2024-10-15,11,77.0,Active
4264,Justin Diaz,Bronze,TN,2024-10-15,7,77.0,Active
4741,James Rios,Gold,NJ,2024-10-15,11,77.0,Active
5796,Rebecca Carson,Silver,NJ,2024-10-15,12,77.0,Active
5844,Julie Peters,Silver,FL,2024-10-15,13,77.0,Active
5963,Elizabeth Hodges,Bronze,FL,2024-10-15,11,77.0,Active
6330,Tracy Crawford,Silver,IL,2024-10-15,10,77.0,Active
6794,Laura Adams,Gold,FL,2024-10-15,6,77.0,Active
6918,Kaitlyn Phillips,Platinum,NC,2024-10-15,6,77.0,Active
7057,Ricky Jackson,Platinum,GA,2024-10-15,4,77.0,Active
7293,Christopher Rodriguez,Silver,VA,2024-10-15,11,77.0,Active
8167,Jesse Schwartz,Bronze,MO,2024-10-15,8,77.0,Active
8895,Jamie Green,Bronze,AZ,2024-10-15,6,77.0,Active
9039,Nathan Thornton,Platinum,PA,2024-10-15,12,77.0,Active
9400,David Ellis,Bronze,OH,2024-10-15,6,77.0,Active
9588,Brett Harris,Bronze,PA,2024-10-15,5,77.0,Active
216,Thomas Smith,Silver,NY,2024-10-16,7,76.0,Active
440,Patty White,Platinum,PA,2024-10-16,9,76.0,Active
581,Cynthia Alvarez,Gold,CA,2024-10-16,6,76.0,Active
808,Justin Anderson,Gold,MD,2024-10-16,7,76.0,Active
1227,Mackenzie Gomez,Platinum,MI,2024-10-16,8,76.0,Active
1274,David Dunn,Bronze,NY,2024-10-16,3,76.0,Active
1377,Diana Cruz,Platinum,MA,2024-10-16,6,76.0,Active
1503,Yvonne Chase,Gold,MD,2024-10-16,4,76.0,Active
1507,Michelle Peck,Gold,TX,2024-10-16,10,76.0,Active
1657,Sherry Perez,Silver,NC,2024-10-16,9,76.0,Active
2164,Brandi Hudson,Bronze,MI,2024-10-16,4,76.0,Active
2317,Linda Roberts,Bronze,IL,2024-10-16,8,76.0,Active
2438,Megan Ali,Bronze,NC,2024-10-16,7,76.0,Active
2784,James Mccarthy,Bronze,CA,2024-10-16,11,76.0,Active
4000,Tammy Guzman,Platinum,MO,2024-10-16,18,76.0,Active
4197,Lori Walls,Silver,AZ,2024-10-16,8,76.0,Active
4538,Benjamin Welch,Platinum,AZ,2024-10-16,8,76.0,Active
4712,Richard Ramirez,Bronze,MA,2024-10-16,4,76.0,Active
4715,Jennifer Patterson,Silver,IL,2024-10-16,8,76.0,Active
4872,Lindsey Floyd,Bronze,OH,2024-10-16,5,76.0,Active
5598,Daniel Cox,Bronze,OH,2024-10-16,7,76.0,Active
6309,Megan Watson,Platinum,AZ,2024-10-16,12,76.0,Active
7696,Dennis Moody,Bronze,VA,2024-10-16,9,76.0,Active
8023,Mark Fox,Gold,OH,2024-10-16,6,76.0,Active
8032,Mark Gonzalez,Silver,WI,2024-10-16,8,76.0,Active
8611,Alexandra Haynes,Gold,TX,2024-10-16,11,76.0,Active
9151,Kyle Ramos,Silver,MO,2024-10-16,10,76.0,Active
9961,Jacqueline Mason,Silver,AZ,2024-10-16,7,76.0,Active
177,Nichole Acosta,Bronze,OH,2024-10-17,4,75.0,Active
198,Donna Faulkner,Silver,IL,2024-10-17,13,75.0,Active
650,Brendan Miller,Silver,NJ,2024-10-17,7,75.0,Active
1135,Jeremy Hines,Bronze,MA,2024-10-17,11,75.0,Active
1352,Alyssa Yu,Bronze,AZ,2024-10-17,5,75.0,Active
1354,Laurie Shaffer,Bronze,TX,2024-10-17,8,75.0,Active
2243,Douglas Davis,Gold,NY,2024-10-17,12,75.0,Active
2679,Madison Larson,Silver,TN,2024-10-17,10,75.0,Active
4147,Steven Lester,Platinum,MI,2024-10-17,9,75.0,Active
4163,Ashley Baker,Platinum,TX,2024-10-17,8,75.0,Active
5376,Tammy Thompson,Bronze,OH,2024-10-17,9,75.0,Active
5749,Laura Fischer,Bronze,MD,2024-10-17,8,75.0,Active
5773,Martha King,Bronze,IL,2024-10-17,7,75.0,Active
5864,Erin Chan,Platinum,MO,2024-10-17,7,75.0,Active
5992,Mallory Ray,Platinum,TN,2024-10-17,9,75.0,Active
6238,Michael Leach,Bronze,FL,2024-10-17,7,75.0,Active
6315,Dana Hughes,Gold,IN,2024-10-17,6,75.0,Active
6454,Christina Fox,Bronze,IN,2024-10-17,9,75.0,Active
6484,Alicia Kim,Silver,WA,2024-10-17,10,75.0,Active
6547,Michele Carter,Bronze,MD,2024-10-17,9,75.0,Active
6847,Megan Carter,Bronze,MA,2024-10-17,8,75.0,Active
7344,Allison Johnson,Silver,WA,2024-10-17,6,75.0,Active
7364,Regina Miller,Silver,WA,2024-10-17,7,75.0,Active
7656,Samantha Santana,Bronze,CA,2024-10-17,9,75.0,Active
8065,Johnny Lopez,Gold,VA,2024-10-17,7,75.0,Active
8185,Donald Davies,Bronze,OH,2024-10-17,10,75.0,Active
8186,Adam Wilkins,Gold,IN,2024-10-17,10,75.0,Active
8397,Sarah Rogers,Gold,TN,2024-10-17,6,75.0,Active
8488,Kathy Jones,Bronze,NJ,2024-10-17,9,75.0,Active
8553,Oscar Robbins,Silver,IN,2024-10-17,8,75.0,Active
9168,Larry Kent,Platinum,IL,2024-10-17,7,75.0,Active
9182,Danielle Bell,Silver,MO,2024-10-17,11,75.0,Active
9444,Angela Wilson,Bronze,VA,2024-10-17,6,75.0,Active
9534,Brenda Johnson,Bronze,IN,2024-10-17,11,75.0,Active
634,Marissa Lopez,Bronze,NY,2024-10-18,7,74.0,Active
702,Steven Holland,Gold,NJ,2024-10-18,10,74.0,Active
723,Connor Huynh,Silver,TN,2024-10-18,7,74.0,Active
910,Samuel Price,Gold,AZ,2024-10-18,7,74.0,Active
1147,David Farrell,Bronze,OH,2024-10-18,8,74.0,Active
1225,Danielle Smith,Gold,WA,2024-10-18,8,74.0,Active
1874,Jennifer Wilson,Gold,MI,2024-10-18,7,74.0,Active
2079,Michelle Jackson,Gold,MD,2024-10-18,5,74.0,Active
2608,Ashlee Ramirez,Gold,TX,2024-10-18,6,74.0,Active
2755,Tyler Garcia,Silver,TN,2024-10-18,5,74.0,Active
2880,Andrew Cruz,Platinum,FL,2024-10-18,19,74.0,Active
3650,Alan Nichols,Silver,GA,2024-10-18,10,74.0,Active
3788,Nancy Mcdonald,Platinum,CA,2024-10-18,6,74.0,Active
3952,Christopher Lopez,Bronze,MD,2024-10-18,10,74.0,Active
5347,James Cabrera,Silver,TN,2024-10-18,10,74.0,Active
5477,Justin Wagner,Silver,WA,2024-10-18,8,74.0,Active
5631,Maria Mckee,Bronze,NJ,2024-10-18,9,74.0,Active
6347,Jeremy Olson,Silver,NC,2024-10-18,8,74.0,Active
6426,John James,Gold,MO,2024-10-18,7,74.0,Active
6837,Patricia Stanton,Gold,MI,2024-10-18,5,74.0,Active
7037,Taylor Logan,Bronze,TN,2024-10-18,7,74.0,Active
7059,Brian Jackson,Bronze,MO,2024-10-18,13,74.0,Active
7405,Julie Baker,Bronze,WA,2024-10-18,6,74.0,Active
7410,Karen Huber,Platinum,CA,2024-10-18,8,74.0,Active
7550,Peter Waters,Silver,WA,2024-10-18,8,74.0,Active
7586,Amanda Martinez,Bronze,NJ,2024-10-18,8,74.0,Active
7767,Jonathan Wheeler,Bronze,FL,2024-10-18,8,74.0,Active
9973,Kyle Lee,Silver,GA,2024-10-18,6,74.0,Active
280,Christina Rodriguez,Silver,CA,2024-10-19,4,73.0,Active
321,Jimmy Collins,Bronze,TX,2024-10-19,8,73.0,Active
1018,Katherine Kirby,Silver,TX,2024-10-19,7,73.0,Active
1290,Jeremy Wagner,Bronze,MO,2024-10-19,6,73.0,Active
1569,John Burke,Bronze,MI,2024-10-19,9,73.0,Active
2148,Tasha Wagner,Bronze,MA,2024-10-19,11,73.0,Active
3460,Debra Avery,Gold,TX,2024-10-19,7,73.0,Active
3498,Brian Harvey,Silver,VA,2024-10-19,9,73.0,Active
3639,Michael Washington,Silver,PA,2024-10-19,7,73.0,Active
3677,Abigail Sosa,Bronze,VA,2024-10-19,6,73.0,Active
3730,Cynthia Carter,Platinum,TN,2024-10-19,12,73.0,Active
3969,Donna Perkins,Bronze,MD,2024-10-19,7,73.0,Active
4102,Tanya Bates,Gold,WI,2024-10-19,11,73.0,Active
4511,Michelle Martinez,Silver,AZ,2024-10-19,12,73.0,Active
4679,Jane Brown,Silver,TN,2024-10-19,7,73.0,Active
4927,Samuel Ellis,Gold,WA,2024-10-19,8,73.0,Active
5202,Mckenzie Smith,Bronze,PA,2024-10-19,10,73.0,Active
5204,Lori Cook,Bronze,PA,2024-10-19,9,73.0,Active
5256,Alexander Peterson,Silver,MO,2024-10-19,8,73.0,Active
5271,Brian Bates,Silver,NC,2024-10-19,7,73.0,Active
5276,Jonathan Murphy,Silver,CA,2024-10-19,12,73.0,Active
5290,Kevin Bass,Silver,WA,2024-10-19,10,73.0,Active
5346,Christopher Powell,Bronze,TX,2024-10-19,7,73.0,Active
5555,Carlos Schmidt,Bronze,NY,2024-10-19,8,73.0,Active
6403,Michael Williams,Silver,AZ,2024-10-19,11,73.0,Active
6625,Brandi Woods,Bronze,WI,2024-10-19,7,73.0,Active
6785,Hector Bailey,Gold,AZ,2024-10-19,6,73.0,Active
7019,John Horton,Silver,WI,2024-10-19,8,73.0,Active
7085,Daniel Hanson,Bronze,TN,2024-10-19,3,73.0,Active
7212,Kathleen West,Silver,WI,2024-10-19,11,73.0,Active
8103,Marisa Anderson,Silver,PA,2024-10-19,12,73.0,Active
8359,James Garcia,Bronze,OH,2024-10-19,10,73.0,Active
8394,Lauren Johnson,Silver,IN,2024-10-19,6,73.0,Active
8508,Jeanette Bailey,Silver,OH,2024-10-19,5,73.0,Active
8851,Michelle Roberts,Silver,FL,2024-10-19,7,73.0,Active
9216,John Peterson,Gold,WA,2024-10-19,6,73.0,Active
9406,Whitney Jackson,Silver,IL,2024-10-19,8,73.0,Active
68,Stacey Tucker,Silver,AZ,2024-10-20,12,72.0,Active
488,Allen Murray,Gold,MA,2024-10-20,7,72.0,Active
531,Mary Fischer,Bronze,FL,2024-10-20,14,72.0,Active
744,Sara Baxter,Bronze,IL,2024-10-20,9,72.0,Active
1491,Timothy Johnson,Silver,FL,2024-10-20,5,72.0,Active
1625,Michael Shaw,Silver,MD,2024-10-20,16,72.0,Active
1955,Deanna Bates,Gold,OH,2024-10-20,8,72.0,Active
2123,Ricky Beltran,Gold,NC,2024-10-20,12,72.0,Active
2611,Aaron Gardner,Platinum,IN,2024-10-20,10,72.0,Active
2750,Douglas Khan,Silver,MI,2024-10-20,14,72.0,Active
3244,Suzanne Santos,Platinum,MI,2024-10-20,10,72.0,Active
3477,Jason Smith,Gold,MA,2024-10-20,12,72.0,Active
3863,Christine Johnson,Bronze,MO,2024-10-20,7,72.0,Active
4013,Shari Herrera,Silver,IL,2024-10-20,11,72.0,Active
4048,Tara Porter,Gold,TX,2024-10-20,8,72.0,Active
4157,Tanya Hood,Platinum,GA,2024-10-20,9,72.0,Active
4535,Emma Shepard,Silver,FL,2024-10-20,7,72.0,Active
4565,Jill Moran,Bronze,MO,2024-10-20,9,72.0,Active
4738,William Peterson,Gold,WA,2024-10-20,7,72.0,Active
4739,Tommy Hernandez,Silver,MI,2024-10-20,2,72.0,Active
4774,Hunter Rosales,Bronze,PA,2024-10-20,11,72.0,Active
4968,Laura Rodriguez,Bronze,MA,2024-10-20,7,72.0,Active
5125,Michelle Collins,Bronze,MA,2024-10-20,13,72.0,Active
5194,Kimberly Mckenzie,Gold,IL,2024-10-20,10,72.0,Active
5535,Sean Howell,Silver,GA,2024-10-20,10,72.0,Active
5627,Colleen Munoz,Gold,WI,2024-10-20,8,72.0,Active
6001,Anna Sims,Silver,TN,2024-10-20,11,72.0,Active
6445,Nathan Kelly,Silver,MD,2024-10-20,9,72.0,Active
6455,Danielle Harris,Bronze,TN,2024-10-20,10,72.0,Active
6578,Amanda Livingston,Platinum,MA,2024-10-20,9,72.0,Active
6740,Melanie Holmes,Gold,TX,2024-10-20,1,72.0,Active
7023,Lisa Weiss,Platinum,OH,2024-10-20,11,72.0,Active
7247,Michelle Ryan,Silver,NY,2024-10-20,4,72.0,Active
7619,Dawn King,Silver,NY,2024-10-20,5,72.0,Active
8112,Donna Riley,Bronze,IL,2024-10-20,8,72.0,Active
8156,Jennifer Roberts,Bronze,MD,2024-10-20,6,72.0,Active
8168,Donna Becker,Bronze,MD,2024-10-20,8,72.0,Active
8192,Mary Marquez,Bronze,GA,2024-10-20,6,72.0,Active
8296,Stephen Perez,Gold,NJ,2024-10-20,7,72.0,Active
8458,Shawn Gould,Gold,NY,2024-10-20,8,72.0,Active
8723,Matthew Moore,Gold,TN,2024-10-20,3,72.0,Active
8923,Billy Lang,Bronze,IL,2024-10-20,13,72.0,Active
9459,Derrick Hernandez,Silver,GA,2024-10-20,7,72.0,Active
9473,Adam Roberts,Bronze,MI,2024-10-20,5,72.0,Active
9861,Michelle Curry,Bronze,WA,2024-10-20,9,72.0,Active
67,Christopher Alvarado,Bronze,MA,2024-10-21,9,71.0,Active
644,Vanessa Cox,Platinum,AZ,2024-10-21,10,71.0,Active
683,Elizabeth Griffin,Silver,TN,2024-10-21,5,71.0,Active
741,George Moore,Silver,GA,2024-10-21,7,71.0,Active
775,William Dudley,Silver,CA,2024-10-21,9,71.0,Active
1164,Valerie Martinez,Bronze,WA,2024-10-21,4,71.0,Active
1321,Courtney Wilson,Silver,NY,2024-10-21,7,71.0,Active
1600,Joseph Donaldson,Platinum,OH,2024-10-21,9,71.0,Active
1982,Harry West,Silver,VA,2024-10-21,5,71.0,Active
2110,David Hale,Bronze,WA,2024-10-21,4,71.0,Active
2162,Daniel Sullivan,Bronze,WA,2024-10-21,7,71.0,Active
2179,Joann Ayers,Gold,WI,2024-10-21,9,71.0,Active
3186,John Frost,Bronze,MI,2024-10-21,9,71.0,Active
3217,Sarah Harvey,Silver,IN,2024-10-21,6,71.0,Active
3343,Omar Jackson,Gold,FL,2024-10-21,9,71.0,Active
3422,James Lynch,Bronze,GA,2024-10-21,8,71.0,Active
3796,Deborah Long,Bronze,OH,2024-10-21,7,71.0,Active
3809,Zachary Neal,Platinum,AZ,2024-10-21,9,71.0,Active
3855,Shannon Shah,Platinum,MO,2024-10-21,10,71.0,Active
4677,Paul Palmer,Platinum,AZ,2024-10-21,13,71.0,Active
5360,Sheryl Dickerson,Gold,TN,2024-10-21,8,71.0,Active
5453,Jason Collins,Bronze,NC,2024-10-21,6,71.0,Active
5507,Angel Morrison,Bronze,NY,2024-10-21,5,71.0,Active
5758,Thomas Brown,Silver,TN,2024-10-21,12,71.0,Active
5899,Larry Roach,Gold,WA,2024-10-21,11,71.0,Active
6336,Alexis West,Bronze,MD,2024-10-21,10,71.0,Active
6491,Carolyn Miller,Bronze,MO,2024-10-21,9,71.0,Active
6720,Christopher Vargas,Platinum,IN,2024-10-21,9,71.0,Active
7096,Kevin Poole,Silver,PA,2024-10-21,6,71.0,Active
7206,Andrew Carter,Bronze,MI,2024-10-21,9,71.0,Active
7598,Robert Wallace,Silver,AZ,2024-10-21,10,71.0,Active
8001,Dominique Huffman,Bronze,GA,2024-10-21,7,71.0,Active
8064,Michael Jones,Silver,WI,2024-10-21,12,71.0,Active
8556,Laura Hernandez,Silver,VA,2024-10-21,9,71.0,Active
8875,Thomas Reyes,Silver,IL,2024-10-21,9,71.0,Active
9501,Christopher Herrera,Bronze,NC,2024-10-21,4,71.0,Active
341,Justin Yates,Bronze,WI,2024-10-22,10,70.0,Active
412,Morgan Drake,Silver,NC,2024-10-22,9,70.0,Active
614,Betty Fletcher,Bronze,GA,2024-10-22,6,70.0,Active
620,Mitchell Mccullough,Platinum,NY,2024-10-22,8,70.0,Active
905,Nathan Williams,Bronze,MI,2024-10-22,11,70.0,Active
1160,Richard Hester,Gold,PA,2024-10-22,10,70.0,Active
1307,Rebecca Fowler,Bronze,TX,2024-10-22,10,70.0,Active
1327,Richard Chambers,Silver,VA,2024-10-22,8,70.0,Active
1348,Taylor White,Silver,PA,2024-10-22,8,70.0,Active
1355,Alison Collins,Silver,MI,2024-10-22,11,70.0,Active
1533,Amber Price,Silver,IL,2024-10-22,6,70.0,Active
1589,Lisa Fry,Bronze,MI,2024-10-22,7,70.0,Active
1597,Shelly Sims,Gold,NJ,2024-10-22,5,70.0,Active
2132,Edward Castro,Silver,MD,2024-10-22,7,70.0,Active
2155,Cole Henry,Gold,FL,2024-10-22,8,70.0,Active
2622,Jason Mclean,Silver,NJ,2024-10-22,7,70.0,Active
2862,Joshua Klein,Silver,WA,2024-10-22,11,70.0,Active
3016,Katherine Johnston,Bronze,OH,2024-10-22,13,70.0,Active
3128,Christopher Baker,Platinum,WI,2024-10-22,10,70.0,Active
3865,Charles Harris,Silver,MD,2024-10-22,6,70.0,Active
3973,Valerie Gonzalez,Platinum,TN,2024-10-22,5,70.0,Active
4018,Tyler Owens,Bronze,WA,2024-10-22,6,70.0,Active
4509,William Daniels,Bronze,NC,2024-10-22,8,70.0,Active
4736,Jesse Martinez,Bronze,PA,2024-10-22,7,70.0,Active
4850,Kevin Le,Bronze,MI,2024-10-22,7,70.0,Active
4876,Brandy Herman,Bronze,MO,2024-10-22,7,70.0,Active
5307,Deborah Pearson,Gold,MO,2024-10-22,6,70.0,Active
5499,Peter Serrano,Silver,CA,2024-10-22,9,70.0,Active
6037,Shannon Allen,Bronze,MO,2024-10-22,13,70.0,Active
6265,Andrew Kennedy,Platinum,VA,2024-10-22,3,70.0,Active
6327,Kathryn Bradley,Platinum,GA,2024-10-22,7,70.0,Active
6668,Jessica Ramos,Gold,IN,2024-10-22,13,70.0,Active
6922,Roberto Sanchez,Bronze,OH,2024-10-22,10,70.0,Active
7016,Steven Smith,Platinum,WI,2024-10-22,5,70.0,Active
7241,Lisa Wagner,Silver,PA,2024-10-22,8,70.0,Active
7341,Kristopher Torres,Gold,NC,2024-10-22,7,70.0,Active
7351,Erin Contreras,Silver,VA,2024-10-22,4,70.0,Active
7512,Nicole Villanueva,Platinum,WA,2024-10-22,10,70.0,Active
7699,Nicole Nguyen,Silver,MA,2024-10-22,15,70.0,Active
7966,Melissa Franco,Gold,VA,2024-10-22,10,70.0,Active
8182,James Russo,Bronze,MD,2024-10-22,12,70.0,Active
8203,Kevin Pena,Bronze,NJ,2024-10-22,8,70.0,Active
8371,Roger Cooper,Bronze,NJ,2024-10-22,5,70.0,Active
8445,Brian Alvarez,Bronze,AZ,2024-10-22,7,70.0,Active
8621,Anthony Martinez,Platinum,MI,2024-10-22,8,70.0,Active
8939,Kristen Garcia,Silver,WI,2024-10-22,10,70.0,Active
9021,Jose Robinson,Gold,TN,2024-10-22,8,70.0,Active
9034,Vanessa Mcknight,Bronze,VA,2024-10-22,11,70.0,Active
9458,Danielle Rodriguez,Gold,MI,2024-10-22,8,70.0,Active
9633,Melanie Gilmore,Bronze,CA,2024-10-22,9,70.0,Active
9637,Riley Maxwell,Silver,MA,2024-10-22,8,70.0,Active
9962,Michael Rhodes,Silver,MO,2024-10-22,3,70.0,Active
107,Ashley Sanchez,Bronze,WA,2024-10-23,9,69.0,Active
191,Richard Stewart,Bronze,MA,2024-10-23,3,69.0,Active
542,Jennifer Chavez,Silver,IN,2024-10-23,9,69.0,Active
707,Preston Williams,Bronze,WA,2024-10-23,6,69.0,Active
2051,Jenna Jones,Bronze,MO,2024-10-23,8,69.0,Active
2551,Stephanie Walton,Silver,GA,2024-10-23,5,69.0,Active
2658,Edward Padilla,Gold,VA,2024-10-23,12,69.0,Active
2895,Gary Brown,Bronze,VA,2024-10-23,8,69.0,Active
3265,Alexander Watts,Gold,GA,2024-10-23,7,69.0,Active
3288,Amber Salazar,Bronze,OH,2024-10-23,11,69.0,Active
3330,William Cooper,Platinum,MA,2024-10-23,7,69.0,Active
3565,Latoya Norris,Bronze,OH,2024-10-23,13,69.0,Active
3597,Lisa Flores,Silver,IL,2024-10-23,13,69.0,Active
3840,Sara Rivera,Silver,WA,2024-10-23,13,69.0,Active
3869,James Parks,Gold,TX,2024-10-23,14,69.0,Active
4098,Charles Robinson,Gold,TX,2024-10-23,9,69.0,Active
4315,William Taylor,Bronze,IL,2024-10-23,7,69.0,Active
4359,Brad Grimes,Silver,MD,2024-10-23,6,69.0,Active
4428,Scott Williams,Silver,IN,2024-10-23,8,69.0,Active
4700,Dale Silva,Bronze,IL,2024-10-23,11,69.0,Active
4709,Ian Davis,Bronze,NC,2024-10-23,10,69.0,Active
5246,Diane Rivera,Bronze,IL,2024-10-23,7,69.0,Active
5268,James Olson,Platinum,MO,2024-10-23,13,69.0,Active
6420,Gerald King,Silver,NC,2024-10-23,6,69.0,Active
6464,David Brown,Silver,TX,2024-10-23,10,69.0,Active
7003,Sierra Torres,Platinum,MD,2024-10-23,15,69.0,Active
7166,Sarah Lopez,Bronze,NJ,2024-10-23,7,69.0,Active
7234,Jeremy Bowen,Gold,GA,2024-10-23,8,69.0,Active
7605,Sheila Collins,Bronze,MA,2024-10-23,6,69.0,Active
7725,Alicia Turner,Platinum,MD,2024-10-23,6,69.0,Active
7776,Jason Martinez,Bronze,WA,2024-10-23,8,69.0,Active
7934,Vincent Gibbs,Gold,OH,2024-10-23,5,69.0,Active
8012,Caroline Gibson,Bronze,NY,2024-10-23,8,69.0,Active
8327,Vanessa Dominguez,Bronze,MI,2024-10-23,11,69.0,Active
8357,Christine Hayden,Platinum,GA,2024-10-23,7,69.0,Active
8740,Tiffany Johnson,Silver,NC,2024-10-23,8,69.0,Active
8916,Jessica Swanson,Silver,MA,2024-10-23,4,69.0,Active
9399,Eric Brown,Bronze,NJ,2024-10-23,8,69.0,Active
9446,Tonya Miller,Bronze,IL,2024-10-23,5,69.0,Active
9630,Jeffrey Stephens,Bronze,FL,2024-10-23,7,69.0,Active
9679,Monica Moreno,Platinum,TN,2024-10-23,10,69.0,Active
9686,Peter Dixon,Gold,MO,2024-10-23,15,69.0,Active
9771,Victoria Williams,Silver,PA,2024-10-23,11,69.0,Active
9777,Rhonda Morris,Silver,AZ,2024-10-23,8,69.0,Active
9811,Charles Clements,Bronze,GA,2024-10-23,5,69.0,Active
388,Sonya Underwood,Bronze,IN,2024-10-24,10,68.0,Active
411,Brandi Huerta,Bronze,PA,2024-10-24,12,68.0,Active
1047,James Henderson,Bronze,IN,2024-10-24,9,68.0,Active
2137,Rebecca Pearson,Platinum,MO,2024-10-24,9,68.0,Active
2150,Monica Beck,Gold,OH,2024-10-24,14,68.0,Active
2578,Nicole Collins,Bronze,NJ,2024-10-24,14,68.0,Active
2711,Danielle Jones,Gold,VA,2024-10-24,10,68.0,Active
2814,Edward Jones,Bronze,MD,2024-10-24,7,68.0,Active
3037,Amy Barnes,Silver,NJ,2024-10-24,8,68.0,Active
3131,David James,Gold,MD,2024-10-24,3,68.0,Active
3229,William Davis,Silver,MO,2024-10-24,10,68.0,Active
3567,Eric Kelly,Silver,MD,2024-10-24,9,68.0,Active
3731,Laura Parrish,Bronze,TN,2024-10-24,10,68.0,Active
3954,Brittney Wheeler,Silver,MD,2024-10-24,11,68.0,Active
4161,Sarah Holloway,Gold,WI,2024-10-24,10,68.0,Active
4545,Dustin Rodriguez,Bronze,FL,2024-10-24,5,68.0,Active
4583,Samuel Fox,Bronze,MA,2024-10-24,5,68.0,Active
5384,Alex Powers,Bronze,WI,2024-10-24,7,68.0,Active
6731,Julie Wright,Bronze,TN,2024-10-24,7,68.0,Active
7632,Amy Gutierrez,Bronze,NC,2024-10-24,13,68.0,Active
8194,Tim Sharp,Platinum,MA,2024-10-24,7,68.0,Active
8274,Stacey Wolfe,Bronze,MD,2024-10-24,8,68.0,Active
8293,Donna Bradford,Bronze,MA,2024-10-24,4,68.0,Active
8325,Madison Hernandez,Silver,WI,2024-10-24,5,68.0,Active
8561,Justin Simon,Silver,NJ,2024-10-24,4,68.0,Active
8870,Mark Hunt,Bronze,TX,2024-10-24,3,68.0,Active
9067,James Bailey,Platinum,MI,2024-10-24,11,68.0,Active
9097,Melissa Lee,Platinum,TX,2024-10-24,13,68.0,Active
9165,Mark Alexander,Silver,OH,2024-10-24,12,68.0,Active
9616,Michael Russell,Bronze,NC,2024-10-24,8,68.0,Active
9886,Colin Romero,Gold,MA,2024-10-24,9,68.0,Active
359,Donald Gray,Bronze,MA,2024-10-25,7,67.0,Active
949,David Clay,Bronze,OH,2024-10-25,8,67.0,Active
963,Kenneth Hill,Bronze,PA,2024-10-25,11,67.0,Active
982,Alejandro Marshall,Bronze,GA,2024-10-25,10,67.0,Active
1086,James Chase,Silver,GA,2024-10-25,6,67.0,Active
1148,Jason Johnston,Gold,WI,2024-10-25,10,67.0,Active
1262,Jocelyn Jarvis,Silver,GA,2024-10-25,10,67.0,Active
1477,Kevin Velez,Bronze,NJ,2024-10-25,9,67.0,Active
2165,Dawn Saunders,Gold,WA,2024-10-25,6,67.0,Active
2227,Alex Scott,Bronze,NY,2024-10-25,9,67.0,Active
2411,Jonathan Gross,Silver,WA,2024-10-25,11,67.0,Active
2559,Randy Porter,Silver,TN,2024-10-25,9,67.0,Active
2644,Carrie Scott,Bronze,MI,2024-10-25,17,67.0,Active
3685,Sarah Sanchez,Bronze,NY,2024-10-25,12,67.0,Active
3765,Amber Murphy,Silver,AZ,2024-10-25,5,67.0,Active
4856,Andrew Morse,Silver,MD,2024-10-25,6,67.0,Active
5164,Brent Graham,Gold,GA,2024-10-25,5,67.0,Active
5409,Joy Flores,Gold,IL,2024-10-25,5,67.0,Active
5543,Jasmine Anderson,Gold,WI,2024-10-25,11,67.0,Active
5722,Cheryl Johnson,Silver,AZ,2024-10-25,8,67.0,Active
5731,Shawn Nichols,Bronze,TX,2024-10-25,13,67.0,Active
5917,Sarah Ramirez,Bronze,TX,2024-10-25,7,67.0,Active
6195,Lauren Contreras,Bronze,FL,2024-10-25,5,67.0,Active
6196,David Miller,Gold,PA,2024-10-25,6,67.0,Active
6979,Patrick Hays,Silver,NY,2024-10-25,6,67.0,Active
7006,Melissa Richards,Platinum,TN,2024-10-25,9,67.0,Active
7135,Mary Garcia,Platinum,CA,2024-10-25,7,67.0,Active
7319,Joshua Mccall,Gold,IN,2024-10-25,7,67.0,Active
7773,Mario Johnson,Gold,TX,2024-10-25,6,67.0,Active
8467,Brittany Crawford,Bronze,TN,2024-10-25,10,67.0,Active
8518,Carolyn Ayers,Platinum,CA,2024-10-25,8,67.0,Active
8631,Martin Woodard,Gold,TN,2024-10-25,6,67.0,Active
8974,Jean Johnson,Bronze,MD,2024-10-25,8,67.0,Active
9046,Philip Landry,Bronze,NJ,2024-10-25,12,67.0,Active
9063,Melissa Oneal,Silver,TN,2024-10-25,16,67.0,Active
9179,Brett Clark,Silver,GA,2024-10-25,13,67.0,Active
9836,Lee Wilson,Bronze,CA,2024-10-25,6,67.0,Active
849,Jeremy Cole,Silver,MA,2024-10-26,10,66.0,Active
1097,Jenna Schmitt,Silver,GA,2024-10-26,7,66.0,Active
1256,Chloe Tyler,Bronze,MO,2024-10-26,10,66.0,Active
2986,Jessica Perez,Bronze,CA,2024-10-26,16,66.0,Active
3000,Karina Dixon,Silver,FL,2024-10-26,6,66.0,Active
3162,Kirsten King,Silver,WI,2024-10-26,10,66.0,Active
3723,Brandi Mason,Bronze,WA,2024-10-26,7,66.0,Active
4059,Tim Skinner,Gold,GA,2024-10-26,7,66.0,Active
4487,Scott Brooks,Gold,NY,2024-10-26,13,66.0,Active
4827,Ashley Lamb,Bronze,OH,2024-10-26,7,66.0,Active
5123,Michael Ramos,Bronze,AZ,2024-10-26,8,66.0,Active
5625,Larry Adams,Silver,PA,2024-10-26,7,66.0,Active
5714,Joshua Brewer,Platinum,OH,2024-10-26,11,66.0,Active
5816,Corey Murphy,Bronze,IL,2024-10-26,18,66.0,Active
5860,Derek Cook,Bronze,PA,2024-10-26,6,66.0,Active
6421,Karen Miranda,Bronze,TN,2024-10-26,9,66.0,Active
6446,Renee Mcgee,Silver,WA,2024-10-26,8,66.0,Active
6637,David Ruiz,Gold,IL,2024-10-26,8,66.0,Active
6648,Christopher Johnson,Gold,IL,2024-10-26,13,66.0,Active
7392,Nathan Butler,Gold,WA,2024-10-26,3,66.0,Active
7415,Kelly Gonzales,Gold,MA,2024-10-26,3,66.0,Active
7782,Kimberly Grant,Bronze,MD,2024-10-26,4,66.0,Active
7838,Connor Gardner,Gold,TN,2024-10-26,9,66.0,Active
8074,Christopher Jones,Silver,WA,2024-10-26,7,66.0,Active
8559,Hannah Rodriguez,Bronze,WA,2024-10-26,3,66.0,Active
8713,Susan Barker,Bronze,TN,2024-10-26,8,66.0,Active
9541,Justin Clark,Bronze,NC,2024-10-26,11,66.0,Active
9754,Jennifer Knight,Bronze,PA,2024-10-26,9,66.0,Active
9984,Leslie Harris,Bronze,MA,2024-10-26,8,66.0,Active
75,Tina Mendoza,Bronze,NC,2024-10-27,11,65.0,Active
119,Danielle Miller,Gold,AZ,2024-10-27,9,65.0,Active
285,Erika Nguyen,Bronze,NC,2024-10-27,7,65.0,Active
575,Keith Patel,Silver,MA,2024-10-27,9,65.0,Active
838,Melissa Wilson,Silver,PA,2024-10-27,8,65.0,Active
939,Caleb Mitchell,Platinum,MI,2024-10-27,13,65.0,Active
1114,Michelle Cross,Gold,MD,2024-10-27,2,65.0,Active
1308,Sharon Morris,Gold,AZ,2024-10-27,8,65.0,Active
1409,David Cruz,Gold,IL,2024-10-27,14,65.0,Active
1911,Michelle Morgan,Silver,CA,2024-10-27,5,65.0,Active
2217,Dana James,Platinum,NJ,2024-10-27,8,65.0,Active
2349,Patrick Robbins,Bronze,WA,2024-10-27,5,65.0,Active
2842,Sarah Bartlett,Silver,FL,2024-10-27,6,65.0,Active
3318,Jessica Aguilar,Silver,NC,2024-10-27,9,65.0,Active
4206,Kellie Wilson,Bronze,PA,2024-10-27,8,65.0,Active
4228,James Walker,Platinum,MO,2024-10-27,7,65.0,Active
4337,Jason White,Bronze,IL,2024-10-27,10,65.0,Active
4931,Elizabeth Clarke,Silver,IL,2024-10-27,10,65.0,Active
5014,Noah Martinez,Bronze,MA,2024-10-27,12,65.0,Active
5866,Scott Harris,Bronze,GA,2024-10-27,4,65.0,Active
6014,Troy Dunn,Gold,WA,2024-10-27,7,65.0,Active
6283,Rhonda Wright,Bronze,IN,2024-10-27,8,65.0,Active
6619,Renee Cruz,Platinum,CA,2024-10-27,5,65.0,Active
6853,Sheila Ross,Gold,IN,2024-10-27,5,65.0,Active
6947,Melvin Wong,Silver,NY,2024-10-27,9,65.0,Active
6978,David Smith,Silver,MA,2024-10-27,7,65.0,Active
7110,Robert Khan,Silver,NJ,2024-10-27,11,65.0,Active
7269,Derek Mcdowell,Silver,IL,2024-10-27,8,65.0,Active
7336,Taylor Zamora,Silver,MI,2024-10-27,6,65.0,Active
8543,Brandon Roach,Bronze,NY,2024-10-27,11,65.0,Active
8618,Julie Glass,Gold,NY,2024-10-27,7,65.0,Active
9004,Laura Watson,Platinum,IN,2024-10-27,8,65.0,Active
256,Lindsey Stephenson,Bronze,IN,2024-10-28,9,64.0,Active
295,Sierra Leonard,Silver,CA,2024-10-28,5,64.0,Active
770,Marissa Martin,Silver,GA,2024-10-28,6,64.0,Active
820,Haley Robertson,Gold,IN,2024-10-28,5,64.0,Active
974,Tyler Green,Silver,MI,2024-10-28,4,64.0,Active
1223,Brooke Little,Bronze,TN,2024-10-28,6,64.0,Active
1371,Henry Hall,Gold,NC,2024-10-28,12,64.0,Active
1406,Traci Smith,Silver,NC,2024-10-28,10,64.0,Active
1792,Austin Green,Silver,NY,2024-10-28,13,64.0,Active
2576,Hunter Walton,Bronze,MI,2024-10-28,6,64.0,Active
2772,Jacqueline Barker,Silver,VA,2024-10-28,6,64.0,Active
2782,Sara Watts,Bronze,MO,2024-10-28,2,64.0,Active
2893,Timothy White,Gold,TX,2024-10-28,7,64.0,Active
3024,Matthew Delacruz,Gold,OH,2024-10-28,7,64.0,Active
3177,Teresa York,Silver,VA,2024-10-28,5,64.0,Active
3466,Angela Blake,Bronze,NJ,2024-10-28,8,64.0,Active
3552,James Cline,Gold,PA,2024-10-28,10,64.0,Active
3669,Jason Sutton,Bronze,CA,2024-10-28,12,64.0,Active
3689,Albert Clarke,Bronze,NJ,2024-10-28,12,64.0,Active
3919,Joshua Sanchez,Platinum,WI,2024-10-28,7,64.0,Active
4285,Daniel Daniel,Bronze,GA,2024-10-28,7,64.0,Active
4640,John Gutierrez,Platinum,MD,2024-10-28,9,64.0,Active
5018,Michael Salinas,Silver,WA,2024-10-28,6,64.0,Active
5497,Eduardo Turner,Bronze,VA,2024-10-28,5,64.0,Active
5766,Darryl Torres,Gold,WA,2024-10-28,14,64.0,Active
6089,Joyce Soto,Bronze,WA,2024-10-28,6,64.0,Active
6150,Dean Lewis,Platinum,IN,2024-10-28,9,64.0,Active
7058,Rebecca Davis,Silver,AZ,2024-10-28,5,64.0,Active
7174,Daniel Gonzalez,Gold,MO,2024-10-28,4,64.0,Active
7245,Nancy Jones,Bronze,VA,2024-10-28,10,64.0,Active
7583,Courtney Beasley,Bronze,IN,2024-10-28,10,64.0,Active
7597,Ryan Fisher,Bronze,MO,2024-10-28,8,64.0,Active
7615,Jamie Jackson,Platinum,MD,2024-10-28,8,64.0,Active
7645,Shelly Smith,Gold,VA,2024-10-28,13,64.0,Active
7722,Christopher Gray,Gold,MD,2024-10-28,12,64.0,Active
8118,Justin Medina,Bronze,NC,2024-10-28,12,64.0,Active
8288,Gloria Torres,Platinum,IN,2024-10-28,15,64.0,Active
8843,Leah Mccann,Gold,VA,2024-10-28,3,64.0,Active
9029,Sarah Monroe,Silver,MD,2024-10-28,6,64.0,Active
9130,Sandra Burns,Bronze,GA,2024-10-28,8,64.0,Active
9513,Laura Arias,Platinum,GA,2024-10-28,12,64.0,Active
9759,Richard Rogers,Bronze,PA,2024-10-28,6,64.0,Active
135,Brittney Rice,Silver,TX,2024-10-29,4,63.0,Active
379,Miguel Smith,Silver,FL,2024-10-29,9,63.0,Active
855,Charles Johnson,Silver,FL,2024-10-29,8,63.0,Active
884,Cheryl Walker,Platinum,MD,2024-10-29,9,63.0,Active
987,Amber Rodriguez,Gold,PA,2024-10-29,5,63.0,Active
1696,Samantha Fuentes,Bronze,TN,2024-10-29,13,63.0,Active
1904,Sierra Clark,Bronze,FL,2024-10-29,9,63.0,Active
1963,Bruce Burch,Gold,NJ,2024-10-29,7,63.0,Active
2434,Robert Smith,Bronze,MI,2024-10-29,4,63.0,Active
3418,Rodney Sutton,Silver,AZ,2024-10-29,8,63.0,Active
3511,Derrick Rivers,Bronze,AZ,2024-10-29,8,63.0,Active
3529,Raymond Shaffer,Silver,NC,2024-10-29,8,63.0,Active
3905,Brian Underwood,Silver,TX,2024-10-29,10,63.0,Active
3996,Mary Mason,Gold,IL,2024-10-29,9,63.0,Active
4001,Denise Sanchez,Bronze,VA,2024-10-29,8,63.0,Active
4004,Logan Berger,Bronze,NY,2024-10-29,4,63.0,Active
4045,Jon Price,Bronze,OH,2024-10-29,9,63.0,Active
4945,Julia Barker,Bronze,WI,2024-10-29,11,63.0,Active
5606,David Smith,Bronze,WA,2024-10-29,3,63.0,Active
5724,Timothy Moyer,Gold,NY,2024-10-29,8,63.0,Active
5787,Adam Esparza,Silver,MA,2024-10-29,5,63.0,Active
5905,David Lyons,Gold,MO,2024-10-29,11,63.0,Active
5976,Patrick Thomas,Bronze,MI,2024-10-29,9,63.0,Active
6110,Caroline Bass,Silver,CA,2024-10-29,4,63.0,Active
6184,Michael Baird,Bronze,TX,2024-10-29,7,63.0,Active
6208,Angelica Griffith,Bronze,TN,2024-10-29,7,63.0,Active
6606,Michele Golden,Silver,VA,2024-10-29,5,63.0,Active
6645,Sean Morrison,Bronze,IN,2024-10-29,8,63.0,Active
6756,Steven Burns,Bronze,MI,2024-10-29,4,63.0,Active
6811,Carrie Oneal,Silver,WA,2024-10-29,8,63.0,Active
6824,Adrian Juarez,Bronze,PA,2024-10-29,13,63.0,Active
7231,Lauren Hart,Gold,MA,2024-10-29,7,63.0,Active
7268,Charles Atkins,Bronze,IN,2024-10-29,6,63.0,Active
7546,Kristine Vance,Gold,MD,2024-10-29,6,63.0,Active
8270,Alicia Murphy,Bronze,MO,2024-10-29,5,63.0,Active
8538,Brian Mclean,Gold,MI,2024-10-29,7,63.0,Active
9266,Alexander Carter,Silver,NJ,2024-10-29,9,63.0,Active
9320,Elizabeth Morrow,Bronze,NY,2024-10-29,13,63.0,Active
9337,David Price,Silver,PA,2024-10-29,10,63.0,Active
9438,Jonathan Good,Platinum,IL,2024-10-29,7,63.0,Active
9604,Jessica Smith,Bronze,NY,2024-10-29,5,63.0,Active
9629,Elizabeth Miller,Bronze,VA,2024-10-29,9,63.0,Active
9784,Robert Howell,Bronze,OH,2024-10-29,19,63.0,Active
9913,Erica Meza,Silver,GA,2024-10-29,11,63.0,Active
841,Amanda Murray,Bronze,GA,2024-10-30,8,62.0,Active
1176,Donald Robinson,Gold,MA,2024-10-30,7,62.0,Active
1182,Bonnie Peterson,Silver,MO,2024-10-30,3,62.0,Active
1203,Michael Murphy,Silver,IN,2024-10-30,10,62.0,Active
1292,Teresa Spencer,Bronze,MO,2024-10-30,7,62.0,Active
1300,Sheila Thomas,Bronze,IN,2024-10-30,4,62.0,Active
1825,Carol Sullivan,Bronze,NC,2024-10-30,7,62.0,Active
2119,Tyler Brown,Bronze,MD,2024-10-30,9,62.0,Active
2360,Mike Trujillo,Silver,GA,2024-10-30,8,62.0,Active
2416,Stephen Perez,Gold,TN,2024-10-30,8,62.0,Active
2492,Amanda Lopez,Bronze,AZ,2024-10-30,12,62.0,Active
2780,Tamara Rodgers,Silver,TN,2024-10-30,5,62.0,Active
2834,Robert Charles,Bronze,GA,2024-10-30,8,62.0,Active
2963,Angela Jones,Bronze,IL,2024-10-30,10,62.0,Active
3093,Michael Anderson,Bronze,IL,2024-10-30,12,62.0,Active
3245,Roy Smith,Silver,CA,2024-10-30,4,62.0,Active
3432,Christina Anderson,Silver,WI,2024-10-30,12,62.0,Active
3563,Mackenzie Morgan,Silver,VA,2024-10-30,6,62.0,Active
3571,Melissa Cummings,Platinum,TN,2024-10-30,6,62.0,Active
3612,David Oliver,Silver,TN,2024-10-30,12,62.0,Active
3638,Nicholas Johns,Gold,TN,2024-10-30,10,62.0,Active
3702,Jeffery Gonzalez,Silver,IL,2024-10-30,10,62.0,Active
4254,Angela Harvey,Bronze,OH,2024-10-30,10,62.0,Active
4783,Gabriel Wilson,Silver,IL,2024-10-30,8,62.0,Active
5005,Taylor Wu,Silver,MI,2024-10-30,11,62.0,Active
5220,Jean Dickerson,Gold,FL,2024-10-30,4,62.0,Active
5282,Jeffrey Davis,Bronze,OH,2024-10-30,10,62.0,Active
5355,Kristy Walsh,Silver,TN,2024-10-30,10,62.0,Active
5408,Todd Clark,Bronze,PA,2024-10-30,6,62.0,Active
5621,Abigail Johnson,Gold,OH,2024-10-30,8,62.0,Active
5931,Joseph Cordova,Gold,MD,2024-10-30,6,62.0,Active
5935,Edward Thomas,Bronze,IN,2024-10-30,6,62.0,Active
5988,Craig Thompson,Bronze,NC,2024-10-30,10,62.0,Active
6024,Brett Rangel,Gold,TN,2024-10-30,10,62.0,Active
6088,Pamela Gray,Bronze,GA,2024-10-30,8,62.0,Active
6333,Jasmin Lynch,Bronze,PA,2024-10-30,9,62.0,Active
7025,Hector Wiggins,Bronze,TX,2024-10-30,12,62.0,Active
7485,Cheryl Terry,Bronze,GA,2024-10-30,10,62.0,Active
8207,Angela Herrera,Gold,MD,2024-10-30,8,62.0,Active
8642,Nathaniel Cardenas,Silver,CA,2024-10-30,8,62.0,Active
8782,Christopher Garcia,Silver,MO,2024-10-30,5,62.0,Active
8952,Michael Dixon,Gold,CA,2024-10-30,10,62.0,Active
9307,Christopher Shelton,Bronze,CA,2024-10-30,11,62.0,Active
9593,Manuel Smith,Bronze,CA,2024-10-30,10,62.0,Active
9911,Troy Murphy,Silver,WA,2024-10-30,8,62.0,Active
56,Amy Nguyen,Bronze,GA,2024-10-31,12,61.0,Active
128,Mario Padilla,Platinum,MD,2024-10-31,3,61.0,Active
478,Christopher Holt,Silver,MI,2024-10-31,8,61.0,Active
662,Nicholas Johnson,Bronze,MA,2024-10-31,8,61.0,Active
697,Jennifer Johnson,Platinum,FL,2024-10-31,5,61.0,Active
990,Robert Hill,Silver,MI,2024-10-31,5,61.0,Active
1156,Tiffany Werner,Bronze,WA,2024-10-31,14,61.0,Active
1403,Barbara Gibbs,Platinum,NY,2024-10-31,9,61.0,Active
1653,Jesse Choi,Bronze,MI,2024-10-31,10,61.0,Active
1694,Penny Montoya,Silver,NY,2024-10-31,8,61.0,Active
2147,Michael Fletcher,Silver,VA,2024-10-31,5,61.0,Active
2552,Sarah Golden,Silver,PA,2024-10-31,7,61.0,Active
2806,Jose Taylor,Silver,CA,2024-10-31,14,61.0,Active
3017,William Hodge,Silver,TN,2024-10-31,5,61.0,Active
3215,Sara Reynolds,Bronze,FL,2024-10-31,7,61.0,Active
3515,John Patel,Bronze,NJ,2024-10-31,8,61.0,Active
3726,Christopher Estrada,Bronze,IL,2024-10-31,5,61.0,Active
3748,Gregory Davis,Bronze,OH,2024-10-31,7,61.0,Active
3817,Laurie Martinez,Bronze,MD,2024-10-31,9,61.0,Active
4351,Stephanie Patel,Silver,NC,2024-10-31,8,61.0,Active
4757,Sheila Romero,Bronze,IL,2024-10-31,4,61.0,Active
4803,Deborah Payne,Bronze,MD,2024-10-31,9,61.0,Active
4922,Janice Sanders,Bronze,MI,2024-10-31,12,61.0,Active
5414,Courtney Russell,Silver,NJ,2024-10-31,9,61.0,Active
5792,Aaron Mills,Bronze,PA,2024-10-31,9,61.0,Active
6416,Justin Barrera,Silver,WA,2024-10-31,11,61.0,Active
6512,Laura Howell,Bronze,GA,2024-10-31,12,61.0,Active
6567,Shannon Scott,Bronze,CA,2024-10-31,9,61.0,Active
6862,Matthew Armstrong,Silver,CA,2024-10-31,8,61.0,Active
7167,David Fletcher,Bronze,NY,2024-10-31,13,61.0,Active
7263,Yolanda Grant,Silver,NY,2024-10-31,9,61.0,Active
7418,Jessica Nguyen,Platinum,MI,2024-10-31,6,61.0,Active
7935,Danielle Douglas,Silver,NY,2024-10-31,6,61.0,Active
7965,Timothy Thomas,Silver,OH,2024-10-31,7,61.0,Active
8076,Jennifer Watkins,Gold,GA,2024-10-31,4,61.0,Active
8320,Michael King,Silver,WI,2024-10-31,12,61.0,Active
8469,Valerie Flores,Bronze,MI,2024-10-31,6,61.0,Active
8686,Christopher Moore,Silver,VA,2024-10-31,7,61.0,Active
8724,Billy Allen,Bronze,WI,2024-10-31,5,61.0,Active
8859,Nicholas Stevens,Bronze,VA,2024-10-31,13,61.0,Active
8940,Lisa Snyder,Bronze,OH,2024-10-31,8,61.0,Active
8996,Erik Medina,Gold,CA,2024-10-31,6,61.0,Active
9104,Sarah Stein,Bronze,FL,2024-10-31,14,61.0,Active
9281,Jennifer Moore,Bronze,NY,2024-10-31,10,61.0,Active
9710,Kathleen Williams,Bronze,FL,2024-10-31,8,61.0,Active
218,Patrick Mitchell,Bronze,MI,2024-11-01,5,60.0,Active
275,Sarah Moore,Silver,NJ,2024-11-01,9,60.0,Active
947,Christine Washington,Gold,OH,2024-11-01,9,60.0,Active
962,Teresa Peterson,Silver,AZ,2024-11-01,7,60.0,Active
997,Tasha Jenkins,Gold,MD,2024-11-01,3,60.0,Active
1461,Joe Smith,Bronze,PA,2024-11-01,6,60.0,Active
1939,Roger Nguyen,Silver,OH,2024-11-01,9,60.0,Active
2133,Shelia Johnson,Platinum,TX,2024-11-01,4,60.0,Active
2230,Jasmine Hoover,Silver,MI,2024-11-01,10,60.0,Active
2414,Sara Kelly,Gold,NC,2024-11-01,14,60.0,Active
2493,Donald Mcdonald,Silver,NY,2024-11-01,8,60.0,Active
2823,Stacy Thompson,Bronze,GA,2024-11-01,11,60.0,Active
3349,Stephen Brewer,Gold,MO,2024-11-01,8,60.0,Active
3847,Kenneth Hicks,Gold,WI,2024-11-01,3,60.0,Active
4520,Paul Sanchez,Bronze,AZ,2024-11-01,10,60.0,Active
4874,Scott Pope,Platinum,AZ,2024-11-01,4,60.0,Active
4913,Jason Lopez,Bronze,FL,2024-11-01,11,60.0,Active
5156,Suzanne Alvarado,Gold,WA,2024-11-01,8,60.0,Active
5217,Isabel Wilkins,Platinum,TX,2024-11-01,14,60.0,Active
5422,Ivan Rogers,Silver,IN,2024-11-01,7,60.0,Active
5505,Ralph Lee,Gold,FL,2024-11-01,7,60.0,Active
6516,Collin Welch,Silver,VA,2024-11-01,9,60.0,Active
6630,John Barker,Gold,IN,2024-11-01,10,60.0,Active
6810,Matthew Leonard,Bronze,NJ,2024-11-01,9,60.0,Active
7079,Nancy Gutierrez,Gold,MI,2024-11-01,8,60.0,Active
7367,Brian Riddle,Silver,VA,2024-11-01,8,60.0,Active
7433,Brittany Jones,Gold,FL,2024-11-01,7,60.0,Active
7830,Mary Johnson,Bronze,PA,2024-11-01,9,60.0,Active
8260,Larry Taylor,Bronze,MO,2024-11-01,14,60.0,Active
8824,Brandon Ballard,Bronze,IL,2024-11-01,7,60.0,Active
9069,Stacy Khan,Bronze,GA,2024-11-01,6,60.0,Active
9235,Cassandra Young,Silver,GA,2024-11-01,17,60.0,Active
9241,Kelli Castro,Platinum,CA,2024-11-01,6,60.0,Active
9255,Kristin Hancock,Bronze,FL,2024-11-01,7,60.0,Active
9526,Cynthia Vega,Platinum,WI,2024-11-01,16,60.0,Active
9558,Holly Jensen,Bronze,TN,2024-11-01,6,60.0,Active
9660,Erica Weber,Silver,GA,2024-11-01,9,60.0,Active
77,Donna Parker,Platinum,MD,2024-11-02,8,59.0,Active
301,Amanda Martinez,Silver,WI,2024-11-02,10,59.0,Active
373,Jordan Hudson,Silver,IL,2024-11-02,9,59.0,Active
395,Shannon King,Silver,IL,2024-11-02,7,59.0,Active
588,Connie Rodriguez,Gold,WA,2024-11-02,9,59.0,Active
789,Allen Oliver,Bronze,FL,2024-11-02,4,59.0,Active
797,Sheri Nguyen,Silver,PA,2024-11-02,12,59.0,Active
1138,Angela Vance,Gold,IN,2024-11-02,10,59.0,Active
1476,Nancy Krueger,Gold,AZ,2024-11-02,9,59.0,Active
1487,Anthony Rodriguez,Bronze,MI,2024-11-02,6,59.0,Active
1565,Mary Gutierrez,Silver,TX,2024-11-02,10,59.0,Active
2118,Sarah Palmer,Bronze,AZ,2024-11-02,8,59.0,Active
2203,Kayla Hawkins,Silver,MD,2024-11-02,9,59.0,Active
2236,Brenda Curry,Platinum,PA,2024-11-02,6,59.0,Active
2538,Justin Frank,Silver,MO,2024-11-02,10,59.0,Active
2665,Meagan Howard,Platinum,PA,2024-11-02,15,59.0,Active
3140,Nicole Perkins,Gold,PA,2024-11-02,8,59.0,Active
3396,Benjamin Taylor,Bronze,MO,2024-11-02,6,59.0,Active
3599,Teresa Mason,Platinum,WI,2024-11-02,6,59.0,Active
3899,Paul Barron,Bronze,NC,2024-11-02,8,59.0,Active
4414,Shannon Shepherd,Bronze,IL,2024-11-02,9,59.0,Active
4693,Samantha Tate,Gold,TX,2024-11-02,9,59.0,Active
5697,Clayton Solis,Bronze,MO,2024-11-02,5,59.0,Active
6155,Catherine Johnson,Platinum,FL,2024-11-02,5,59.0,Active
6285,Lauren Jackson,Silver,MI,2024-11-02,10,59.0,Active
6290,Holly Compton,Silver,MD,2024-11-02,13,59.0,Active
6432,Carmen Morgan,Bronze,PA,2024-11-02,8,59.0,Active
6654,Lisa Price,Bronze,MA,2024-11-02,12,59.0,Active
7063,Steven Rowe,Silver,VA,2024-11-02,5,59.0,Active
7133,Timothy Rivera,Bronze,NJ,2024-11-02,8,59.0,Active
7164,Brenda Duke,Gold,VA,2024-11-02,4,59.0,Active
7233,Ashley Jackson,Platinum,WI,2024-11-02,6,59.0,Active
7281,Jennifer Howard,Silver,MO,2024-11-02,7,59.0,Active
7446,Allison Ramos,Bronze,FL,2024-11-02,4,59.0,Active
7763,Andrew Martinez,Gold,MA,2024-11-02,6,59.0,Active
8289,Juan Bryan,Bronze,NJ,2024-11-02,8,59.0,Active
8805,Jeffrey Robertson,Silver,TX,2024-11-02,7,59.0,Active
9059,Regina Bonilla,Silver,MD,2024-11-02,7,59.0,Active
9074,Diana Cortez,Bronze,GA,2024-11-02,6,59.0,Active
9641,Cynthia Gomez,Silver,VA,2024-11-02,10,59.0,Active
9750,Dustin Clark,Gold,MI,2024-11-02,9,59.0,Active
9786,Richard Barrett,Bronze,GA,2024-11-02,13,59.0,Active
9797,Amy Pearson,Platinum,AZ,2024-11-02,7,59.0,Active
9809,Neil Burch,Gold,MI,2024-11-02,7,59.0,Active
9843,Kristie Hale,Silver,GA,2024-11-02,4,59.0,Active
9844,Amber Riley,Bronze,MI,2024-11-02,12,59.0,Active
9964,Cheryl Harris,Silver,MD,2024-11-02,11,59.0,Active
9999,Darren Hall,Silver,MO,2024-11-02,6,59.0,Active
269,Brandi Carr,Silver,TX,2024-11-03,7,58.0,Active
593,Dennis Brady,Gold,WI,2024-11-03,7,58.0,Active
1375,Michael Fry,Gold,NJ,2024-11-03,7,58.0,Active
1400,Valerie Castillo,Bronze,TX,2024-11-03,6,58.0,Active
1634,Gregory Pratt,Gold,TN,2024-11-03,7,58.0,Active
2082,Adrian Fitzgerald,Platinum,TX,2024-11-03,8,58.0,Active
2108,Sara Cain,Bronze,VA,2024-11-03,7,58.0,Active
3341,Haley Kent,Gold,WI,2024-11-03,8,58.0,Active
3633,Kathleen Boyd,Bronze,MI,2024-11-03,5,58.0,Active
3959,Laura Miller,Bronze,TX,2024-11-03,9,58.0,Active
4297,Christina Pena,Bronze,PA,2024-11-03,9,58.0,Active
4349,Jonathan Reilly,Bronze,PA,2024-11-03,6,58.0,Active
4365,Tracy Richardson,Bronze,TN,2024-11-03,10,58.0,Active
4530,Stephen Sampson,Silver,AZ,2024-11-03,3,58.0,Active
4606,Richard Vaughn,Bronze,FL,2024-11-03,8,58.0,Active
4869,Brittany Terry,Bronze,CA,2024-11-03,6,58.0,Active
5138,Deborah Howe,Silver,OH,2024-11-03,9,58.0,Active
5168,Steve Downs,Bronze,GA,2024-11-03,8,58.0,Active
5193,John Cooper,Platinum,MI,2024-11-03,7,58.0,Active
5438,Haley Romero,Silver,TX,2024-11-03,5,58.0,Active
5479,Rachel Kelley,Silver,FL,2024-11-03,5,58.0,Active
6439,Nathan Contreras,Bronze,TN,2024-11-03,9,58.0,Active
6599,Kelsey Jones,Bronze,MI,2024-11-03,8,58.0,Active
7348,Virginia Willis,Gold,AZ,2024-11-03,8,58.0,Active
7499,Robert Perez,Bronze,IN,2024-11-03,9,58.0,Active
7584,Larry Collins,Bronze,IL,2024-11-03,9,58.0,Active
7864,Justin Vasquez,Platinum,GA,2024-11-03,2,58.0,Active
7902,Debbie Jones,Silver,MI,2024-11-03,6,58.0,Active
8109,Gabriel Brown,Gold,TN,2024-11-03,5,58.0,Active
8237,Bradley Oconnor,Gold,MA,2024-11-03,11,58.0,Active
8576,Mariah Lee,Silver,FL,2024-11-03,9,58.0,Active
8661,Holly Parsons,Silver,WA,2024-11-03,10,58.0,Active
9302,Brandi Scott,Silver,WA,2024-11-03,5,58.0,Active
9371,Danny Patton,Bronze,IN,2024-11-03,7,58.0,Active
424,Angela Mcbride,Bronze,NY,2024-11-04,9,57.0,Active
525,Scott Adams,Gold,MO,2024-11-04,9,57.0,Active
607,Cody Hester,Bronze,IL,2024-11-04,9,57.0,Active
828,Kathleen Petersen,Gold,MO,2024-11-04,4,57.0,Active
832,Steven Arnold,Bronze,TN,2024-11-04,9,57.0,Active
901,Heather Kline,Bronze,VA,2024-11-04,6,57.0,Active
1233,Heather Mills,Bronze,WI,2024-11-04,9,57.0,Active
1606,Robert Jenkins,Gold,NJ,2024-11-04,9,57.0,Active
1743,Holly Scott,Silver,AZ,2024-11-04,9,57.0,Active
1840,Kelly Hunt,Gold,MD,2024-11-04,2,57.0,Active
2202,Derek Cox,Silver,VA,2024-11-04,10,57.0,Active
2255,Thomas Mendoza,Bronze,FL,2024-11-04,7,57.0,Active
2399,Crystal Brown,Gold,TN,2024-11-04,5,57.0,Active
2460,Laura Cannon,Bronze,NJ,2024-11-04,6,57.0,Active
2595,William Espinoza,Gold,TN,2024-11-04,8,57.0,Active
2727,Lisa Lee,Silver,OH,2024-11-04,7,57.0,Active
2939,Sharon Patel,Gold,MD,2024-11-04,8,57.0,Active
2968,Sue Lee,Silver,MA,2024-11-04,10,57.0,Active
2973,David Clark,Bronze,VA,2024-11-04,12,57.0,Active
3088,Shannon Lee,Bronze,WA,2024-11-04,4,57.0,Active
3118,Michael Romero,Gold,CA,2024-11-04,9,57.0,Active
3608,Joe Rodriguez,Platinum,TX,2024-11-04,7,57.0,Active
4309,Damon Foster,Bronze,WI,2024-11-04,7,57.0,Active
4564,Christine Clayton,Bronze,MA,2024-11-04,6,57.0,Active
4727,Robert Patel,Bronze,TX,2024-11-04,16,57.0,Active
4789,Hannah Graham,Gold,WI,2024-11-04,9,57.0,Active
5591,Sandy Harris,Gold,MI,2024-11-04,6,57.0,Active
6372,Danny Roth,Silver,TN,2024-11-04,9,57.0,Active
6524,Isabel Walls,Gold,OH,2024-11-04,10,57.0,Active
6833,Nicole Duncan,Bronze,MI,2024-11-04,7,57.0,Active
7192,Mark Abbott,Silver,TN,2024-11-04,9,57.0,Active
7500,Victor Cohen,Silver,WA,2024-11-04,11,57.0,Active
7536,Michelle Smith,Bronze,IL,2024-11-04,9,57.0,Active
7609,Amy Wood,Silver,TX,2024-11-04,3,57.0,Active
7704,Jason Jones,Platinum,AZ,2024-11-04,14,57.0,Active
7706,Katherine Gonzales,Silver,CA,2024-11-04,6,57.0,Active
7727,Patricia Norton,Bronze,AZ,2024-11-04,9,57.0,Active
7992,Jessica Harrington,Silver,TX,2024-11-04,12,57.0,Active
8317,Travis Jones,Bronze,NJ,2024-11-04,13,57.0,Active
8346,Candace Crawford,Gold,OH,2024-11-04,5,57.0,Active
8616,Erin Howard,Bronze,IL,2024-11-04,12,57.0,Active
8665,Courtney Grimes,Gold,CA,2024-11-04,9,57.0,Active
8789,Gabriella Johnson,Silver,WA,2024-11-04,7,57.0,Active
9381,Timothy Suarez,Bronze,TN,2024-11-04,11,57.0,Active
9608,Mark Mueller,Bronze,TX,2024-11-04,5,57.0,Active
9768,Luis Mercado,Silver,WA,2024-11-04,9,57.0,Active
513,Tyler Perez,Bronze,PA,2024-11-05,8,56.0,Active
585,Sharon Mathews,Bronze,WI,2024-11-05,6,56.0,Active
595,Robin Hunt,Gold,NC,2024-11-05,11,56.0,Active
629,Andrew Garcia,Gold,MD,2024-11-05,11,56.0,Active
657,Angela Ray,Platinum,PA,2024-11-05,11,56.0,Active
923,Sheryl Henderson,Silver,CA,2024-11-05,9,56.0,Active
1053,Jonathan Gutierrez,Gold,MO,2024-11-05,8,56.0,Active
1416,Julia Romero,Gold,PA,2024-11-05,2,56.0,Active
1455,Carol Williams,Silver,MO,2024-11-05,10,56.0,Active
1884,Keith Flores,Gold,MI,2024-11-05,6,56.0,Active
2365,Richard Odonnell,Bronze,GA,2024-11-05,10,56.0,Active
2889,Latasha Baker,Silver,WI,2024-11-05,7,56.0,Active
3291,Rebecca Bennett,Platinum,NY,2024-11-05,7,56.0,Active
3672,Christina Williams,Platinum,TN,2024-11-05,13,56.0,Active
3931,Matthew King,Silver,OH,2024-11-05,12,56.0,Active
4833,Jonathan Rogers,Bronze,VA,2024-11-05,10,56.0,Active
5074,Christy Mann,Platinum,WI,2024-11-05,12,56.0,Active
5143,Mallory Hughes,Silver,MI,2024-11-05,9,56.0,Active
5876,Laurie Maldonado,Bronze,MA,2024-11-05,14,56.0,Active
6254,Shaun Smith,Bronze,TX,2024-11-05,6,56.0,Active
6377,Robert Smith,Bronze,NJ,2024-11-05,9,56.0,Active
6634,Erika Smith,Silver,GA,2024-11-05,14,56.0,Active
6860,Stephen Lawrence,Silver,AZ,2024-11-05,5,56.0,Active
7024,Donna Black,Bronze,PA,2024-11-05,16,56.0,Active
7068,Roberto Martinez,Gold,TN,2024-11-05,9,56.0,Active
7103,Margaret Smith,Bronze,MD,2024-11-05,5,56.0,Active
7616,Anthony Sanchez,Bronze,FL,2024-11-05,6,56.0,Active
7840,David Marshall,Gold,MD,2024-11-05,10,56.0,Active
7948,Mark Rodriguez,Silver,VA,2024-11-05,9,56.0,Active
8139,David Mills,Bronze,MI,2024-11-05,9,56.0,Active
8932,Kimberly Green,Bronze,OH,2024-11-05,10,56.0,Active
9086,Steven Baker,Bronze,NY,2024-11-05,8,56.0,Active
9150,Stanley Nelson,Bronze,WA,2024-11-05,11,56.0,Active
9286,Dean Mills,Silver,PA,2024-11-05,10,56.0,Active
9392,Kathryn Moran,Gold,TN,2024-11-05,7,56.0,Active
9538,Stephen White,Silver,TN,2024-11-05,4,56.0,Active
9874,James Tate,Silver,NC,2024-11-05,6,56.0,Active
9958,Beverly Turner,Silver,PA,2024-11-05,8,56.0,Active
279,Heather Contreras,Bronze,AZ,2024-11-06,15,55.0,Active
324,Elizabeth Edwards,Bronze,IL,2024-11-06,11,55.0,Active
493,Alicia Jackson,Bronze,CA,2024-11-06,4,55.0,Active
703,Tony Christensen,Gold,MO,2024-11-06,7,55.0,Active
871,Ross Hunter,Silver,MO,2024-11-06,6,55.0,Active
1084,Jennifer Cooper,Gold,PA,2024-11-06,8,55.0,Active
1232,Christian Griffith,Silver,NY,2024-11-06,8,55.0,Active
1686,Christopher Foster,Platinum,NC,2024-11-06,4,55.0,Active
1788,Joy Flores,Silver,AZ,2024-11-06,16,55.0,Active
2245,Jennifer Valdez,Bronze,VA,2024-11-06,6,55.0,Active
2347,Kimberly Henderson,Gold,GA,2024-11-06,6,55.0,Active
2816,Katherine Knapp,Platinum,TX,2024-11-06,10,55.0,Active
3172,Christine Price,Bronze,PA,2024-11-06,10,55.0,Active
3596,Philip Logan,Bronze,MI,2024-11-06,6,55.0,Active
3921,Brianna Austin,Silver,CA,2024-11-06,10,55.0,Active
4267,Tony Moreno,Bronze,IL,2024-11-06,5,55.0,Active
4469,Michael Adams,Silver,CA,2024-11-06,6,55.0,Active
4586,Jessica Fowler,Silver,MA,2024-11-06,13,55.0,Active
4886,Derek Yates,Gold,NY,2024-11-06,7,55.0,Active
4887,Barbara Ramirez,Silver,IN,2024-11-06,8,55.0,Active
5332,Kenneth Williams,Bronze,TX,2024-11-06,8,55.0,Active
5570,Rhonda Moore,Bronze,TX,2024-11-06,9,55.0,Active
5969,Alexa Rodriguez,Gold,FL,2024-11-06,4,55.0,Active
6642,Olivia Holloway,Silver,GA,2024-11-06,12,55.0,Active
6888,Nicole Contreras,Silver,IN,2024-11-06,9,55.0,Active
6976,Christopher Hernandez,Silver,IL,2024-11-06,11,55.0,Active
7265,Sherry Miller,Platinum,MI,2024-11-06,5,55.0,Active
7308,Daniel Duran,Bronze,MO,2024-11-06,9,55.0,Active
7314,Samuel Hubbard,Gold,IN,2024-11-06,9,55.0,Active
7533,Nancy Watkins,Silver,WA,2024-11-06,11,55.0,Active
7800,Michele Norris,Bronze,VA,2024-11-06,5,55.0,Active
7953,Corey Brewer,Silver,MI,2024-11-06,4,55.0,Active
8187,Alexander Johnson,Silver,AZ,2024-11-06,11,55.0,Active
8310,Joshua Harmon,Silver,MO,2024-11-06,6,55.0,Active
8641,Denise Pace,Silver,AZ,2024-11-06,6,55.0,Active
9214,Thomas Hamilton,Gold,NJ,2024-11-06,7,55.0,Active
9246,Jason Copeland,Silver,CA,2024-11-06,3,55.0,Active
894,Shelley Velasquez,Bronze,OH,2024-11-07,6,54.0,Active
1009,Mark Diaz,Bronze,NC,2024-11-07,10,54.0,Active
1038,Daniel Gomez,Silver,TX,2024-11-07,11,54.0,Active
1200,Kyle Flores,Gold,WI,2024-11-07,11,54.0,Active
1340,Trevor Vasquez,Silver,TX,2024-11-07,16,54.0,Active
1432,Richard Whitehead,Silver,IL,2024-11-07,10,54.0,Active
1468,Victoria Webb,Bronze,MA,2024-11-07,7,54.0,Active
1479,Christopher Arnold,Bronze,AZ,2024-11-07,7,54.0,Active
1614,Tony Lewis,Platinum,WI,2024-11-07,7,54.0,Active
1723,Evelyn Mcdonald,Platinum,NY,2024-11-07,8,54.0,Active
1758,Vincent Anderson,Silver,CA,2024-11-07,10,54.0,Active
1765,William Brooks,Gold,NY,2024-11-07,12,54.0,Active
1849,Amber Watkins,Platinum,WA,2024-11-07,6,54.0,Active
2044,Jared Cross,Platinum,AZ,2024-11-07,8,54.0,Active
2407,Jeremy Keller,Silver,VA,2024-11-07,10,54.0,Active
2451,Rachel Pitts,Silver,MD,2024-11-07,9,54.0,Active
2500,Emily Williamson,Silver,WI,2024-11-07,9,54.0,Active
2592,Amber Fisher,Bronze,IL,2024-11-07,13,54.0,Active
2971,Nicholas Williams,Bronze,TX,2024-11-07,10,54.0,Active
3361,James Shaw,Gold,VA,2024-11-07,7,54.0,Active
3459,Whitney Walters,Silver,MA,2024-11-07,9,54.0,Active
3494,Katherine Scott,Gold,AZ,2024-11-07,4,54.0,Active
3666,Meghan Snyder,Silver,MI,2024-11-07,9,54.0,Active
3768,Dawn Nelson,Bronze,MO,2024-11-07,10,54.0,Active
3857,Jennifer Lopez,Bronze,MD,2024-11-07,7,54.0,Active
4116,Cory Brewer,Bronze,WI,2024-11-07,5,54.0,Active
4558,Kathleen Bishop,Silver,WI,2024-11-07,6,54.0,Active
5237,Christopher Booker,Bronze,PA,2024-11-07,13,54.0,Active
5604,Yvette Singh,Bronze,TX,2024-11-07,9,54.0,Active
6205,Nicholas Fuller,Bronze,MD,2024-11-07,10,54.0,Active
6669,Joshua Austin,Platinum,MO,2024-11-07,7,54.0,Active
7786,Joseph Zimmerman,Bronze,VA,2024-11-07,8,54.0,Active
8101,Randy Beard,Bronze,PA,2024-11-07,13,54.0,Active
8134,Benjamin Carter,Gold,WA,2024-11-07,8,54.0,Active
8272,Pamela Thornton,Silver,VA,2024-11-07,7,54.0,Active
8380,Jessica Carpenter,Bronze,NY,2024-11-07,7,54.0,Active
8386,Kelly Mendoza,Silver,CA,2024-11-07,9,54.0,Active
8391,Kimberly Torres,Platinum,NY,2024-11-07,10,54.0,Active
8523,Adam Jenkins,Silver,GA,2024-11-07,7,54.0,Active
8804,Daniel Whitney,Bronze,WA,2024-11-07,6,54.0,Active
8850,Victor Patel,Gold,MI,2024-11-07,8,54.0,Active
9092,Robert Perez,Silver,CA,2024-11-07,10,54.0,Active
9211,Gary Harding,Bronze,NJ,2024-11-07,11,54.0,Active
9310,Matthew Pena,Silver,NC,2024-11-07,10,54.0,Active
9891,Daniel Garrett,Gold,TX,2024-11-07,8,54.0,Active
9929,Taylor Warren,Gold,NY,2024-11-07,5,54.0,Active
480,Brenda Carter,Silver,OH,2024-11-08,8,53.0,Active
546,Jennifer Phelps,Bronze,IL,2024-11-08,9,53.0,Active
642,Julia Rubio,Bronze,CA,2024-11-08,14,53.0,Active
1303,Robert Anderson,Gold,AZ,2024-11-08,8,53.0,Active
1835,Lorraine Graham,Silver,MD,2024-11-08,13,53.0,Active
2443,Jason Beck,Bronze,WA,2024-11-08,8,53.0,Active
2566,Adrienne Hester,Bronze,IL,2024-11-08,6,53.0,Active
2849,Shane Reed,Gold,PA,2024-11-08,4,53.0,Active
2972,Bethany Morrow,Platinum,MA,2024-11-08,14,53.0,Active
3055,Deborah Johnson,Silver,NC,2024-11-08,8,53.0,Active
3187,Bryan Rogers,Gold,WI,2024-11-08,7,53.0,Active
3295,Donna Cruz,Bronze,WA,2024-11-08,11,53.0,Active
3373,Monique Johnson,Silver,MI,2024-11-08,7,53.0,Active
3720,Harold Cunningham,Bronze,NY,2024-11-08,9,53.0,Active
4322,David Owens,Gold,TX,2024-11-08,10,53.0,Active
4527,Matthew Guzman,Platinum,WA,2024-11-08,7,53.0,Active
4668,Cheryl Baldwin,Gold,MI,2024-11-08,9,53.0,Active
5017,Sara Clark,Silver,AZ,2024-11-08,9,53.0,Active
5120,Jennifer Carroll,Silver,TN,2024-11-08,10,53.0,Active
5456,Henry Moss,Silver,WA,2024-11-08,12,53.0,Active
5807,Melissa Ramsey,Gold,IL,2024-11-08,6,53.0,Active
5932,Jessica Downs,Silver,CA,2024-11-08,12,53.0,Active
6011,Brian Harris,Bronze,FL,2024-11-08,9,53.0,Active
6109,James Howard,Platinum,MD,2024-11-08,13,53.0,Active
6296,Ashley Valentine,Silver,NC,2024-11-08,11,53.0,Active
6329,Brandon Delgado,Silver,AZ,2024-11-08,9,53.0,Active
6392,Mitchell Horn,Silver,OH,2024-11-08,9,53.0,Active
6410,William James,Bronze,MA,2024-11-08,8,53.0,Active
6622,Ashley Trujillo,Bronze,OH,2024-11-08,11,53.0,Active
6886,Scott Doyle,Gold,MO,2024-11-08,6,53.0,Active
7140,Allen Stanton,Bronze,VA,2024-11-08,5,53.0,Active
7296,Benjamin Fry,Bronze,VA,2024-11-08,6,53.0,Active
7297,Nancy Tucker,Gold,OH,2024-11-08,5,53.0,Active
7374,Melissa Phillips,Silver,GA,2024-11-08,7,53.0,Active
7465,David Wheeler,Silver,NJ,2024-11-08,10,53.0,Active
7743,Luis Roberts,Gold,PA,2024-11-08,10,53.0,Active
7845,John Bell,Bronze,VA,2024-11-08,10,53.0,Active
7885,Katrina Johnson,Silver,IN,2024-11-08,5,53.0,Active
8648,Emily Sanchez,Bronze,OH,2024-11-08,13,53.0,Active
9260,Scott Cortez,Silver,TN,2024-11-08,5,53.0,Active
9277,Jared Griffin,Bronze,GA,2024-11-08,7,53.0,Active
9296,Tammy Rodgers,Platinum,IN,2024-11-08,8,53.0,Active
9537,Jaime Ward,Silver,GA,2024-11-08,12,53.0,Active
9986,Matthew Park,Bronze,FL,2024-11-08,9,53.0,Active
375,Frank Collins,Platinum,MI,2024-11-09,5,52.0,Active
679,Sandra Gibson,Gold,FL,2024-11-09,10,52.0,Active
857,Christopher Adkins,Gold,NJ,2024-11-09,7,52.0,Active
976,Kevin Clark,Silver,IN,2024-11-09,11,52.0,Active
1085,David Lyons,Platinum,TN,2024-11-09,8,52.0,Active
1094,Eric Jackson,Bronze,GA,2024-11-09,15,52.0,Active
1134,Julia Armstrong,Silver,MA,2024-11-09,5,52.0,Active
1244,Alan Norman,Bronze,WA,2024-11-09,10,52.0,Active
1379,Eric Lee,Silver,TN,2024-11-09,14,52.0,Active
1738,Laurie Ball,Bronze,MO,2024-11-09,9,52.0,Active
1784,Brandon Thompson,Bronze,AZ,2024-11-09,10,52.0,Active
1901,Erin Mcintosh,Bronze,IN,2024-11-09,6,52.0,Active
2425,Kelly Estrada,Bronze,TX,2024-11-09,11,52.0,Active
3060,Ricardo Palmer,Silver,MD,2024-11-09,8,52.0,Active
3063,Pamela Hudson,Bronze,CA,2024-11-09,8,52.0,Active
3285,Joel Morales,Platinum,OH,2024-11-09,8,52.0,Active
3347,David Cook,Silver,WI,2024-11-09,7,52.0,Active
3454,Justin Smith,Silver,IN,2024-11-09,9,52.0,Active
4007,Michael Rios,Silver,CA,2024-11-09,4,52.0,Active
4056,Wayne Young,Bronze,NJ,2024-11-09,7,52.0,Active
4189,Thomas Stewart,Silver,WA,2024-11-09,8,52.0,Active
4321,Marissa Murray,Bronze,MD,2024-11-09,10,52.0,Active
4459,Ashley Mitchell,Gold,IN,2024-11-09,7,52.0,Active
4651,Amy Floyd,Silver,IL,2024-11-09,13,52.0,Active
4707,Kevin Woodward,Bronze,MD,2024-11-09,6,52.0,Active
4778,Valerie Morris,Gold,PA,2024-11-09,8,52.0,Active
4982,Aaron Morgan,Bronze,NY,2024-11-09,7,52.0,Active
5065,Vernon Suarez,Platinum,CA,2024-11-09,9,52.0,Active
5823,Brent Benton,Bronze,MI,2024-11-09,8,52.0,Active
5845,Emma Richardson,Silver,IL,2024-11-09,6,52.0,Active
5965,John Morgan,Silver,MI,2024-11-09,13,52.0,Active
6118,Christine Perez,Bronze,IN,2024-11-09,14,52.0,Active
6406,Heather Le,Bronze,AZ,2024-11-09,9,52.0,Active
6487,Carmen Liu,Platinum,PA,2024-11-09,12,52.0,Active
6854,Micheal Lamb,Silver,WA,2024-11-09,12,52.0,Active
7031,Ryan Gonzalez,Bronze,VA,2024-11-09,8,52.0,Active
7157,Carolyn Anderson,Platinum,WI,2024-11-09,8,52.0,Active
7210,Gary Gray,Gold,MI,2024-11-09,5,52.0,Active
7283,Susan Dixon,Bronze,IN,2024-11-09,4,52.0,Active
7792,Gregory Huang,Bronze,NJ,2024-11-09,9,52.0,Active
7960,Megan Brown,Platinum,WI,2024-11-09,6,52.0,Active
8040,Colleen Krause,Silver,OH,2024-11-09,5,52.0,Active
8361,Philip Mcclain,Bronze,MA,2024-11-09,11,52.0,Active
8443,Pamela Turner,Bronze,IL,2024-11-09,10,52.0,Active
8798,Nicole Finley,Gold,NC,2024-11-09,10,52.0,Active
9188,Debra Moore,Bronze,WA,2024-11-09,8,52.0,Active
9657,Kevin Bishop,Silver,NC,2024-11-09,10,52.0,Active
313,George Webster,Gold,IN,2024-11-10,14,51.0,Active
1078,Gavin Crawford,Bronze,NY,2024-11-10,8,51.0,Active
1092,Meredith Andrews,Gold,NY,2024-11-10,13,51.0,Active
1191,Kelly Jordan,Bronze,MI,2024-11-10,7,51.0,Active
1558,Johnny Herring,Silver,AZ,2024-11-10,8,51.0,Active
2429,Tracy Mora,Platinum,MA,2024-11-10,6,51.0,Active
2503,Sydney Alvarez,Silver,MI,2024-11-10,6,51.0,Active
2537,Benjamin Alvarez,Bronze,MD,2024-11-10,5,51.0,Active
2715,Susan Price,Platinum,MI,2024-11-10,8,51.0,Active
3144,Shane Love,Platinum,NJ,2024-11-10,6,51.0,Active
3618,Nathan Hampton,Silver,MA,2024-11-10,13,51.0,Active
3725,Sarah Lane,Gold,TX,2024-11-10,5,51.0,Active
3930,Patricia Butler,Silver,NJ,2024-11-10,7,51.0,Active
4053,Roger Miller,Gold,NC,2024-11-10,11,51.0,Active
4391,Sara Hunt,Bronze,IL,2024-11-10,7,51.0,Active
4405,Marvin Herrera,Platinum,MO,2024-11-10,10,51.0,Active
4489,Angela Larsen,Platinum,NC,2024-11-10,10,51.0,Active
4620,Eric Grant,Bronze,IN,2024-11-10,7,51.0,Active
4722,Paul Snow,Gold,MI,2024-11-10,7,51.0,Active
4820,Dennis Davies,Bronze,IL,2024-11-10,12,51.0,Active
5115,April Taylor,Bronze,OH,2024-11-10,7,51.0,Active
5203,Kimberly Guerrero,Bronze,NC,2024-11-10,6,51.0,Active
5403,Kyle Hernandez,Platinum,GA,2024-11-10,9,51.0,Active
5547,Maureen Reed,Silver,TN,2024-11-10,10,51.0,Active
6135,Amber Charles,Silver,IL,2024-11-10,12,51.0,Active
6140,Eric Lopez,Platinum,GA,2024-11-10,10,51.0,Active
6429,Zachary Smith,Bronze,AZ,2024-11-10,7,51.0,Active
6502,Christina Smith,Gold,GA,2024-11-10,10,51.0,Active
6747,Ronald Wilson,Silver,NY,2024-11-10,11,51.0,Active
6834,Sean Hahn,Silver,MI,2024-11-10,12,51.0,Active
7339,Eric Lam,Platinum,MI,2024-11-10,6,51.0,Active
7565,Lawrence Glass,Gold,NC,2024-11-10,4,51.0,Active
7812,Dennis Mason,Bronze,WA,2024-11-10,5,51.0,Active
7916,Sharon Ortega,Gold,PA,2024-11-10,9,51.0,Active
8181,Stephen Harding,Silver,MO,2024-11-10,6,51.0,Active
8474,Lisa Davis,Bronze,TX,2024-11-10,4,51.0,Active
8590,Mark Sanchez,Bronze,NY,2024-11-10,8,51.0,Active
8653,Shaun Jones,Bronze,MD,2024-11-10,13,51.0,Active
8690,Craig Alexander,Platinum,NC,2024-11-10,7,51.0,Active
8727,Jeffrey Walker,Silver,IL,2024-11-10,5,51.0,Active
8834,Richard Rivers,Silver,MO,2024-11-10,10,51.0,Active
8934,Amanda Gonzales,Silver,IL,2024-11-10,8,51.0,Active
9084,Stephen Cordova,Gold,MD,2024-11-10,6,51.0,Active
9746,Philip Brown,Silver,TX,2024-11-10,5,51.0,Active
178,Darlene Hernandez,Silver,IN,2024-11-11,9,50.0,Active
369,Mary Campbell,Bronze,TN,2024-11-11,8,50.0,Active
617,Erik Jackson,Bronze,TX,2024-11-11,9,50.0,Active
1003,Erik Brown,Gold,MD,2024-11-11,9,50.0,Active
1033,Eric Brooks,Bronze,TN,2024-11-11,8,50.0,Active
1245,Lee Sanchez,Silver,TN,2024-11-11,7,50.0,Active
1282,Amanda Horton,Bronze,VA,2024-11-11,3,50.0,Active
1650,Carlos Hernandez,Gold,TN,2024-11-11,6,50.0,Active
1845,Sarah Willis,Gold,TX,2024-11-11,8,50.0,Active
1915,Timothy Carlson,Gold,MI,2024-11-11,13,50.0,Active
2367,Diane Johnson,Gold,IL,2024-11-11,7,50.0,Active
2400,Chris Lopez,Silver,IL,2024-11-11,7,50.0,Active
2621,David Aguilar,Platinum,TN,2024-11-11,11,50.0,Active
3478,Juan Fernandez,Silver,MI,2024-11-11,10,50.0,Active
4095,Lisa Lin,Silver,CA,2024-11-11,9,50.0,Active
4172,Lori Hernandez,Gold,GA,2024-11-11,11,50.0,Active
4195,Ellen Parker,Bronze,WA,2024-11-11,4,50.0,Active
4340,Nicole Jackson,Bronze,IN,2024-11-11,8,50.0,Active
4522,Gene Lowery,Silver,TX,2024-11-11,12,50.0,Active
4725,Diane Jordan,Platinum,MD,2024-11-11,5,50.0,Active
6032,Tammy York,Bronze,MD,2024-11-11,7,50.0,Active
6250,Derek Dunn,Silver,NJ,2024-11-11,9,50.0,Active
6324,Maria Snyder,Gold,CA,2024-11-11,8,50.0,Active
6707,Jerry Jackson,Silver,NJ,2024-11-11,12,50.0,Active
6723,Amber Smith,Bronze,MO,2024-11-11,8,50.0,Active
6758,Sabrina Cole,Platinum,IN,2024-11-11,6,50.0,Active
6790,Mary Thompson,Gold,MI,2024-11-11,10,50.0,Active
6919,Jessica Stephens,Platinum,MO,2024-11-11,7,50.0,Active
7329,Teresa Mcdonald,Gold,AZ,2024-11-11,9,50.0,Active
7504,Robert Craig,Bronze,GA,2024-11-11,5,50.0,Active
8511,Sean Miller,Bronze,IL,2024-11-11,8,50.0,Active
8695,Christopher Collins,Gold,AZ,2024-11-11,8,50.0,Active
8763,Ashley Robbins,Silver,VA,2024-11-11,6,50.0,Active
8807,Katherine Jarvis,Platinum,NJ,2024-11-11,9,50.0,Active
8869,Ryan Avery,Bronze,MD,2024-11-11,12,50.0,Active
9048,Lisa Johnson,Silver,MD,2024-11-11,7,50.0,Active
9199,Manuel Williams,Gold,PA,2024-11-11,8,50.0,Active
9202,Robin Castro,Silver,IL,2024-11-11,10,50.0,Active
9449,Ashley Booth,Bronze,IL,2024-11-11,9,50.0,Active
161,Juan Vasquez,Silver,FL,2024-11-12,6,49.0,Active
230,Shawn Parsons,Gold,MA,2024-11-12,10,49.0,Active
498,John Bell,Silver,NJ,2024-11-12,6,49.0,Active
508,Manuel Hale,Silver,OH,2024-11-12,9,49.0,Active
526,Kristie Hall,Gold,IL,2024-11-12,10,49.0,Active
709,Christina Krause,Gold,IL,2024-11-12,5,49.0,Active
785,Susan Bradshaw,Silver,NJ,2024-11-12,7,49.0,Active
850,Alexis Hall,Bronze,TN,2024-11-12,10,49.0,Active
898,Jessica Jones,Silver,NY,2024-11-12,9,49.0,Active
1091,Brittany Mcneil,Gold,FL,2024-11-12,9,49.0,Active
1547,Erin Todd,Gold,NY,2024-11-12,5,49.0,Active
1692,Jessica Mckenzie,Silver,GA,2024-11-12,6,49.0,Active
1734,George Mendez,Silver,OH,2024-11-12,8,49.0,Active
1826,Krystal Gregory,Bronze,MA,2024-11-12,10,49.0,Active
2025,Rodney Mason,Silver,CA,2024-11-12,14,49.0,Active
2457,Micheal Garrison,Silver,MA,2024-11-12,10,49.0,Active
2589,Judy Mueller,Bronze,MI,2024-11-12,10,49.0,Active
3038,Jonathan Dunn,Silver,MA,2024-11-12,7,49.0,Active
3102,Karen Ortiz,Bronze,NY,2024-11-12,10,49.0,Active
3116,Michelle Hall,Bronze,MI,2024-11-12,8,49.0,Active
3183,Sarah Stephenson,Bronze,WI,2024-11-12,9,49.0,Active
3531,Rebecca Deleon,Bronze,MA,2024-11-12,12,49.0,Active
3780,John Williams,Silver,IL,2024-11-12,14,49.0,Active
3874,John Rogers,Bronze,MA,2024-11-12,4,49.0,Active
4070,Chloe Mcclain,Bronze,WA,2024-11-12,13,49.0,Active
4196,William Allen,Bronze,TN,2024-11-12,8,49.0,Active
4457,Roberto Meyer,Bronze,TX,2024-11-12,11,49.0,Active
4724,Kimberly Kelley,Platinum,VA,2024-11-12,9,49.0,Active
4787,Julie Castillo,Silver,CA,2024-11-12,7,49.0,Active
5130,Jeremy Combs,Bronze,IN,2024-11-12,11,49.0,Active
5240,Michael Hughes,Silver,MI,2024-11-12,6,49.0,Active
5546,Daniel Hickman,Bronze,GA,2024-11-12,13,49.0,Active
5561,Bill Terrell,Gold,CA,2024-11-12,10,49.0,Active
5582,Jose Wilson,Silver,AZ,2024-11-12,14,49.0,Active
5595,Amanda Solomon,Bronze,WI,2024-11-12,6,49.0,Active
5848,John Martinez,Silver,MA,2024-11-12,14,49.0,Active
6075,Leslie Stephenson,Silver,VA,2024-11-12,11,49.0,Active
6278,Ethan Clark,Bronze,VA,2024-11-12,11,49.0,Active
6515,Tiffany White,Bronze,AZ,2024-11-12,10,49.0,Active
6658,Erik Hanson,Silver,IN,2024-11-12,8,49.0,Active
6689,Bailey Mitchell,Platinum,FL,2024-11-12,6,49.0,Active
6693,Emily Olson,Bronze,NJ,2024-11-12,10,49.0,Active
6767,Leslie Schroeder,Silver,IL,2024-11-12,9,49.0,Active
7182,Anne Murphy,Bronze,AZ,2024-11-12,6,49.0,Active
7186,David Brennan,Silver,TN,2024-11-12,8,49.0,Active
7321,Zachary Webb,Bronze,MD,2024-11-12,7,49.0,Active
7460,Kayla Lane,Gold,WA,2024-11-12,7,49.0,Active
7475,Hannah Hess,Gold,NY,2024-11-12,12,49.0,Active
7968,Nathan Bryan,Bronze,WI,2024-11-12,3,49.0,Active
8308,Alexander Davis,Gold,VA,2024-11-12,7,49.0,Active
8323,John Hardy,Bronze,MD,2024-11-12,7,49.0,Active
8353,Clinton Smith,Bronze,TX,2024-11-12,7,49.0,Active
8374,Michael Miller,Bronze,FL,2024-11-12,3,49.0,Active
8387,Jeremy Scott,Bronze,MI,2024-11-12,10,49.0,Active
8963,Monique Washington,Silver,MI,2024-11-12,4,49.0,Active
9409,Deborah Olson,Bronze,NC,2024-11-12,5,49.0,Active
54,Amber Lindsey,Bronze,NJ,2024-11-13,9,48.0,Active
192,Eric Robinson,Gold,NY,2024-11-13,8,48.0,Active
426,Brittany Ramirez,Silver,TN,2024-11-13,10,48.0,Active
432,Justin Noble,Silver,AZ,2024-11-13,8,48.0,Active
722,Gregory Douglas,Gold,PA,2024-11-13,7,48.0,Active
1137,Donald Edwards,Bronze,WI,2024-11-13,8,48.0,Active
1229,Hannah Delacruz,Silver,WA,2024-11-13,7,48.0,Active
1320,Jason Ortega,Gold,CA,2024-11-13,5,48.0,Active
1384,Jason Harris,Bronze,WA,2024-11-13,9,48.0,Active
1583,Michele Nichols,Bronze,AZ,2024-11-13,10,48.0,Active
1674,Jenna Roberts,Bronze,MO,2024-11-13,8,48.0,Active
1855,Lisa Randolph,Bronze,MA,2024-11-13,8,48.0,Active
1873,Richard Frederick,Silver,MD,2024-11-13,5,48.0,Active
2003,Scott Owen,Bronze,MO,2024-11-13,13,48.0,Active
2424,Breanna Durham,Bronze,NJ,2024-11-13,9,48.0,Active
2565,Nathan Underwood,Gold,MO,2024-11-13,6,48.0,Active
2912,Matthew Adams,Gold,TX,2024-11-13,6,48.0,Active
2975,David Cooper,Bronze,MO,2024-11-13,8,48.0,Active
3004,Linda Thompson,Bronze,TX,2024-11-13,9,48.0,Active
3203,Cynthia House,Bronze,IL,2024-11-13,5,48.0,Active
3920,Bruce Henderson,Bronze,GA,2024-11-13,11,48.0,Active
4354,Richard Baker,Silver,VA,2024-11-13,8,48.0,Active
4560,Diana Holder,Bronze,AZ,2024-11-13,15,48.0,Active
4628,Theresa Pope,Gold,FL,2024-11-13,5,48.0,Active
4771,Ryan Foster,Gold,NY,2024-11-13,7,48.0,Active
4775,David Morrison,Bronze,WI,2024-11-13,8,48.0,Active
4790,Tammy Weaver,Gold,FL,2024-11-13,8,48.0,Active
5306,Dale Baldwin,Bronze,MD,2024-11-13,9,48.0,Active
5418,Kathryn Thomas,Gold,CA,2024-11-13,11,48.0,Active
5774,Melissa Thomas,Bronze,TX,2024-11-13,15,48.0,Active
5983,William Johnson,Gold,WA,2024-11-13,6,48.0,Active
6017,Amy Rodriguez,Silver,MD,2024-11-13,8,48.0,Active
6180,Justin Valenzuela,Bronze,OH,2024-11-13,7,48.0,Active
6528,Kim Wright,Bronze,TX,2024-11-13,9,48.0,Active
7172,Amy Aguilar,Platinum,IN,2024-11-13,6,48.0,Active
7173,Brian Farmer,Bronze,MA,2024-11-13,10,48.0,Active
7311,Jessica Wood,Gold,OH,2024-11-13,9,48.0,Active
7441,Amy Logan,Bronze,TN,2024-11-13,4,48.0,Active
7531,Vanessa Flynn,Silver,WA,2024-11-13,12,48.0,Active
7886,Richard George,Platinum,NC,2024-11-13,12,48.0,Active
8048,Angela Bridges,Gold,IN,2024-11-13,7,48.0,Active
9061,Matthew Nelson,Platinum,WI,2024-11-13,9,48.0,Active
9285,Megan Townsend,Bronze,NJ,2024-11-13,7,48.0,Active
9439,Amanda Andrade,Gold,AZ,2024-11-13,5,48.0,Active
9496,Cindy Powell,Silver,NC,2024-11-13,7,48.0,Active
9631,Sharon Robbins,Platinum,NC,2024-11-13,4,48.0,Active
9662,Jason Brown,Platinum,TN,2024-11-13,13,48.0,Active
9821,Bryan Aguilar,Platinum,WA,2024-11-13,8,48.0,Active
9892,Alexandria Turner,Platinum,TN,2024-11-13,11,48.0,Active
172,Cindy Wheeler,Bronze,IL,2024-11-14,7,47.0,Active
537,Raymond Gaines,Bronze,IL,2024-11-14,12,47.0,Active
731,Mallory Carter,Silver,OH,2024-11-14,9,47.0,Active
967,Courtney Sandoval,Bronze,WA,2024-11-14,10,47.0,Active
1099,Joseph Foley,Silver,IL,2024-11-14,3,47.0,Active
1124,Joseph Hunt,Bronze,NC,2024-11-14,7,47.0,Active
1152,John Sweeney,Silver,IL,2024-11-14,11,47.0,Active
2225,Tammy Howard,Gold,CA,2024-11-14,11,47.0,Active
2409,Cynthia Valentine,Silver,NJ,2024-11-14,10,47.0,Active
2519,Gail Morris,Gold,WA,2024-11-14,11,47.0,Active
2734,Eric Hess,Bronze,MO,2024-11-14,8,47.0,Active
2819,Tracy Nguyen,Silver,GA,2024-11-14,9,47.0,Active
2941,Brian Garcia,Silver,TN,2024-11-14,5,47.0,Active
3280,Barbara Pope,Platinum,VA,2024-11-14,8,47.0,Active
3298,Samantha Larson,Bronze,NJ,2024-11-14,4,47.0,Active
3558,Jose Nicholson,Silver,TN,2024-11-14,11,47.0,Active
3598,Michael Guzman,Silver,VA,2024-11-14,8,47.0,Active
3610,Michael Macdonald,Bronze,PA,2024-11-14,6,47.0,Active
3658,Karen Taylor,Gold,MD,2024-11-14,7,47.0,Active
3792,Dana Ramirez,Platinum,MI,2024-11-14,11,47.0,Active
3834,Michael Mclaughlin,Bronze,CA,2024-11-14,13,47.0,Active
4138,Timothy Gallagher,Bronze,OH,2024-11-14,10,47.0,Active
4158,Jose Lee,Silver,CA,2024-11-14,6,47.0,Active
4235,Erika Williams,Silver,TN,2024-11-14,8,47.0,Active
4302,Chelsea Greene,Bronze,TN,2024-11-14,12,47.0,Active
4504,Patrick Moreno,Bronze,WI,2024-11-14,7,47.0,Active
5354,Alex Garcia,Silver,NY,2024-11-14,8,47.0,Active
5661,Randall Simmons,Bronze,OH,2024-11-14,9,47.0,Active
5819,Erica Adams,Silver,TX,2024-11-14,12,47.0,Active
5843,Michelle Espinoza,Bronze,VA,2024-11-14,11,47.0,Active
6229,Amanda Davis,Bronze,MO,2024-11-14,6,47.0,Active
6402,Shirley Wagner,Bronze,FL,2024-11-14,5,47.0,Active
6518,Andrew Hanson,Silver,NY,2024-11-14,8,47.0,Active
6558,Lisa Wong,Gold,MD,2024-11-14,11,47.0,Active
6638,Lisa Ochoa,Gold,FL,2024-11-14,8,47.0,Active
6776,Troy Mcdonald,Gold,WA,2024-11-14,7,47.0,Active
7566,Miranda Flores,Bronze,NY,2024-11-14,11,47.0,Active
7658,Joseph Bailey,Silver,MI,2024-11-14,8,47.0,Active
8036,James Kim,Bronze,CA,2024-11-14,9,47.0,Active
8358,Jeremy Williams,Gold,PA,2024-11-14,4,47.0,Active
8420,Karen Allison,Silver,VA,2024-11-14,8,47.0,Active
8600,Christopher Walker,Gold,MD,2024-11-14,7,47.0,Active
8866,Alexander Welch,Gold,MD,2024-11-14,7,47.0,Active
8917,Carrie Mendez,Silver,WA,2024-11-14,7,47.0,Active
9384,Elizabeth Armstrong,Platinum,FL,2024-11-14,8,47.0,Active
9476,Alison Hendrix,Bronze,AZ,2024-11-14,5,47.0,Active
284,Brandon Haynes,Gold,MA,2024-11-15,6,46.0,Active
433,Sarah Gallagher,Bronze,PA,2024-11-15,9,46.0,Active
449,Christopher Taylor,Bronze,PA,2024-11-15,9,46.0,Active
668,Mark Joyce,Bronze,MO,2024-11-15,15,46.0,Active
900,Crystal Washington,Silver,CA,2024-11-15,10,46.0,Active
906,Kelsey Delgado,Silver,MI,2024-11-15,4,46.0,Active
956,Eric Barton,Silver,AZ,2024-11-15,10,46.0,Active
1120,Sarah Clark,Silver,WA,2024-11-15,9,46.0,Active
1323,Erica Hopkins,Bronze,MI,2024-11-15,6,46.0,Active
2035,David Martinez,Gold,VA,2024-11-15,7,46.0,Active
2366,Christine Anderson,Platinum,TN,2024-11-15,5,46.0,Active
2397,Adam Garrison,Bronze,IL,2024-11-15,8,46.0,Active
2587,Darren Sweeney,Bronze,IL,2024-11-15,8,46.0,Active
2699,Mary Perez,Gold,OH,2024-11-15,7,46.0,Active
3048,Edward Crawford,Silver,VA,2024-11-15,8,46.0,Active
3080,Bryan Martinez,Silver,WI,2024-11-15,8,46.0,Active
3401,Keith Smith,Platinum,VA,2024-11-15,8,46.0,Active
3447,Marie Compton,Bronze,NC,2024-11-15,4,46.0,Active
3449,Timothy Pittman,Bronze,TN,2024-11-15,8,46.0,Active
3580,Shawn Phillips,Silver,WA,2024-11-15,7,46.0,Active
3581,Karen Thomas,Bronze,MO,2024-11-15,11,46.0,Active
3900,Dustin Hall,Bronze,TN,2024-11-15,11,46.0,Active
4046,Maria Burns,Bronze,WI,2024-11-15,10,46.0,Active
4223,Katherine Mccoy,Gold,GA,2024-11-15,6,46.0,Active
4964,Connie Torres,Bronze,CA,2024-11-15,12,46.0,Active
4997,Matthew Freeman,Bronze,PA,2024-11-15,10,46.0,Active
5188,Heidi Smith,Silver,PA,2024-11-15,5,46.0,Active
5432,Gerald Johnson,Silver,CA,2024-11-15,10,46.0,Active
5666,Jonathan Howard,Gold,IL,2024-11-15,12,46.0,Active
5745,Barry Cook,Platinum,WA,2024-11-15,12,46.0,Active
5782,Matthew Dixon,Silver,PA,2024-11-15,8,46.0,Active
7331,Christopher Long,Bronze,MA,2024-11-15,6,46.0,Active
7683,Jonathan Boyle,Silver,CA,2024-11-15,6,46.0,Active
7687,Natasha Ramirez,Bronze,IL,2024-11-15,15,46.0,Active
7734,Jamie Anderson,Silver,WA,2024-11-15,10,46.0,Active
8918,Becky Miller,Platinum,NC,2024-11-15,10,46.0,Active
9474,Michelle Weaver,Bronze,IN,2024-11-15,10,46.0,Active
9508,Richard Zamora,Bronze,IL,2024-11-15,6,46.0,Active
9682,John Morales,Bronze,NC,2024-11-15,5,46.0,Active
9805,Tom Newman,Silver,WI,2024-11-15,8,46.0,Active
9831,Michele Williams,Platinum,CA,2024-11-15,13,46.0,Active
9838,Kenneth Carroll,Gold,NC,2024-11-15,10,46.0,Active
9991,Zachary Smith,Gold,GA,2024-11-15,6,46.0,Active
427,Nicholas Maynard,Silver,VA,2024-11-16,13,45.0,Active
596,Ryan Hill,Silver,WI,2024-11-16,7,45.0,Active
1023,James Barnes,Platinum,CA,2024-11-16,8,45.0,Active
1080,Crystal Madden,Bronze,FL,2024-11-16,9,45.0,Active
1123,James Warren,Platinum,OH,2024-11-16,7,45.0,Active
1279,Andrew Larsen,Silver,GA,2024-11-16,9,45.0,Active
1339,Christopher Williams,Silver,MA,2024-11-16,6,45.0,Active
1361,Carolyn Holmes,Bronze,NC,2024-11-16,7,45.0,Active
1791,Sheryl Gonzalez,Silver,PA,2024-11-16,3,45.0,Active
1802,Claudia Odonnell,Bronze,TX,2024-11-16,14,45.0,Active
1905,Brian James,Gold,WI,2024-11-16,5,45.0,Active
2449,Jeremy Rosales,Bronze,WA,2024-11-16,6,45.0,Active
2601,Krista Roberts,Bronze,GA,2024-11-16,11,45.0,Active
2876,Lori Brown,Gold,OH,2024-11-16,8,45.0,Active
3089,William Peterson,Bronze,NC,2024-11-16,6,45.0,Active
3090,Michael Campbell,Gold,TN,2024-11-16,3,45.0,Active
3138,Sean Owen,Silver,CA,2024-11-16,6,45.0,Active
3181,April Thompson,Bronze,NC,2024-11-16,7,45.0,Active
3197,Tommy Wilcox,Gold,MI,2024-11-16,6,45.0,Active
3630,Ashley Hernandez,Bronze,TN,2024-11-16,6,45.0,Active
3850,Nicholas Mora,Bronze,NC,2024-11-16,8,45.0,Active
3868,Angela Cole,Bronze,GA,2024-11-16,7,45.0,Active
4217,Fernando Smith,Silver,NY,2024-11-16,11,45.0,Active
4379,Todd Green,Platinum,GA,2024-11-16,5,45.0,Active
4612,Sharon Gardner,Gold,TN,2024-11-16,7,45.0,Active
4657,Joseph Franklin,Gold,TN,2024-11-16,7,45.0,Active
4664,Douglas Smith,Silver,NJ,2024-11-16,5,45.0,Active
5572,Gail Kaiser,Silver,VA,2024-11-16,13,45.0,Active
5646,Tracy Rodriguez,Silver,VA,2024-11-16,3,45.0,Active
6449,Kathleen Huynh,Bronze,TX,2024-11-16,10,45.0,Active
6478,Emily Pena,Bronze,MO,2024-11-16,9,45.0,Active
6875,Jillian Meyers,Gold,TN,2024-11-16,7,45.0,Active
7007,Louis Smith,Silver,NJ,2024-11-16,6,45.0,Active
7017,Christine Holden,Bronze,CA,2024-11-16,7,45.0,Active
7356,William Gomez,Bronze,PA,2024-11-16,10,45.0,Active
7548,Keith Obrien,Silver,GA,2024-11-16,9,45.0,Active
9047,Luis Hill,Bronze,NY,2024-11-16,18,45.0,Active
9110,Barbara Diaz,Silver,FL,2024-11-16,7,45.0,Active
9568,Gloria Irwin,Gold,WA,2024-11-16,9,45.0,Active
9635,Susan Gonzales,Silver,PA,2024-11-16,4,45.0,Active
9694,Javier Munoz,Platinum,FL,2024-11-16,7,45.0,Active
9791,Debra Davis,Silver,TX,2024-11-16,8,45.0,Active
9816,Cindy Sherman,Bronze,NC,2024-11-16,14,45.0,Active
326,Todd Esparza,Silver,OH,2024-11-17,8,44.0,Active
368,Amber Jackson,Silver,TN,2024-11-17,4,44.0,Active
544,Wyatt Trevino,Platinum,NY,2024-11-17,8,44.0,Active
874,Charles Lewis,Silver,NC,2024-11-17,9,44.0,Active
955,Amanda Edwards,Silver,IL,2024-11-17,13,44.0,Active
1427,Natasha Williams,Gold,IN,2024-11-17,7,44.0,Active
1506,Abigail Brown,Gold,WA,2024-11-17,6,44.0,Active
1656,Nancy Ballard,Silver,FL,2024-11-17,10,44.0,Active
1728,Ian Bailey,Bronze,NC,2024-11-17,4,44.0,Active
1954,Renee Ramirez,Gold,NC,2024-11-17,9,44.0,Active
1958,Catherine Rogers,Bronze,CA,2024-11-17,10,44.0,Active
2087,Evan Davis,Bronze,MA,2024-11-17,13,44.0,Active
2369,Mark Barnett,Silver,MO,2024-11-17,5,44.0,Active
2435,Jeffrey Dixon,Silver,IL,2024-11-17,6,44.0,Active
2662,Jessica Fitzgerald,Bronze,VA,2024-11-17,7,44.0,Active
2775,Dawn Stout,Bronze,NC,2024-11-17,9,44.0,Active
2944,Mark Walker,Gold,TN,2024-11-17,10,44.0,Active
2950,Aaron Foster,Gold,NY,2024-11-17,2,44.0,Active
3035,Lisa King,Bronze,WI,2024-11-17,5,44.0,Active
3054,Daniel Briggs,Bronze,TX,2024-11-17,8,44.0,Active
3221,Theresa Navarro,Platinum,IN,2024-11-17,10,44.0,Active
3363,Jennifer Walker,Bronze,MO,2024-11-17,9,44.0,Active
3441,Katie Miller,Bronze,VA,2024-11-17,6,44.0,Active
3906,Rebecca Bryant,Bronze,OH,2024-11-17,7,44.0,Active
3993,Ryan Robinson,Gold,AZ,2024-11-17,5,44.0,Active
4072,Brian Campbell,Bronze,WI,2024-11-17,9,44.0,Active
4295,Michael Lopez,Bronze,WA,2024-11-17,8,44.0,Active
4764,Keith Gonzalez,Silver,TN,2024-11-17,9,44.0,Active
4977,Theresa Cunningham,Gold,PA,2024-11-17,6,44.0,Active
5548,Dana Burnett,Platinum,NJ,2024-11-17,8,44.0,Active
5752,Linda Nelson,Silver,MD,2024-11-17,5,44.0,Active
5813,Michelle Wright,Gold,TX,2024-11-17,6,44.0,Active
5882,Chad Harris,Gold,TN,2024-11-17,6,44.0,Active
5953,Steven Hall,Bronze,MD,2024-11-17,10,44.0,Active
6167,Aaron Gibson,Bronze,TX,2024-11-17,7,44.0,Active
6268,Dana Adams,Silver,FL,2024-11-17,8,44.0,Active
7066,Jacqueline Ortega,Silver,IL,2024-11-17,7,44.0,Active
7416,Brittany Collins,Bronze,OH,2024-11-17,15,44.0,Active
7675,Mark Hicks,Gold,MA,2024-11-17,6,44.0,Active
8744,Robert Dawson,Bronze,VA,2024-11-17,12,44.0,Active
8796,Ruth Hines,Gold,NY,2024-11-17,8,44.0,Active
8833,Adrian Carter,Silver,MO,2024-11-17,6,44.0,Active
8882,Russell Taylor,Bronze,CA,2024-11-17,11,44.0,Active
9162,Patrick Mckinney,Bronze,MD,2024-11-17,6,44.0,Active
9411,Lindsey Byrd,Platinum,NJ,2024-11-17,11,44.0,Active
6,Brandon Rodriguez,Bronze,AZ,2024-11-18,10,43.0,Active
24,Amanda Hansen,Bronze,MO,2024-11-18,9,43.0,Active
187,Mark Mckinney,Bronze,MO,2024-11-18,6,43.0,Active
505,Anne Smith,Platinum,CA,2024-11-18,5,43.0,Active
562,Phillip Jones,Bronze,AZ,2024-11-18,11,43.0,Active
1351,Daniel Nixon,Bronze,OH,2024-11-18,13,43.0,Active
1451,Nathan Ramos,Bronze,CA,2024-11-18,8,43.0,Active
1823,Luis Smith,Bronze,CA,2024-11-18,7,43.0,Active
2309,Andrea Lynch,Bronze,IL,2024-11-18,8,43.0,Active
2469,Samuel Hart,Bronze,NJ,2024-11-18,11,43.0,Active
2841,Valerie Martinez,Bronze,NJ,2024-11-18,7,43.0,Active
2933,Christopher Freeman,Silver,WI,2024-11-18,9,43.0,Active
3009,Briana Reyes,Gold,WA,2024-11-18,13,43.0,Active
3434,Samantha Garcia,Silver,NC,2024-11-18,8,43.0,Active
3510,Matthew Adkins,Silver,IL,2024-11-18,5,43.0,Active
3777,Sara King,Gold,CA,2024-11-18,6,43.0,Active
4190,Mike Conner,Platinum,PA,2024-11-18,11,43.0,Active
4532,Amber Perez,Silver,MA,2024-11-18,5,43.0,Active
5289,Timothy Leonard,Silver,MO,2024-11-18,6,43.0,Active
5359,Robert Munoz,Bronze,CA,2024-11-18,10,43.0,Active
5412,Nicholas Romero,Gold,FL,2024-11-18,11,43.0,Active
5536,Mike Stephenson,Platinum,TN,2024-11-18,6,43.0,Active
5537,Jacqueline Ware,Bronze,NC,2024-11-18,5,43.0,Active
5830,Maurice Turner,Bronze,WI,2024-11-18,6,43.0,Active
5856,Jason Hamilton,Gold,WA,2024-11-18,5,43.0,Active
5875,James Green,Gold,AZ,2024-11-18,9,43.0,Active
5962,Angela Jones,Silver,TN,2024-11-18,7,43.0,Active
6440,Brandy Diaz,Silver,OH,2024-11-18,5,43.0,Active
6460,Samuel Sanchez,Silver,TN,2024-11-18,6,43.0,Active
6595,Wendy Ayers,Silver,TN,2024-11-18,11,43.0,Active
7077,Edward Hill,Bronze,CA,2024-11-18,8,43.0,Active
7122,Barbara Figueroa,Bronze,WI,2024-11-18,6,43.0,Active
7152,Leah Best,Gold,CA,2024-11-18,9,43.0,Active
7529,Michael Doyle,Bronze,IL,2024-11-18,5,43.0,Active
7579,Richard Gonzales,Silver,NY,2024-11-18,8,43.0,Active
7671,Michael Snyder,Silver,IN,2024-11-18,6,43.0,Active
7836,Amy White,Gold,TX,2024-11-18,9,43.0,Active
7949,Audrey Alexander,Gold,TN,2024-11-18,9,43.0,Active
8241,Robert Bowman,Platinum,TX,2024-11-18,11,43.0,Active
8340,Alyssa Adams,Silver,NY,2024-11-18,10,43.0,Active
8360,Tony Lawson,Bronze,IN,2024-11-18,9,43.0,Active
8715,Steven Lamb,Silver,PA,2024-11-18,6,43.0,Active
8915,Cynthia Moore,Bronze,NY,2024-11-18,5,43.0,Active
9213,Tyler Hurley,Bronze,MO,2024-11-18,12,43.0,Active
9383,Brittany Lee,Bronze,PA,2024-11-18,7,43.0,Active
9601,Paul Nelson,Platinum,NC,2024-11-18,11,43.0,Active
9687,Victor Smith,Bronze,NJ,2024-11-18,7,43.0,Active
9718,Aaron Wilson,Platinum,MD,2024-11-18,8,43.0,Active
9960,David Walter,Bronze,MD,2024-11-18,7,43.0,Active
162,Richard Deleon,Silver,OH,2024-11-19,5,42.0,Active
358,Jessica Skinner,Bronze,WI,2024-11-19,7,42.0,Active
553,Christina Smith,Bronze,VA,2024-11-19,7,42.0,Active
973,Joseph Tucker,Silver,MO,2024-11-19,8,42.0,Active
1046,Brandon Hanna,Silver,GA,2024-11-19,6,42.0,Active
1059,Robert Morris,Bronze,CA,2024-11-19,4,42.0,Active
1637,Danielle Martinez,Platinum,TN,2024-11-19,8,42.0,Active
1782,Gloria Patterson,Gold,OH,2024-11-19,5,42.0,Active
2254,Rebecca Rhodes,Bronze,CA,2024-11-19,5,42.0,Active
2308,Denise Jackson,Bronze,WI,2024-11-19,7,42.0,Active
2800,Matthew Bond,Silver,FL,2024-11-19,14,42.0,Active
2878,Brenda Little,Bronze,OH,2024-11-19,10,42.0,Active
3407,Patricia Sharp,Bronze,IN,2024-11-19,8,42.0,Active
3767,Sheryl Kramer,Silver,OH,2024-11-19,8,42.0,Active
4780,Robert Collins,Bronze,MI,2024-11-19,8,42.0,Active
5169,Christopher Moore,Bronze,FL,2024-11-19,10,42.0,Active
5367,Deborah Sullivan,Gold,FL,2024-11-19,6,42.0,Active
5656,Rachel Chavez,Silver,NC,2024-11-19,8,42.0,Active
5861,Danielle Miller,Bronze,WI,2024-11-19,10,42.0,Active
5870,Pamela Weber,Gold,IL,2024-11-19,14,42.0,Active
5924,Shannon Lee,Bronze,TN,2024-11-19,10,42.0,Active
6052,Christopher Stanton,Bronze,AZ,2024-11-19,8,42.0,Active
6312,Donald Rogers,Bronze,WI,2024-11-19,10,42.0,Active
6332,Jennifer Russo,Bronze,FL,2024-11-19,11,42.0,Active
6503,Riley White,Bronze,TX,2024-11-19,10,42.0,Active
6520,Anthony Wilson,Silver,NC,2024-11-19,7,42.0,Active
6858,Sarah Cabrera,Bronze,TX,2024-11-19,8,42.0,Active
6980,John Lee,Bronze,NJ,2024-11-19,9,42.0,Active
7203,Thomas Spencer,Bronze,NJ,2024-11-19,7,42.0,Active
7352,Lydia Smith,Bronze,GA,2024-11-19,7,42.0,Active
7793,Laurie Chavez,Bronze,NC,2024-11-19,6,42.0,Active
8135,Scott Collins,Gold,MO,2024-11-19,8,42.0,Active
9928,Gregory Gonzales,Gold,NY,2024-11-19,12,42.0,Active
169,Cynthia Smith,Platinum,VA,2024-11-20,9,41.0,Active
219,Brenda Sheppard,Silver,NY,2024-11-20,9,41.0,Active
277,Jonathan Silva,Bronze,WA,2024-11-20,8,41.0,Active
309,Jeffery Gordon,Bronze,IL,2024-11-20,9,41.0,Active
465,Kim Brown,Platinum,CA,2024-11-20,10,41.0,Active
597,Jonathan Walker,Bronze,WA,2024-11-20,4,41.0,Active
661,Connie Peters,Gold,MA,2024-11-20,9,41.0,Active
719,Jason Cook,Silver,MI,2024-11-20,7,41.0,Active
1254,Megan Cannon,Bronze,OH,2024-11-20,7,41.0,Active
1278,Mark Baird,Platinum,NC,2024-11-20,7,41.0,Active
1378,Austin Mendoza,Bronze,AZ,2024-11-20,5,41.0,Active
1462,Carrie Rodriguez,Bronze,NJ,2024-11-20,8,41.0,Active
1482,Brent Gardner,Gold,TX,2024-11-20,5,41.0,Active
1520,Charles Brown,Platinum,WA,2024-11-20,4,41.0,Active
1749,Leslie Wilson,Gold,MD,2024-11-20,11,41.0,Active
1839,Michael Castillo,Gold,OH,2024-11-20,7,41.0,Active
1903,Michael Vargas,Gold,AZ,2024-11-20,6,41.0,Active
1953,Kyle Gonzales,Gold,MI,2024-11-20,11,41.0,Active
2073,Bonnie Austin,Gold,MD,2024-11-20,6,41.0,Active
2111,Bryan Williams,Silver,PA,2024-11-20,9,41.0,Active
2540,Jeremy Miller,Bronze,IL,2024-11-20,9,41.0,Active
2648,Ryan Quinn,Bronze,IN,2024-11-20,7,41.0,Active
2663,Jonathan Williams,Silver,MD,2024-11-20,9,41.0,Active
2771,Bonnie Rodgers,Bronze,IL,2024-11-20,11,41.0,Active
3043,Erika Sullivan,Gold,NC,2024-11-20,7,41.0,Active
3179,Benjamin Bates,Silver,MD,2024-11-20,8,41.0,Active
3225,Kevin Stanley,Gold,NC,2024-11-20,8,41.0,Active
3309,James Wilson,Gold,TX,2024-11-20,12,41.0,Active
3568,Hailey Cherry,Bronze,OH,2024-11-20,8,41.0,Active
3824,Daniel Daugherty,Bronze,TX,2024-11-20,7,41.0,Active
4104,Jackson Jones,Bronze,NJ,2024-11-20,9,41.0,Active
4289,Jennifer Coleman,Silver,CA,2024-11-20,6,41.0,Active
4573,Sherri Walker,Gold,NC,2024-11-20,7,41.0,Active
4852,Christopher York,Bronze,FL,2024-11-20,12,41.0,Active
4875,John Page,Gold,WA,2024-11-20,5,41.0,Active
5041,Anthony Moore,Bronze,CA,2024-11-20,6,41.0,Active
5064,Tim Maddox,Silver,TN,2024-11-20,3,41.0,Active
5434,Cynthia Ferrell,Silver,TN,2024-11-20,12,41.0,Active
5909,William Rice,Bronze,NJ,2024-11-20,7,41.0,Active
5952,Scott Estes,Bronze,MI,2024-11-20,8,41.0,Active
6022,Johnny Martin,Bronze,NC,2024-11-20,5,41.0,Active
6086,Ronnie Miller,Silver,NY,2024-11-20,5,41.0,Active
6225,Diana Nelson,Platinum,MD,2024-11-20,8,41.0,Active
6419,Cindy Zimmerman,Bronze,CA,2024-11-20,8,41.0,Active
6663,Rebecca Gomez,Bronze,CA,2024-11-20,14,41.0,Active
7171,Heidi Caldwell,Gold,WA,2024-11-20,7,41.0,Active
7300,Carol Conrad,Bronze,MD,2024-11-20,6,41.0,Active
7403,Bonnie Butler,Bronze,TX,2024-11-20,10,41.0,Active
7467,Kathryn Hampton,Bronze,TX,2024-11-20,8,41.0,Active
7787,Karina Evans,Gold,MO,2024-11-20,7,41.0,Active
8129,Jack Greer,Platinum,PA,2024-11-20,3,41.0,Active
8227,Catherine Garcia,Silver,NY,2024-11-20,11,41.0,Active
8607,Rachel Jones,Silver,FL,2024-11-20,8,41.0,Active
9221,Christopher Brooks,Silver,MI,2024-11-20,9,41.0,Active
9261,Tyler Brock,Platinum,NC,2024-11-20,7,41.0,Active
9367,Joyce Little,Silver,IL,2024-11-20,4,41.0,Active
9729,Jacob Franco,Silver,TX,2024-11-20,13,41.0,Active
9930,Traci Walters,Bronze,VA,2024-11-20,10,41.0,Active
9952,Rebecca Miller,Platinum,WI,2024-11-20,7,41.0,Active
52,Derek Chavez,Platinum,TX,2024-11-21,12,40.0,Active
457,Theresa Jacobs,Bronze,FL,2024-11-21,7,40.0,Active
467,James Mcmahon,Silver,TX,2024-11-21,8,40.0,Active
677,Jacob Parsons,Silver,MO,2024-11-21,9,40.0,Active
761,Christopher Peck,Gold,TN,2024-11-21,7,40.0,Active
937,Patricia Garcia,Platinum,IN,2024-11-21,4,40.0,Active
1007,Julie Rice,Bronze,MO,2024-11-21,10,40.0,Active
1425,Monica Gonzalez,Silver,MD,2024-11-21,12,40.0,Active
2011,Beth Kane,Silver,NC,2024-11-21,8,40.0,Active
2395,Mike Bell,Silver,VA,2024-11-21,3,40.0,Active
2674,Kenneth Cruz,Gold,NJ,2024-11-21,9,40.0,Active
2717,Robert Buck,Silver,MI,2024-11-21,3,40.0,Active
2989,Crystal Mcguire,Gold,VA,2024-11-21,10,40.0,Active
3030,Sara Bowman,Bronze,IL,2024-11-21,9,40.0,Active
3228,Vanessa Henry,Gold,WA,2024-11-21,5,40.0,Active
3437,Michelle Thomas,Bronze,MA,2024-11-21,6,40.0,Active
3500,Diane Simpson,Silver,GA,2024-11-21,6,40.0,Active
3503,Keith Delgado,Silver,NC,2024-11-21,13,40.0,Active
3628,Christina Smith,Bronze,MD,2024-11-21,7,40.0,Active
3712,Traci White,Silver,NY,2024-11-21,9,40.0,Active
3746,Misty Cruz,Platinum,VA,2024-11-21,4,40.0,Active
3884,Jorge Ryan,Silver,MA,2024-11-21,6,40.0,Active
3914,Gary Hoffman,Silver,OH,2024-11-21,7,40.0,Active
4071,Deborah Cox,Silver,MD,2024-11-21,3,40.0,Active
4623,Michele Solomon,Bronze,PA,2024-11-21,7,40.0,Active
4653,Dana Vasquez,Silver,CA,2024-11-21,8,40.0,Active
4935,John Jennings,Platinum,NC,2024-11-21,6,40.0,Active
4998,Sandra Powell,Silver,FL,2024-11-21,11,40.0,Active
5001,Daniel Perry,Bronze,NJ,2024-11-21,8,40.0,Active
5047,Ariel Petersen,Silver,IL,2024-11-21,10,40.0,Active
5446,Lisa Guzman,Gold,NC,2024-11-21,12,40.0,Active
5495,Gabriella Kelly,Gold,IN,2024-11-21,15,40.0,Active
6106,Amy Holmes,Bronze,AZ,2024-11-21,10,40.0,Active
6174,Lori Spencer,Gold,WI,2024-11-21,8,40.0,Active
6178,Jillian Owens,Bronze,MI,2024-11-21,8,40.0,Active
6218,Melissa Butler,Silver,MO,2024-11-21,9,40.0,Active
6788,Nathan Meyer,Platinum,MI,2024-11-21,11,40.0,Active
6902,Anthony Robles,Platinum,AZ,2024-11-21,10,40.0,Active
6967,Hunter Nelson,Silver,MO,2024-11-21,12,40.0,Active
7060,Linda Glenn,Gold,WI,2024-11-21,16,40.0,Active
7073,Eric Andrews,Bronze,OH,2024-11-21,9,40.0,Active
7523,Melissa Young,Platinum,IN,2024-11-21,9,40.0,Active
7568,Anthony Dixon,Gold,MI,2024-11-21,10,40.0,Active
7717,Matthew Brown,Gold,MO,2024-11-21,8,40.0,Active
7757,Timothy Mooney,Gold,GA,2024-11-21,7,40.0,Active
7848,Pamela Vance,Bronze,WA,2024-11-21,11,40.0,Active
7862,Kyle Mathews,Platinum,VA,2024-11-21,12,40.0,Active
7951,Mike Gonzalez,Silver,PA,2024-11-21,7,40.0,Active
7967,David Trujillo,Bronze,MI,2024-11-21,6,40.0,Active
8114,Brian Lambert,Silver,MI,2024-11-21,10,40.0,Active
8244,Steven Wright,Bronze,OH,2024-11-21,5,40.0,Active
8302,Nathaniel Jordan,Bronze,IL,2024-11-21,9,40.0,Active
8417,Christine White,Silver,TN,2024-11-21,8,40.0,Active
8551,Paige Schultz,Bronze,WA,2024-11-21,6,40.0,Active
8634,Jeremy Perkins,Bronze,MD,2024-11-21,7,40.0,Active
8731,Johnny Campbell,Platinum,PA,2024-11-21,13,40.0,Active
9490,Melissa Fleming,Bronze,WA,2024-11-21,8,40.0,Active
9639,Janet Huffman,Platinum,PA,2024-11-21,7,40.0,Active
548,Gregory Elliott,Silver,FL,2024-11-22,10,39.0,Active
635,Brian James,Bronze,WA,2024-11-22,11,39.0,Active
943,Aaron Jones,Bronze,GA,2024-11-22,8,39.0,Active
1131,Jose Cherry,Silver,IL,2024-11-22,8,39.0,Active
1231,Daniel Johnson,Gold,CA,2024-11-22,6,39.0,Active
1301,Alexander Logan,Gold,IN,2024-11-22,9,39.0,Active
1636,Susan Myers,Silver,TN,2024-11-22,4,39.0,Active
1990,Julie Livingston,Bronze,IL,2024-11-22,8,39.0,Active
2038,William Robinson,Gold,IL,2024-11-22,6,39.0,Active
2550,Linda Henson,Silver,IL,2024-11-22,7,39.0,Active
2643,Tammy Carroll,Bronze,IN,2024-11-22,5,39.0,Active
2688,Marc Steele,Platinum,VA,2024-11-22,10,39.0,Active
3153,Kim Simpson,Gold,GA,2024-11-22,8,39.0,Active
3157,David Hanson,Gold,IN,2024-11-22,5,39.0,Active
3211,Mary Fernandez,Silver,MI,2024-11-22,11,39.0,Active
3296,Jennifer Davila,Bronze,PA,2024-11-22,7,39.0,Active
3480,Duane Bennett,Bronze,MI,2024-11-22,12,39.0,Active
3545,Brianna Ramsey,Bronze,MA,2024-11-22,9,39.0,Active
3805,Joshua Martinez,Silver,MD,2024-11-22,6,39.0,Active
3894,Nathan Thompson,Bronze,IN,2024-11-22,8,39.0,Active
4030,Kirk Williams,Gold,PA,2024-11-22,6,39.0,Active
4370,Charles Anderson,Gold,GA,2024-11-22,9,39.0,Active
4447,Christina Simmons,Bronze,FL,2024-11-22,21,39.0,Active
4755,Lindsey Fuller,Bronze,MO,2024-11-22,4,39.0,Active
5075,Michelle Rodriguez,Silver,CA,2024-11-22,10,39.0,Active
5114,Brian Hodge,Silver,NY,2024-11-22,6,39.0,Active
5296,Ryan Mills,Silver,NY,2024-11-22,10,39.0,Active
5996,Monica Hood,Gold,MA,2024-11-22,11,39.0,Active
6039,Javier Cooley,Silver,NC,2024-11-22,7,39.0,Active
6641,Katie Stevens,Bronze,MO,2024-11-22,8,39.0,Active
6771,April Martinez,Gold,NY,2024-11-22,7,39.0,Active
6870,April Lee,Bronze,GA,2024-11-22,7,39.0,Active
6989,Alexandra Allen,Bronze,AZ,2024-11-22,7,39.0,Active
7106,Cody Pitts,Gold,CA,2024-11-22,13,39.0,Active
7111,Raven Pace,Gold,PA,2024-11-22,7,39.0,Active
7908,Jessica Kline,Silver,OH,2024-11-22,10,39.0,Active
8355,Richard Martin,Gold,WI,2024-11-22,14,39.0,Active
8483,Valerie Garrison,Silver,NC,2024-11-22,7,39.0,Active
9240,Jessica Rice,Bronze,NJ,2024-11-22,10,39.0,Active
9304,William Lewis,Gold,VA,2024-11-22,10,39.0,Active
9554,Paige Kim,Bronze,NC,2024-11-22,3,39.0,Active
9745,Brian Webster,Bronze,WA,2024-11-22,6,39.0,Active
9883,Tiffany Long,Silver,GA,2024-11-22,8,39.0,Active
9901,Terri Phillips,Platinum,WI,2024-11-22,8,39.0,Active
120,Martin Hogan,Bronze,NC,2024-11-23,7,38.0,Active
228,Christine Galvan,Bronze,NJ,2024-11-23,7,38.0,Active
378,Jonathan Fisher,Bronze,OH,2024-11-23,5,38.0,Active
714,Daniel Watkins,Silver,WA,2024-11-23,9,38.0,Active
1420,Douglas Fuentes,Bronze,TX,2024-11-23,6,38.0,Active
1453,Brooke Goodman,Gold,CA,2024-11-23,6,38.0,Active
1481,Kelly Anderson,Bronze,VA,2024-11-23,11,38.0,Active
1703,Mary Washington,Silver,OH,2024-11-23,10,38.0,Active
1795,Jenna Mccoy,Silver,WI,2024-11-23,13,38.0,Active
2152,Cheryl Waller,Bronze,FL,2024-11-23,7,38.0,Active
2450,Dalton Byrd,Platinum,TN,2024-11-23,13,38.0,Active
2476,Anthony Hartman,Bronze,MO,2024-11-23,8,38.0,Active
2603,John Bass,Silver,FL,2024-11-23,10,38.0,Active
2855,Katelyn James,Platinum,IL,2024-11-23,8,38.0,Active
2919,Emily Kelley,Bronze,CA,2024-11-23,12,38.0,Active
2921,John Snyder,Bronze,MO,2024-11-23,4,38.0,Active
3547,William Davis,Gold,IN,2024-11-23,8,38.0,Active
3924,Christine Khan,Bronze,FL,2024-11-23,5,38.0,Active
4215,Brianna Bryan,Bronze,TX,2024-11-23,11,38.0,Active
4279,Ronald Payne,Gold,NJ,2024-11-23,12,38.0,Active
4424,Tommy Alexander,Bronze,NC,2024-11-23,9,38.0,Active
4794,Shari Oconnor,Gold,OH,2024-11-23,10,38.0,Active
5052,Stacy Lewis,Bronze,WI,2024-11-23,4,38.0,Active
5111,David Johnson,Silver,NY,2024-11-23,9,38.0,Active
5150,Claudia Wilkins,Bronze,GA,2024-11-23,11,38.0,Active
5573,Mark Adkins,Bronze,NY,2024-11-23,9,38.0,Active
5629,Lisa Lopez,Silver,IN,2024-11-23,7,38.0,Active
5733,Lisa Davis,Bronze,NJ,2024-11-23,11,38.0,Active
5757,Carlos Frank,Silver,IN,2024-11-23,12,38.0,Active
5911,Tammy Garcia,Silver,WA,2024-11-23,5,38.0,Active
5980,April Young,Bronze,MA,2024-11-23,13,38.0,Active
6246,Frank Hawkins,Silver,OH,2024-11-23,12,38.0,Active
6286,Isaiah Odonnell,Bronze,OH,2024-11-23,5,38.0,Active
6381,Samuel Smith,Bronze,TN,2024-11-23,9,38.0,Active
6640,Matthew Whitaker,Platinum,IL,2024-11-23,7,38.0,Active
6906,Laura Lara,Platinum,IN,2024-11-23,11,38.0,Active
7039,James Stokes,Bronze,IL,2024-11-23,7,38.0,Active
7424,Daniel Freeman,Platinum,WA,2024-11-23,6,38.0,Active
7484,Nicole Sanders,Silver,PA,2024-11-23,13,38.0,Active
7849,Mikayla Brown,Bronze,TX,2024-11-23,9,38.0,Active
7933,Donald Davis,Gold,GA,2024-11-23,12,38.0,Active
8010,Donald Lopez,Gold,IL,2024-11-23,6,38.0,Active
9394,Danny Barnett,Gold,FL,2024-11-23,9,38.0,Active
4,Mitchell Clark,Silver,IL,2024-11-24,9,37.0,Active
64,Glenn Hernandez,Platinum,GA,2024-11-24,10,37.0,Active
398,Lori Frazier,Bronze,MD,2024-11-24,11,37.0,Active
413,Allen Ward,Platinum,NC,2024-11-24,7,37.0,Active
448,Regina Waller,Bronze,OH,2024-11-24,12,37.0,Active
568,Cody Acosta,Bronze,MA,2024-11-24,16,37.0,Active
626,Collin Vega,Silver,MD,2024-11-24,9,37.0,Active
1284,Jennifer Duncan,Bronze,VA,2024-11-24,8,37.0,Active
1305,John Howard,Bronze,NY,2024-11-24,5,37.0,Active
1973,Andrea Kelly,Bronze,GA,2024-11-24,8,37.0,Active
2481,Nicole Robertson,Platinum,IN,2024-11-24,11,37.0,Active
2918,Anthony Jordan,Bronze,AZ,2024-11-24,8,37.0,Active
2947,Christopher Richardson,Platinum,CA,2024-11-24,9,37.0,Active
2985,Teresa Fowler,Bronze,NJ,2024-11-24,11,37.0,Active
3560,Michelle Thompson,Bronze,MO,2024-11-24,8,37.0,Active
3601,David Moore,Gold,MI,2024-11-24,13,37.0,Active
3631,Mark Elliott,Gold,IN,2024-11-24,17,37.0,Active
3791,Elizabeth Walton,Silver,CA,2024-11-24,10,37.0,Active
3947,Heidi Martinez,Bronze,AZ,2024-11-24,7,37.0,Active
4540,Mark Myers,Silver,GA,2024-11-24,10,37.0,Active
4864,Philip Greene,Silver,IN,2024-11-24,11,37.0,Active
5016,Jared Adams,Bronze,NC,2024-11-24,8,37.0,Active
5100,Randy White,Bronze,MO,2024-11-24,5,37.0,Active
5126,Christopher Ward,Platinum,NJ,2024-11-24,11,37.0,Active
5613,Molly Rivera,Platinum,IN,2024-11-24,8,37.0,Active
5710,Debbie Hensley,Bronze,MD,2024-11-24,6,37.0,Active
5908,Debra Thompson,Bronze,NY,2024-11-24,8,37.0,Active
6137,Brent Jordan,Bronze,NC,2024-11-24,10,37.0,Active
6633,Melissa Stone,Silver,MA,2024-11-24,9,37.0,Active
6904,Lisa Miller,Silver,NC,2024-11-24,6,37.0,Active
7004,Samantha Jones,Bronze,FL,2024-11-24,6,37.0,Active
7142,Megan Williams,Gold,NJ,2024-11-24,8,37.0,Active
7271,Bridget Martin,Gold,NY,2024-11-24,10,37.0,Active
7361,Jillian Gonzalez,Platinum,IN,2024-11-24,10,37.0,Active
7591,Michael Gray,Bronze,TX,2024-11-24,13,37.0,Active
7663,Diamond Ray,Platinum,IL,2024-11-24,7,37.0,Active
8022,Brandon Keith,Platinum,FL,2024-11-24,4,37.0,Active
8276,James Kelley,Bronze,OH,2024-11-24,4,37.0,Active
8278,Michael Scott,Bronze,TN,2024-11-24,5,37.0,Active
8418,Jason Braun,Bronze,TX,2024-11-24,6,37.0,Active
8637,Laura Soto,Silver,WA,2024-11-24,6,37.0,Active
8845,Walter Mcintosh,Gold,OH,2024-11-24,5,37.0,Active
8913,William Taylor,Bronze,MO,2024-11-24,9,37.0,Active
9228,Seth Murray,Platinum,NJ,2024-11-24,11,37.0,Active
9571,Michael Powers,Bronze,TX,2024-11-24,6,37.0,Active
9873,Madison Rush,Gold,TX,2024-11-24,11,37.0,Active
9899,Mark Walker,Silver,IL,2024-11-24,9,37.0,Active
137,Holly Blair,Silver,FL,2024-11-25,9,36.0,Active
204,Ronald Scott,Silver,WI,2024-11-25,5,36.0,Active
363,Lauren Beck,Bronze,WI,2024-11-25,6,36.0,Active
492,Donald Smith,Bronze,TX,2024-11-25,8,36.0,Active
567,Andres Nguyen,Bronze,MD,2024-11-25,9,36.0,Active
665,Carlos Gonzalez,Silver,TN,2024-11-25,5,36.0,Active
717,Eric Lee,Bronze,WI,2024-11-25,9,36.0,Active
1216,Jeffrey Ramos,Platinum,FL,2024-11-25,5,36.0,Active
1365,Erika Hernandez,Bronze,IN,2024-11-25,10,36.0,Active
1907,Sarah Johnson,Gold,AZ,2024-11-25,7,36.0,Active
2314,Krystal Mendoza,Bronze,MA,2024-11-25,7,36.0,Active
2336,Tony Russell,Bronze,NC,2024-11-25,6,36.0,Active
2418,James Stein,Silver,IL,2024-11-25,6,36.0,Active
2909,Lori Williams,Silver,MI,2024-11-25,8,36.0,Active
3059,Jose Wilson,Bronze,NY,2024-11-25,8,36.0,Active
3147,Tracy Calderon,Gold,MO,2024-11-25,8,36.0,Active
3305,Heather Wallace,Bronze,WA,2024-11-25,5,36.0,Active
3408,Chad Simmons,Bronze,FL,2024-11-25,10,36.0,Active
3415,Randall Robinson,Bronze,OH,2024-11-25,8,36.0,Active
3451,Cassandra Hansen,Gold,MI,2024-11-25,7,36.0,Active
3627,Mary Schneider,Silver,TX,2024-11-25,9,36.0,Active
3718,Ariana Davis,Gold,WI,2024-11-25,6,36.0,Active
3744,Anthony Martin,Bronze,NY,2024-11-25,7,36.0,Active
3754,Jeffrey Hill,Silver,TN,2024-11-25,6,36.0,Active
4032,Brandy Pratt,Silver,NC,2024-11-25,10,36.0,Active
4084,Kelly Sexton,Bronze,TX,2024-11-25,6,36.0,Active
4136,Rebecca Guerrero,Silver,PA,2024-11-25,10,36.0,Active
4184,Anthony Harrison,Gold,GA,2024-11-25,9,36.0,Active
4187,James Oneal,Bronze,VA,2024-11-25,7,36.0,Active
4306,Bryan Hendricks,Platinum,PA,2024-11-25,8,36.0,Active
4402,Angela Mclean,Bronze,MD,2024-11-25,7,36.0,Active
4446,Raymond King,Silver,TX,2024-11-25,9,36.0,Active
4450,Alexander Hill,Bronze,PA,2024-11-25,11,36.0,Active
4557,Brandon Hall,Bronze,MO,2024-11-25,11,36.0,Active
4587,Lauren Nguyen,Gold,CA,2024-11-25,13,36.0,Active
5177,Jacqueline Kennedy,Silver,TX,2024-11-25,11,36.0,Active
5377,Jesse Fisher,Bronze,CA,2024-11-25,12,36.0,Active
5454,Elizabeth Giles,Platinum,FL,2024-11-25,13,36.0,Active
6129,Julian Zimmerman,Silver,NC,2024-11-25,4,36.0,Active
6988,Roberto Burch,Silver,MD,2024-11-25,8,36.0,Active
7395,Daniel Evans,Bronze,VA,2024-11-25,9,36.0,Active
7464,Jane Reynolds,Bronze,GA,2024-11-25,10,36.0,Active
7858,Tara Wilson,Platinum,WI,2024-11-25,7,36.0,Active
7866,Michael Fernandez,Bronze,MA,2024-11-25,6,36.0,Active
8005,Nathan Porter,Gold,GA,2024-11-25,8,36.0,Active
8018,Brittany White,Silver,PA,2024-11-25,9,36.0,Active
8159,Brian Jenkins,Bronze,FL,2024-11-25,7,36.0,Active
8248,Patrick Morgan,Gold,MD,2024-11-25,11,36.0,Active
8254,Susan Dixon,Bronze,GA,2024-11-25,7,36.0,Active
8344,Matthew Petersen,Gold,PA,2024-11-25,6,36.0,Active
8519,Lucas Cook,Bronze,FL,2024-11-25,13,36.0,Active
8984,Joseph Daniels,Silver,TX,2024-11-25,9,36.0,Active
9005,Jennifer Ware,Gold,NY,2024-11-25,7,36.0,Active
9049,Kyle Campbell,Silver,CA,2024-11-25,9,36.0,Active
9193,David Brown,Gold,WA,2024-11-25,9,36.0,Active
9251,Kristy Cobb,Bronze,MD,2024-11-25,7,36.0,Active
9387,Danielle Benitez,Bronze,IL,2024-11-25,7,36.0,Active
9547,John Saunders,Silver,WI,2024-11-25,11,36.0,Active
9627,Joseph Dominguez,Bronze,MD,2024-11-25,8,36.0,Active
9719,Brian Lynch,Bronze,IL,2024-11-25,19,36.0,Active
9903,Edward Mooney,Platinum,IN,2024-11-25,5,36.0,Active
9978,Chelsea Collins,Platinum,TX,2024-11-25,5,36.0,Active
126,Kimberly Cunningham,Gold,MO,2024-11-26,9,35.0,Active
333,Terri Gonzalez,Bronze,NY,2024-11-26,5,35.0,Active
565,Katherine Berg,Bronze,TN,2024-11-26,10,35.0,Active
612,Kelly Mills,Gold,GA,2024-11-26,7,35.0,Active
706,Christy Mitchell,Bronze,VA,2024-11-26,7,35.0,Active
1162,Mario Castillo,Bronze,GA,2024-11-26,6,35.0,Active
1163,Melissa Evans,Bronze,IN,2024-11-26,13,35.0,Active
1165,Gary Morris,Silver,WA,2024-11-26,4,35.0,Active
1218,Kyle Contreras,Bronze,MD,2024-11-26,8,35.0,Active
1347,Michelle Jones,Bronze,WA,2024-11-26,13,35.0,Active
1410,Jeremiah Ray,Bronze,IL,2024-11-26,9,35.0,Active
1611,Peter Diaz,Bronze,NJ,2024-11-26,13,35.0,Active
2018,Andrea Williams,Silver,NY,2024-11-26,12,35.0,Active
2161,Amy Meadows,Silver,VA,2024-11-26,6,35.0,Active
2375,Katherine Sanchez,Gold,MI,2024-11-26,7,35.0,Active
2447,Amber Buchanan,Silver,OH,2024-11-26,11,35.0,Active
2489,Matthew Miller,Silver,FL,2024-11-26,10,35.0,Active
2787,Bethany Goodman,Silver,NJ,2024-11-26,2,35.0,Active
3061,Gregory Mack,Bronze,NC,2024-11-26,4,35.0,Active
3075,Cole Marsh,Gold,MI,2024-11-26,6,35.0,Active
3095,Mark Jenkins,Silver,MO,2024-11-26,8,35.0,Active
3220,Deborah Fuentes,Platinum,TX,2024-11-26,7,35.0,Active
3541,Kyle Ward,Bronze,FL,2024-11-26,12,35.0,Active
3707,Thomas Warren,Silver,TX,2024-11-26,10,35.0,Active
3888,Brandon Myers,Bronze,IN,2024-11-26,4,35.0,Active
4062,Erik Martinez,Bronze,MO,2024-11-26,10,35.0,Active
4311,Jennifer Peters,Gold,MO,2024-11-26,9,35.0,Active
4352,Malik Harper,Silver,IL,2024-11-26,11,35.0,Active
4918,Jennifer Robertson,Bronze,WA,2024-11-26,8,35.0,Active
5006,Kathleen Clark,Gold,FL,2024-11-26,3,35.0,Active
5214,Michele Copeland,Platinum,GA,2024-11-26,8,35.0,Active
5234,Joy Brown,Silver,MD,2024-11-26,8,35.0,Active
5250,Katherine English,Gold,WA,2024-11-26,6,35.0,Active
5599,Micheal Peterson,Silver,CA,2024-11-26,9,35.0,Active
5624,Keith Morgan,Bronze,MA,2024-11-26,7,35.0,Active
6082,Alicia Jennings,Gold,NC,2024-11-26,15,35.0,Active
6232,Heidi Stewart,Gold,IL,2024-11-26,7,35.0,Active
6301,Nancy Ashley,Platinum,MO,2024-11-26,5,35.0,Active
6450,Theodore Phillips,Bronze,MO,2024-11-26,6,35.0,Active
6525,Eugene Bentley,Silver,MA,2024-11-26,9,35.0,Active
6690,Wanda Daniels,Bronze,IN,2024-11-26,10,35.0,Active
6789,Eric Anderson,Silver,CA,2024-11-26,10,35.0,Active
7120,Alicia Simmons,Silver,NJ,2024-11-26,6,35.0,Active
7489,Trevor Perez,Bronze,IN,2024-11-26,10,35.0,Active
7636,Zachary Hernandez,Silver,MI,2024-11-26,10,35.0,Active
7822,Rebekah Lewis,Silver,TX,2024-11-26,8,35.0,Active
7839,Christopher Allen,Bronze,MA,2024-11-26,13,35.0,Active
8128,Susan Williams,Silver,NC,2024-11-26,7,35.0,Active
8379,Sean Herrera,Platinum,VA,2024-11-26,7,35.0,Active
8853,Jason James,Gold,VA,2024-11-26,6,35.0,Active
8885,Danielle Lawson,Bronze,IN,2024-11-26,8,35.0,Active
9279,Briana Obrien,Bronze,MI,2024-11-26,10,35.0,Active
9442,Edward Saunders,Bronze,MI,2024-11-26,12,35.0,Active
9584,Christian Hancock,Gold,IN,2024-11-26,11,35.0,Active
9591,Mary Hanson,Gold,WA,2024-11-26,11,35.0,Active
9606,Norman Rogers,Silver,IL,2024-11-26,7,35.0,Active
518,Scott Walker,Gold,PA,2024-11-27,7,34.0,Active
823,Sarah Ryan,Silver,WI,2024-11-27,7,34.0,Active
1021,Wendy West,Silver,NY,2024-11-27,9,34.0,Active
1389,Angela Marsh,Silver,MA,2024-11-27,5,34.0,Active
1463,Christina Stone,Bronze,WI,2024-11-27,15,34.0,Active
2057,Ryan Torres,Platinum,NC,2024-11-27,8,34.0,Active
2186,Jane Carter,Bronze,FL,2024-11-27,2,34.0,Active
2271,William Matthews,Bronze,OH,2024-11-27,14,34.0,Active
2323,Brandi Miller,Bronze,MO,2024-11-27,6,34.0,Active
2430,Colton Sanchez,Silver,NJ,2024-11-27,9,34.0,Active
2649,Bill Ochoa,Bronze,PA,2024-11-27,10,34.0,Active
2680,Hector Cooper,Bronze,WI,2024-11-27,6,34.0,Active
2934,Bruce Wolf,Bronze,NJ,2024-11-27,8,34.0,Active
3136,Kevin Torres,Bronze,PA,2024-11-27,4,34.0,Active
3572,Ricardo Stokes,Platinum,NY,2024-11-27,11,34.0,Active
3987,Elizabeth Griffin,Silver,NC,2024-11-27,6,34.0,Active
4287,Travis Scott,Gold,FL,2024-11-27,9,34.0,Active
4291,Troy Curry,Bronze,MO,2024-11-27,5,34.0,Active
4525,Patrick Tapia,Bronze,MA,2024-11-27,10,34.0,Active
4625,Michael Henry,Silver,MD,2024-11-27,8,34.0,Active
5093,Michelle Perez,Silver,MA,2024-11-27,11,34.0,Active
5205,Shelia Warren,Bronze,TN,2024-11-27,8,34.0,Active
5235,Christopher Shaw,Bronze,CA,2024-11-27,6,34.0,Active
5511,Tracy Hale,Bronze,TN,2024-11-27,3,34.0,Active
5673,Amanda Rich,Silver,MA,2024-11-27,11,34.0,Active
5829,Chad Massey,Gold,FL,2024-11-27,8,34.0,Active
5834,Jennifer Thomas,Gold,IL,2024-11-27,7,34.0,Active
5959,Christopher Page,Bronze,OH,2024-11-27,7,34.0,Active
5961,Gabriella Hernandez,Platinum,MI,2024-11-27,9,34.0,Active
6728,Larry Campbell,Bronze,NY,2024-11-27,11,34.0,Active
6734,Kenneth Garcia,Gold,MI,2024-11-27,10,34.0,Active
6750,Glenn Collins,Bronze,OH,2024-11-27,10,34.0,Active
7507,Amanda Garrett,Bronze,TN,2024-11-27,9,34.0,Active
7525,Ricky Jones,Bronze,MA,2024-11-27,7,34.0,Active
7602,Carla Blair,Silver,WA,2024-11-27,6,34.0,Active
7682,Amanda Church,Silver,MD,2024-11-27,11,34.0,Active
7932,Peggy Rodriguez,Silver,MI,2024-11-27,7,34.0,Active
7943,Gail Figueroa,Bronze,IN,2024-11-27,7,34.0,Active
8173,Tanya Burns,Bronze,PA,2024-11-27,8,34.0,Active
8210,Warren Rowe,Gold,OH,2024-11-27,6,34.0,Active
8214,Erin Hoffman,Bronze,NY,2024-11-27,11,34.0,Active
8268,Paula Smith,Gold,MO,2024-11-27,11,34.0,Active
8448,Willie Hendrix,Bronze,WI,2024-11-27,8,34.0,Active
8455,Alison Lewis,Silver,MO,2024-11-27,9,34.0,Active
8564,Melissa Guerra,Silver,MA,2024-11-27,7,34.0,Active
9133,Annette Burke,Silver,OH,2024-11-27,7,34.0,Active
9222,Jennifer House,Silver,PA,2024-11-27,7,34.0,Active
9339,Wendy Martinez,Silver,VA,2024-11-27,6,34.0,Active
9427,Andrew Brown,Bronze,PA,2024-11-27,7,34.0,Active
9740,Caitlin White,Bronze,VA,2024-11-27,10,34.0,Active
9756,Sarah Thomas,Platinum,MO,2024-11-27,9,34.0,Active
9812,Amber Delacruz,Platinum,IN,2024-11-27,7,34.0,Active
9858,Meghan Chen,Silver,FL,2024-11-27,8,34.0,Active
355,Linda Acevedo,Bronze,WI,2024-11-28,7,33.0,Active
451,Alyssa Greene,Platinum,IN,2024-11-28,11,33.0,Active
685,Tim Fritz,Bronze,CA,2024-11-28,6,33.0,Active
909,Kyle Everett,Bronze,MD,2024-11-28,6,33.0,Active
1466,Bridget Espinoza,Silver,CA,2024-11-28,11,33.0,Active
1494,Alan Riddle,Silver,IL,2024-11-28,5,33.0,Active
1644,William Bush,Silver,NJ,2024-11-28,9,33.0,Active
1714,Sandra Flores,Bronze,CA,2024-11-28,11,33.0,Active
1853,Julie Wood,Gold,MA,2024-11-28,13,33.0,Active
1945,Jason Sosa,Gold,MD,2024-11-28,6,33.0,Active
2126,Tina Pace,Silver,MO,2024-11-28,8,33.0,Active
2357,Monique Coleman,Gold,NY,2024-11-28,11,33.0,Active
2428,Patty Copeland,Silver,GA,2024-11-28,7,33.0,Active
2512,Ashley Williams,Bronze,TX,2024-11-28,9,33.0,Active
2513,James Valenzuela,Bronze,TX,2024-11-28,11,33.0,Active
2731,Kyle Maxwell,Bronze,TX,2024-11-28,6,33.0,Active
2783,Andrew Mitchell,Bronze,WI,2024-11-28,9,33.0,Active
2826,Maria Hall,Bronze,TX,2024-11-28,9,33.0,Active
2832,Kendra Robinson,Bronze,PA,2024-11-28,8,33.0,Active
2890,Michael Beard,Bronze,OH,2024-11-28,5,33.0,Active
3317,Peter Sanford,Silver,CA,2024-11-28,12,33.0,Active
3670,Taylor Roberts,Bronze,OH,2024-11-28,10,33.0,Active
3823,William Moore,Bronze,GA,2024-11-28,9,33.0,Active
3918,Dorothy Martin,Bronze,MO,2024-11-28,9,33.0,Active
4137,Patricia Johnson,Platinum,CA,2024-11-28,10,33.0,Active
4347,Linda Rivas,Bronze,MO,2024-11-28,10,33.0,Active
4566,Amy Weaver,Bronze,TN,2024-11-28,9,33.0,Active
4603,Jeffrey Brock,Bronze,PA,2024-11-28,11,33.0,Active
4752,Ryan Kennedy,Silver,IL,2024-11-28,10,33.0,Active
4873,Sue Edwards,Silver,AZ,2024-11-28,4,33.0,Active
4894,Jamie Stevenson,Silver,IL,2024-11-28,12,33.0,Active
4937,Marcia Robinson,Silver,PA,2024-11-28,8,33.0,Active
4948,Brian Roberts,Bronze,IN,2024-11-28,9,33.0,Active
4953,Brittany Weber,Silver,WI,2024-11-28,8,33.0,Active
4979,Renee Burns,Gold,NJ,2024-11-28,10,33.0,Active
5127,John Reilly,Silver,AZ,2024-11-28,10,33.0,Active
5183,Larry Payne,Bronze,NC,2024-11-28,13,33.0,Active
5350,Michael Andrews,Gold,TN,2024-11-28,5,33.0,Active
5579,Juan Thomas,Bronze,WA,2024-11-28,11,33.0,Active
5648,Jodi Hendricks,Bronze,CA,2024-11-28,15,33.0,Active
5698,Kevin Craig,Silver,WI,2024-11-28,9,33.0,Active
5755,Amy Elliott,Silver,CA,2024-11-28,14,33.0,Active
6087,John Sloan,Bronze,WA,2024-11-28,13,33.0,Active
6222,Roy Smith,Gold,AZ,2024-11-28,9,33.0,Active
6486,William Campbell,Bronze,GA,2024-11-28,8,33.0,Active
6798,Catherine Gutierrez,Bronze,VA,2024-11-28,10,33.0,Active
6799,Kelsey Smith,Gold,WA,2024-11-28,4,33.0,Active
6835,Kimberly Lyons,Bronze,MA,2024-11-28,11,33.0,Active
6841,Christine Mcmahon,Gold,TN,2024-11-28,7,33.0,Active
6885,Pamela Tran,Bronze,IL,2024-11-28,13,33.0,Active
6945,Beverly Clark,Silver,TX,2024-11-28,3,33.0,Active
7819,Jenna Rios,Gold,IN,2024-11-28,8,33.0,Active
8057,Eric Garner,Bronze,TN,2024-11-28,10,33.0,Active
8166,Sherri Wilcox,Bronze,TX,2024-11-28,11,33.0,Active
8522,Thomas Gonzalez,Bronze,CA,2024-11-28,9,33.0,Active
8935,Kayla Little,Platinum,TX,2024-11-28,7,33.0,Active
9077,Leah Good,Silver,PA,2024-11-28,15,33.0,Active
9079,Lauren Love,Silver,CA,2024-11-28,5,33.0,Active
9698,Jeanette Riggs,Silver,TN,2024-11-28,9,33.0,Active
9846,Larry Cruz,Silver,MI,2024-11-28,8,33.0,Active
48,Yvonne Castaneda,Gold,TX,2024-11-29,11,32.0,Active
926,Shawn Martin,Bronze,MA,2024-11-29,7,32.0,Active
1022,Jennifer Huff,Silver,AZ,2024-11-29,12,32.0,Active
1024,Janet Johnson,Silver,GA,2024-11-29,12,32.0,Active
1367,Gabriel Hammond,Bronze,PA,2024-11-29,11,32.0,Active
1864,Shaun Beck,Bronze,CA,2024-11-29,11,32.0,Active
2470,Anthony Carr,Bronze,VA,2024-11-29,8,32.0,Active
2594,Steven Garcia,Silver,WI,2024-11-29,9,32.0,Active
2675,John Spencer,Gold,CA,2024-11-29,13,32.0,Active
2743,Kevin Webb,Platinum,CA,2024-11-29,2,32.0,Active
2744,Michelle Rogers,Gold,MO,2024-11-29,9,32.0,Active
3005,Sheri Jordan,Gold,FL,2024-11-29,9,32.0,Active
3562,Joy Taylor,Gold,WI,2024-11-29,9,32.0,Active
3566,Tyler Hartman,Silver,TX,2024-11-29,13,32.0,Active
3937,Morgan Scott,Silver,PA,2024-11-29,5,32.0,Active
4067,Matthew Wells,Silver,OH,2024-11-29,10,32.0,Active
4103,Donald Mcintyre,Gold,MA,2024-11-29,5,32.0,Active
4353,Christopher Cochran,Silver,WA,2024-11-29,7,32.0,Active
4616,Kyle Scott,Bronze,CA,2024-11-29,9,32.0,Active
4671,Paul Dillon,Gold,NY,2024-11-29,9,32.0,Active
4746,Kevin Cole,Bronze,NC,2024-11-29,7,32.0,Active
4773,Christopher Gonzalez,Bronze,PA,2024-11-29,9,32.0,Active
4878,Maria Frederick,Silver,CA,2024-11-29,5,32.0,Active
4952,William Davis,Platinum,NJ,2024-11-29,12,32.0,Active
5058,Alec Brown,Silver,AZ,2024-11-29,10,32.0,Active
5080,Shannon Williams,Platinum,AZ,2024-11-29,11,32.0,Active
5190,Kristi Hughes,Gold,IN,2024-11-29,8,32.0,Active
5431,Christopher Sims,Bronze,MD,2024-11-29,12,32.0,Active
5682,Shannon Case,Bronze,MD,2024-11-29,8,32.0,Active
5689,Krista Jones,Silver,GA,2024-11-29,11,32.0,Active
5706,Jennifer Hernandez,Bronze,OH,2024-11-29,11,32.0,Active
5780,Rebecca Anderson,Gold,NC,2024-11-29,8,32.0,Active
6079,Troy Simmons,Silver,TN,2024-11-29,10,32.0,Active
6360,Catherine Scott,Bronze,AZ,2024-11-29,10,32.0,Active
6452,Kimberly Harris,Platinum,MD,2024-11-29,8,32.0,Active
6618,Anita Keith,Silver,WI,2024-11-29,8,32.0,Active
6696,Connie Walker,Bronze,VA,2024-11-29,7,32.0,Active
6970,David Davidson,Silver,VA,2024-11-29,7,32.0,Active
7589,Alicia Flowers,Bronze,TX,2024-11-29,7,32.0,Active
7641,Phillip Caldwell,Silver,TN,2024-11-29,6,32.0,Active
7896,Brett Mckinney,Gold,TX,2024-11-29,8,32.0,Active
8027,Mark Daniels,Gold,VA,2024-11-29,7,32.0,Active
8041,Carmen Hayes,Platinum,WA,2024-11-29,7,32.0,Active
8090,Kendra Anderson,Gold,MO,2024-11-29,7,32.0,Active
8604,Alexander Leach,Silver,NC,2024-11-29,7,32.0,Active
8682,Karen Johnson,Silver,TN,2024-11-29,7,32.0,Active
9044,Christopher Steele,Silver,GA,2024-11-29,14,32.0,Active
9210,Jacqueline Powers,Silver,IL,2024-11-29,7,32.0,Active
9278,Melinda Poole,Gold,OH,2024-11-29,6,32.0,Active
9469,Trevor Wright,Bronze,MD,2024-11-29,6,32.0,Active
9594,Margaret Parker,Platinum,VA,2024-11-29,11,32.0,Active
9613,Sharon Pierce,Silver,MD,2024-11-29,8,32.0,Active
9669,Kayla Garcia,Silver,VA,2024-11-29,4,32.0,Active
182,Mary Webb,Bronze,PA,2024-11-30,8,31.0,Active
507,Colin Rodriguez,Bronze,NY,2024-11-30,8,31.0,Active
604,David Robertson,Silver,NC,2024-11-30,8,31.0,Active
927,Danielle Perez,Platinum,FL,2024-11-30,6,31.0,Active
1117,Maria Juarez,Bronze,IL,2024-11-30,6,31.0,Active
1133,Nicholas Haney,Bronze,AZ,2024-11-30,8,31.0,Active
1174,Susan Melendez,Bronze,GA,2024-11-30,5,31.0,Active
1220,Dawn Miller,Platinum,WA,2024-11-30,4,31.0,Active
1273,Becky Reed,Bronze,PA,2024-11-30,14,31.0,Active
1439,Nathan Nguyen,Platinum,IL,2024-11-30,12,31.0,Active
1768,Sophia Miller,Gold,GA,2024-11-30,7,31.0,Active
2267,Mark Foley,Bronze,WI,2024-11-30,13,31.0,Active
2350,Ian Jones,Bronze,IL,2024-11-30,7,31.0,Active
2368,Michelle Neal,Bronze,VA,2024-11-30,11,31.0,Active
2667,Gabriela Green,Platinum,WA,2024-11-30,11,31.0,Active
2915,Susan Dalton,Bronze,MO,2024-11-30,4,31.0,Active
2974,Noah Price,Gold,NY,2024-11-30,15,31.0,Active
3079,Kevin Lawrence,Silver,VA,2024-11-30,8,31.0,Active
3173,Matthew Vang,Gold,MA,2024-11-30,8,31.0,Active
3263,Sandra Collins,Bronze,NC,2024-11-30,5,31.0,Active
3319,Annette Alexander,Silver,FL,2024-11-30,11,31.0,Active
3876,Angela Hunt,Gold,MO,2024-11-30,10,31.0,Active
3992,Suzanne Hicks,Bronze,TN,2024-11-30,8,31.0,Active
4077,Tiffany Holden,Bronze,MI,2024-11-30,10,31.0,Active
4273,Mike Davis,Bronze,AZ,2024-11-30,3,31.0,Active
4284,Teresa Yates,Silver,OH,2024-11-30,8,31.0,Active
4363,Maria Mills,Silver,IN,2024-11-30,7,31.0,Active
4470,Joseph Hall,Bronze,MA,2024-11-30,9,31.0,Active
4802,Shane Obrien,Silver,TX,2024-11-30,5,31.0,Active
4836,Crystal Garcia,Gold,FL,2024-11-30,9,31.0,Active
5089,Donald Reid,Gold,GA,2024-11-30,9,31.0,Active
6144,Joseph Bailey,Bronze,NJ,2024-11-30,7,31.0,Active
7080,Scott Durham,Bronze,IL,2024-11-30,13,31.0,Active
7470,Jessica Miller,Silver,TX,2024-11-30,12,31.0,Active
7476,Lisa Williams,Silver,OH,2024-11-30,8,31.0,Active
7503,Heather Hernandez,Silver,MI,2024-11-30,11,31.0,Active
7505,Kayla Davis,Gold,TX,2024-11-30,11,31.0,Active
7723,Valerie Guerrero,Bronze,WI,2024-11-30,3,31.0,Active
7922,Jamie Hunt,Silver,MD,2024-11-30,11,31.0,Active
8583,David Bruce,Silver,WI,2024-11-30,8,31.0,Active
8619,Natasha Sosa,Bronze,PA,2024-11-30,6,31.0,Active
8741,Walter Hines,Bronze,NJ,2024-11-30,13,31.0,Active
8795,Rebecca Mcdaniel,Silver,NY,2024-11-30,8,31.0,Active
8987,Courtney Roberts,Silver,NC,2024-11-30,10,31.0,Active
9085,Scott Mitchell,Gold,GA,2024-11-30,8,31.0,Active
9107,Tina Foster,Platinum,IN,2024-11-30,5,31.0,Active
9198,Jasmine Underwood,Gold,MI,2024-11-30,9,31.0,Active
9287,Ryan Harrison,Silver,IN,2024-11-30,6,31.0,Active
9452,Collin Sanders,Bronze,WI,2024-11-30,4,31.0,Active
9454,Sheila Cordova,Bronze,VA,2024-11-30,10,31.0,Active
9688,Henry Gibson,Gold,WA,2024-11-30,13,31.0,Active
9712,Mark Davis,Platinum,NY,2024-11-30,11,31.0,Active
9765,Diane Parker,Silver,WA,2024-11-30,9,31.0,Active
272,Christopher Cross,Platinum,AZ,2024-12-01,8,30.0,Active
372,Jeffrey Baird,Silver,MD,2024-12-01,8,30.0,Active
393,Caleb Ross,Silver,TN,2024-12-01,5,30.0,Active
423,Zoe Park,Gold,MO,2024-12-01,16,30.0,Active
495,Samantha Gray,Bronze,TX,2024-12-01,10,30.0,Active
748,Thomas Henry,Bronze,VA,2024-12-01,13,30.0,Active
1005,Mercedes Patterson,Gold,NY,2024-12-01,9,30.0,Active
1104,Nicholas Johnson,Bronze,MO,2024-12-01,6,30.0,Active
1149,Scott Mcguire,Bronze,TN,2024-12-01,6,30.0,Active
1171,Fred Day,Bronze,OH,2024-12-01,9,30.0,Active
1221,Steven Hamilton,Bronze,CA,2024-12-01,10,30.0,Active
1388,Gabriel Atkins,Bronze,IN,2024-12-01,7,30.0,Active
1497,Justin Curry,Bronze,CA,2024-12-01,9,30.0,Active
1567,Christine Fuentes,Gold,AZ,2024-12-01,7,30.0,Active
1626,Dawn Braun,Gold,NJ,2024-12-01,7,30.0,Active
1859,Charles Paul,Silver,IN,2024-12-01,9,30.0,Active
1882,Nicholas Greer,Silver,MD,2024-12-01,9,30.0,Active
1932,Eric Miles,Silver,OH,2024-12-01,14,30.0,Active
2093,Donna Miller,Platinum,IL,2024-12-01,5,30.0,Active
2197,Daniel Doyle,Bronze,AZ,2024-12-01,7,30.0,Active
2310,Ellen Jones,Bronze,IL,2024-12-01,16,30.0,Active
2567,Chris Novak,Gold,NJ,2024-12-01,14,30.0,Active
2686,Russell Snyder,Bronze,TN,2024-12-01,12,30.0,Active
2754,Danielle Madden,Gold,AZ,2024-12-01,8,30.0,Active
2992,Paul Dixon,Silver,AZ,2024-12-01,12,30.0,Active
3247,Heidi Blanchard,Bronze,MO,2024-12-01,7,30.0,Active
3524,William Perez,Bronze,PA,2024-12-01,8,30.0,Active
3724,Kelly Schroeder,Platinum,GA,2024-12-01,12,30.0,Active
3801,Joseph Guzman,Silver,FL,2024-12-01,8,30.0,Active
3986,Jennifer Neal,Gold,TX,2024-12-01,11,30.0,Active
4019,Matthew Escobar,Bronze,GA,2024-12-01,13,30.0,Active
4054,Rachel Roberson,Silver,MA,2024-12-01,10,30.0,Active
4165,Lori Houston,Silver,FL,2024-12-01,6,30.0,Active
4792,Matthew Austin,Silver,CA,2024-12-01,7,30.0,Active
5580,Heather Brewer,Silver,CA,2024-12-01,3,30.0,Active
5619,Amber Pham,Bronze,TN,2024-12-01,7,30.0,Active
5693,Joann Obrien,Silver,NC,2024-12-01,11,30.0,Active
6348,Laura Roberts,Bronze,MD,2024-12-01,11,30.0,Active
6819,Jennifer Petty,Silver,MA,2024-12-01,7,30.0,Active
6884,Jordan Smith,Silver,IL,2024-12-01,5,30.0,Active
6917,Crystal Ryan,Platinum,WA,2024-12-01,10,30.0,Active
6982,James Chung,Platinum,NJ,2024-12-01,4,30.0,Active
7041,Timothy Quinn,Bronze,MO,2024-12-01,9,30.0,Active
7074,Anne Bradley,Bronze,AZ,2024-12-01,4,30.0,Active
7098,Robert Mcconnell,Bronze,GA,2024-12-01,9,30.0,Active
7113,Veronica Ashley,Gold,IN,2024-12-01,7,30.0,Active
7633,Brittany Mcdaniel,Silver,WA,2024-12-01,11,30.0,Active
7700,Michelle Hernandez,Silver,AZ,2024-12-01,8,30.0,Active
7796,Chelsea Berry,Silver,NJ,2024-12-01,14,30.0,Active
8123,Stephanie Rasmussen,Silver,CA,2024-12-01,10,30.0,Active
8238,Erin Neal,Silver,MI,2024-12-01,4,30.0,Active
8480,Pamela Miller,Bronze,MA,2024-12-01,9,30.0,Active
8644,Darren Johnson,Silver,WI,2024-12-01,5,30.0,Active
8997,Steven Thomas,Silver,NJ,2024-12-01,8,30.0,Active
9347,Julie Rojas,Bronze,FL,2024-12-01,10,30.0,Active
9917,James Lewis,Bronze,WA,2024-12-01,14,30.0,Active
303,Carrie Hunt,Silver,MD,2024-12-02,7,29.0,Active
334,Keith Snyder,Bronze,PA,2024-12-02,11,29.0,Active
463,Krystal Lyons,Silver,AZ,2024-12-02,12,29.0,Active
628,Jasmine Combs,Platinum,VA,2024-12-02,10,29.0,Active
791,Crystal Quinn,Bronze,PA,2024-12-02,10,29.0,Active
971,Sue Austin,Silver,CA,2024-12-02,14,29.0,Active
1181,Jackson Williams,Gold,MO,2024-12-02,11,29.0,Active
1326,Joseph Williams,Bronze,TN,2024-12-02,8,29.0,Active
1386,Adam Anderson,Bronze,GA,2024-12-02,6,29.0,Active
1876,Briana Jacobs,Silver,OH,2024-12-02,12,29.0,Active
1881,Daniel Smith,Bronze,VA,2024-12-02,7,29.0,Active
1883,Russell Stafford,Gold,MO,2024-12-02,12,29.0,Active
2050,Patricia Simmons,Bronze,TX,2024-12-02,15,29.0,Active
2107,William Cowan,Bronze,WA,2024-12-02,10,29.0,Active
2239,Tyler Peters,Gold,MO,2024-12-02,10,29.0,Active
2389,Daniel Vargas,Gold,OH,2024-12-02,11,29.0,Active
2555,Christopher Fields,Bronze,MD,2024-12-02,9,29.0,Active
2753,Tony Gross,Bronze,PA,2024-12-02,9,29.0,Active
2864,Matthew Rodriguez,Bronze,AZ,2024-12-02,9,29.0,Active
2942,Miguel Schmidt,Gold,MI,2024-12-02,13,29.0,Active
3252,Krista Goodman,Bronze,IN,2024-12-02,5,29.0,Active
3370,Shannon Butler,Bronze,AZ,2024-12-02,7,29.0,Active
3611,Joseph Obrien,Gold,MD,2024-12-02,8,29.0,Active
3771,Sheila Jarvis,Bronze,MA,2024-12-02,6,29.0,Active
4061,Joseph Harris,Bronze,CA,2024-12-02,6,29.0,Active
4127,Regina Johnson,Bronze,MI,2024-12-02,11,29.0,Active
4200,Reginald Jones,Bronze,MO,2024-12-02,11,29.0,Active
4325,Troy Hobbs,Gold,GA,2024-12-02,11,29.0,Active
4343,Steven Perry,Gold,WI,2024-12-02,4,29.0,Active
4526,Gary Murphy,Bronze,NC,2024-12-02,9,29.0,Active
4999,Samantha Gomez,Bronze,IL,2024-12-02,10,29.0,Active
5395,Madison Garcia,Silver,GA,2024-12-02,3,29.0,Active
5549,Christopher Hicks,Silver,IN,2024-12-02,8,29.0,Active
5727,Steven Sanchez,Gold,GA,2024-12-02,7,29.0,Active
5735,Bonnie Walker,Bronze,MI,2024-12-02,6,29.0,Active
5765,Charles Beck,Silver,NJ,2024-12-02,9,29.0,Active
5803,Paul Santiago,Bronze,IN,2024-12-02,6,29.0,Active
6279,Nicole Wilcox,Bronze,TN,2024-12-02,8,29.0,Active
6519,Angelica Henderson,Bronze,AZ,2024-12-02,8,29.0,Active
6571,Jacob Cannon,Bronze,NJ,2024-12-02,8,29.0,Active
6803,Nathan Simpson,Bronze,TN,2024-12-02,6,29.0,Active
7035,Mark Mueller,Gold,MA,2024-12-02,12,29.0,Active
7175,Ronald Foster,Platinum,MD,2024-12-02,13,29.0,Active
7322,Emily Sharp,Bronze,MA,2024-12-02,9,29.0,Active
7613,Dylan Williams,Bronze,WA,2024-12-02,9,29.0,Active
7994,Theresa Gallegos,Bronze,AZ,2024-12-02,9,29.0,Active
8058,Veronica Kerr,Bronze,VA,2024-12-02,7,29.0,Active
8283,Sandy Nguyen,Silver,MO,2024-12-02,8,29.0,Active
8760,Krista Joseph,Bronze,NC,2024-12-02,10,29.0,Active
8840,Christina Hensley,Silver,CA,2024-12-02,7,29.0,Active
9141,Curtis Brooks,Silver,IL,2024-12-02,7,29.0,Active
9163,Crystal Wade,Silver,NC,2024-12-02,9,29.0,Active
9227,Tasha Doyle,Platinum,TN,2024-12-02,7,29.0,Active
9271,Kristopher Mitchell,Gold,WI,2024-12-02,13,29.0,Active
9318,Thomas Fields,Gold,CA,2024-12-02,8,29.0,Active
9420,Miguel Meyer,Silver,MO,2024-12-02,10,29.0,Active
9489,Emily Sanders,Bronze,OH,2024-12-02,4,29.0,Active
9586,Kimberly Wright,Bronze,NJ,2024-12-02,7,29.0,Active
9707,Timothy Miles,Bronze,MD,2024-12-02,7,29.0,Active
113,Jeremy Tran,Bronze,MI,2024-12-03,11,28.0,Active
140,Luis Mckenzie,Bronze,WA,2024-12-03,8,28.0,Active
759,Jessica Morrow,Bronze,NC,2024-12-03,10,28.0,Active
1062,Cynthia Finley,Silver,IL,2024-12-03,9,28.0,Active
1103,Victoria Hardy,Silver,WA,2024-12-03,6,28.0,Active
1112,Adam Hughes,Silver,FL,2024-12-03,9,28.0,Active
1129,Jason Bonilla,Silver,TN,2024-12-03,7,28.0,Active
1166,Ashley Herring,Bronze,IL,2024-12-03,7,28.0,Active
1187,Ronald Rogers,Bronze,MO,2024-12-03,5,28.0,Active
1460,Lauren Howell,Silver,OH,2024-12-03,5,28.0,Active
1576,Barry Gibson,Silver,CA,2024-12-03,7,28.0,Active
1822,Dawn Kelly,Platinum,MO,2024-12-03,6,28.0,Active
2237,William Harmon,Silver,FL,2024-12-03,8,28.0,Active
2293,James Cunningham,Bronze,MO,2024-12-03,4,28.0,Active
2474,Wayne Williams,Gold,FL,2024-12-03,9,28.0,Active
2684,Curtis Edwards,Silver,NY,2024-12-03,14,28.0,Active
2960,Jessica Davis,Platinum,MI,2024-12-03,5,28.0,Active
3002,John Ortiz,Bronze,MO,2024-12-03,8,28.0,Active
3308,Courtney Pugh,Silver,VA,2024-12-03,8,28.0,Active
3841,Emily York,Silver,NC,2024-12-03,10,28.0,Active
3853,Margaret Dean,Silver,MD,2024-12-03,11,28.0,Active
3970,Patricia Graves,Bronze,PA,2024-12-03,13,28.0,Active
4029,Betty Torres,Silver,MI,2024-12-03,6,28.0,Active
4076,Jonathan Clark,Silver,FL,2024-12-03,8,28.0,Active
4085,Sharon Gibbs,Bronze,PA,2024-12-03,6,28.0,Active
4348,Daniel Turner,Gold,NY,2024-12-03,2,28.0,Active
4377,Jacqueline Carter,Bronze,TN,2024-12-03,8,28.0,Active
4452,Sabrina Whitaker,Platinum,MI,2024-12-03,6,28.0,Active
4708,Sandra Cox,Silver,VA,2024-12-03,12,28.0,Active
4720,Lisa Wilson,Silver,WA,2024-12-03,7,28.0,Active
4839,Scott Wright,Platinum,IL,2024-12-03,13,28.0,Active
4917,Christina May,Gold,NC,2024-12-03,10,28.0,Active
4930,Leonard Moody,Platinum,OH,2024-12-03,6,28.0,Active
5318,Michael Jackson,Gold,WA,2024-12-03,7,28.0,Active
5728,Timothy King,Bronze,WA,2024-12-03,11,28.0,Active
6163,Marcus Goodwin,Gold,NC,2024-12-03,9,28.0,Active
6188,Brian Martinez,Bronze,NC,2024-12-03,12,28.0,Active
6368,Timothy Alexander,Gold,GA,2024-12-03,7,28.0,Active
6683,April Garcia,Gold,VA,2024-12-03,12,28.0,Active
6764,Shelby Collins,Bronze,WA,2024-12-03,11,28.0,Active
6895,David Wright,Silver,PA,2024-12-03,6,28.0,Active
6942,Felicia Perez,Bronze,NJ,2024-12-03,9,28.0,Active
7207,John Smith,Silver,TX,2024-12-03,11,28.0,Active
7432,Danielle Howell,Gold,CA,2024-12-03,8,28.0,Active
7537,Chelsey Armstrong,Bronze,WI,2024-12-03,9,28.0,Active
7554,Chloe Jacobs,Gold,GA,2024-12-03,15,28.0,Active
7701,Kelsey Taylor,Bronze,IL,2024-12-03,13,28.0,Active
8008,George Duncan,Bronze,NJ,2024-12-03,11,28.0,Active
8009,Chloe James,Bronze,OH,2024-12-03,8,28.0,Active
8042,Mallory Yates,Bronze,IN,2024-12-03,5,28.0,Active
8078,Logan Kramer,Silver,VA,2024-12-03,7,28.0,Active
8367,Connie Garrett,Bronze,MO,2024-12-03,12,28.0,Active
8473,Lauren Luna,Silver,MA,2024-12-03,9,28.0,Active
8475,Charles Myers,Gold,NC,2024-12-03,5,28.0,Active
8572,Heather Cooper,Silver,OH,2024-12-03,8,28.0,Active
8787,Jessica Stephens,Silver,VA,2024-12-03,4,28.0,Active
9333,Justin Castro,Gold,MO,2024-12-03,10,28.0,Active
9343,Alex Collins,Bronze,MO,2024-12-03,10,28.0,Active
9484,Brittany Bowen,Gold,IL,2024-12-03,11,28.0,Active
9515,Katie Erickson,Bronze,AZ,2024-12-03,11,28.0,Active
9828,Patrick Ashley,Gold,NC,2024-12-03,6,28.0,Active
9840,John Brown,Bronze,MD,2024-12-03,11,28.0,Active
701,Meghan Allen,Bronze,PA,2024-12-04,10,27.0,Active
801,Aaron Duncan,Bronze,IL,2024-12-04,8,27.0,Active
915,Robert Hamilton,Bronze,IL,2024-12-04,7,27.0,Active
970,Adrian Cook,Bronze,CA,2024-12-04,14,27.0,Active
1098,Jason Rivera,Gold,AZ,2024-12-04,8,27.0,Active
1101,Barbara King,Silver,MA,2024-12-04,11,27.0,Active
1358,Joseph Alvarado,Bronze,CA,2024-12-04,9,27.0,Active
1485,Jasmine Delgado,Bronze,AZ,2024-12-04,13,27.0,Active
1561,Charles Walker,Bronze,FL,2024-12-04,4,27.0,Active
1610,Jeremy Hernandez,Bronze,CA,2024-12-04,7,27.0,Active
2015,Grace Cox,Bronze,OH,2024-12-04,12,27.0,Active
2580,Jamie Woods,Bronze,AZ,2024-12-04,4,27.0,Active
2659,Madison Koch,Bronze,GA,2024-12-04,7,27.0,Active
2786,Christine Montgomery,Silver,PA,2024-12-04,13,27.0,Active
2825,Katherine Hines,Bronze,TX,2024-12-04,6,27.0,Active
3014,Heather Nichols,Gold,NY,2024-12-04,6,27.0,Active
3015,Mark Smith,Bronze,PA,2024-12-04,6,27.0,Active
3094,Michael Oneal,Gold,IL,2024-12-04,17,27.0,Active
3122,David Mclaughlin,Silver,CA,2024-12-04,10,27.0,Active
3484,Michelle Stewart,Gold,NC,2024-12-04,8,27.0,Active
3527,Kevin Curry,Bronze,CA,2024-12-04,12,27.0,Active
3903,Lisa Banks,Silver,CA,2024-12-04,9,27.0,Active
3961,Christopher Davis,Bronze,GA,2024-12-04,9,27.0,Active
4010,Rebecca Matthews,Silver,MO,2024-12-04,11,27.0,Active
4209,Todd Thomas,Gold,AZ,2024-12-04,6,27.0,Active
4681,Eric Barnes,Gold,AZ,2024-12-04,5,27.0,Active
4776,Calvin Morris,Gold,VA,2024-12-04,9,27.0,Active
5145,Brad Powell,Bronze,NY,2024-12-04,8,27.0,Active
5554,Joseph Collins,Bronze,FL,2024-12-04,7,27.0,Active
5744,Michael Tran,Gold,MA,2024-12-04,5,27.0,Active
5889,Amy Terry,Bronze,NC,2024-12-04,7,27.0,Active
6069,Brian Jones,Silver,VA,2024-12-04,5,27.0,Active
6187,Sean Roberts,Platinum,AZ,2024-12-04,10,27.0,Active
6263,Terri Long,Platinum,TX,2024-12-04,8,27.0,Active
6373,James Shelton,Bronze,MI,2024-12-04,12,27.0,Active
6412,William Munoz,Bronze,IN,2024-12-04,8,27.0,Active
6423,Rebecca Gomez,Silver,CA,2024-12-04,12,27.0,Active
6529,Gary Alexander,Silver,FL,2024-12-04,11,27.0,Active
6603,Amy Christian,Gold,WA,2024-12-04,10,27.0,Active
6914,James Nixon,Gold,NC,2024-12-04,7,27.0,Active
6921,John Everett,Gold,NJ,2024-12-04,9,27.0,Active
7149,Carrie Miller,Platinum,NY,2024-12-04,11,27.0,Active
8024,James Patrick,Bronze,NY,2024-12-04,9,27.0,Active
8372,Carly Jensen,Bronze,OH,2024-12-04,7,27.0,Active
8399,Wayne Johnson,Bronze,GA,2024-12-04,8,27.0,Active
8465,Robert Russell,Bronze,MO,2024-12-04,14,27.0,Active
8472,Erin Anderson,Silver,OH,2024-12-04,9,27.0,Active
8495,Amber Monroe,Bronze,IL,2024-12-04,10,27.0,Active
9830,Stacy Quinn,Bronze,TX,2024-12-04,15,27.0,Active
9942,Alicia Gonzalez,Bronze,TN,2024-12-04,8,27.0,Active
79,Anthony Lopez,Silver,NJ,2024-12-05,8,26.0,Active
335,Raymond Lewis,Silver,AZ,2024-12-05,7,26.0,Active
401,Jesse Jensen,Bronze,MO,2024-12-05,5,26.0,Active
500,Steven White,Bronze,GA,2024-12-05,11,26.0,Active
594,Jennifer Edwards,Bronze,PA,2024-12-05,6,26.0,Active
720,Maria Butler,Gold,PA,2024-12-05,9,26.0,Active
810,Joshua Jackson,Bronze,TN,2024-12-05,6,26.0,Active
951,Brandon Lewis,Silver,MI,2024-12-05,10,26.0,Active
1341,Crystal Garza,Bronze,VA,2024-12-05,14,26.0,Active
1413,Taylor Wilson,Silver,WA,2024-12-05,8,26.0,Active
1717,Jane Knight,Silver,NJ,2024-12-05,9,26.0,Active
1976,Ryan Walker,Silver,IL,2024-12-05,8,26.0,Active
2063,Amanda White,Bronze,NY,2024-12-05,7,26.0,Active
2697,Jennifer Marks,Silver,CA,2024-12-05,3,26.0,Active
2869,John Robinson,Silver,WI,2024-12-05,10,26.0,Active
3123,Amy Arnold,Gold,AZ,2024-12-05,11,26.0,Active
3239,Robert Dudley,Platinum,VA,2024-12-05,8,26.0,Active
3253,Mark Frost,Bronze,TX,2024-12-05,6,26.0,Active
3371,Debra Fernandez,Bronze,WA,2024-12-05,10,26.0,Active
3455,Benjamin Grant,Bronze,IL,2024-12-05,10,26.0,Active
3839,David Weaver,Silver,NC,2024-12-05,6,26.0,Active
3953,Ian Rivera,Gold,NY,2024-12-05,9,26.0,Active
4024,Mitchell Walsh,Platinum,PA,2024-12-05,5,26.0,Active
4121,John Medina,Platinum,NY,2024-12-05,7,26.0,Active
4255,Michelle Cook,Bronze,WA,2024-12-05,8,26.0,Active
4634,Richard Nelson,Silver,CA,2024-12-05,10,26.0,Active
4905,Wayne White,Bronze,NY,2024-12-05,8,26.0,Active
4907,Laura Washington,Gold,TX,2024-12-05,10,26.0,Active
4995,Lauren Bush,Silver,OH,2024-12-05,5,26.0,Active
5101,Brittany Cortez,Bronze,AZ,2024-12-05,3,26.0,Active
5113,Thomas Burton,Platinum,MO,2024-12-05,8,26.0,Active
5166,James Johnson,Gold,PA,2024-12-05,12,26.0,Active
5336,Cassidy Vaughan,Bronze,FL,2024-12-05,8,26.0,Active
5441,Jason Finley,Bronze,NC,2024-12-05,9,26.0,Active
5501,Miguel Hoffman,Silver,NC,2024-12-05,6,26.0,Active
6131,Kelsey Cook,Platinum,OH,2024-12-05,7,26.0,Active
6414,Jamie Riley,Silver,GA,2024-12-05,6,26.0,Active
6661,Martin Thompson,Silver,IN,2024-12-05,8,26.0,Active
6838,Charles Murphy,Bronze,FL,2024-12-05,9,26.0,Active
7238,Geoffrey Fisher,Platinum,AZ,2024-12-05,8,26.0,Active
7280,Jessica Glenn,Silver,NY,2024-12-05,12,26.0,Active
7515,Roy Bernard,Bronze,IL,2024-12-05,8,26.0,Active
7735,Kelly Patel,Bronze,NJ,2024-12-05,7,26.0,Active
8063,Sylvia Krause,Gold,OH,2024-12-05,11,26.0,Active
8179,Matthew Smith,Gold,MO,2024-12-05,9,26.0,Active
8632,Whitney Haynes,Bronze,WA,2024-12-05,9,26.0,Active
9098,Mary Wilkinson,Silver,GA,2024-12-05,8,26.0,Active
9252,Howard Jones,Silver,PA,2024-12-05,7,26.0,Active
9376,Eric Harris,Silver,FL,2024-12-05,13,26.0,Active
9683,Donna Cruz,Platinum,WI,2024-12-05,8,26.0,Active
9862,Kelly Harmon,Gold,OH,2024-12-05,8,26.0,Active
9868,Richard Reynolds,Platinum,VA,2024-12-05,12,26.0,Active
9980,Michael Miles,Gold,NJ,2024-12-05,11,26.0,Active
93,Jeremiah Hall,Bronze,TX,2024-12-06,8,25.0,Active
115,Adriana Jennings,Bronze,GA,2024-12-06,7,25.0,Active
174,Renee Watts,Gold,IL,2024-12-06,13,25.0,Active
255,Alison Warren,Bronze,WI,2024-12-06,9,25.0,Active
291,Paul Taylor,Silver,MA,2024-12-06,6,25.0,Active
394,Patrick Hopkins,Gold,MO,2024-12-06,7,25.0,Active
417,Barbara Smith,Gold,WA,2024-12-06,5,25.0,Active
664,Andrew Day,Silver,CA,2024-12-06,9,25.0,Active
738,Mathew Perez,Silver,NC,2024-12-06,15,25.0,Active
817,Robert Garcia,Bronze,OH,2024-12-06,7,25.0,Active
921,Kyle Carter,Bronze,CA,2024-12-06,10,25.0,Active
1109,Alicia Stout,Bronze,WI,2024-12-06,7,25.0,Active
1344,Brett Wheeler,Platinum,MA,2024-12-06,5,25.0,Active
1381,Jared Torres,Silver,MO,2024-12-06,6,25.0,Active
1396,Ronald Lamb,Bronze,WA,2024-12-06,11,25.0,Active
1534,Christopher Martinez,Platinum,GA,2024-12-06,4,25.0,Active
1928,Matthew Rodriguez,Bronze,NY,2024-12-06,7,25.0,Active
2007,Heather Hayden,Silver,TN,2024-12-06,7,25.0,Active
2257,Gina Chase,Gold,AZ,2024-12-06,11,25.0,Active
2386,Kelly Hanson,Silver,IL,2024-12-06,12,25.0,Active
2404,Christina Santana,Bronze,MI,2024-12-06,9,25.0,Active
2615,Rachel Scott,Bronze,WI,2024-12-06,7,25.0,Active
2790,Lauren Valdez,Gold,FL,2024-12-06,10,25.0,Active
3007,Heather Reed,Silver,TX,2024-12-06,14,25.0,Active
3505,Crystal Collins,Bronze,OH,2024-12-06,6,25.0,Active
3590,Corey Buckley,Bronze,OH,2024-12-06,9,25.0,Active
4022,Jason Peters,Silver,NC,2024-12-06,8,25.0,Active
4490,Natalie Dixon,Silver,PA,2024-12-06,11,25.0,Active
4647,Laura Young,Bronze,FL,2024-12-06,10,25.0,Active
5233,Crystal Allen,Bronze,IN,2024-12-06,5,25.0,Active
5272,Michaela Green,Bronze,IL,2024-12-06,11,25.0,Active
5486,Timothy Eaton,Gold,MI,2024-12-06,7,25.0,Active
5577,Christopher Andrews,Bronze,MD,2024-12-06,9,25.0,Active
5716,Abigail Young,Bronze,MA,2024-12-06,11,25.0,Active
5820,Scott Thomas,Bronze,WA,2024-12-06,13,25.0,Active
6243,Jennifer Parker,Bronze,AZ,2024-12-06,6,25.0,Active
6244,Kimberly Fernandez,Bronze,TN,2024-12-06,4,25.0,Active
6396,Ashley Keith,Bronze,WA,2024-12-06,10,25.0,Active
6492,Sean Fritz,Bronze,PA,2024-12-06,5,25.0,Active
6635,Michael Bird,Silver,CA,2024-12-06,7,25.0,Active
6804,Randy Taylor,Bronze,NC,2024-12-06,5,25.0,Active
6879,Jose Orozco,Bronze,WA,2024-12-06,5,25.0,Active
6913,Rachel Garrett,Bronze,WA,2024-12-06,10,25.0,Active
6983,Zachary Marshall,Bronze,WI,2024-12-06,8,25.0,Active
7289,Stephen Parker,Bronze,NJ,2024-12-06,10,25.0,Active
7420,Faith Meza,Silver,IN,2024-12-06,10,25.0,Active
7493,Tiffany Pruitt,Bronze,CA,2024-12-06,9,25.0,Active
7495,Lisa Watkins,Silver,NJ,2024-12-06,12,25.0,Active
7771,Jeffrey Shea,Gold,VA,2024-12-06,10,25.0,Active
7790,Elizabeth Bowen,Gold,CA,2024-12-06,8,25.0,Active
7898,Carrie Mills,Silver,VA,2024-12-06,12,25.0,Active
7975,Kristi Harris,Platinum,MD,2024-12-06,7,25.0,Active
8016,Michael Hughes,Silver,WI,2024-12-06,9,25.0,Active
8191,Bradley Oconnell,Gold,NY,2024-12-06,5,25.0,Active
8395,Melanie Hill,Gold,NY,2024-12-06,10,25.0,Active
8752,Catherine Floyd,Silver,IL,2024-12-06,3,25.0,Active
8838,Gregory Torres,Silver,PA,2024-12-06,10,25.0,Active
9259,Isabella Rocha,Gold,MD,2024-12-06,8,25.0,Active
9299,Andrew Hill,Silver,MO,2024-12-06,8,25.0,Active
9350,Amy Murphy,Bronze,GA,2024-12-06,8,25.0,Active
9480,Joshua Maldonado,Silver,TX,2024-12-06,7,25.0,Active
81,Cheryl Miller,Silver,TX,2024-12-07,12,24.0,Active
183,Linda Taylor,Bronze,NC,2024-12-07,5,24.0,Active
240,Malik Wheeler,Silver,OH,2024-12-07,8,24.0,Active
602,Anthony Harris,Bronze,GA,2024-12-07,11,24.0,Active
735,Ethan Walker,Bronze,TX,2024-12-07,9,24.0,Active
830,Richard Hall,Bronze,OH,2024-12-07,5,24.0,Active
1672,Jasmine Phillips,Bronze,NC,2024-12-07,5,24.0,Active
2083,Nicholas Wilson,Silver,CA,2024-12-07,10,24.0,Active
2206,Theresa Moore,Bronze,PA,2024-12-07,7,24.0,Active
2273,Autumn Harvey,Gold,MD,2024-12-07,8,24.0,Active
2278,Jimmy Schneider,Gold,NJ,2024-12-07,10,24.0,Active
2672,Peter Wilson,Silver,MO,2024-12-07,6,24.0,Active
3076,Matthew Summers,Bronze,MI,2024-12-07,6,24.0,Active
3234,Anna Garza,Bronze,VA,2024-12-07,5,24.0,Active
3368,Robert Shaw,Platinum,IL,2024-12-07,8,24.0,Active
3591,Jennifer Norman,Silver,IL,2024-12-07,18,24.0,Active
4051,Beth Hart,Bronze,TN,2024-12-07,12,24.0,Active
4112,Bobby Ross,Gold,GA,2024-12-07,8,24.0,Active
4576,Brandon Bennett,Bronze,WA,2024-12-07,8,24.0,Active
4589,Emily Reyes,Bronze,TX,2024-12-07,5,24.0,Active
4630,Jonathan Flores,Silver,OH,2024-12-07,11,24.0,Active
5028,Catherine Peterson,Bronze,OH,2024-12-07,12,24.0,Active
5053,George Grant,Gold,IN,2024-12-07,10,24.0,Active
5139,Dana Guzman,Silver,IN,2024-12-07,9,24.0,Active
5179,Jesse Duran,Gold,MO,2024-12-07,7,24.0,Active
5215,David Colon,Bronze,MD,2024-12-07,11,24.0,Active
5351,Amy Williams,Silver,AZ,2024-12-07,7,24.0,Active
5527,Derek Barnes,Gold,CA,2024-12-07,7,24.0,Active
5642,Daniel Kirby,Bronze,MO,2024-12-07,16,24.0,Active
5868,Kimberly Green,Platinum,WA,2024-12-07,9,24.0,Active
6012,Alexander Gonzalez,Silver,OH,2024-12-07,11,24.0,Active
6207,Tammy Larsen,Bronze,IN,2024-12-07,4,24.0,Active
6430,Michael Mcdaniel,Silver,IN,2024-12-07,5,24.0,Active
6581,Joan Nichols,Silver,MA,2024-12-07,4,24.0,Active
6612,Kenneth Ramirez,Silver,MD,2024-12-07,5,24.0,Active
6749,Bianca Welch,Silver,NY,2024-12-07,9,24.0,Active
6812,Thomas Summers,Silver,FL,2024-12-07,9,24.0,Active
6814,Jessica Abbott,Gold,GA,2024-12-07,14,24.0,Active
6949,Nicholas Goodman,Gold,NJ,2024-12-07,7,24.0,Active
7242,Steven Miller,Bronze,IN,2024-12-07,8,24.0,Active
8251,Christina Walker,Platinum,AZ,2024-12-07,12,24.0,Active
8299,Rachel Myers,Silver,NJ,2024-12-07,5,24.0,Active
8356,Kristin Hughes,Bronze,AZ,2024-12-07,9,24.0,Active
8376,Vicki Gonzales,Platinum,GA,2024-12-07,8,24.0,Active
8624,Jennifer Miller,Silver,CA,2024-12-07,7,24.0,Active
8706,Jennifer Garcia,Silver,MO,2024-12-07,7,24.0,Active
8739,Jamie Luna,Silver,NC,2024-12-07,12,24.0,Active
9053,John Durham,Gold,NY,2024-12-07,4,24.0,Active
9769,Patricia Velez,Gold,FL,2024-12-07,5,24.0,Active
9807,John Hunt,Silver,TX,2024-12-07,6,24.0,Active
390,Ashley Lloyd,Bronze,VA,2024-12-08,6,23.0,Active
499,Raymond Strong,Bronze,GA,2024-12-08,10,23.0,Active
613,Linda Sanchez,Bronze,TN,2024-12-08,9,23.0,Active
708,Timothy Jones,Gold,OH,2024-12-08,7,23.0,Active
725,Crystal Johnson,Platinum,OH,2024-12-08,9,23.0,Active
1017,Rebecca Rivera,Bronze,WI,2024-12-08,4,23.0,Active
1936,Melissa Harrington,Silver,MD,2024-12-08,11,23.0,Active
2401,Javier Walsh,Gold,TX,2024-12-08,4,23.0,Active
2412,Veronica Jackson,Bronze,NJ,2024-12-08,7,23.0,Active
2554,Emily Alvarez,Bronze,WI,2024-12-08,13,23.0,Active
2581,Dakota Franco,Bronze,WA,2024-12-08,10,23.0,Active
2805,Troy Fletcher,Silver,IL,2024-12-08,9,23.0,Active
2835,Kevin Cain,Gold,PA,2024-12-08,11,23.0,Active
2840,Stephen Lee,Bronze,PA,2024-12-08,6,23.0,Active
2994,Emily Schwartz,Bronze,NY,2024-12-08,10,23.0,Active
3169,Daniel Hampton,Bronze,GA,2024-12-08,10,23.0,Active
3336,April Burns,Silver,OH,2024-12-08,9,23.0,Active
3492,William Smith,Bronze,NC,2024-12-08,5,23.0,Active
3613,Kevin Cortez,Silver,TX,2024-12-08,4,23.0,Active
3812,Ryan Walker,Silver,PA,2024-12-08,6,23.0,Active
4301,Amy Anderson,Gold,FL,2024-12-08,10,23.0,Active
4330,Margaret Jones,Platinum,CA,2024-12-08,7,23.0,Active
4369,Brandi Herman,Bronze,TN,2024-12-08,8,23.0,Active
4815,Diane Green,Silver,NJ,2024-12-08,7,23.0,Active
4923,Sharon Mitchell,Silver,CA,2024-12-08,8,23.0,Active
4988,Rachael Snyder,Bronze,NC,2024-12-08,11,23.0,Active
5239,Donna Moore,Gold,FL,2024-12-08,9,23.0,Active
5368,Mark Hunter,Bronze,TX,2024-12-08,10,23.0,Active
5640,Lisa Brock,Bronze,PA,2024-12-08,11,23.0,Active
5761,Erin Savage,Silver,NC,2024-12-08,8,23.0,Active
5998,Donald Thomas,Silver,MI,2024-12-08,16,23.0,Active
6247,Sara Dean,Silver,FL,2024-12-08,8,23.0,Active
6335,Richard Sanchez,Silver,AZ,2024-12-08,6,23.0,Active
6355,Darlene Brown,Silver,NY,2024-12-08,7,23.0,Active
6741,Benjamin Castillo,Bronze,PA,2024-12-08,7,23.0,Active
6855,Melanie Acosta,Silver,MD,2024-12-08,9,23.0,Active
6931,Elizabeth Anderson,Silver,OH,2024-12-08,8,23.0,Active
7044,Raymond Gonzalez,Gold,OH,2024-12-08,13,23.0,Active
7399,Wendy Brown,Bronze,TX,2024-12-08,8,23.0,Active
7556,Heather Rogers,Bronze,TX,2024-12-08,12,23.0,Active
7677,Monica Davis,Gold,FL,2024-12-08,7,23.0,Active
7705,Nicole Clark,Silver,VA,2024-12-08,9,23.0,Active
7710,James Roberts,Gold,AZ,2024-12-08,8,23.0,Active
7714,Adam Davenport,Bronze,FL,2024-12-08,5,23.0,Active
7785,Mary Lawrence,Gold,MI,2024-12-08,10,23.0,Active
8122,Joseph Carter,Silver,GA,2024-12-08,6,23.0,Active
8937,Mindy Rivera,Silver,MI,2024-12-08,6,23.0,Active
9233,Matthew Rodriguez,Silver,VA,2024-12-08,6,23.0,Active
9440,Becky Williamson,Gold,MI,2024-12-08,10,23.0,Active
9697,Bradley Murphy,Silver,IN,2024-12-08,8,23.0,Active
9854,Monica Harrison,Silver,WI,2024-12-08,4,23.0,Active
9915,David Butler,Gold,IL,2024-12-08,11,23.0,Active
574,Keith Hancock,Bronze,FL,2024-12-09,12,22.0,Active
608,Carolyn Hernandez,Silver,WA,2024-12-09,8,22.0,Active
689,Pamela Taylor,Gold,TX,2024-12-09,6,22.0,Active
989,Christopher Turner,Bronze,FL,2024-12-09,13,22.0,Active
996,Haley Hernandez,Platinum,AZ,2024-12-09,8,22.0,Active
1226,Erika Odonnell,Silver,NC,2024-12-09,8,22.0,Active
1257,Joan Tran,Gold,CA,2024-12-09,8,22.0,Active
1318,Richard Herring,Silver,IN,2024-12-09,5,22.0,Active
1429,Stephen Becker,Bronze,TN,2024-12-09,4,22.0,Active
1459,Kenneth Silva,Silver,MA,2024-12-09,8,22.0,Active
1480,Alan Spencer,Bronze,CA,2024-12-09,5,22.0,Active
1860,John Harmon,Silver,WA,2024-12-09,8,22.0,Active
2046,Adam Andrews,Platinum,NC,2024-12-09,5,22.0,Active
2261,Ashley Bridges,Gold,NY,2024-12-09,10,22.0,Active
2468,Cynthia Bryant,Silver,WA,2024-12-09,7,22.0,Active
2483,Joseph Russell,Bronze,MD,2024-12-09,13,22.0,Active
2616,Susan Villarreal,Silver,GA,2024-12-09,12,22.0,Active
2833,Gary Scott,Bronze,PA,2024-12-09,6,22.0,Active
3086,Gina Lewis,Gold,OH,2024-12-09,15,22.0,Active
3194,Holly Keith,Bronze,PA,2024-12-09,3,22.0,Active
3214,George Copeland,Bronze,NJ,2024-12-09,6,22.0,Active
3357,Stephanie Beck,Bronze,GA,2024-12-09,9,22.0,Active
3577,Jason Hartman,Gold,WI,2024-12-09,12,22.0,Active
3621,Lindsay Haney,Gold,GA,2024-12-09,10,22.0,Active
3678,Connie Campbell,Silver,NJ,2024-12-09,7,22.0,Active
3764,Jason Barajas,Bronze,IN,2024-12-09,6,22.0,Active
3815,Erika Sanchez,Silver,MI,2024-12-09,6,22.0,Active
3854,Sandra Mills,Platinum,MO,2024-12-09,9,22.0,Active
4050,Caroline Garcia,Bronze,FL,2024-12-09,6,22.0,Active
4093,Nichole Nelson,Silver,AZ,2024-12-09,6,22.0,Active
4434,John Garcia,Bronze,NC,2024-12-09,12,22.0,Active
4568,Alexis Goodwin,Bronze,WI,2024-12-09,7,22.0,Active
4675,Sean Sanders,Bronze,GA,2024-12-09,11,22.0,Active
4704,Bianca Moody,Silver,NJ,2024-12-09,12,22.0,Active
4753,Tyler Martinez,Bronze,FL,2024-12-09,12,22.0,Active
4893,Brandon Pacheco,Gold,GA,2024-12-09,19,22.0,Active
4903,Tammie Lewis,Bronze,WI,2024-12-09,8,22.0,Active
5348,Michael Love,Bronze,MI,2024-12-09,8,22.0,Active
5369,Scott Gomez,Silver,GA,2024-12-09,8,22.0,Active
5420,Jeffrey Chavez,Platinum,MI,2024-12-09,11,22.0,Active
5471,Andrew Kane,Bronze,PA,2024-12-09,6,22.0,Active
5626,Jason Flores,Bronze,MD,2024-12-09,6,22.0,Active
5671,Debra Wilson,Bronze,CA,2024-12-09,8,22.0,Active
5783,Matthew Ellison,Bronze,MI,2024-12-09,5,22.0,Active
5936,Megan Powers,Gold,MA,2024-12-09,6,22.0,Active
6127,Jessica Wright,Silver,IL,2024-12-09,9,22.0,Active
6259,Heather Stephens,Bronze,IL,2024-12-09,10,22.0,Active
6435,Heather Martin,Gold,AZ,2024-12-09,16,22.0,Active
6580,Gerald Lynn,Bronze,AZ,2024-12-09,11,22.0,Active
6722,Mark Baker,Platinum,MA,2024-12-09,7,22.0,Active
6935,Amy Wright,Silver,NJ,2024-12-09,9,22.0,Active
7445,Mary Williams,Silver,OH,2024-12-09,10,22.0,Active
7832,Christie Smith,Bronze,TN,2024-12-09,4,22.0,Active
7895,Seth Daniels,Platinum,TX,2024-12-09,5,22.0,Active
7909,Carl Sims,Silver,VA,2024-12-09,8,22.0,Active
7977,Katrina Patton,Silver,NC,2024-12-09,11,22.0,Active
8419,Erica Valdez,Bronze,WI,2024-12-09,7,22.0,Active
8428,Russell Thompson,Silver,NY,2024-12-09,7,22.0,Active
8606,Carol Delacruz,Platinum,WI,2024-12-09,8,22.0,Active
8640,Michael Hanson,Platinum,NC,2024-12-09,12,22.0,Active
8927,Cheryl Turner,Bronze,VA,2024-12-09,4,22.0,Active
8955,Brandon Ramsey,Silver,PA,2024-12-09,9,22.0,Active
9126,Robert Rodriguez,Gold,MO,2024-12-09,7,22.0,Active
9699,Joseph Smith,Platinum,VA,2024-12-09,14,22.0,Active
296,Carl Fletcher,Bronze,MI,2024-12-10,6,21.0,Active
589,Katie Kennedy,Silver,OH,2024-12-10,7,21.0,Active
675,Veronica Stephens,Bronze,PA,2024-12-10,13,21.0,Active
1422,Adam Jennings,Bronze,NC,2024-12-10,6,21.0,Active
1896,Timothy Smith,Platinum,TX,2024-12-10,11,21.0,Active
2588,Jessica Diaz,Silver,FL,2024-12-10,6,21.0,Active
2882,Matthew Perez,Platinum,IL,2024-12-10,6,21.0,Active
3083,Kim Thompson,Bronze,NJ,2024-12-10,10,21.0,Active
3130,Randall Pham,Silver,MA,2024-12-10,11,21.0,Active
3151,Isaiah Klein,Gold,NY,2024-12-10,5,21.0,Active
3310,Brett Perry,Bronze,TN,2024-12-10,10,21.0,Active
3617,Nicholas Martinez,Gold,IL,2024-12-10,6,21.0,Active
3721,Dawn Bishop,Gold,TX,2024-12-10,8,21.0,Active
4083,Jon Grant,Bronze,MO,2024-12-10,9,21.0,Active
4194,Miguel Mejia,Bronze,MI,2024-12-10,5,21.0,Active
4383,Mark Gomez,Bronze,WI,2024-12-10,15,21.0,Active
4574,Brett Diaz,Bronze,OH,2024-12-10,8,21.0,Active
4629,Robert Newman,Gold,MD,2024-12-10,7,21.0,Active
4889,Eric Hunt,Bronze,PA,2024-12-10,8,21.0,Active
4895,Dawn Austin,Silver,MI,2024-12-10,8,21.0,Active
5379,Melissa Gonzalez,Silver,AZ,2024-12-10,9,21.0,Active
5459,Amy Diaz,Silver,IL,2024-12-10,6,21.0,Active
5500,Christopher Eaton,Silver,WA,2024-12-10,4,21.0,Active
5637,Mary Morgan,Gold,WI,2024-12-10,13,21.0,Active
5885,Richard Lozano,Silver,IL,2024-12-10,15,21.0,Active
6002,Ryan Anderson,Bronze,CA,2024-12-10,5,21.0,Active
6216,Tommy Nixon,Silver,WI,2024-12-10,11,21.0,Active
6585,Erik Harvey,Bronze,IL,2024-12-10,12,21.0,Active
6656,Mary Steele,Silver,AZ,2024-12-10,7,21.0,Active
6772,Eric Powers,Platinum,AZ,2024-12-10,9,21.0,Active
6801,Laura Scott,Bronze,NJ,2024-12-10,11,21.0,Active
7020,Christina Sloan,Bronze,AZ,2024-12-10,4,21.0,Active
7200,Harry Jarvis,Silver,TX,2024-12-10,9,21.0,Active
7398,Catherine Fritz,Bronze,NY,2024-12-10,5,21.0,Active
7474,Emily Hill,Bronze,MA,2024-12-10,12,21.0,Active
7520,Ronald Mcdaniel,Silver,WA,2024-12-10,12,21.0,Active
7628,Rebecca May,Platinum,FL,2024-12-10,8,21.0,Active
7834,Shawn King,Gold,PA,2024-12-10,13,21.0,Active
7915,Hector Wilkinson,Silver,NC,2024-12-10,4,21.0,Active
7995,Corey Lopez,Bronze,MD,2024-12-10,5,21.0,Active
8130,Christine Chavez,Bronze,GA,2024-12-10,12,21.0,Active
8229,Daryl Park,Gold,TX,2024-12-10,13,21.0,Active
8673,Brandon Mitchell,Silver,NY,2024-12-10,9,21.0,Active
8687,John Mckenzie,Platinum,WI,2024-12-10,6,21.0,Active
8726,Kristin Wagner,Bronze,MD,2024-12-10,6,21.0,Active
8766,Gail White,Gold,AZ,2024-12-10,11,21.0,Active
8881,Krystal Chavez,Gold,MI,2024-12-10,9,21.0,Active
9298,Benjamin Vaughn,Bronze,CA,2024-12-10,3,21.0,Active
9422,Kevin Osborn,Platinum,WA,2024-12-10,9,21.0,Active
9519,Nicole Reeves,Bronze,NC,2024-12-10,5,21.0,Active
9577,Kathryn Santos,Bronze,WA,2024-12-10,10,21.0,Active
9636,Cody Rodgers,Bronze,MD,2024-12-10,4,21.0,Active
9994,Christopher Sanchez,Bronze,FL,2024-12-10,5,21.0,Active
32,Alejandro Vaughan,Bronze,OH,2024-12-11,8,20.0,Active
72,Devin Mitchell,Silver,WI,2024-12-11,7,20.0,Active
365,Matthew White,Bronze,PA,2024-12-11,10,20.0,Active
454,John Carey,Bronze,NY,2024-12-11,6,20.0,Active
740,Diane Dominguez,Bronze,AZ,2024-12-11,3,20.0,Active
877,Robert Brock,Bronze,FL,2024-12-11,8,20.0,Active
944,Stephanie Olson,Bronze,CA,2024-12-11,6,20.0,Active
965,Ronald Hodges,Bronze,MO,2024-12-11,8,20.0,Active
1055,William Lewis,Platinum,OH,2024-12-11,8,20.0,Active
1150,Colleen Thompson,Platinum,PA,2024-12-11,9,20.0,Active
1330,Jason Brooks,Gold,TX,2024-12-11,10,20.0,Active
1532,Jared Taylor,Silver,AZ,2024-12-11,6,20.0,Active
1542,Aaron Morris,Bronze,MO,2024-12-11,8,20.0,Active
1615,Adam Green,Bronze,CA,2024-12-11,9,20.0,Active
1628,Samantha Smith,Gold,WI,2024-12-11,9,20.0,Active
1872,Tara Malone,Gold,NY,2024-12-11,5,20.0,Active
2193,Jennifer Miller,Gold,TX,2024-12-11,11,20.0,Active
2353,Dawn Snyder,Bronze,NY,2024-12-11,9,20.0,Active
3411,Pamela Smith,Bronze,FL,2024-12-11,11,20.0,Active
3546,Christopher Schmidt,Bronze,MO,2024-12-11,13,20.0,Active
3644,Angela Ford,Bronze,FL,2024-12-11,13,20.0,Active
3916,Sean Greer,Bronze,TN,2024-12-11,5,20.0,Active
3967,Cindy Green,Bronze,GA,2024-12-11,12,20.0,Active
4142,Michael Russo,Silver,FL,2024-12-11,6,20.0,Active
4578,Rodney Patel,Bronze,TX,2024-12-11,10,20.0,Active
4697,Angela Rodriguez,Silver,MO,2024-12-11,6,20.0,Active
4929,Richard Castillo,Bronze,FL,2024-12-11,8,20.0,Active
4961,Ryan Bradford,Bronze,WI,2024-12-11,7,20.0,Active
5040,Brandon Barrett,Bronze,TN,2024-12-11,10,20.0,Active
5184,Kelly Salazar,Platinum,OH,2024-12-11,13,20.0,Active
5365,Nicole Oliver,Silver,NJ,2024-12-11,6,20.0,Active
5586,Jared Barton,Silver,MI,2024-12-11,10,20.0,Active
5589,Ryan Dunn,Bronze,IL,2024-12-11,10,20.0,Active
6291,Tracy Phillips,Bronze,IL,2024-12-11,7,20.0,Active
6721,Tara Smith,Gold,NY,2024-12-11,5,20.0,Active
6952,Amber Smith,Gold,IN,2024-12-11,12,20.0,Active
6956,Sara Kim,Silver,IL,2024-12-11,12,20.0,Active
7350,Laura Moore,Bronze,NJ,2024-12-11,6,20.0,Active
7594,Joseph Aguilar,Bronze,GA,2024-12-11,7,20.0,Active
7728,Virginia Phillips,Platinum,TN,2024-12-11,8,20.0,Active
8013,Margaret Myers,Bronze,VA,2024-12-11,7,20.0,Active
8630,Jennifer Cherry,Platinum,MO,2024-12-11,6,20.0,Active
8994,Laura Vega,Bronze,AZ,2024-12-11,10,20.0,Active
9590,Melissa Gutierrez,Gold,GA,2024-12-11,5,20.0,Active
9979,Amy Krause,Gold,WA,2024-12-11,7,20.0,Active
23,Jennifer Cruz,Gold,IN,2024-12-12,11,19.0,Active
199,Maria Davenport,Platinum,NC,2024-12-12,10,19.0,Active
221,Justin Sims,Bronze,TN,2024-12-12,6,19.0,Active
409,Robert Roberts,Bronze,MI,2024-12-12,6,19.0,Active
916,Jeremy Ibarra,Gold,GA,2024-12-12,9,19.0,Active
1004,Christopher Gibbs,Platinum,FL,2024-12-12,7,19.0,Active
1142,Heather Chapman,Silver,FL,2024-12-12,6,19.0,Active
1652,Kelly Foster,Silver,WA,2024-12-12,6,19.0,Active
1938,Patricia Khan,Gold,AZ,2024-12-12,13,19.0,Active
2221,Vanessa Martin,Silver,NC,2024-12-12,7,19.0,Active
2224,David Brown,Bronze,NJ,2024-12-12,6,19.0,Active
2440,Hannah Robinson,Bronze,CA,2024-12-12,12,19.0,Active
2526,Stephanie Mendoza,Bronze,PA,2024-12-12,11,19.0,Active
2612,Michele Booker,Silver,TN,2024-12-12,8,19.0,Active
2710,Christina Cunningham,Bronze,MD,2024-12-12,7,19.0,Active
3158,Mary Swanson,Gold,PA,2024-12-12,12,19.0,Active
3384,Dennis Ford,Gold,WA,2024-12-12,7,19.0,Active
4027,Cathy Lee,Bronze,MD,2024-12-12,6,19.0,Active
4028,Jody Rodriguez,Gold,NY,2024-12-12,12,19.0,Active
4049,Kevin Jacobson,Silver,PA,2024-12-12,9,19.0,Active
4088,Robert Hughes,Gold,AZ,2024-12-12,9,19.0,Active
4208,Tyler Cooper,Platinum,NJ,2024-12-12,10,19.0,Active
4220,Michael Wright,Bronze,VA,2024-12-12,10,19.0,Active
4304,Jill Jordan,Platinum,IN,2024-12-12,8,19.0,Active
4716,Douglas Gardner,Bronze,CA,2024-12-12,7,19.0,Active
4734,Kelly Garcia,Silver,NY,2024-12-12,14,19.0,Active
4784,Eric Cox,Silver,NC,2024-12-12,9,19.0,Active
4844,Allen Cardenas,Bronze,NC,2024-12-12,6,19.0,Active
5025,Jasmine Duncan,Bronze,AZ,2024-12-12,7,19.0,Active
5162,Erica White,Bronze,OH,2024-12-12,8,19.0,Active
5345,Jessica Mcintosh,Silver,IL,2024-12-12,8,19.0,Active
5402,Jerry Williams,Gold,VA,2024-12-12,7,19.0,Active
5583,Marco Gonzalez,Silver,TN,2024-12-12,9,19.0,Active
5601,Autumn Ward,Bronze,IN,2024-12-12,13,19.0,Active
5726,Monique Hernandez,Silver,MI,2024-12-12,5,19.0,Active
5925,Andrew Simmons,Bronze,NC,2024-12-12,9,19.0,Active
6007,Whitney Anderson,Silver,TN,2024-12-12,5,19.0,Active
6097,Joanne Howard,Bronze,NY,2024-12-12,9,19.0,Active
6120,Eric Ray,Gold,CA,2024-12-12,6,19.0,Active
6458,Randy Salazar,Silver,IN,2024-12-12,8,19.0,Active
6647,Tyler King,Gold,FL,2024-12-12,6,19.0,Active
6991,Brian Bryant,Gold,IN,2024-12-12,6,19.0,Active
7246,Gary Hernandez,Bronze,CA,2024-12-12,11,19.0,Active
7382,Zachary Hopkins,Gold,NC,2024-12-12,9,19.0,Active
7514,Sandra Scott,Platinum,WI,2024-12-12,5,19.0,Active
7600,Scott Miller,Gold,VA,2024-12-12,7,19.0,Active
7607,Rachel Silva,Silver,WI,2024-12-12,6,19.0,Active
7625,Veronica Garrett,Bronze,OH,2024-12-12,9,19.0,Active
7662,Dennis Baker,Silver,TN,2024-12-12,9,19.0,Active
8066,Anne Snow,Platinum,IL,2024-12-12,9,19.0,Active
8119,Brooke Elliott,Silver,MI,2024-12-12,5,19.0,Active
8126,Gregory Allen,Gold,VA,2024-12-12,11,19.0,Active
8161,Wesley Flowers,Silver,PA,2024-12-12,7,19.0,Active
8339,Mark Rodriguez,Bronze,MO,2024-12-12,5,19.0,Active
8369,Gabriel Mahoney,Silver,NC,2024-12-12,4,19.0,Active
8628,Edward Mitchell,Bronze,MD,2024-12-12,7,19.0,Active
8675,Tammy Mcpherson,Bronze,MD,2024-12-12,6,19.0,Active
9139,Elizabeth Wood,Bronze,MI,2024-12-12,4,19.0,Active
9323,Lauren Harris,Gold,WI,2024-12-12,12,19.0,Active
9331,Alex Cline,Bronze,OH,2024-12-12,7,19.0,Active
9332,Whitney Wagner,Bronze,WI,2024-12-12,10,19.0,Active
9382,Stacy Stewart,Silver,NY,2024-12-12,8,19.0,Active
9425,Tammy Brown,Silver,IL,2024-12-12,11,19.0,Active
9468,Jessica Hall,Silver,CA,2024-12-12,11,19.0,Active
9782,Jesus Tate,Bronze,MO,2024-12-12,13,19.0,Active
9794,James Gordon,Bronze,IN,2024-12-12,6,19.0,Active
257,Juan Tyler,Bronze,AZ,2024-12-13,6,18.0,Active
364,Brian Hudson,Bronze,MD,2024-12-13,6,18.0,Active
516,Misty Sanchez,Silver,NY,2024-12-13,8,18.0,Active
610,Kathy Roman,Gold,VA,2024-12-13,7,18.0,Active
784,Kimberly Cooper,Silver,WA,2024-12-13,10,18.0,Active
880,Kathy Lyons,Bronze,PA,2024-12-13,12,18.0,Active
972,Lisa Vega,Bronze,MD,2024-12-13,9,18.0,Active
1236,Rodney Young,Bronze,MI,2024-12-13,13,18.0,Active
1661,Kimberly Schwartz,Silver,MO,2024-12-13,7,18.0,Active
1681,Megan Cantrell,Bronze,NC,2024-12-13,9,18.0,Active
1783,Dana Coleman,Bronze,MD,2024-12-13,9,18.0,Active
1799,James Allen,Bronze,IN,2024-12-13,14,18.0,Active
1910,Matthew Miller,Bronze,OH,2024-12-13,9,18.0,Active
2174,Daniel Coleman,Gold,MD,2024-12-13,13,18.0,Active
2262,Dillon Collins,Silver,MD,2024-12-13,11,18.0,Active
2494,Jennifer Martinez,Gold,OH,2024-12-13,15,18.0,Active
2647,Barbara Alexander,Silver,OH,2024-12-13,11,18.0,Active
2810,Dylan Perez,Bronze,MD,2024-12-13,6,18.0,Active
3465,Laura Acosta,Gold,IL,2024-12-13,14,18.0,Active
3573,Michelle Andrews,Gold,PA,2024-12-13,5,18.0,Active
3749,Crystal Atkins,Gold,TN,2024-12-13,7,18.0,Active
3803,Robert Johnson,Gold,OH,2024-12-13,9,18.0,Active
3981,Michael Jackson,Silver,TX,2024-12-13,5,18.0,Active
4011,Thomas Hancock,Bronze,WA,2024-12-13,2,18.0,Active
4057,Robert Camacho,Gold,PA,2024-12-13,7,18.0,Active
4390,Gloria Oconnor,Gold,NJ,2024-12-13,4,18.0,Active
4631,Holly Ibarra,Gold,MO,2024-12-13,11,18.0,Active
4808,Curtis Le,Bronze,MD,2024-12-13,8,18.0,Active
5659,Alison Hall,Silver,AZ,2024-12-13,3,18.0,Active
6353,Eric Thompson,Gold,PA,2024-12-13,8,18.0,Active
6395,Barbara Diaz,Bronze,TN,2024-12-13,8,18.0,Active
6473,Jerry Shaw,Silver,NC,2024-12-13,11,18.0,Active
7002,David Ball,Gold,TN,2024-12-13,9,18.0,Active
7277,Timothy Hawkins,Silver,NJ,2024-12-13,6,18.0,Active
7315,Kathryn Le,Silver,PA,2024-12-13,6,18.0,Active
7404,Harry Thompson,Gold,AZ,2024-12-13,5,18.0,Active
7442,Jose Gardner,Silver,WA,2024-12-13,5,18.0,Active
7814,David Hester,Platinum,NJ,2024-12-13,2,18.0,Active
7914,Robert Fields,Gold,FL,2024-12-13,6,18.0,Active
8245,Sean Grimes,Bronze,NJ,2024-12-13,6,18.0,Active
8301,Alison Robinson,Platinum,GA,2024-12-13,6,18.0,Active
8668,Richard Moore,Platinum,IN,2024-12-13,9,18.0,Active
8856,Stephanie Park,Bronze,VA,2024-12-13,6,18.0,Active
9345,Jennifer Diaz,Bronze,NJ,2024-12-13,4,18.0,Active
9540,Allison Jacobs,Bronze,WI,2024-12-13,5,18.0,Active
9580,Angela Ellison,Bronze,NJ,2024-12-13,8,18.0,Active
9739,Theresa Brooks,Silver,MO,2024-12-13,8,18.0,Active
9890,Chelsea Smith,Platinum,MI,2024-12-13,9,18.0,Active
9988,Jason Lewis,Silver,MO,2024-12-13,12,18.0,Active
61,Erika Tucker,Gold,FL,2024-12-14,7,17.0,Active
167,Lindsey Hines,Bronze,VA,2024-12-14,6,17.0,Active
510,Colleen Sawyer,Silver,WI,2024-12-14,6,17.0,Active
960,Alec Wilcox,Bronze,CA,2024-12-14,14,17.0,Active
1032,Kimberly Blackburn,Bronze,WI,2024-12-14,13,17.0,Active
1763,Robert Collins,Bronze,TX,2024-12-14,7,17.0,Active
1764,Jacob Thomas,Platinum,AZ,2024-12-14,9,17.0,Active
1832,Jennifer Benton,Silver,WI,2024-12-14,9,17.0,Active
1977,Matthew Thompson,Gold,WA,2024-12-14,7,17.0,Active
2223,Diane Maxwell,Platinum,GA,2024-12-14,6,17.0,Active
2258,Mark Sharp,Silver,GA,2024-12-14,7,17.0,Active
2264,Katherine Walker,Bronze,NC,2024-12-14,7,17.0,Active
2751,Michelle Blackburn,Bronze,WA,2024-12-14,7,17.0,Active
2756,Scott Rowe,Silver,WI,2024-12-14,11,17.0,Active
2827,Connor Stevens,Silver,CA,2024-12-14,12,17.0,Active
3003,Leslie Wiley,Gold,WI,2024-12-14,9,17.0,Active
3463,Denise Peters,Silver,IL,2024-12-14,5,17.0,Active
3530,Megan Gordon,Silver,IL,2024-12-14,12,17.0,Active
3693,Andrew Frazier,Silver,NC,2024-12-14,12,17.0,Active
3717,Kyle Larson,Bronze,GA,2024-12-14,7,17.0,Active
3844,Lisa Peters,Silver,MA,2024-12-14,12,17.0,Active
4230,Julia Knapp,Bronze,NJ,2024-12-14,6,17.0,Active
4238,John Nguyen,Bronze,VA,2024-12-14,7,17.0,Active
4270,Jason Walter,Gold,GA,2024-12-14,12,17.0,Active
4485,Joseph Jones,Bronze,CA,2024-12-14,10,17.0,Active
4588,Garrett Cruz,Platinum,TN,2024-12-14,12,17.0,Active
4762,Jane Miller,Silver,NJ,2024-12-14,8,17.0,Active
5021,Rebecca Hardin,Bronze,TN,2024-12-14,4,17.0,Active
5055,Joseph Avery,Gold,FL,2024-12-14,9,17.0,Active
5174,Monica Fernandez,Platinum,PA,2024-12-14,8,17.0,Active
5274,Micheal Farrell,Gold,NY,2024-12-14,9,17.0,Active
5439,Daniel Kline,Gold,NY,2024-12-14,9,17.0,Active
6468,Julie Gutierrez,Bronze,AZ,2024-12-14,10,17.0,Active
6509,Julie Wall,Platinum,MI,2024-12-14,9,17.0,Active
7051,Marcia Carney,Bronze,VA,2024-12-14,14,17.0,Active
7078,Michael Reid,Silver,MI,2024-12-14,4,17.0,Active
7463,Amber Colon,Bronze,NY,2024-12-14,6,17.0,Active
7651,Kathryn Morris,Bronze,WI,2024-12-14,9,17.0,Active
8144,Cody Sims,Bronze,MD,2024-12-14,9,17.0,Active
8801,Paul Clayton,Bronze,GA,2024-12-14,10,17.0,Active
8942,Christina Thompson,Gold,NC,2024-12-14,6,17.0,Active
9015,Cynthia Huff,Silver,WA,2024-12-14,10,17.0,Active
9090,Courtney Kennedy,Gold,MA,2024-12-14,9,17.0,Active
9295,Karen Jones,Gold,MA,2024-12-14,13,17.0,Active
9548,Joshua Nelson,Silver,MI,2024-12-14,7,17.0,Active
9555,Meagan Green,Bronze,WI,2024-12-14,10,17.0,Active
9734,Jonathan Ramirez,Bronze,IL,2024-12-14,7,17.0,Active
9737,Abigail Jenkins,Bronze,MI,2024-12-14,11,17.0,Active
9760,Leah Williams,Bronze,WI,2024-12-14,8,17.0,Active
9931,Ryan Frederick,Platinum,MI,2024-12-14,14,17.0,Active
9953,Kimberly Jacobs,Bronze,WI,2024-12-14,9,17.0,Active
16,Juan Clark,Silver,PA,2024-12-15,9,16.0,Active
151,Craig Turner,Bronze,FL,2024-12-15,8,16.0,Active
171,Ryan Mcdaniel,Silver,TX,2024-12-15,11,16.0,Active
336,Tiffany Lambert,Silver,AZ,2024-12-15,9,16.0,Active
645,James Walters,Silver,GA,2024-12-15,9,16.0,Active
796,Ethan Robbins,Silver,PA,2024-12-15,9,16.0,Active
814,Ricky Garcia,Bronze,AZ,2024-12-15,7,16.0,Active
1267,Elizabeth Robertson,Bronze,IL,2024-12-15,11,16.0,Active
1452,Nathan Hernandez,Gold,VA,2024-12-15,7,16.0,Active
1662,Toni Lang,Gold,NC,2024-12-15,9,16.0,Active
2094,Barry Wise,Bronze,MD,2024-12-15,7,16.0,Active
2253,James Farmer,Bronze,NC,2024-12-15,9,16.0,Active
2363,Jared Bartlett,Bronze,MD,2024-12-15,7,16.0,Active
2372,Alexis Casey,Gold,PA,2024-12-15,11,16.0,Active
2384,Jonathan Shaw,Bronze,FL,2024-12-15,8,16.0,Active
2415,Nicholas Villanueva,Bronze,GA,2024-12-15,10,16.0,Active
2704,Sarah Duncan,Bronze,VA,2024-12-15,5,16.0,Active
2812,Kelly Moore,Silver,NC,2024-12-15,13,16.0,Active
3108,Crystal Jordan,Platinum,FL,2024-12-15,11,16.0,Active
3367,Wendy Garcia,Bronze,MO,2024-12-15,12,16.0,Active
3443,Jessica Smith,Bronze,NC,2024-12-15,7,16.0,Active
3491,Lisa Kim,Bronze,TN,2024-12-15,6,16.0,Active
3504,Laura Foster,Bronze,TN,2024-12-15,11,16.0,Active
3779,Alyssa Clark,Gold,GA,2024-12-15,7,16.0,Active
3929,Laura Boyer,Bronze,WI,2024-12-15,6,16.0,Active
4086,Robert Campbell,Platinum,MA,2024-12-15,11,16.0,Active
4180,Jonathan Lowe,Silver,IL,2024-12-15,8,16.0,Active
4229,Benjamin Wallace,Gold,MI,2024-12-15,12,16.0,Active
4374,Thomas Davis,Gold,MI,2024-12-15,15,16.0,Active
4460,Emily Preston,Bronze,GA,2024-12-15,11,16.0,Active
4687,Alexis Nixon,Bronze,VA,2024-12-15,7,16.0,Active
4748,George Chambers,Platinum,MA,2024-12-15,11,16.0,Active
4805,Janet Cox,Bronze,NJ,2024-12-15,16,16.0,Active
4809,Tonya Macias,Gold,NY,2024-12-15,10,16.0,Active
5211,Latoya Barrera,Bronze,IL,2024-12-15,11,16.0,Active
5391,Debbie Fox,Silver,MD,2024-12-15,10,16.0,Active
5450,Christopher Gutierrez,Bronze,PA,2024-12-15,7,16.0,Active
5788,David Graham,Bronze,WA,2024-12-15,12,16.0,Active
5852,Steven Hurst,Silver,NY,2024-12-15,9,16.0,Active
5895,Victoria Hansen,Bronze,MD,2024-12-15,10,16.0,Active
5989,Yvette Rose,Gold,WA,2024-12-15,9,16.0,Active
6062,Haley Elliott,Gold,VA,2024-12-15,5,16.0,Active
6483,William Stanley,Silver,MO,2024-12-15,7,16.0,Active
6703,Michael Stevens,Platinum,TN,2024-12-15,5,16.0,Active
6929,Connor Guzman,Platinum,IL,2024-12-15,9,16.0,Active
7183,Eric Mcdonald,Bronze,OH,2024-12-15,6,16.0,Active
7439,Laura Garcia,Bronze,TX,2024-12-15,5,16.0,Active
7450,Daniel Massey,Bronze,OH,2024-12-15,13,16.0,Active
7451,Johnathan Berry,Gold,GA,2024-12-15,8,16.0,Active
7519,James Erickson,Silver,PA,2024-12-15,10,16.0,Active
7567,Elizabeth Weaver,Bronze,PA,2024-12-15,11,16.0,Active
8521,Eric Perry,Bronze,FL,2024-12-15,9,16.0,Active
8658,Denise Carr,Bronze,FL,2024-12-15,15,16.0,Active
8683,Ashley Gordon,Bronze,CA,2024-12-15,5,16.0,Active
8685,Jenny Young,Bronze,NY,2024-12-15,3,16.0,Active
8725,Michael Rogers,Bronze,MA,2024-12-15,8,16.0,Active
8736,Patrick Murray,Bronze,MI,2024-12-15,6,16.0,Active
8794,Patricia Villa,Bronze,FL,2024-12-15,10,16.0,Active
9243,William Cohen,Bronze,AZ,2024-12-15,11,16.0,Active
9275,Vincent Murphy,Silver,VA,2024-12-15,10,16.0,Active
9341,Kayla Smith,Bronze,MI,2024-12-15,14,16.0,Active
9617,Ronnie Kim,Bronze,IN,2024-12-15,10,16.0,Active
9656,Katie Garcia,Silver,OH,2024-12-15,8,16.0,Active
9709,Samuel Lopez,Silver,MA,2024-12-15,9,16.0,Active
9733,Tammy Gross,Bronze,WA,2024-12-15,9,16.0,Active
9894,Christina Mcdaniel,Silver,TX,2024-12-15,13,16.0,Active
442,Jennifer Williams,Silver,IN,2024-12-16,8,15.0,Active
663,Karen Compton,Gold,PA,2024-12-16,9,15.0,Active
1054,Megan Smith,Gold,MD,2024-12-16,13,15.0,Active
1136,Kelli Johnson,Gold,GA,2024-12-16,6,15.0,Active
1285,Shelly Jordan,Gold,TX,2024-12-16,8,15.0,Active
1310,Savannah Smith,Silver,IN,2024-12-16,10,15.0,Active
1335,Marcus Escobar,Platinum,MO,2024-12-16,14,15.0,Active
1527,Brenda Brown,Platinum,AZ,2024-12-16,11,15.0,Active
1579,Andrew Forbes,Bronze,AZ,2024-12-16,8,15.0,Active
2299,Cynthia Garcia,Silver,VA,2024-12-16,9,15.0,Active
2304,Jessica Henderson,Silver,IN,2024-12-16,10,15.0,Active
2733,Robert Ortiz,Gold,PA,2024-12-16,6,15.0,Active
2757,Christine Rodriguez,Bronze,OH,2024-12-16,5,15.0,Active
2955,Lisa Johnson,Bronze,TX,2024-12-16,4,15.0,Active
3180,Jill House,Gold,MA,2024-12-16,13,15.0,Active
3191,Rhonda Brown,Silver,FL,2024-12-16,9,15.0,Active
3271,Mary Garcia,Silver,MI,2024-12-16,12,15.0,Active
3467,Antonio Harris,Gold,VA,2024-12-16,8,15.0,Active
3671,Andrea Briggs,Silver,MI,2024-12-16,7,15.0,Active
3763,Cory Taylor,Platinum,TN,2024-12-16,5,15.0,Active
3974,Tracy Rivera,Bronze,TX,2024-12-16,8,15.0,Active
4037,Darlene Hardin,Silver,MA,2024-12-16,12,15.0,Active
4139,Ashley Terry,Silver,NC,2024-12-16,5,15.0,Active
4438,Laura Jones,Silver,TN,2024-12-16,10,15.0,Active
4660,Luke Knight,Gold,TX,2024-12-16,6,15.0,Active
5050,Tyler Paul,Silver,WI,2024-12-16,6,15.0,Active
5103,Donna Smith,Silver,MI,2024-12-16,7,15.0,Active
5785,Joshua Figueroa,Silver,MI,2024-12-16,8,15.0,Active
6170,Sarah Johnson,Bronze,MI,2024-12-16,5,15.0,Active
6349,Michelle Garcia,Gold,IN,2024-12-16,17,15.0,Active
6636,James Warren,Gold,OH,2024-12-16,11,15.0,Active
6677,Jason Jefferson,Bronze,MD,2024-12-16,8,15.0,Active
7198,Jeffrey Mcguire,Gold,FL,2024-12-16,9,15.0,Active
7353,Jonathan Wilson,Gold,GA,2024-12-16,10,15.0,Active
7655,Jennifer Morrison,Platinum,NJ,2024-12-16,11,15.0,Active
7868,Kenneth Anderson,Bronze,NJ,2024-12-16,5,15.0,Active
7969,Derrick Martinez,Bronze,IN,2024-12-16,3,15.0,Active
8555,Erin Hughes,Silver,WA,2024-12-16,5,15.0,Active
8756,Rebekah Roman,Silver,CA,2024-12-16,9,15.0,Active
8792,Amanda Gonzales,Platinum,PA,2024-12-16,6,15.0,Active
8815,Joshua Holland,Bronze,WI,2024-12-16,7,15.0,Active
8991,Kristen Walker,Silver,FL,2024-12-16,9,15.0,Active
9062,Cassandra Thornton,Bronze,MO,2024-12-16,8,15.0,Active
9361,Erik Stein,Silver,WI,2024-12-16,8,15.0,Active
9520,William Dixon,Gold,NJ,2024-12-16,11,15.0,Active
9599,Christina Smith,Bronze,GA,2024-12-16,10,15.0,Active
9713,Jennifer Clark,Bronze,TN,2024-12-16,4,15.0,Active
9877,Joshua Black,Silver,IL,2024-12-16,8,15.0,Active
26,Andrew Gilmore,Bronze,WI,2024-12-17,10,14.0,Active
84,Todd Harris,Gold,MI,2024-12-17,7,14.0,Active
286,Alexis Tucker,Gold,MD,2024-12-17,6,14.0,Active
422,Julie Parsons,Bronze,MA,2024-12-17,8,14.0,Active
475,Kaylee Hopkins,Gold,VA,2024-12-17,11,14.0,Active
509,Susan Davis,Bronze,TN,2024-12-17,7,14.0,Active
541,Joseph Douglas,Gold,WA,2024-12-17,7,14.0,Active
765,Wanda Braun,Bronze,MI,2024-12-17,5,14.0,Active
934,Destiny Armstrong,Bronze,NC,2024-12-17,9,14.0,Active
1012,Nancy Maynard,Gold,WI,2024-12-17,10,14.0,Active
1073,Adam Jones,Platinum,TN,2024-12-17,5,14.0,Active
1289,Kyle Dillon,Silver,TN,2024-12-17,9,14.0,Active
1521,Shannon Elliott,Silver,NC,2024-12-17,10,14.0,Active
1605,Caitlin Hernandez,Bronze,NJ,2024-12-17,6,14.0,Active
1671,Jon Levine,Bronze,WI,2024-12-17,8,14.0,Active
1718,Jack Clay,Gold,OH,2024-12-17,8,14.0,Active
1929,Michael Baker,Silver,MO,2024-12-17,5,14.0,Active
2249,Kathy Solis,Silver,WA,2024-12-17,14,14.0,Active
2354,Justin Martin,Silver,MO,2024-12-17,8,14.0,Active
2917,Ellen Harper,Bronze,NJ,2024-12-17,8,14.0,Active
4549,Holly Hunter,Bronze,NJ,2024-12-17,16,14.0,Active
4888,Dave Foster,Bronze,NY,2024-12-17,10,14.0,Active
4910,Joshua Dudley,Silver,NC,2024-12-17,11,14.0,Active
5222,Edward Zhang,Bronze,AZ,2024-12-17,7,14.0,Active
5472,Lance Lopez,Gold,PA,2024-12-17,10,14.0,Active
5670,Christine Woods,Bronze,OH,2024-12-17,10,14.0,Active
5699,Cameron Jimenez,Platinum,IN,2024-12-17,5,14.0,Active
6209,Kristin Jones,Silver,WA,2024-12-17,8,14.0,Active
6239,Jacob Myers,Bronze,CA,2024-12-17,7,14.0,Active
6477,Heather Black,Bronze,PA,2024-12-17,5,14.0,Active
6482,Morgan Sandoval,Silver,MI,2024-12-17,9,14.0,Active
6545,Austin Shields,Bronze,GA,2024-12-17,7,14.0,Active
6608,Scott Johnson,Platinum,IN,2024-12-17,8,14.0,Active
6889,Christina Gay,Gold,NC,2024-12-17,10,14.0,Active
7114,Leslie Wong,Gold,AZ,2024-12-17,8,14.0,Active
7199,Manuel Cline,Gold,VA,2024-12-17,10,14.0,Active
7254,Alex Holland,Platinum,GA,2024-12-17,11,14.0,Active
7302,Timothy Duncan,Silver,GA,2024-12-17,7,14.0,Active
8188,Glen Munoz,Gold,AZ,2024-12-17,15,14.0,Active
8348,Tammy Diaz,Silver,OH,2024-12-17,10,14.0,Active
8452,Jonathan Buchanan,Platinum,IN,2024-12-17,12,14.0,Active
8549,Shirley Aguirre,Bronze,WI,2024-12-17,6,14.0,Active
8848,Robert Gomez,Gold,TX,2024-12-17,8,14.0,Active
9226,William Walker,Silver,PA,2024-12-17,8,14.0,Active
9905,Lisa Maxwell,Bronze,TX,2024-12-17,5,14.0,Active
9944,Marissa Collins,Silver,IL,2024-12-17,8,14.0,Active
9950,Matthew Nguyen,Bronze,MI,2024-12-17,7,14.0,Active
17,Barry Wood,Gold,NC,2024-12-18,10,13.0,Active
49,Jennifer Hopkins,Silver,IL,2024-12-18,11,13.0,Active
51,Parker Little,Gold,MD,2024-12-18,8,13.0,Active
152,Antonio Guzman,Silver,IL,2024-12-18,9,13.0,Active
694,Stephen Martin,Bronze,NY,2024-12-18,11,13.0,Active
892,Kathleen Carlson,Gold,MA,2024-12-18,4,13.0,Active
1019,Denise Schmidt,Silver,NC,2024-12-18,8,13.0,Active
1105,Ashley Smith,Silver,GA,2024-12-18,4,13.0,Active
1121,Larry Dean,Silver,AZ,2024-12-18,9,13.0,Active
1140,Ian Jennings,Bronze,PA,2024-12-18,5,13.0,Active
1317,Rachael Olson,Silver,WA,2024-12-18,9,13.0,Active
1630,Elizabeth Hudson,Platinum,WA,2024-12-18,5,13.0,Active
1919,Benjamin Lutz,Gold,VA,2024-12-18,12,13.0,Active
1985,Donald Mitchell,Gold,OH,2024-12-18,5,13.0,Active
2233,Deanna Russo,Bronze,IN,2024-12-18,9,13.0,Active
2281,Jennifer Mckinney,Bronze,NY,2024-12-18,9,13.0,Active
2333,Jorge Massey,Gold,VA,2024-12-18,9,13.0,Active
2652,Melissa Henderson,Bronze,IN,2024-12-18,11,13.0,Active
2654,Mark Lowe,Gold,MA,2024-12-18,5,13.0,Active
2846,Crystal Nguyen,Silver,WI,2024-12-18,11,13.0,Active
2997,Nancy Dawson,Silver,MA,2024-12-18,12,13.0,Active
3323,Keith Hernandez,Bronze,TN,2024-12-18,9,13.0,Active
3366,Thomas Cuevas,Gold,MD,2024-12-18,6,13.0,Active
3471,Stephen Hernandez,Bronze,NC,2024-12-18,6,13.0,Active
3496,Cindy Dickerson,Silver,GA,2024-12-18,10,13.0,Active
4225,Rick Hill,Silver,IL,2024-12-18,7,13.0,Active
4294,Alan Thomas,Bronze,NC,2024-12-18,7,13.0,Active
4367,Meghan Coleman,Platinum,AZ,2024-12-18,5,13.0,Active
4597,Thomas Brown,Bronze,MO,2024-12-18,4,13.0,Active
4713,Alexander Chen,Silver,VA,2024-12-18,15,13.0,Active
4902,Oscar Hernandez,Silver,NY,2024-12-18,5,13.0,Active
4926,Daniel Alexander,Gold,NJ,2024-12-18,4,13.0,Active
4936,Glenn Villanueva,Silver,MO,2024-12-18,8,13.0,Active
5142,Aaron Wright,Platinum,FL,2024-12-18,9,13.0,Active
5182,Russell Weiss,Bronze,MO,2024-12-18,6,13.0,Active
5195,April Rodriguez,Gold,NY,2024-12-18,13,13.0,Active
5236,Anthony Palmer,Bronze,NJ,2024-12-18,8,13.0,Active
5330,Kathryn Miller,Gold,NC,2024-12-18,9,13.0,Active
5331,Beverly Moody,Gold,NY,2024-12-18,9,13.0,Active
5338,Brittany Santana,Silver,MA,2024-12-18,7,13.0,Active
6099,Corey Flores,Bronze,MD,2024-12-18,8,13.0,Active
6928,Andrea Snyder,Silver,TN,2024-12-18,12,13.0,Active
7071,Andrea Lewis,Bronze,IN,2024-12-18,5,13.0,Active
7137,James Harris,Bronze,AZ,2024-12-18,5,13.0,Active
7138,Heidi Andrews,Gold,OH,2024-12-18,12,13.0,Active
7159,Jessica Moyer,Bronze,MD,2024-12-18,9,13.0,Active
7481,Michael Love,Bronze,FL,2024-12-18,11,13.0,Active
7998,Gerald Smith,Bronze,MO,2024-12-18,11,13.0,Active
8407,Mark Price,Silver,NJ,2024-12-18,9,13.0,Active
8462,Chad Cantu,Silver,MD,2024-12-18,4,13.0,Active
8504,Lance Vasquez,Silver,MA,2024-12-18,4,13.0,Active
9033,Tyler Berger,Silver,MO,2024-12-18,6,13.0,Active
9080,Amy Brown,Platinum,AZ,2024-12-18,10,13.0,Active
9152,Michelle Fuentes,Bronze,WA,2024-12-18,6,13.0,Active
9197,Richard Jones,Gold,GA,2024-12-18,14,13.0,Active
9559,Kim Walker,Bronze,OH,2024-12-18,13,13.0,Active
9607,Sara Moore,Bronze,AZ,2024-12-18,7,13.0,Active
307,Loretta Brooks,Silver,WI,2024-12-19,10,12.0,Active
551,Scott Fox,Gold,MI,2024-12-19,7,12.0,Active
637,Madison Alvarez,Bronze,VA,2024-12-19,13,12.0,Active
726,Adam Kelly,Platinum,NC,2024-12-19,7,12.0,Active
904,Michele Knight,Silver,PA,2024-12-19,7,12.0,Active
1201,Pamela Tyler,Gold,IL,2024-12-19,8,12.0,Active
1205,Karen Jordan,Silver,IN,2024-12-19,6,12.0,Active
1206,Norma Kirby,Bronze,VA,2024-12-19,9,12.0,Active
1214,Katie Ramirez,Platinum,OH,2024-12-19,7,12.0,Active
1646,Candice Jimenez,Platinum,FL,2024-12-19,15,12.0,Active
1730,Brandon Young,Bronze,MA,2024-12-19,12,12.0,Active
1771,Patricia Vargas,Silver,IN,2024-12-19,7,12.0,Active
1917,Bethany Miller,Platinum,FL,2024-12-19,7,12.0,Active
2020,Tyler Mitchell,Silver,TN,2024-12-19,4,12.0,Active
2284,Anna Black,Silver,TX,2024-12-19,7,12.0,Active
2455,Matthew Ramos,Bronze,GA,2024-12-19,7,12.0,Active
2462,Alexandra Bennett,Bronze,FL,2024-12-19,8,12.0,Active
2584,Tamara Williams,Bronze,AZ,2024-12-19,5,12.0,Active
2602,Greg Brandt,Silver,OH,2024-12-19,10,12.0,Active
2626,Jason Hunt,Gold,GA,2024-12-19,13,12.0,Active
2738,Erik Fox,Silver,MI,2024-12-19,10,12.0,Active
2953,Sharon Patterson,Bronze,TN,2024-12-19,8,12.0,Active
3121,Angela Grant,Bronze,OH,2024-12-19,8,12.0,Active
3155,Paul Willis,Silver,VA,2024-12-19,9,12.0,Active
3475,Tiffany Mcfarland,Silver,FL,2024-12-19,10,12.0,Active
3661,Karla West,Bronze,OH,2024-12-19,9,12.0,Active
3982,Debra Franklin,Silver,MA,2024-12-19,14,12.0,Active
4002,Phillip Black,Bronze,NJ,2024-12-19,12,12.0,Active
4014,Edward Bishop,Bronze,OH,2024-12-19,8,12.0,Active
4119,Mary Hamilton,Bronze,GA,2024-12-19,11,12.0,Active
4288,Kimberly Johnson,Bronze,CA,2024-12-19,5,12.0,Active
4344,Nicholas Soto,Silver,MI,2024-12-19,12,12.0,Active
4835,Mary Lowe,Gold,TN,2024-12-19,8,12.0,Active
4845,Christopher Price,Platinum,MA,2024-12-19,11,12.0,Active
5067,Renee Key,Bronze,MD,2024-12-19,7,12.0,Active
5487,Melissa Harris,Bronze,VA,2024-12-19,6,12.0,Active
5503,Jennifer Bennett,Silver,MI,2024-12-19,9,12.0,Active
5504,Jennifer Ellis,Silver,TN,2024-12-19,5,12.0,Active
5578,Jesus Douglas,Bronze,WI,2024-12-19,11,12.0,Active
5748,Denise Braun,Gold,AZ,2024-12-19,8,12.0,Active
5916,David Chung,Silver,TN,2024-12-19,6,12.0,Active
5928,Kathryn Rice,Bronze,MD,2024-12-19,7,12.0,Active
6010,Chelsea Matthews,Gold,NY,2024-12-19,7,12.0,Active
6046,Jason Ortiz,Silver,CA,2024-12-19,13,12.0,Active
6078,Anthony Thomas,Gold,IN,2024-12-19,6,12.0,Active
6428,Leah Chavez,Bronze,MO,2024-12-19,5,12.0,Active
6609,Alex Thompson,Silver,OH,2024-12-19,9,12.0,Active
6667,David Wood,Bronze,PA,2024-12-19,15,12.0,Active
6903,Carl Harris,Platinum,CA,2024-12-19,11,12.0,Active
6987,Aaron Peterson,Silver,TX,2024-12-19,6,12.0,Active
7011,Isaac Dixon,Bronze,NC,2024-12-19,9,12.0,Active
7076,Zachary Davis,Bronze,MA,2024-12-19,6,12.0,Active
7695,Joanna Cook,Bronze,IN,2024-12-19,10,12.0,Active
7974,Sherry Walls,Silver,TN,2024-12-19,7,12.0,Active
8098,Regina Carr,Bronze,GA,2024-12-19,13,12.0,Active
8208,Krista Carroll,Bronze,MI,2024-12-19,6,12.0,Active
8409,Alison Potts,Silver,VA,2024-12-19,8,12.0,Active
8745,Hannah Taylor,Silver,MO,2024-12-19,11,12.0,Active
8747,Steven Anderson,Bronze,VA,2024-12-19,10,12.0,Active
8758,George Murphy,Gold,IN,2024-12-19,7,12.0,Active
8823,Mark Johnson,Bronze,WI,2024-12-19,4,12.0,Active
9156,Richard Cameron,Silver,CA,2024-12-19,6,12.0,Active
9239,Mckenzie Montoya,Bronze,FL,2024-12-19,11,12.0,Active
9357,Carla Hernandez,Silver,IN,2024-12-19,9,12.0,Active
9783,Jessica Chavez,Silver,FL,2024-12-19,13,12.0,Active
511,Tammy Jones,Gold,WI,2024-12-20,5,11.0,Active
519,Kimberly Mcfarland,Gold,NJ,2024-12-20,4,11.0,Active
929,Lindsay Newton,Gold,PA,2024-12-20,14,11.0,Active
992,David Wilson,Gold,PA,2024-12-20,5,11.0,Active
1045,Mary Holland,Platinum,MA,2024-12-20,12,11.0,Active
1235,Elizabeth Rivas,Silver,MD,2024-12-20,8,11.0,Active
1315,Tim Hunt,Bronze,NY,2024-12-20,9,11.0,Active
1337,Sandra Jones,Silver,TN,2024-12-20,9,11.0,Active
1393,Daisy Wallace,Bronze,MA,2024-12-20,3,11.0,Active
1483,Lisa Clark,Silver,OH,2024-12-20,9,11.0,Active
1601,Ryan Wright,Platinum,NY,2024-12-20,14,11.0,Active
1645,Brandi Rogers,Gold,VA,2024-12-20,6,11.0,Active
1724,Katherine Francis,Gold,IN,2024-12-20,12,11.0,Active
1865,Susan Williams,Silver,IL,2024-12-20,9,11.0,Active
2032,Joan Pittman,Bronze,VA,2024-12-20,5,11.0,Active
2131,David Schwartz,Silver,PA,2024-12-20,8,11.0,Active
2219,Maureen Kirby,Gold,WA,2024-12-20,10,11.0,Active
2536,Suzanne Lamb,Silver,NC,2024-12-20,5,11.0,Active
2547,Ricky Clements,Bronze,MO,2024-12-20,11,11.0,Active
2617,Sharon Green,Bronze,NJ,2024-12-20,7,11.0,Active
2851,Helen Smith,Bronze,TX,2024-12-20,10,11.0,Active
2998,Pamela Roth,Bronze,OH,2024-12-20,6,11.0,Active
3161,James Johns,Bronze,CA,2024-12-20,13,11.0,Active
3223,Adam Baldwin,Gold,IN,2024-12-20,11,11.0,Active
3405,Alexandra James,Gold,OH,2024-12-20,10,11.0,Active
3452,Robert Bell,Bronze,MO,2024-12-20,7,11.0,Active
3588,John Davis,Bronze,IL,2024-12-20,3,11.0,Active
3636,Veronica White,Bronze,CA,2024-12-20,9,11.0,Active
3651,Aaron Hudson,Bronze,TN,2024-12-20,10,11.0,Active
4041,Edwin Meyers,Silver,FL,2024-12-20,14,11.0,Active
4069,Elizabeth Ellis,Gold,TN,2024-12-20,8,11.0,Active
4129,Rachel Morales,Bronze,NY,2024-12-20,6,11.0,Active
4455,Andrea Ramirez,Bronze,GA,2024-12-20,8,11.0,Active
4456,Nicholas Rogers,Bronze,CA,2024-12-20,12,11.0,Active
4483,Peter Carter,Bronze,TX,2024-12-20,14,11.0,Active
4533,Lisa Carroll,Silver,VA,2024-12-20,8,11.0,Active
4567,Ashley Jones,Platinum,FL,2024-12-20,11,11.0,Active
4570,Jennifer Martin,Silver,GA,2024-12-20,9,11.0,Active
4682,Lynn Johnson,Bronze,WA,2024-12-20,13,11.0,Active
4692,Kim Griffin,Gold,AZ,2024-12-20,13,11.0,Active
4758,Lindsey Russell,Gold,TX,2024-12-20,10,11.0,Active
4785,Cheyenne Patterson,Platinum,AZ,2024-12-20,4,11.0,Active
4830,Brett Santiago,Bronze,NY,2024-12-20,12,11.0,Active
5199,Brenda Hernandez,Bronze,NY,2024-12-20,13,11.0,Active
5387,James Lopez,Bronze,NC,2024-12-20,5,11.0,Active
5560,Amy Reynolds,Bronze,VA,2024-12-20,9,11.0,Active
5565,Traci Morales,Bronze,AZ,2024-12-20,9,11.0,Active
5622,Jonathan Edwards,Bronze,TX,2024-12-20,9,11.0,Active
5667,Brandi Clark,Silver,IL,2024-12-20,8,11.0,Active
5742,Keith Davis,Bronze,PA,2024-12-20,7,11.0,Active
5786,Julian Bates,Silver,TN,2024-12-20,10,11.0,Active
5828,Timothy Ramsey,Gold,IN,2024-12-20,8,11.0,Active
5914,Robin Daniels,Bronze,CA,2024-12-20,4,11.0,Active
6008,Joshua Cox,Gold,WI,2024-12-20,6,11.0,Active
6065,Christopher Rosario,Gold,NC,2024-12-20,12,11.0,Active
6325,Alyssa Chambers,Bronze,FL,2024-12-20,7,11.0,Active
6354,Kelly Morgan,Silver,MI,2024-12-20,9,11.0,Active
6569,Justin Dunn,Bronze,IN,2024-12-20,4,11.0,Active
6751,Lisa Adams,Platinum,FL,2024-12-20,9,11.0,Active
6877,Angela Dunn,Gold,WA,2024-12-20,3,11.0,Active
7008,Christopher Lewis,Bronze,WA,2024-12-20,9,11.0,Active
7178,Sarah Bell,Platinum,FL,2024-12-20,8,11.0,Active
7330,Christopher Francis,Silver,IL,2024-12-20,10,11.0,Active
7553,Christopher Johnson,Bronze,TX,2024-12-20,9,11.0,Active
7783,Jeffrey Garza,Silver,CA,2024-12-20,12,11.0,Active
8277,Michael Murphy,Platinum,VA,2024-12-20,10,11.0,Active
8300,Douglas Wilkinson,Bronze,MI,2024-12-20,3,11.0,Active
8436,Michael Sandoval,Bronze,TX,2024-12-20,9,11.0,Active
8496,Mary Patterson,Silver,IN,2024-12-20,6,11.0,Active
8749,Angela Thomas,Silver,TX,2024-12-20,8,11.0,Active
8842,Joseph Nelson,Silver,NC,2024-12-20,13,11.0,Active
8933,Diana Rogers,Silver,NC,2024-12-20,8,11.0,Active
8949,Julie Salas,Bronze,OH,2024-12-20,8,11.0,Active
8983,Martin Vasquez,Platinum,NC,2024-12-20,6,11.0,Active
9045,Jonathan Whitehead,Gold,MA,2024-12-20,12,11.0,Active
9583,Andrea Adams,Silver,VA,2024-12-20,11,11.0,Active
9849,Taylor Perry,Gold,MA,2024-12-20,13,11.0,Active
9996,Kelly Orozco,Gold,TN,2024-12-20,8,11.0,Active
96,Adam Reyes,Silver,CA,2024-12-21,5,10.0,Active
110,Nathan Sullivan,Bronze,WI,2024-12-21,10,10.0,Active
117,Jessica Chen,Gold,IL,2024-12-21,9,10.0,Active
360,Angelica Maxwell,Bronze,TX,2024-12-21,8,10.0,Active
527,Robert Cannon,Bronze,VA,2024-12-21,6,10.0,Active
704,David Moyer,Gold,AZ,2024-12-21,7,10.0,Active
721,Jeffrey Underwood,Bronze,MD,2024-12-21,7,10.0,Active
733,Jennifer Floyd,Bronze,AZ,2024-12-21,16,10.0,Active
751,Michelle King,Bronze,WI,2024-12-21,8,10.0,Active
763,Andrea Graham,Silver,MO,2024-12-21,6,10.0,Active
776,Charles Flowers,Bronze,NY,2024-12-21,13,10.0,Active
1093,Juan Mitchell,Bronze,MO,2024-12-21,13,10.0,Active
1423,Richard Thomas,Gold,NC,2024-12-21,6,10.0,Active
1528,Jennifer Dawson,Bronze,NJ,2024-12-21,6,10.0,Active
1888,Billy Maxwell,Bronze,NC,2024-12-21,10,10.0,Active
2013,Anthony Barber,Gold,TN,2024-12-21,7,10.0,Active
2327,James Powers,Gold,FL,2024-12-21,9,10.0,Active
2527,Michelle Martinez,Silver,CA,2024-12-21,9,10.0,Active
3322,Susan Miller,Silver,AZ,2024-12-21,7,10.0,Active
3889,Nicole White,Bronze,MA,2024-12-21,5,10.0,Active
4021,Mary Friedman,Silver,FL,2024-12-21,8,10.0,Active
4034,Erika Morrison,Silver,MD,2024-12-21,10,10.0,Active
4314,Kimberly Mitchell,Bronze,WI,2024-12-21,9,10.0,Active
4324,Jennifer Estrada,Silver,PA,2024-12-21,3,10.0,Active
4580,Robin Reed,Silver,MA,2024-12-21,6,10.0,Active
4934,Brianna Wright,Bronze,WI,2024-12-21,7,10.0,Active
5068,Crystal Harvey,Silver,TX,2024-12-21,13,10.0,Active
5610,Connor Barton,Gold,GA,2024-12-21,7,10.0,Active
5703,Megan Miles,Bronze,FL,2024-12-21,16,10.0,Active
5740,James Huff,Platinum,NC,2024-12-21,5,10.0,Active
6191,Cody Munoz,Gold,IL,2024-12-21,7,10.0,Active
6264,Heather Sherman,Silver,WA,2024-12-21,8,10.0,Active
6275,George Gonzales,Silver,IN,2024-12-21,9,10.0,Active
6479,Tanner Williams,Bronze,MI,2024-12-21,3,10.0,Active
6577,Nathan Casey,Gold,IN,2024-12-21,7,10.0,Active
6842,Chase Torres,Bronze,WI,2024-12-21,7,10.0,Active
6961,Toni Cisneros,Bronze,MI,2024-12-21,7,10.0,Active
6995,Kelly Phillips,Gold,OH,2024-12-21,9,10.0,Active
7097,Edward Simmons,Bronze,MI,2024-12-21,8,10.0,Active
7125,Alison Black,Gold,MA,2024-12-21,7,10.0,Active
7288,Jonathan Byrd,Bronze,MA,2024-12-21,7,10.0,Active
7306,Brooke Burton,Silver,IN,2024-12-21,10,10.0,Active
7318,Jamie Wheeler,Bronze,AZ,2024-12-21,5,10.0,Active
7703,Valerie Campbell,Silver,TN,2024-12-21,6,10.0,Active
7805,John Villanueva,Bronze,TN,2024-12-21,11,10.0,Active
7946,Bryan Evans,Bronze,NJ,2024-12-21,8,10.0,Active
7961,Kendra Cook,Bronze,WI,2024-12-21,13,10.0,Active
8943,Crystal Kemp,Bronze,NY,2024-12-21,7,10.0,Active
8981,Christina Smith,Silver,MA,2024-12-21,9,10.0,Active
9167,Sean May,Bronze,FL,2024-12-21,7,10.0,Active
9615,Danny Bell,Bronze,WA,2024-12-21,6,10.0,Active
9638,Jason Page,Gold,WI,2024-12-21,11,10.0,Active
9700,Chelsea Johnson,Gold,AZ,2024-12-21,11,10.0,Active
9702,Joshua Ochoa,Gold,WA,2024-12-21,7,10.0,Active
798,Kristin Chandler,Gold,CA,2024-12-22,17,9.0,Active
1116,Joseph Clark,Platinum,MD,2024-12-22,5,9.0,Active
1319,Elizabeth Cardenas,Bronze,IN,2024-12-22,10,9.0,Active
1430,Phillip Williams,Gold,AZ,2024-12-22,8,9.0,Active
1794,Patricia Parks,Bronze,TN,2024-12-22,10,9.0,Active
1811,Amy James,Bronze,MO,2024-12-22,7,9.0,Active
1857,Haley Taylor,Platinum,MO,2024-12-22,12,9.0,Active
1914,Nicole Moore,Gold,IN,2024-12-22,9,9.0,Active
1968,Kaitlyn Castro,Bronze,PA,2024-12-22,8,9.0,Active
2100,Sharon Ramirez,Silver,GA,2024-12-22,6,9.0,Active
2129,Jeffery Miller,Platinum,PA,2024-12-22,12,9.0,Active
2286,Andrew Tucker,Silver,IN,2024-12-22,9,9.0,Active
2685,Angela Wilcox,Bronze,CA,2024-12-22,8,9.0,Active
2906,Robert Hickman,Bronze,NJ,2024-12-22,8,9.0,Active
2914,Jennifer Garcia,Platinum,WI,2024-12-22,7,9.0,Active
2987,Jessica Taylor,Bronze,MI,2024-12-22,7,9.0,Active
3168,Michael Rodriguez,Bronze,OH,2024-12-22,6,9.0,Active
3213,Samuel Morris,Silver,CA,2024-12-22,14,9.0,Active
3246,Timothy Campbell,Gold,MO,2024-12-22,12,9.0,Active
3269,Matthew Gordon,Bronze,NC,2024-12-22,9,9.0,Active
3358,Deborah Lynch,Bronze,IN,2024-12-22,12,9.0,Active
3364,Belinda Rogers,Bronze,TX,2024-12-22,7,9.0,Active
3424,Vanessa Gonzalez,Silver,TX,2024-12-22,8,9.0,Active
3550,Raymond Gibbs,Bronze,PA,2024-12-22,14,9.0,Active
3640,Paula Henson,Platinum,WI,2024-12-22,5,9.0,Active
3896,Makayla Bennett,Platinum,CA,2024-12-22,11,9.0,Active
3946,Timothy Bailey,Bronze,GA,2024-12-22,8,9.0,Active
4241,Joseph Harris,Silver,IN,2024-12-22,11,9.0,Active
4356,Carl Osborn,Bronze,MO,2024-12-22,13,9.0,Active
4536,Angelica Zamora,Platinum,MI,2024-12-22,5,9.0,Active
4563,Suzanne Marshall,Gold,CA,2024-12-22,4,9.0,Active
4607,Dawn Reynolds,Silver,FL,2024-12-22,6,9.0,Active
4823,Tina Long,Bronze,CA,2024-12-22,8,9.0,Active
4925,James Weiss,Bronze,WA,2024-12-22,6,9.0,Active
5022,Richard Swanson,Silver,PA,2024-12-22,7,9.0,Active
5158,Kevin Blankenship,Gold,TX,2024-12-22,14,9.0,Active
5337,Louis Gray,Platinum,FL,2024-12-22,11,9.0,Active
5489,Michael Smith,Bronze,MD,2024-12-22,8,9.0,Active
5764,Julie Morales,Bronze,CA,2024-12-22,11,9.0,Active
5775,Vickie Carrillo,Bronze,CA,2024-12-22,8,9.0,Active
5826,Jacob Reyes,Bronze,MI,2024-12-22,6,9.0,Active
6145,John Anderson,Bronze,OH,2024-12-22,7,9.0,Active
6181,Randy Macdonald,Silver,FL,2024-12-22,14,9.0,Active
6220,Christina Thompson,Bronze,AZ,2024-12-22,12,9.0,Active
6293,Stephen Potter,Bronze,CA,2024-12-22,8,9.0,Active
6352,Derek Shelton,Bronze,OH,2024-12-22,13,9.0,Active
6447,James Hamilton,Silver,MO,2024-12-22,12,9.0,Active
6554,Sylvia Thompson,Bronze,MO,2024-12-22,12,9.0,Active
6761,Laura Franklin,Bronze,MA,2024-12-22,6,9.0,Active
6966,Debbie Peters,Bronze,IL,2024-12-22,6,9.0,Active
6968,Jermaine Davis,Bronze,NC,2024-12-22,8,9.0,Active
7601,Heather Jackson,Gold,MI,2024-12-22,6,9.0,Active
7697,Sarah Mcguire,Bronze,TX,2024-12-22,10,9.0,Active
7991,Michelle Hall,Bronze,PA,2024-12-22,8,9.0,Active
8120,James Brown,Silver,NY,2024-12-22,13,9.0,Active
8457,Jessica Meyer,Bronze,VA,2024-12-22,7,9.0,Active
8652,Danielle Doyle,Bronze,VA,2024-12-22,12,9.0,Active
8720,Thomas Evans,Gold,WA,2024-12-22,8,9.0,Active
8817,Gina Hayes,Gold,WI,2024-12-22,9,9.0,Active
8841,Amy Case,Gold,VA,2024-12-22,5,9.0,Active
8921,Rebecca Diaz,Gold,MO,2024-12-22,9,9.0,Active
8978,Richard Houston,Silver,TX,2024-12-22,5,9.0,Active
9195,Jessica Greene,Bronze,TX,2024-12-22,9,9.0,Active
9219,Diana Wilson,Platinum,IN,2024-12-22,9,9.0,Active
9704,Amanda Garcia,Gold,WA,2024-12-22,10,9.0,Active
9826,Alexander Harris,Silver,WI,2024-12-22,6,9.0,Active
9966,Jonathan Dorsey,Bronze,AZ,2024-12-22,8,9.0,Active
231,Alexandra Jones,Silver,IL,2024-12-23,11,8.0,Active
274,Johnathan Gilbert,Silver,IN,2024-12-23,5,8.0,Active
306,Desiree Stafford,Silver,MO,2024-12-23,12,8.0,Active
354,Christopher Watson,Silver,TN,2024-12-23,12,8.0,Active
561,Eric Peters,Gold,WA,2024-12-23,7,8.0,Active
654,Lacey Stanley,Platinum,WI,2024-12-23,9,8.0,Active
788,Jason Parker,Bronze,NY,2024-12-23,8,8.0,Active
1177,Grant Turner,Gold,WI,2024-12-23,11,8.0,Active
1580,James Smith,Platinum,AZ,2024-12-23,11,8.0,Active
1609,Michael Flynn,Platinum,MD,2024-12-23,8,8.0,Active
1668,Jillian Fuller,Bronze,PA,2024-12-23,12,8.0,Active
2296,Richard Thompson,Bronze,AZ,2024-12-23,7,8.0,Active
2413,Adam Cobb,Silver,NC,2024-12-23,7,8.0,Active
2582,Nathan Lewis,Bronze,MI,2024-12-23,4,8.0,Active
2600,Micheal Sims,Bronze,WI,2024-12-23,9,8.0,Active
2748,James Conner,Silver,OH,2024-12-23,12,8.0,Active
2764,Jennifer Chandler,Gold,MD,2024-12-23,4,8.0,Active
2969,Kathy Davis,Bronze,IL,2024-12-23,8,8.0,Active
3050,Aaron Watson,Bronze,IL,2024-12-23,9,8.0,Active
3087,Bradley Thomas,Silver,NJ,2024-12-23,11,8.0,Active
3165,William Hernandez,Gold,TX,2024-12-23,8,8.0,Active
3513,Holly Brown,Bronze,MA,2024-12-23,10,8.0,Active
3653,Franklin Young,Silver,MO,2024-12-23,10,8.0,Active
3934,Dawn Savage,Bronze,GA,2024-12-23,9,8.0,Active
4123,Chelsea Stein,Gold,TX,2024-12-23,11,8.0,Active
4178,Deborah Williams,Gold,PA,2024-12-23,9,8.0,Active
4632,Alan Fowler,Silver,GA,2024-12-23,8,8.0,Active
4678,Jonathon Brown,Bronze,IN,2024-12-23,16,8.0,Active
4804,Barbara Larson,Silver,TX,2024-12-23,12,8.0,Active
4908,Jesse Jordan,Silver,OH,2024-12-23,12,8.0,Active
5069,Paul Johnson,Bronze,MI,2024-12-23,4,8.0,Active
5084,Jenna Cook,Silver,NJ,2024-12-23,13,8.0,Active
5159,Joseph Hickman,Platinum,MO,2024-12-23,9,8.0,Active
5283,Carl Luna,Platinum,NJ,2024-12-23,6,8.0,Active
5686,Christina Williams,Bronze,NJ,2024-12-23,12,8.0,Active
5825,Laura Acosta,Silver,MI,2024-12-23,9,8.0,Active
5930,Ryan Garcia,Silver,MA,2024-12-23,14,8.0,Active
6091,Kristen Sims,Gold,AZ,2024-12-23,13,8.0,Active
6151,Michael Jones,Gold,FL,2024-12-23,12,8.0,Active
6369,Ann Murray,Bronze,CA,2024-12-23,10,8.0,Active
6586,Elizabeth Simon,Silver,AZ,2024-12-23,15,8.0,Active
6739,David Murray,Platinum,TX,2024-12-23,6,8.0,Active
6897,Melissa Ferguson,Bronze,CA,2024-12-23,9,8.0,Active
6999,Luis Bass,Bronze,OH,2024-12-23,10,8.0,Active
7486,Kurt Brown,Bronze,WI,2024-12-23,13,8.0,Active
7623,Andrea Potter,Silver,AZ,2024-12-23,12,8.0,Active
7660,Matthew Strickland,Bronze,TX,2024-12-23,6,8.0,Active
7690,Raymond Hooper,Gold,TX,2024-12-23,7,8.0,Active
7740,Matthew Garner,Bronze,MI,2024-12-23,16,8.0,Active
7784,Jamie Charles,Platinum,GA,2024-12-23,10,8.0,Active
7869,Tammy Hernandez,Platinum,TX,2024-12-23,10,8.0,Active
7982,Aaron Henson,Gold,OH,2024-12-23,10,8.0,Active
8111,Amanda Kane,Bronze,PA,2024-12-23,4,8.0,Active
8413,Cody Martinez,Bronze,GA,2024-12-23,7,8.0,Active
8461,Tiffany Howell,Silver,NC,2024-12-23,6,8.0,Active
8514,Karen Pearson,Silver,IL,2024-12-23,6,8.0,Active
8579,Jose Lee,Bronze,FL,2024-12-23,10,8.0,Active
9003,Marcus Williams,Bronze,CA,2024-12-23,7,8.0,Active
9072,Luke Reed,Bronze,FL,2024-12-23,8,8.0,Active
9232,Joshua Morales,Platinum,MD,2024-12-23,4,8.0,Active
9502,Anthony Mcgee,Bronze,IL,2024-12-23,10,8.0,Active
9504,Ralph Wells,Gold,PA,2024-12-23,12,8.0,Active
9597,Katie Mathews,Bronze,MO,2024-12-23,11,8.0,Active
9705,Kevin Hill,Platinum,MO,2024-12-23,5,8.0,Active
9803,Jeremy Villa,Bronze,OH,2024-12-23,8,8.0,Active
9884,Nicole Fernandez,Bronze,FL,2024-12-23,10,8.0,Active
103,Erika Peters,Bronze,OH,2024-12-24,8,7.0,Active
127,Shannon Bailey,Platinum,MA,2024-12-24,8,7.0,Active
159,Mark Hill,Silver,OH,2024-12-24,13,7.0,Active
549,Christian Booker,Gold,AZ,2024-12-24,5,7.0,Active
611,Alex Wilson,Silver,NJ,2024-12-24,11,7.0,Active
627,Tyler Munoz,Silver,TX,2024-12-24,8,7.0,Active
752,Joseph Moore,Gold,MD,2024-12-24,9,7.0,Active
876,Sara Campbell,Bronze,MA,2024-12-24,4,7.0,Active
930,Troy Thompson,Silver,CA,2024-12-24,7,7.0,Active
2076,Angela Yu,Silver,NC,2024-12-24,9,7.0,Active
2157,Brandon Garcia,Bronze,NY,2024-12-24,9,7.0,Active
2208,Danielle Huff,Bronze,OH,2024-12-24,15,7.0,Active
2229,Anthony Larson,Silver,GA,2024-12-24,10,7.0,Active
2488,Chelsea Hernandez,Silver,IN,2024-12-24,8,7.0,Active
2521,Nicholas Crawford,Bronze,PA,2024-12-24,11,7.0,Active
3011,Martin Hunter,Bronze,IN,2024-12-24,4,7.0,Active
3028,Lindsey Knox,Silver,PA,2024-12-24,8,7.0,Active
3313,Daniel Thomas,Gold,NY,2024-12-24,5,7.0,Active
3375,Cheryl Alvarez,Gold,NC,2024-12-24,8,7.0,Active
3551,Tammy Martin,Bronze,PA,2024-12-24,11,7.0,Active
3719,Natalie Hunter,Bronze,WI,2024-12-24,12,7.0,Active
4003,Brian Bass,Bronze,PA,2024-12-24,4,7.0,Active
4171,Scott Walton,Platinum,WA,2024-12-24,6,7.0,Active
4432,Miguel Wallace,Platinum,AZ,2024-12-24,10,7.0,Active
4503,Eduardo Wallace,Bronze,CA,2024-12-24,7,7.0,Active
4882,Robert Harris,Gold,MA,2024-12-24,9,7.0,Active
5458,Joshua Singh,Gold,CA,2024-12-24,7,7.0,Active
5490,Todd Jenkins,Silver,MI,2024-12-24,8,7.0,Active
5575,Eddie Reed,Silver,IN,2024-12-24,7,7.0,Active
5605,James Porter,Silver,WA,2024-12-24,11,7.0,Active
5719,Frank Sheppard,Silver,WA,2024-12-24,5,7.0,Active
5747,Melissa Parker,Bronze,TN,2024-12-24,9,7.0,Active
5770,Laura Knox,Bronze,NJ,2024-12-24,7,7.0,Active
5902,Lisa Duke,Platinum,PA,2024-12-24,9,7.0,Active
6051,James Roth,Bronze,WI,2024-12-24,10,7.0,Active
6084,Christian Waller,Gold,MD,2024-12-24,5,7.0,Active
6108,Lisa Salinas,Silver,AZ,2024-12-24,8,7.0,Active
6124,Wendy Cruz,Bronze,TN,2024-12-24,9,7.0,Active
6249,Shannon Powell,Silver,TN,2024-12-24,6,7.0,Active
6261,Ellen Navarro,Silver,PA,2024-12-24,10,7.0,Active
6441,Danielle Brewer,Gold,CA,2024-12-24,6,7.0,Active
6500,Vincent Pruitt,Platinum,TN,2024-12-24,7,7.0,Active
6872,Matthew Weber,Bronze,NC,2024-12-24,7,7.0,Active
7095,John Jensen,Silver,TN,2024-12-24,10,7.0,Active
7291,Amber Peters,Bronze,NC,2024-12-24,8,7.0,Active
7406,Jeffrey Buck,Bronze,FL,2024-12-24,7,7.0,Active
7448,Rachel Russell,Bronze,CA,2024-12-24,5,7.0,Active
7664,Andrew Meadows,Bronze,NJ,2024-12-24,10,7.0,Active
7746,Robert Barnett,Silver,NJ,2024-12-24,7,7.0,Active
7947,William Perez,Platinum,NY,2024-12-24,5,7.0,Active
8202,Carol Robinson,Bronze,OH,2024-12-24,10,7.0,Active
8231,Stephen Henderson,Bronze,CA,2024-12-24,9,7.0,Active
8401,Scott Boyd,Bronze,PA,2024-12-24,10,7.0,Active
8520,Derek Jones,Silver,MD,2024-12-24,10,7.0,Active
8701,Thomas Hayes,Bronze,TN,2024-12-24,11,7.0,Active
8871,Robert Johnson,Bronze,AZ,2024-12-24,10,7.0,Active
9108,Rhonda Griffin,Silver,GA,2024-12-24,7,7.0,Active
9122,Tonya Galloway,Gold,MI,2024-12-24,12,7.0,Active
9284,Carolyn Wilson,Bronze,AZ,2024-12-24,7,7.0,Active
9328,Cody Simon,Silver,WI,2024-12-24,14,7.0,Active
9550,Patricia Stuart,Platinum,IN,2024-12-24,9,7.0,Active
9561,Lisa Torres,Bronze,VA,2024-12-24,7,7.0,Active
9829,Jackson Roberts,Platinum,AZ,2024-12-24,7,7.0,Active
188,Amanda Davis,Platinum,NY,2024-12-25,7,6.0,Active
267,Heather Thompson,Platinum,IL,2024-12-25,8,6.0,Active
292,Christopher Vincent,Bronze,MO,2024-12-25,4,6.0,Active
352,Kayla Carrillo,Bronze,TN,2024-12-25,11,6.0,Active
592,Stephanie Arroyo,Silver,OH,2024-12-25,4,6.0,Active
687,Bill Ramirez,Gold,FL,2024-12-25,6,6.0,Active
1066,Joseph Nguyen,Gold,PA,2024-12-25,7,6.0,Active
1071,Stacy Carroll,Silver,TX,2024-12-25,10,6.0,Active
1251,James Mathis,Bronze,TX,2024-12-25,8,6.0,Active
1450,Andrew Gonzales,Platinum,NY,2024-12-25,7,6.0,Active
1495,Monica Clark,Gold,MI,2024-12-25,6,6.0,Active
1756,Emily Garcia,Silver,MI,2024-12-25,8,6.0,Active
2052,Melanie Stevens,Gold,WI,2024-12-25,5,6.0,Active
2396,Tonya Simon,Silver,IN,2024-12-25,6,6.0,Active
2749,Nicholas Webster,Silver,GA,2024-12-25,8,6.0,Active
3074,Anthony Moore,Bronze,MA,2024-12-25,9,6.0,Active
3160,Bruce Terrell,Bronze,CA,2024-12-25,4,6.0,Active
3231,Yolanda Taylor,Platinum,NJ,2024-12-25,4,6.0,Active
3307,Rachel Anderson,Bronze,MI,2024-12-25,11,6.0,Active
3328,Suzanne Cook,Bronze,NY,2024-12-25,11,6.0,Active
3419,Brenda Sampson,Bronze,MA,2024-12-25,9,6.0,Active
3861,Wesley Suarez,Gold,FL,2024-12-25,11,6.0,Active
3904,William Joseph,Bronze,TN,2024-12-25,11,6.0,Active
4182,Peter Hall,Silver,AZ,2024-12-25,11,6.0,Active
4185,Julia Cook,Bronze,VA,2024-12-25,6,6.0,Active
4262,Maria Hunt,Gold,GA,2024-12-25,9,6.0,Active
4290,Melissa Calderon,Bronze,OH,2024-12-25,15,6.0,Active
4728,Jennifer Lopez,Silver,WA,2024-12-25,9,6.0,Active
4986,Daryl Huber,Gold,NJ,2024-12-25,9,6.0,Active
5019,Audrey Miller,Bronze,MO,2024-12-25,8,6.0,Active
5038,Alex Jackson,Gold,AZ,2024-12-25,9,6.0,Active
5201,Brandon Ferguson,Bronze,TN,2024-12-25,7,6.0,Active
5317,Carolyn Stephenson,Bronze,PA,2024-12-25,7,6.0,Active
5445,Erik Thompson,Gold,AZ,2024-12-25,6,6.0,Active
5558,William Clark,Bronze,IN,2024-12-25,8,6.0,Active
5571,Mary Graham,Silver,NY,2024-12-25,9,6.0,Active
5879,Bruce Rojas,Platinum,TN,2024-12-25,4,6.0,Active
5991,Shelby Walsh,Bronze,TX,2024-12-25,8,6.0,Active
6228,Erica Kidd,Gold,MA,2024-12-25,7,6.0,Active
6289,Christina Clark,Bronze,PA,2024-12-25,9,6.0,Active
6358,Brandi Brown,Silver,NY,2024-12-25,4,6.0,Active
6504,Jason Jackson,Bronze,MA,2024-12-25,8,6.0,Active
6562,Matthew Collins,Silver,NY,2024-12-25,6,6.0,Active
7009,Curtis Flores,Silver,TN,2024-12-25,6,6.0,Active
7042,Herbert Sanchez,Silver,NC,2024-12-25,12,6.0,Active
7123,Rebecca Holt,Bronze,VA,2024-12-25,6,6.0,Active
7187,Samantha Thomas,Gold,MO,2024-12-25,6,6.0,Active
7402,Thomas Russo,Bronze,AZ,2024-12-25,8,6.0,Active
7716,Bradley King,Gold,FL,2024-12-25,11,6.0,Active
7719,Andrew Wheeler,Bronze,NJ,2024-12-25,7,6.0,Active
7871,Amanda Brown,Silver,AZ,2024-12-25,5,6.0,Active
7917,Evan Paul,Silver,TX,2024-12-25,11,6.0,Active
8266,William Matthews,Bronze,OH,2024-12-25,7,6.0,Active
8321,Donald Meyers,Silver,MI,2024-12-25,5,6.0,Active
8446,Angela Riddle,Platinum,TX,2024-12-25,12,6.0,Active
8491,Jennifer Olson,Bronze,OH,2024-12-25,6,6.0,Active
8502,Penny Ramos,Silver,CA,2024-12-25,8,6.0,Active
8721,Robert Horton,Bronze,CA,2024-12-25,9,6.0,Active
9076,Darrell Higgins,Bronze,MI,2024-12-25,2,6.0,Active
9143,Ricky Smith,Silver,MI,2024-12-25,6,6.0,Active
9372,Robert Ferrell,Bronze,MI,2024-12-25,10,6.0,Active
9810,Philip Williams,Silver,WI,2024-12-25,11,6.0,Active
9954,Dustin Long,Bronze,IL,2024-12-25,9,6.0,Active
33,Michael Chavez,Platinum,CA,2024-12-26,7,5.0,Active
87,Marcia Hanson,Gold,NC,2024-12-26,8,5.0,Active
142,Jennifer Davis,Bronze,WA,2024-12-26,8,5.0,Active
145,Angela Pierce,Silver,WI,2024-12-26,11,5.0,Active
497,Jeff Petersen,Silver,GA,2024-12-26,13,5.0,Active
606,Shannon Lewis,Silver,WA,2024-12-26,11,5.0,Active
1070,Lisa Faulkner,Platinum,MO,2024-12-26,9,5.0,Active
1132,Renee Caldwell,Bronze,AZ,2024-12-26,9,5.0,Active
1146,Keith Davis,Gold,AZ,2024-12-26,10,5.0,Active
1202,Theodore Decker,Silver,MD,2024-12-26,11,5.0,Active
1238,Kelly Hernandez,Silver,OH,2024-12-26,10,5.0,Active
1332,Rachel Rodriguez,Bronze,OH,2024-12-26,7,5.0,Active
1383,Stephanie Moses,Bronze,MD,2024-12-26,4,5.0,Active
1397,Paul Roberts,Bronze,MI,2024-12-26,6,5.0,Active
1660,Stephanie Hernandez,Gold,TN,2024-12-26,11,5.0,Active
1689,William Johnston,Gold,TX,2024-12-26,10,5.0,Active
1918,Victoria Thomas,Bronze,PA,2024-12-26,7,5.0,Active
2006,Mark Olson,Gold,MD,2024-12-26,9,5.0,Active
2403,Adam Hernandez,Gold,AZ,2024-12-26,5,5.0,Active
2505,Matthew Johnson,Bronze,NJ,2024-12-26,8,5.0,Active
2824,Dale Cruz,Bronze,CA,2024-12-26,8,5.0,Active
2961,Jacqueline Mitchell,Platinum,MD,2024-12-26,17,5.0,Active
3078,Lauren Sanders,Silver,NY,2024-12-26,12,5.0,Active
3391,Amanda Phillips,Bronze,MD,2024-12-26,7,5.0,Active
3536,Mike Coleman,Gold,TX,2024-12-26,9,5.0,Active
3606,Frank Lang,Bronze,GA,2024-12-26,11,5.0,Active
3708,Nicholas Little,Silver,CA,2024-12-26,6,5.0,Active
3846,Frank Graves,Bronze,NJ,2024-12-26,7,5.0,Active
4097,Amanda Lewis,Silver,TN,2024-12-26,8,5.0,Active
4109,Brianna Morris,Silver,GA,2024-12-26,11,5.0,Active
4179,Tony Osborne,Platinum,FL,2024-12-26,4,5.0,Active
4433,Patricia Reed,Gold,AZ,2024-12-26,12,5.0,Active
4550,Andrew Knight,Platinum,GA,2024-12-26,9,5.0,Active
4744,Marc Wall,Bronze,IN,2024-12-26,6,5.0,Active
4862,Jeffrey Serrano,Bronze,PA,2024-12-26,8,5.0,Active
5043,Todd Gardner,Silver,NJ,2024-12-26,7,5.0,Active
5607,Jessica Melton,Bronze,OH,2024-12-26,8,5.0,Active
5840,Lauren Hawkins,Silver,WI,2024-12-26,4,5.0,Active
5865,Carlos Bennett,Gold,NJ,2024-12-26,6,5.0,Active
5967,Matthew Rhodes,Bronze,MA,2024-12-26,6,5.0,Active
6343,Brooke Davis,Bronze,CA,2024-12-26,7,5.0,Active
6822,Gabrielle Cole,Bronze,NC,2024-12-26,9,5.0,Active
6829,Darren Palmer,Silver,MA,2024-12-26,8,5.0,Active
7128,Alexis Smith,Silver,IN,2024-12-26,10,5.0,Active
7237,Donald Gray,Silver,MO,2024-12-26,10,5.0,Active
7258,Lauren Garrett,Bronze,CA,2024-12-26,13,5.0,Active
7284,Cathy Macdonald,Silver,PA,2024-12-26,8,5.0,Active
7363,Randall Weaver,Platinum,MI,2024-12-26,6,5.0,Active
7477,Matthew Cruz,Bronze,WA,2024-12-26,11,5.0,Active
7530,Jonathan Armstrong,Bronze,MD,2024-12-26,8,5.0,Active
7733,Tammy Simmons,Gold,TX,2024-12-26,8,5.0,Active
7736,Mark Carter,Bronze,MD,2024-12-26,12,5.0,Active
7823,Austin Roberts,Silver,TN,2024-12-26,13,5.0,Active
7987,Courtney Lloyd,Bronze,AZ,2024-12-26,11,5.0,Active
7993,Nicole Alexander,Platinum,NJ,2024-12-26,6,5.0,Active
8039,Jennifer Morgan,Gold,AZ,2024-12-26,8,5.0,Active
8306,Garrett Lewis,Bronze,GA,2024-12-26,12,5.0,Active
8324,Elizabeth King,Bronze,IN,2024-12-26,8,5.0,Active
8390,Marc Irwin,Platinum,WA,2024-12-26,12,5.0,Active
8797,Trevor Taylor,Silver,FL,2024-12-26,10,5.0,Active
9068,Crystal Vega,Gold,FL,2024-12-26,7,5.0,Active
9105,Courtney Roberts,Gold,NY,2024-12-26,9,5.0,Active
9395,Haley Fisher,Bronze,AZ,2024-12-26,8,5.0,Active
9512,Linda Roman,Gold,NJ,2024-12-26,9,5.0,Active
9523,Lauren Duncan,Silver,TX,2024-12-26,7,5.0,Active
9752,Andrea Smith,Bronze,MO,2024-12-26,13,5.0,Active
9795,Gregory Page,Silver,AZ,2024-12-26,14,5.0,Active
9921,John Morrison,Silver,MD,2024-12-26,8,5.0,Active
9949,Christina Castro,Platinum,MD,2024-12-26,11,5.0,Active
82,April Torres,Bronze,MI,2024-12-27,7,4.0,Active
86,Carla Cameron,Platinum,IN,2024-12-27,8,4.0,Active
112,Kevin Elliott,Silver,NJ,2024-12-27,9,4.0,Active
385,Kevin Oneal,Platinum,GA,2024-12-27,9,4.0,Active
521,Dana Hawkins,Bronze,IL,2024-12-27,13,4.0,Active
529,Jennifer Ramirez,Silver,FL,2024-12-27,6,4.0,Active
587,Linda Mendez,Bronze,IN,2024-12-27,8,4.0,Active
1230,Ashley Terry,Bronze,IN,2024-12-27,12,4.0,Active
1265,James Patterson,Bronze,NC,2024-12-27,6,4.0,Active
1309,Scott Hodges,Bronze,WA,2024-12-27,8,4.0,Active
1325,Amanda Lewis,Bronze,NC,2024-12-27,14,4.0,Active
1619,Daniel Owens,Gold,NY,2024-12-27,8,4.0,Active
1748,Cheryl Barrera,Bronze,MO,2024-12-27,5,4.0,Active
2141,Elizabeth Little,Gold,MD,2024-12-27,7,4.0,Active
2263,Amanda Holt,Silver,NJ,2024-12-27,8,4.0,Active
2337,Lindsay Coleman,Bronze,MA,2024-12-27,9,4.0,Active
2338,Jaclyn Mack,Bronze,IL,2024-12-27,11,4.0,Active
3010,Alexandra Tate,Bronze,MA,2024-12-27,8,4.0,Active
3057,Deborah Martin,Gold,AZ,2024-12-27,8,4.0,Active
3100,Clarence Burgess,Bronze,AZ,2024-12-27,5,4.0,Active
3264,Kevin Miller,Gold,TN,2024-12-27,8,4.0,Active
3704,Debra Turner,Bronze,NJ,2024-12-27,11,4.0,Active
4201,Michael Bradley,Bronze,IN,2024-12-27,11,4.0,Active
4471,Isabel Ortiz,Silver,GA,2024-12-27,12,4.0,Active
4636,Sarah Scott,Bronze,IN,2024-12-27,8,4.0,Active
4825,Justin Schmidt,Silver,TN,2024-12-27,7,4.0,Active
4940,Michael Williams,Bronze,NJ,2024-12-27,7,4.0,Active
5425,Julie Evans,Gold,TN,2024-12-27,5,4.0,Active
5478,Kyle Landry,Platinum,PA,2024-12-27,11,4.0,Active
5484,Taylor Patton,Platinum,OH,2024-12-27,6,4.0,Active
5886,Thomas Novak,Gold,VA,2024-12-27,6,4.0,Active
5927,Carrie Hill,Gold,MD,2024-12-27,4,4.0,Active
5944,Michael Brewer,Platinum,NC,2024-12-27,10,4.0,Active
6101,Carol Williams,Bronze,NC,2024-12-27,16,4.0,Active
6165,Angela Turner,Bronze,WI,2024-12-27,7,4.0,Active
6226,Steven Byrd,Silver,TN,2024-12-27,11,4.0,Active
6584,Jaime Conner,Bronze,OH,2024-12-27,14,4.0,Active
6735,Gregory Vargas,Platinum,NC,2024-12-27,10,4.0,Active
6896,Lauren Bailey,Bronze,MO,2024-12-27,12,4.0,Active
6923,James Pollard,Gold,NJ,2024-12-27,7,4.0,Active
7251,Christine Huang,Bronze,GA,2024-12-27,3,4.0,Active
7380,Thomas Griffin,Silver,IN,2024-12-27,4,4.0,Active
7559,Joshua Gonzalez,Bronze,NJ,2024-12-27,7,4.0,Active
7635,Christopher Lee,Gold,NJ,2024-12-27,5,4.0,Active
7756,Sean Fox,Gold,OH,2024-12-27,7,4.0,Active
7945,Jennifer Harvey,Bronze,CA,2024-12-27,8,4.0,Active
8054,Joshua Murphy,Gold,FL,2024-12-27,8,4.0,Active
8069,Robert Briggs,Silver,FL,2024-12-27,5,4.0,Active
8246,Ashley Howard,Bronze,MA,2024-12-27,7,4.0,Active
8269,John Lopez,Gold,NC,2024-12-27,12,4.0,Active
8585,Connie Johnston,Bronze,IN,2024-12-27,8,4.0,Active
9257,Melanie Hunter,Silver,NJ,2024-12-27,9,4.0,Active
9470,Brandi Brown,Silver,OH,2024-12-27,8,4.0,Active
9937,Kevin Davis,Silver,NY,2024-12-27,4,4.0,Active
1,Danielle Johnson,Silver,MO,2024-12-28,9,3.0,Active
21,Elizabeth Nguyen,Bronze,VA,2024-12-28,9,3.0,Active
29,Anne Robinson,Bronze,PA,2024-12-28,9,3.0,Active
202,Douglas Aguilar,Platinum,WI,2024-12-28,6,3.0,Active
530,Nicole Simon,Silver,VA,2024-12-28,7,3.0,Active
771,Deborah Miller,Silver,MD,2024-12-28,11,3.0,Active
870,Michael Johnson,Platinum,GA,2024-12-28,8,3.0,Active
1270,Mackenzie Patton,Silver,IL,2024-12-28,8,3.0,Active
1275,Daniel Graves,Silver,MD,2024-12-28,6,3.0,Active
1280,Katherine Williams,Bronze,CA,2024-12-28,6,3.0,Active
1549,Jared Sutton,Bronze,MA,2024-12-28,12,3.0,Active
2077,Stephanie Macdonald,Bronze,VA,2024-12-28,6,3.0,Active
2260,Andrea Lee,Bronze,NY,2024-12-28,6,3.0,Active
2322,Adam Moss,Gold,MI,2024-12-28,9,3.0,Active
2439,Amy Burns,Silver,TN,2024-12-28,10,3.0,Active
2461,Tammy Garcia,Bronze,PA,2024-12-28,12,3.0,Active
2478,Kyle Adams,Silver,FL,2024-12-28,13,3.0,Active
2529,Jessica Ashley,Platinum,WI,2024-12-28,6,3.0,Active
2781,Tiffany Gonzales,Gold,IN,2024-12-28,12,3.0,Active
2956,Kevin Weaver,Bronze,GA,2024-12-28,7,3.0,Active
3013,Joseph Martinez,Bronze,IN,2024-12-28,10,3.0,Active
3124,Levi Spencer,Silver,MI,2024-12-28,8,3.0,Active
3534,Ryan Adams,Bronze,GA,2024-12-28,9,3.0,Active
3600,Amy Green,Silver,TN,2024-12-28,10,3.0,Active
3811,Stephanie Campbell,Platinum,AZ,2024-12-28,13,3.0,Active
3826,Alison Conley,Platinum,VA,2024-12-28,10,3.0,Active
3893,Edward Jacobs,Platinum,MA,2024-12-28,5,3.0,Active
3911,Andre Smith,Bronze,NC,2024-12-28,6,3.0,Active
3955,Cheryl Leon,Gold,MA,2024-12-28,5,3.0,Active
3999,Juan Smith,Gold,MI,2024-12-28,5,3.0,Active
4079,Carl Olson,Bronze,NY,2024-12-28,4,3.0,Active
4199,Daniel Young,Silver,WI,2024-12-28,5,3.0,Active
4417,Natasha Mitchell,Bronze,NJ,2024-12-28,7,3.0,Active
4419,Adam Pacheco,Silver,MA,2024-12-28,11,3.0,Active
4437,Rebecca Krause,Bronze,MO,2024-12-28,4,3.0,Active
4458,Robert Cortez,Bronze,CA,2024-12-28,12,3.0,Active
4890,Danielle Calderon,Silver,CA,2024-12-28,13,3.0,Active
5008,William Frazier,Silver,TX,2024-12-28,11,3.0,Active
5160,Lori Thompson,Gold,MI,2024-12-28,12,3.0,Active
5187,Victoria Wilson,Bronze,IL,2024-12-28,8,3.0,Active
5320,Brandon Wright,Bronze,NC,2024-12-28,6,3.0,Active
5592,Sheila Roberts,Platinum,MI,2024-12-28,7,3.0,Active
5614,Kevin Mcgrath,Bronze,MI,2024-12-28,11,3.0,Active
5799,Tammy Castillo,Silver,NY,2024-12-28,9,3.0,Active
6271,Alexis Zimmerman,Gold,TN,2024-12-28,8,3.0,Active
6694,Alexander Welch,Bronze,MD,2024-12-28,8,3.0,Active
6754,Christopher Hamilton,Silver,VA,2024-12-28,8,3.0,Active
7104,Amy Rivers,Gold,PA,2024-12-28,8,3.0,Active
7129,Christopher Harrington,Silver,WA,2024-12-28,12,3.0,Active
7136,John Clark,Silver,IN,2024-12-28,14,3.0,Active
7205,Cody Liu,Silver,FL,2024-12-28,10,3.0,Active
7396,Johnny Santos,Silver,AZ,2024-12-28,8,3.0,Active
7437,Roberto Mills,Gold,MI,2024-12-28,11,3.0,Active
7454,Henry Chavez,Silver,VA,2024-12-28,8,3.0,Active
7680,Angela Leblanc,Platinum,FL,2024-12-28,11,3.0,Active
7797,Joshua Bryant,Bronze,MD,2024-12-28,11,3.0,Active
7817,Susan Sparks,Gold,NC,2024-12-28,13,3.0,Active
7959,Tiffany Johnson,Bronze,VA,2024-12-28,9,3.0,Active
8125,Ann Leonard,Bronze,WA,2024-12-28,7,3.0,Active
8460,Brittany Hahn,Bronze,WA,2024-12-28,5,3.0,Active
8501,Eugene Davis,Silver,MA,2024-12-28,9,3.0,Active
8509,Steven Johnson,Gold,IN,2024-12-28,8,3.0,Active
8513,Kathleen Jones,Silver,NY,2024-12-28,9,3.0,Active
8533,Jackson Elliott,Gold,WA,2024-12-28,10,3.0,Active
8546,Amanda Garcia,Bronze,NY,2024-12-28,15,3.0,Active
8666,Rachel Miller,Silver,WI,2024-12-28,13,3.0,Active
8829,Douglas Martin,Silver,IL,2024-12-28,4,3.0,Active
8862,Jennifer Johnson,Bronze,NY,2024-12-28,6,3.0,Active
8930,Megan Thomas,Bronze,FL,2024-12-28,8,3.0,Active
9187,Matthew Barrett,Platinum,AZ,2024-12-28,12,3.0,Active
9189,Amanda Doyle,Gold,NY,2024-12-28,7,3.0,Active
9565,Sean Clark,Silver,CA,2024-12-28,5,3.0,Active
9567,Meredith Brown,Platinum,MI,2024-12-28,9,3.0,Active
9573,Richard Flores,Gold,PA,2024-12-28,11,3.0,Active
9603,Carlos Smith,Bronze,CA,2024-12-28,11,3.0,Active
9621,Shane Lucas,Bronze,GA,2024-12-28,13,3.0,Active
9837,Shannon Wyatt,Bronze,WI,2024-12-28,10,3.0,Active
9871,Jesus Hernandez,Gold,CA,2024-12-28,8,3.0,Active
9876,Jacob Hart,Bronze,TN,2024-12-28,9,3.0,Active
9897,Angela Shelton,Bronze,NY,2024-12-28,8,3.0,Active
9922,Michael Hamilton,Bronze,NY,2024-12-28,11,3.0,Active
9992,Dennis Jones,Gold,PA,2024-12-28,11,3.0,Active
196,Andrea Thompson,Bronze,MA,2024-12-29,10,2.0,Active
419,Isabella Williams,Silver,MO,2024-12-29,8,2.0,Active
600,Allen James,Bronze,TX,2024-12-29,8,2.0,Active
1456,Anthony Williamson,Bronze,GA,2024-12-29,5,2.0,Active
1515,Jamie Thomas,Silver,WA,2024-12-29,9,2.0,Active
1538,Christine Payne,Gold,GA,2024-12-29,9,2.0,Active
1638,Teresa Acosta,Bronze,OH,2024-12-29,11,2.0,Active
1647,Megan Buchanan,Bronze,WA,2024-12-29,7,2.0,Active
1719,Christine Ruiz,Bronze,NC,2024-12-29,7,2.0,Active
1797,Margaret Edwards,Bronze,GA,2024-12-29,15,2.0,Active
1818,Charles Jones,Bronze,OH,2024-12-29,10,2.0,Active
1920,Brian Jennings,Silver,GA,2024-12-29,3,2.0,Active
2181,Chelsea Wise,Bronze,AZ,2024-12-29,7,2.0,Active
2315,Lisa Lee,Platinum,MO,2024-12-29,10,2.0,Active
2456,Heidi Guzman,Bronze,TN,2024-12-29,10,2.0,Active
2716,Nicole Porter,Silver,WA,2024-12-29,13,2.0,Active
3029,Gregory Campbell,Bronze,TX,2024-12-29,8,2.0,Active
3032,Nicholas Trujillo,Bronze,FL,2024-12-29,6,2.0,Active
3073,Rebecca Jimenez,Platinum,MO,2024-12-29,13,2.0,Active
3216,Steven Watts,Gold,IN,2024-12-29,14,2.0,Active
3222,Elizabeth Chambers,Bronze,NY,2024-12-29,8,2.0,Active
3324,Hannah Frazier,Bronze,NY,2024-12-29,11,2.0,Active
3351,Tracey Ellis,Silver,IL,2024-12-29,4,2.0,Active
3473,Nicole Shea,Platinum,NY,2024-12-29,10,2.0,Active
3482,Kristen Torres,Bronze,OH,2024-12-29,6,2.0,Active
3555,Jennifer Lee,Platinum,WA,2024-12-29,9,2.0,Active
3575,Lisa Nguyen,Silver,WI,2024-12-29,10,2.0,Active
3775,Edward Hubbard,Bronze,PA,2024-12-29,6,2.0,Active
3783,Heidi Moore,Bronze,WA,2024-12-29,7,2.0,Active
3820,Daniel Vargas,Silver,MA,2024-12-29,7,2.0,Active
3836,Jason Martinez,Silver,MO,2024-12-29,5,2.0,Active
3971,Antonio Campbell,Silver,WI,2024-12-29,5,2.0,Active
4078,Marcus Fischer,Silver,GA,2024-12-29,11,2.0,Active
4269,Christopher Hernandez,Bronze,TN,2024-12-29,8,2.0,Active
4422,Richard Bowers,Bronze,NY,2024-12-29,8,2.0,Active
4435,Andre Warren,Bronze,NY,2024-12-29,10,2.0,Active
4932,Nancy Brown,Bronze,FL,2024-12-29,9,2.0,Active
5000,Julie Beard,Bronze,MD,2024-12-29,13,2.0,Active
5435,David Gonzalez,Bronze,FL,2024-12-29,8,2.0,Active
5437,Philip Schmitt,Bronze,TN,2024-12-29,8,2.0,Active
5455,Brianna Mitchell,Silver,CA,2024-12-29,11,2.0,Active
5518,Daniel Clark,Gold,IN,2024-12-29,9,2.0,Active
5688,Cynthia Smith,Silver,CA,2024-12-29,8,2.0,Active
5801,Calvin Adams,Silver,AZ,2024-12-29,8,2.0,Active
5802,John Bautista,Bronze,FL,2024-12-29,9,2.0,Active
5809,Leah Gibson,Bronze,VA,2024-12-29,8,2.0,Active
5960,Mario Skinner,Silver,VA,2024-12-29,10,2.0,Active
6100,Michelle Smith,Bronze,NC,2024-12-29,8,2.0,Active
6245,Ashley Dominguez,Bronze,WA,2024-12-29,7,2.0,Active
6495,Patricia Santiago,Platinum,NC,2024-12-29,6,2.0,Active
6653,Christina Harrington,Silver,WI,2024-12-29,10,2.0,Active
6996,Joseph Jones,Bronze,FL,2024-12-29,10,2.0,Active
7383,Karen West,Silver,IN,2024-12-29,9,2.0,Active
7483,Brittany Lee,Platinum,CA,2024-12-29,4,2.0,Active
7739,David Kennedy,Bronze,NJ,2024-12-29,6,2.0,Active
7854,Emily Ellison,Bronze,AZ,2024-12-29,5,2.0,Active
8342,Stephanie Weber,Silver,TX,2024-12-29,9,2.0,Active
8636,Andrew Morales,Bronze,CA,2024-12-29,8,2.0,Active
8751,Christopher Weber,Silver,NJ,2024-12-29,11,2.0,Active
8808,Angela Robinson,Bronze,MA,2024-12-29,8,2.0,Active
8811,Amanda French,Bronze,OH,2024-12-29,5,2.0,Active
8860,Matthew Casey,Bronze,CA,2024-12-29,11,2.0,Active
9020,Hunter Johnson,Bronze,OH,2024-12-29,5,2.0,Active
9065,Daniel Bryant,Bronze,TN,2024-12-29,12,2.0,Active
9200,Melissa Cunningham,Bronze,NJ,2024-12-29,11,2.0,Active
9556,Katherine Osborne,Bronze,WI,2024-12-29,8,2.0,Active
184,Julie Skinner,Bronze,MO,2024-12-30,7,1.0,Active
185,James Weaver,Bronze,TX,2024-12-30,9,1.0,Active
418,Carolyn Thomas,Gold,PA,2024-12-30,4,1.0,Active
559,Erika Evans,Gold,NY,2024-12-30,9,1.0,Active
652,Bryan Snyder,Platinum,WI,2024-12-30,9,1.0,Active
699,Carl Wiggins,Gold,NJ,2024-12-30,9,1.0,Active
807,Stanley Mcdowell,Bronze,MI,2024-12-30,10,1.0,Active
860,Abigail Dougherty,Silver,MD,2024-12-30,11,1.0,Active
952,Robin Gaines,Silver,VA,2024-12-30,6,1.0,Active
1295,Veronica Phillips,Bronze,WA,2024-12-30,8,1.0,Active
1993,Renee Williams,Bronze,MD,2024-12-30,9,1.0,Active
2062,Jason Randolph,Silver,MA,2024-12-30,5,1.0,Active
2066,Kaitlyn Ray,Bronze,NJ,2024-12-30,16,1.0,Active
2543,Kyle Bradley,Gold,IL,2024-12-30,10,1.0,Active
2572,Michael Cohen,Bronze,IN,2024-12-30,7,1.0,Active
2597,William Jensen,Gold,NJ,2024-12-30,9,1.0,Active
2669,Caleb Harris,Silver,TX,2024-12-30,7,1.0,Active
2719,Christopher Hudson,Bronze,CA,2024-12-30,11,1.0,Active
2820,Jeffery Page,Platinum,IN,2024-12-30,13,1.0,Active
3189,Angela Williams,Silver,MD,2024-12-30,8,1.0,Active
3199,Denise Norris,Bronze,VA,2024-12-30,4,1.0,Active
3210,Joshua Mosley,Silver,VA,2024-12-30,8,1.0,Active
3289,Charles Mcclain,Bronze,NJ,2024-12-30,6,1.0,Active
3335,Casey Ibarra,Silver,OH,2024-12-30,14,1.0,Active
3629,Kyle Johnson,Bronze,WI,2024-12-30,14,1.0,Active
3665,Troy Ross,Platinum,AZ,2024-12-30,6,1.0,Active
3825,Michael Davis,Silver,MD,2024-12-30,11,1.0,Active
3859,Jessica Lamb,Platinum,TN,2024-12-30,9,1.0,Active
4244,Micheal Mclaughlin,Silver,CA,2024-12-30,10,1.0,Active
4271,Angela Sosa,Gold,TX,2024-12-30,7,1.0,Active
4277,Denise Collins,Silver,PA,2024-12-30,7,1.0,Active
4579,George Scott,Gold,IN,2024-12-30,9,1.0,Active
4732,Raymond Smith,Bronze,PA,2024-12-30,10,1.0,Active
5034,Meghan Howard,Silver,VA,2024-12-30,8,1.0,Active
5057,Janet Gray,Gold,GA,2024-12-30,10,1.0,Active
5517,Christopher May,Platinum,NY,2024-12-30,9,1.0,Active
6475,Katherine Wagner,Gold,MD,2024-12-30,8,1.0,Active
6498,Sandra Wagner,Bronze,OH,2024-12-30,9,1.0,Active
6598,Christopher Walsh,Gold,MD,2024-12-30,12,1.0,Active
6639,William Ross,Bronze,MA,2024-12-30,15,1.0,Active
6679,Sarah Scott,Bronze,PA,2024-12-30,4,1.0,Active
7155,Jenna Rocha,Silver,FL,2024-12-30,5,1.0,Active
7216,Jacqueline Jones,Silver,NC,2024-12-30,9,1.0,Active
7643,Michelle Smith,Platinum,VA,2024-12-30,7,1.0,Active
7857,Christina Black,Bronze,IL,2024-12-30,11,1.0,Active
7900,Hannah Kerr,Bronze,AZ,2024-12-30,8,1.0,Active
7956,Kim Aguirre,Bronze,NJ,2024-12-30,2,1.0,Active
8030,Kayla Barrera,Silver,CA,2024-12-30,4,1.0,Active
8334,Brandon Case,Gold,AZ,2024-12-30,12,1.0,Active
8429,Mathew Hall,Silver,MD,2024-12-30,7,1.0,Active
8484,Jesus Garcia,Gold,GA,2024-12-30,8,1.0,Active
8609,Tammy Johnson,Gold,GA,2024-12-30,8,1.0,Active
8924,Michael Smith,Bronze,TX,2024-12-30,6,1.0,Active
8979,Kelly Davis,Bronze,CA,2024-12-30,9,1.0,Active
8993,Anthony Calhoun,Bronze,MO,2024-12-30,9,1.0,Active
9123,Pamela Reynolds,Gold,MI,2024-12-30,8,1.0,Active
9125,Joshua Wilkins,Bronze,VA,2024-12-30,8,1.0,Active
9365,Carol Cannon,Bronze,NC,2024-12-30,14,1.0,Active
9448,Mariah Rodriguez,Gold,PA,2024-12-30,13,1.0,Active
9595,Jacqueline Kemp,Bronze,IN,2024-12-30,9,1.0,Active
9865,James Jennings,Bronze,MO,2024-12-30,5,1.0,Active
181,Jonathan Gonzalez,Silver,MA,2024-12-31,5,0.0,Active
328,Marisa Mclaughlin,Bronze,MD,2024-12-31,7,0.0,Active
988,Emily Martinez,Gold,IL,2024-12-31,10,0.0,Active
1027,Linda Miller,Bronze,IL,2024-12-31,6,0.0,Active
1250,Scott Navarro,Bronze,FL,2024-12-31,9,0.0,Active
1474,Brian Vance,Gold,WI,2024-12-31,7,0.0,Active
1475,Michael Reynolds,Silver,MD,2024-12-31,4,0.0,Active
1502,Mary Grimes,Bronze,NC,2024-12-31,8,0.0,Active
1867,Kathleen Cunningham,Silver,TN,2024-12-31,7,0.0,Active
1868,Kenneth Black,Platinum,NC,2024-12-31,11,0.0,Active
1981,Margaret Grant,Silver,NJ,2024-12-31,5,0.0,Active
2176,Ashley Acevedo,Silver,VA,2024-12-31,10,0.0,Active
2185,Marc Thomas,Bronze,IN,2024-12-31,6,0.0,Active
2199,Jesse Phillips,Bronze,MI,2024-12-31,12,0.0,Active
2238,Tanya Shea,Silver,MD,2024-12-31,5,0.0,Active
2408,Kyle Wilkerson,Platinum,NJ,2024-12-31,2,0.0,Active
2453,Christopher Bell,Silver,GA,2024-12-31,9,0.0,Active
2497,Jackie Davis,Bronze,TX,2024-12-31,5,0.0,Active
2763,Melinda Oneill,Silver,OH,2024-12-31,9,0.0,Active
3106,Sarah Fisher,Silver,IL,2024-12-31,6,0.0,Active
3159,Benjamin Anderson,Silver,CA,2024-12-31,11,0.0,Active
3404,Katie Reed,Bronze,MA,2024-12-31,11,0.0,Active
3532,Megan Green,Bronze,PA,2024-12-31,9,0.0,Active
3816,Timothy Jacobs,Platinum,MO,2024-12-31,7,0.0,Active
4016,Rachel Johnson,Bronze,PA,2024-12-31,8,0.0,Active
4323,Laura Torres,Silver,OH,2024-12-31,6,0.0,Active
4615,Samuel Quinn,Silver,WI,2024-12-31,7,0.0,Active
4645,Michelle Peterson,Silver,IN,2024-12-31,9,0.0,Active
4821,Joseph Thompson,Gold,AZ,2024-12-31,6,0.0,Active
5340,Catherine Brown,Bronze,IL,2024-12-31,8,0.0,Active
5509,Kimberly Thompson,Gold,MA,2024-12-31,11,0.0,Active
5635,Daniel Williams,Bronze,CA,2024-12-31,7,0.0,Active
5685,Sarah Roberts,Silver,IL,2024-12-31,10,0.0,Active
5737,Emily Sims,Gold,NJ,2024-12-31,6,0.0,Active
5846,Matthew Walters,Gold,TN,2024-12-31,11,0.0,Active
6941,Jason Henry,Bronze,IN,2024-12-31,9,0.0,Active
6985,Theresa Coleman,Bronze,CA,2024-12-31,6,0.0,Active
7069,Samuel Nielsen,Bronze,TX,2024-12-31,4,0.0,Active
7090,Don Arnold,Platinum,CA,2024-12-31,5,0.0,Active
7112,James Banks,Gold,VA,2024-12-31,12,0.0,Active
7569,Morgan Parker,Silver,GA,2024-12-31,12,0.0,Active
7919,John Marshall,Silver,NY,2024-12-31,6,0.0,Active
8026,Colleen Scott,Platinum,IL,2024-12-31,7,0.0,Active
8046,Miguel Hughes,Silver,IL,2024-12-31,8,0.0,Active
8249,Katherine Bowers,Silver,TN,2024-12-31,8,0.0,Active
8350,Mark Stevens,Bronze,NJ,2024-12-31,10,0.0,Active
8734,Sally Benson,Gold,CA,2024-12-31,11,0.0,Active
8774,Autumn Smith,Bronze,IL,2024-12-31,9,0.0,Active
8904,Christian Stanley,Silver,NC,2024-12-31,7,0.0,Active
8920,Thomas Morales,Silver,WA,2024-12-31,6,0.0,Active
9258,Patrick House,Gold,GA,2024-12-31,6,0.0,Active
9380,Jennifer Morris,Silver,TX,2024-12-31,12,0.0,Active
9415,Michael Foster,Gold,MD,2024-12-31,8,0.0,Active
9517,Anthony Wright,Silver,NY,2024-12-31,7,0.0,Active
9902,Spencer Hays,Bronze,MD,2024-12-31,4,0.0,Active
9947,Jennifer Ware,Bronze,MI,2024-12-31,10,0.0,Active
9175,David Stuart,Gold,MA,,1,,Active
