return_id,order_id,product_id,return_date,reason,refund_amount,status
1,20966,33,2024-12-20,Changed Mind,788.27,Approved
2,94226,122,2024-04-10,Wrong Item,52.56,Completed
3,84322,499,2024-01-29,Sizing Issue,414.93,Completed
4,56282,235,2024-07-23,Unknown,211.75,Pending
5,17792,162,2023-09-12,Defective,739.98,Rejected
6,71978,363,2024-01-15,Wrong Item,41.72,Completed
7,18976,376,2022-08-04,Better Price Found,453.36,Approved
8,61416,161,2024-11-28,Damaged in Transit,425.99,Pending
9,77212,458,2022-08-04,Not As Described,79.86,Approved
10,31944,325,2024-02-14,Defective,278.99,Approved
11,35980,487,2024-02-09,Better Price Found,377.53,Pending
12,94439,133,2022-06-14,Other,430.85,Approved
13,10050,227,2022-03-05,Wrong Item,759.39,Pending
14,73332,481,2022-12-02,Changed Mind,769.21,Completed
15,51259,319,2022-11-14,Sizing Issue,27.9,Approved
17,85296,233,2023-06-01,Changed Mind,165.03,Pending
18,90604,71,2022-12-11,Changed Mind,489.6,Completed
19,6611,105,2024-08-22,Not As Described,510.23,Rejected
20,46426,372,2023-07-21,Changed Mind,106.26,Approved
21,73761,392,2023-10-10,Unknown,232.34,Approved
22,91431,16,2024-06-24,Other,692.41,Completed
23,85371,413,2022-10-23,Not As Described,232.25,Pending
24,7920,401,2024-12-23,Other,776.04,Completed
25,46360,162,2024-03-08,Defective,743.06,Approved
26,36307,194,2023-10-19,Damaged in Transit,399.1,Pending
27,42220,284,2022-03-12,Damaged in Transit,704.52,Rejected
28,13984,154,2022-07-21,Other,169.39,Approved
29,6707,14,2023-11-02,Defective,168.92,Pending
30,51359,250,2022-07-19,Unknown,682.73,Approved
31,69926,315,2022-02-16,Damaged in Transit,310.43,Rejected
32,46486,442,2024-08-20,Better Price Found,67.99,Completed
33,97800,227,2022-09-18,Defective,643.65,Completed
34,54497,110,2023-10-30,Other,50.3,Approved
35,47132,491,2024-11-12,Other,242.22,Pending
36,49161,343,2024-12-14,Better Price Found,40.8,Approved
37,77171,390,2024-04-04,Wrong Item,29.94,Completed
38,63807,365,2022-03-17,Not As Described,571.0,Approved
39,75689,320,2023-06-14,Wrong Item,692.31,Rejected
40,85817,195,2022-05-16,Not As Described,630.35,Approved
41,10645,418,2022-03-06,Wrong Item,571.29,Approved
42,73020,320,,Defective,52.89,Pending
43,2288,231,2024-02-02,Changed Mind,251.52,Completed
44,78175,420,2022-11-16,Better Price Found,652.13,Approved
45,17560,349,2023-02-06,Changed Mind,754.16,Rejected
46,24843,384,2022-10-19,Defective,117.82,Approved
47,1759,296,2024-01-28,Other,624.89,Pending
48,91093,252,2023-04-02,Defective,459.0,Completed
49,24488,93,2023-11-14,Wrong Item,128.91,Approved
50,43535,378,,Sizing Issue,612.94,Approved
51,39714,489,2023-02-05,Damaged in Transit,441.71,Approved
52,63782,298,2024-09-07,Defective,227.96,Approved
53,14643,36,2024-07-31,Changed Mind,682.41,Approved
54,883,78,2022-04-24,Not As Described,70.9,Approved
55,31738,326,2023-04-01,Other,540.04,Completed
56,39111,226,2023-09-06,Other,330.77,Approved
57,52472,266,2022-04-28,Wrong Item,752.35,Approved
58,31411,185,2023-02-05,Other,517.35,Approved
59,93764,408,2022-10-09,Better Price Found,1192.18125,Approved
60,94500,234,2023-05-28,Other,721.92,Approved
61,71424,115,2024-09-15,Wrong Item,424.41,Approved
62,79258,26,2023-09-25,Other,637.89,Approved
63,88083,311,2023-06-27,Other,104.25,Approved
64,57987,379,,Wrong Item,514.02,Approved
65,86373,139,2022-06-26,Sizing Issue,490.28,Approved
66,66035,492,2022-05-03,Defective,631.34,Approved
67,90030,285,2022-02-22,Better Price Found,160.39,Completed
68,36066,212,2024-05-10,Other,674.11,Pending
69,73440,97,2022-07-17,Damaged in Transit,301.43,Pending
70,52106,451,2022-10-19,Damaged in Transit,79.58,Approved
71,12615,441,2024-01-23,Other,451.76,Rejected
72,90059,368,2022-06-16,Changed Mind,465.4,Pending
73,17557,55,2024-11-13,Wrong Item,64.24,Approved
74,16340,441,2024-03-03,Not As Described,767.13,Pending
75,88035,444,2024-03-25,Not As Described,352.21,Rejected
76,98542,308,2024-10-06,Not As Described,570.71,Approved
77,74954,212,2023-07-23,Better Price Found,286.14,Approved
78,8716,89,2022-09-17,Not As Described,708.34,Completed
79,44407,307,2022-12-09,Better Price Found,459.52,Approved
80,84036,26,2022-11-01,Damaged in Transit,131.77,Pending
81,27007,32,2022-08-03,Changed Mind,736.02,Pending
82,85531,165,2023-10-31,Sizing Issue,747.16,Pending
83,91683,337,2023-04-19,Other,771.79,Completed
84,46245,187,2024-04-10,Damaged in Transit,272.03,Approved
85,16519,256,2024-10-20,Better Price Found,11.37,Approved
86,18851,248,2024-02-06,Changed Mind,448.33,Pending
87,56093,275,2022-09-06,Sizing Issue,322.19,Approved
88,79263,262,2023-07-21,Defective,451.06,Pending
89,41995,434,2024-07-23,Defective,738.75,Pending
90,38784,79,2023-05-25,Defective,705.75,Pending
91,3556,406,2024-11-26,Better Price Found,707.34,Approved
92,58248,358,2024-08-19,Other,207.41,Approved
93,56432,455,2022-09-25,Better Price Found,710.83,Rejected
94,19587,496,2022-05-09,Unknown,350.55,Completed
95,50467,470,2024-09-09,Damaged in Transit,560.04,Completed
96,37286,174,2023-05-25,Changed Mind,498.3,Pending
97,98155,406,2024-06-09,Wrong Item,703.26,Approved
98,25619,166,2024-01-19,Sizing Issue,165.45,Completed
99,15567,276,2022-02-02,Changed Mind,708.5,Completed
100,48663,19,2023-06-28,Not As Described,413.54,Approved
101,2740,443,2024-02-28,Not As Described,501.73,Approved
102,49236,299,,Unknown,450.0,Approved
103,84465,365,2024-12-07,Damaged in Transit,604.13,Pending
104,48490,139,2022-09-18,Not As Described,520.32,Rejected
105,96639,316,2023-06-07,Defective,408.82,Approved
106,69177,128,2023-07-16,Other,311.49,Rejected
107,69569,164,2022-03-05,Not As Described,329.04,Approved
108,27681,188,2023-11-14,Damaged in Transit,193.14,Completed
109,63882,374,2024-09-20,Not As Described,491.59,Pending
110,21763,163,2024-03-13,Wrong Item,793.18,Approved
111,89742,466,2024-03-04,Wrong Item,287.32,Pending
112,71628,290,2023-11-02,Sizing Issue,424.02,Pending
113,50106,478,2023-06-22,Damaged in Transit,17.81,Pending
114,74974,217,2023-01-07,Better Price Found,527.53,Rejected
115,78562,391,2023-11-06,Sizing Issue,520.09,Pending
116,99312,255,2024-01-06,Not As Described,259.75,Approved
117,10464,335,2023-02-24,Better Price Found,182.1,Approved
118,90131,259,2024-03-15,Defective,778.76,Pending
119,62190,481,2023-08-17,Defective,676.08,Completed
120,96736,145,2023-04-05,Changed Mind,206.12,Approved
121,32563,446,2024-12-28,Sizing Issue,738.07,Approved
122,8692,116,2023-03-06,Damaged in Transit,569.68,Pending
123,8756,106,2022-08-13,Changed Mind,348.23,Approved
124,94183,319,2024-06-19,Wrong Item,600.27,Approved
125,689,113,2023-10-07,Sizing Issue,406.71,Completed
126,82612,494,2022-06-18,Not As Described,351.73,Completed
127,34536,93,2023-03-05,Damaged in Transit,632.91,Approved
128,70356,47,2023-07-17,Damaged in Transit,263.82,Approved
129,32646,348,2022-03-31,Wrong Item,265.88,Rejected
130,32061,215,2022-07-19,Defective,731.95,Pending
131,4051,417,2023-11-16,Wrong Item,404.64,Approved
132,58417,373,2023-03-07,Better Price Found,448.57,Approved
133,76664,440,2022-07-19,Better Price Found,542.78,Approved
134,15825,306,2022-02-23,Better Price Found,304.13,Approved
135,54425,344,2024-12-06,Not As Described,487.0,Completed
137,48887,114,2024-07-12,Not As Described,701.53,Completed
138,4427,474,2024-09-10,Unknown,213.09,Approved
139,75480,414,2023-08-18,Better Price Found,734.7,Pending
140,56200,253,2023-10-25,Other,736.46,Approved
141,40289,460,2022-12-02,Defective,757.38,Approved
142,26430,443,2022-05-22,Changed Mind,774.61,Completed
143,31801,476,2023-02-19,Sizing Issue,711.07,Approved
144,85190,466,2024-04-15,Unknown,170.88,Approved
145,26127,344,2023-01-16,Defective,594.73,Completed
146,64564,403,2022-07-23,Other,478.38,Approved
147,28702,32,2023-04-19,Defective,78.1,Approved
148,4500,484,2022-11-09,Defective,429.17,Approved
149,84553,225,2022-08-30,Better Price Found,610.54,Completed
150,95813,385,2024-04-16,Changed Mind,348.29,Approved
151,3051,151,2024-06-15,Other,288.42,Pending
152,99561,116,2022-09-08,Wrong Item,723.57,Approved
153,87987,86,2024-06-03,Other,644.52,Completed
154,85544,360,2023-10-26,Better Price Found,168.33,Approved
155,12404,99,2024-04-03,Not As Described,766.69,Pending
156,9725,347,2022-02-26,Other,54.6,Approved
157,81122,226,2023-11-03,Other,435.59,Rejected
158,44842,166,2024-04-10,Not As Described,557.36,Pending
159,78662,472,2023-01-21,Other,221.22,Approved
160,47569,266,2024-03-06,Changed Mind,185.18,Completed
161,18041,171,2022-03-09,Damaged in Transit,5.6,Approved
162,56294,153,2023-10-06,Better Price Found,258.39,Approved
163,15261,111,2024-02-08,Not As Described,385.81,Approved
164,74768,335,2023-08-02,Wrong Item,481.91,Approved
165,23303,131,2024-02-23,Other,442.11,Completed
166,96218,430,2023-10-04,Changed Mind,54.93,Approved
167,38032,246,2022-09-12,Sizing Issue,648.43,Rejected
168,22710,142,2024-11-12,Other,466.74,Completed
169,87841,204,2023-06-25,Better Price Found,538.32,Completed
170,68734,199,2023-10-25,Damaged in Transit,27.95,Approved
171,7298,302,2024-08-21,Not As Described,338.59,Approved
172,48368,271,2024-06-07,Unknown,571.8,Approved
173,76923,137,2023-05-29,Better Price Found,147.54,Completed
174,7587,242,2022-08-29,Unknown,355.77,Pending
175,26465,282,2023-08-16,Damaged in Transit,596.5,Completed
176,78,219,2024-07-31,Sizing Issue,406.57,Approved
177,98001,116,2022-12-10,Other,564.02,Approved
178,34217,400,2023-05-02,Other,663.34,Pending
179,55877,31,2024-10-19,Damaged in Transit,260.54,Approved
180,68892,160,2022-04-03,Other,626.87,Pending
181,32744,379,2024-04-17,Not As Described,237.96,Approved
182,96929,71,2022-10-24,Wrong Item,143.56,Approved
183,90967,21,2024-11-04,Sizing Issue,480.6,Pending
184,27359,210,2024-07-22,Unknown,710.68,Completed
185,15020,105,2024-10-04,Wrong Item,217.95,Approved
186,69959,287,2022-11-26,Unknown,259.54,Completed
187,41484,303,2022-11-16,Changed Mind,734.37,Approved
189,12384,222,2023-06-09,Defective,91.99,Approved
190,76050,416,2023-12-09,Unknown,726.54,Pending
191,77546,194,2022-09-10,Not As Described,731.35,Completed
192,35684,78,2024-09-17,Changed Mind,182.31,Completed
193,57348,103,2024-03-21,Sizing Issue,247.56,Approved
194,23642,483,2023-03-22,Not As Described,420.12,Approved
195,95431,101,2022-07-03,Wrong Item,785.34,Approved
196,71380,110,2022-11-06,Damaged in Transit,251.19,Approved
197,16422,222,2022-11-28,Wrong Item,262.6,Approved
198,7165,321,2023-06-21,Unknown,213.25,Approved
199,4059,426,2024-10-02,Wrong Item,336.43,Approved
200,54342,213,2023-10-28,Wrong Item,42.4,Completed
201,46853,80,2024-08-16,Wrong Item,194.85,Pending
202,87035,47,2023-02-13,Defective,291.93,Completed
203,69573,222,2024-03-07,Damaged in Transit,739.27,Approved
204,51141,177,2022-11-12,Defective,718.4,Approved
205,92980,373,2023-03-05,Sizing Issue,439.96,Approved
206,82610,61,2023-05-22,Better Price Found,309.31,Approved
207,20949,86,2023-10-31,Better Price Found,529.91,Approved
208,17029,122,2024-03-02,Damaged in Transit,379.49,Pending
209,50451,366,2023-03-14,Unknown,794.7,Completed
210,25554,317,2024-06-05,Damaged in Transit,113.42,Rejected
211,49889,140,2023-10-17,Sizing Issue,600.2,Pending
212,18042,283,2023-04-13,Changed Mind,522.71,Pending
213,99448,472,2024-08-14,Unknown,515.35,Approved
214,7963,396,2024-12-26,Defective,415.66,Completed
215,20554,422,2022-08-08,Sizing Issue,737.62,Completed
216,98268,384,2024-02-11,Changed Mind,191.84,Rejected
217,82616,233,2024-12-05,Unknown,437.53,Completed
218,30257,211,2023-10-12,Damaged in Transit,541.69,Approved
219,44646,31,2023-08-05,Not As Described,430.42,Approved
220,84615,177,2024-08-29,Changed Mind,651.42,Rejected
221,1886,276,,Unknown,611.64,Completed
222,65773,167,2024-04-01,Other,25.8,Completed
223,45338,243,2023-11-21,Defective,750.87,Completed
224,98251,355,2023-01-17,Defective,390.39,Completed
225,14758,479,2024-05-02,Sizing Issue,514.63,Approved
226,23566,98,2022-05-01,Sizing Issue,394.88,Completed
227,23160,161,2024-06-09,Defective,494.85,Pending
228,50971,296,2022-12-14,Sizing Issue,598.01,Approved
229,6772,319,2024-10-14,Not As Described,557.93,Approved
230,3616,196,2022-04-30,Wrong Item,718.68,Approved
231,73757,328,2024-12-20,Sizing Issue,311.22,Pending
232,71468,108,2023-09-26,Unknown,537.56,Pending
233,50697,426,2023-02-05,Defective,282.23,Completed
234,8086,500,2023-08-22,Other,53.94,Pending
235,45364,443,2024-06-24,Better Price Found,229.76,Approved
236,97323,13,2023-11-01,Unknown,264.41,Pending
237,63693,158,2024-11-06,Damaged in Transit,80.58,Approved
238,78307,256,2023-02-15,Changed Mind,173.48,Completed
239,26321,358,2022-05-11,Changed Mind,497.42,Completed
240,99991,115,2024-07-21,Not As Described,734.51,Pending
241,18168,98,2024-04-13,Damaged in Transit,37.29,Completed
242,5755,107,2022-04-15,Not As Described,413.98,Approved
243,34285,455,2023-07-17,Unknown,658.89,Approved
244,86508,281,2024-12-14,Not As Described,341.29,Approved
245,13377,101,2024-04-13,Changed Mind,494.56,Approved
246,90551,462,2022-12-20,Unknown,371.16,Completed
247,30270,320,2024-03-22,Changed Mind,715.35,Completed
248,26391,337,2024-02-19,Better Price Found,481.07,Approved
249,99895,489,2023-09-09,Not As Described,523.45,Completed
250,23750,456,2022-07-20,Damaged in Transit,333.47,Approved
251,45112,102,2024-08-06,Wrong Item,83.9,Completed
252,65519,364,2022-03-27,Not As Described,457.5,Pending
253,52646,272,2024-09-22,Sizing Issue,789.24,Pending
254,59710,310,2022-08-08,Defective,484.28,Completed
255,61684,23,2022-07-22,Defective,649.33,Approved
256,45021,147,2023-01-10,Sizing Issue,742.69,Approved
257,73109,245,2024-06-24,Other,642.75,Pending
258,38928,385,2022-03-22,Damaged in Transit,635.63,Pending
259,54600,199,2024-10-02,Unknown,20.43,Completed
260,17879,14,2023-06-05,Damaged in Transit,300.88,Approved
261,60969,59,2022-05-24,Other,202.9,Completed
262,65517,273,2023-02-19,Defective,48.3,Approved
263,66442,4,2023-11-21,Not As Described,617.39,Approved
264,79069,149,2023-04-05,Not As Described,232.09,Completed
265,69778,135,2024-12-19,Defective,550.51,Approved
266,69812,266,2024-11-25,Wrong Item,653.42,Approved
267,74993,422,2023-12-29,Wrong Item,148.55,Approved
268,91373,86,2023-11-04,Sizing Issue,424.4,Approved
269,67061,322,2022-08-03,Not As Described,636.79,Approved
270,50458,168,2022-09-27,Changed Mind,152.34,Pending
271,82436,35,2022-05-02,Wrong Item,121.35,Approved
272,74407,242,2022-06-26,Better Price Found,393.12,Approved
273,93686,112,2023-06-06,Wrong Item,287.74,Approved
274,40784,113,2024-11-23,Wrong Item,127.27,Approved
275,51511,88,2023-11-07,Not As Described,186.61,Approved
276,76453,139,2023-01-12,Other,564.0,Pending
277,38175,141,2022-06-27,Damaged in Transit,366.12,Completed
278,45327,405,2023-08-05,Unknown,391.93,Completed
279,48130,47,2024-03-07,Sizing Issue,516.17,Approved
280,41204,369,2024-09-25,Defective,84.02,Approved
281,14290,339,2022-10-07,Changed Mind,356.46,Completed
282,14976,118,2023-04-01,Wrong Item,636.63,Rejected
283,33630,211,2023-06-03,Not As Described,750.79,Approved
284,86018,196,2023-04-15,Wrong Item,56.67,Completed
285,65284,246,2023-08-12,Defective,87.88,Rejected
286,76729,125,2023-03-19,Better Price Found,430.5,Approved
287,84881,479,2022-11-23,Wrong Item,775.41,Approved
288,33774,183,2022-09-26,Damaged in Transit,735.27,Rejected
289,59868,280,2022-07-18,Not As Described,629.9,Pending
290,957,35,2024-01-28,Sizing Issue,398.51,Rejected
291,71933,361,2024-03-06,Changed Mind,149.58,Pending
293,41142,348,2023-08-24,Not As Described,588.35,Rejected
294,63753,246,2022-04-10,Damaged in Transit,451.39,Completed
295,47275,142,2023-05-22,Damaged in Transit,328.88,Approved
296,92504,366,2024-10-08,Other,495.0,Pending
297,56616,66,2023-04-28,Unknown,469.06,Pending
298,20939,228,2022-04-22,Sizing Issue,491.65,Pending
299,73872,173,,Unknown,695.38,Completed
300,19173,106,2022-08-16,Other,319.51,Completed
301,2778,196,2022-02-04,Better Price Found,243.74,Rejected
302,43918,142,2024-11-25,Damaged in Transit,429.58,Completed
303,26562,155,2022-04-04,Other,749.81,Completed
304,74844,462,2024-01-20,Wrong Item,768.6,Completed
305,97524,61,2022-05-30,Wrong Item,691.59,Pending
306,16766,10,2023-10-13,Defective,776.79,Approved
307,28557,98,2023-02-27,Damaged in Transit,76.11,Approved
308,30284,346,2024-05-05,Sizing Issue,740.97,Completed
309,29052,127,2022-07-15,Not As Described,297.7,Completed
310,66719,72,2024-01-25,Not As Described,361.6,Pending
311,2384,61,2023-02-20,Unknown,250.56,Completed
312,13656,254,2022-04-25,Other,147.82,Rejected
313,26867,330,2024-03-31,Unknown,306.23,Completed
314,9175,142,2024-11-05,Changed Mind,222.22,Pending
315,50216,201,2024-06-02,Not As Described,170.18,Approved
316,949,392,2023-10-28,Unknown,85.07,Approved
317,56216,83,2022-06-17,Damaged in Transit,370.38,Pending
318,51078,88,2024-07-26,Not As Described,398.9,Pending
319,76819,481,2023-11-08,Unknown,525.29,Approved
320,75808,73,2022-10-24,Unknown,380.69,Rejected
321,63743,495,2024-08-25,Better Price Found,692.59,Pending
322,30569,401,2024-08-01,Changed Mind,280.17,Approved
323,92436,415,2023-12-28,Other,659.92,Pending
324,92731,433,2024-03-27,Unknown,605.34,Completed
325,38017,203,2023-01-20,Sizing Issue,334.13,Completed
326,49521,261,2022-08-31,Other,258.73,Pending
327,13774,498,2022-03-27,Better Price Found,277.08,Pending
328,25430,470,2022-05-02,Damaged in Transit,228.66,Approved
329,14162,285,2023-01-07,Not As Described,745.99,Pending
330,95717,237,2023-03-10,Sizing Issue,331.14,Rejected
331,42518,27,2024-02-16,Sizing Issue,312.76,Completed
332,18775,91,2023-05-04,Sizing Issue,189.73,Pending
333,67967,463,2024-10-12,Sizing Issue,473.74,Completed
334,79653,220,2024-03-04,Not As Described,729.37,Approved
335,87474,461,2022-05-13,Not As Described,442.62,Completed
336,20736,227,2024-04-14,Changed Mind,579.19,Approved
337,58578,470,2022-09-28,Other,574.56,Approved
338,55509,267,2023-04-21,Sizing Issue,587.21,Approved
339,2416,248,2022-06-10,Other,130.38,Rejected
340,16466,455,2023-01-05,Changed Mind,599.01,Approved
341,18093,339,2024-06-30,Better Price Found,85.96,Approved
342,70376,180,2024-12-23,Better Price Found,785.05,Approved
343,76234,55,2022-05-28,Wrong Item,642.54,Pending
345,3554,89,2024-04-15,Changed Mind,355.21,Approved
346,65718,442,2022-02-09,Better Price Found,130.22,Approved
347,66631,368,2022-04-15,Defective,390.21,Approved
348,49133,384,2023-10-17,Wrong Item,409.07,Pending
349,34765,360,2023-03-04,Wrong Item,610.41,Pending
350,61772,160,2024-08-25,Unknown,435.33,Approved
351,34748,291,2024-08-31,Wrong Item,508.43,Approved
352,70110,187,2022-07-20,Wrong Item,439.7,Approved
353,96424,358,2024-10-08,Better Price Found,355.41,Approved
354,48130,74,2024-12-12,Wrong Item,692.84,Approved
355,13617,463,2024-04-21,Other,584.07,Approved
356,13443,172,2024-06-05,Unknown,71.77,Approved
357,88250,5,2024-02-05,Sizing Issue,337.28,Approved
358,11890,166,2022-11-20,Not As Described,485.12,Approved
359,42952,187,2023-03-13,Wrong Item,609.62,Completed
360,7258,362,2022-10-02,Wrong Item,552.48,Completed
361,9198,379,2022-07-17,Sizing Issue,160.3,Approved
362,26174,378,2024-10-29,Not As Described,195.16,Pending
363,7,435,2024-11-28,Wrong Item,589.1,Pending
364,89494,381,2022-09-04,Sizing Issue,611.98,Pending
365,13503,271,2024-05-03,Wrong Item,237.99,Approved
366,56073,59,2022-09-05,Sizing Issue,25.4,Completed
367,80976,40,2023-01-29,Not As Described,310.13,Rejected
368,34151,97,2022-09-09,Better Price Found,287.55,Approved
369,9962,431,2023-06-15,Other,391.77,Completed
370,88409,51,2023-12-22,Wrong Item,355.74,Completed
371,58177,480,2022-04-30,Defective,750.83,Completed
372,82665,275,2023-11-07,Wrong Item,322.03,Completed
373,3711,487,2023-10-03,Wrong Item,660.13,Rejected
374,5075,267,2023-09-25,Damaged in Transit,643.89,Pending
375,69267,164,,Damaged in Transit,283.41,Approved
376,74182,235,2023-06-04,Other,286.34,Pending
377,69271,348,2022-11-05,Other,580.5,Approved
378,79668,382,2022-09-14,Unknown,490.66,Approved
379,86900,342,2024-10-16,Other,638.44,Rejected
380,82220,474,2024-07-03,Changed Mind,221.52,Rejected
381,67264,134,2022-05-20,Damaged in Transit,786.42,Pending
382,68466,112,2024-07-03,Damaged in Transit,341.79,Rejected
383,90154,487,2022-09-11,Defective,578.27,Approved
384,53323,142,2024-02-08,Sizing Issue,525.86,Pending
385,65869,248,,Defective,585.65,Rejected
386,21879,5,2023-12-21,Other,359.1,Approved
387,72805,71,2024-03-09,Other,37.17,Completed
388,75808,47,2023-02-16,Defective,61.02,Approved
389,31487,456,2022-10-28,Other,179.8,Approved
390,4552,413,2022-04-27,Other,342.41,Approved
391,11994,238,2023-06-15,Changed Mind,147.9,Approved
392,32,275,2022-09-13,Not As Described,562.43,Approved
393,69455,228,2022-07-02,Better Price Found,500.62,Approved
394,98953,415,2023-12-01,Sizing Issue,145.92,Approved
395,22129,287,2024-11-08,Better Price Found,377.76,Pending
396,61719,348,2022-09-08,Changed Mind,503.53,Rejected
397,8132,101,2024-04-03,Sizing Issue,444.78,Completed
398,12221,139,2022-08-08,Defective,283.94,Pending
399,39263,390,2023-12-27,Not As Described,321.77,Approved
400,67412,308,2023-07-22,Not As Described,700.19,Approved
401,98089,370,2023-09-15,Not As Described,487.93,Pending
402,41264,94,2022-12-18,Damaged in Transit,149.84,Approved
403,93097,276,2022-02-12,Not As Described,547.51,Approved
404,79504,500,2024-06-24,Damaged in Transit,516.66,Rejected
405,16157,16,2022-09-25,Not As Described,258.71,Pending
406,94563,449,2022-10-26,Defective,302.78,Rejected
407,32824,237,2022-05-16,Better Price Found,177.91,Rejected
408,18475,259,2024-03-08,Other,27.63,Completed
409,80260,218,2022-06-05,Sizing Issue,725.0,Approved
410,43093,110,2022-06-22,Damaged in Transit,260.78,Pending
411,40147,150,2022-05-05,Better Price Found,542.79,Approved
412,68851,137,2022-06-20,Defective,82.05,Approved
413,98252,146,2023-08-11,Changed Mind,653.53,Approved
414,52125,251,,Better Price Found,647.3,Pending
415,18948,261,2023-12-02,Not As Described,611.56,Approved
416,94239,36,2023-07-15,Wrong Item,325.27,Completed
417,95544,128,2022-11-15,Not As Described,106.53,Approved
418,80215,459,2022-08-06,Not As Described,526.09,Approved
420,52889,431,2024-10-11,Unknown,279.74,Approved
421,99130,430,2024-03-15,Better Price Found,94.33,Rejected
422,82357,412,2022-04-06,Other,331.09,Rejected
423,84154,434,2023-09-02,Defective,210.34,Completed
424,58125,421,2023-09-24,Defective,365.52,Pending
425,26281,372,2023-11-17,Other,774.7,Approved
426,26597,360,2023-07-15,Wrong Item,366.55,Pending
427,46436,37,2023-06-02,Changed Mind,305.09,Approved
429,74213,223,2024-12-21,Damaged in Transit,257.81,Completed
430,32237,245,2024-04-16,Damaged in Transit,698.52,Approved
431,53317,147,2024-03-10,Defective,69.6,Approved
432,36232,403,2022-07-17,Wrong Item,1192.18125,Pending
433,42312,162,2022-03-31,Other,531.29,Approved
434,47490,233,2023-12-15,Damaged in Transit,293.68,Completed
435,79677,396,2024-08-02,Changed Mind,650.96,Approved
436,24228,189,2023-04-13,Changed Mind,167.08,Pending
437,3758,487,2023-03-06,Defective,661.56,Approved
438,4095,417,2024-05-29,Wrong Item,89.27,Approved
439,83922,334,2022-03-26,Other,406.32,Rejected
440,60951,37,2022-11-24,Other,588.08,Approved
441,1576,90,2023-10-02,Unknown,392.43,Approved
442,5338,352,2022-12-30,Better Price Found,633.5,Rejected
443,29405,370,2022-11-19,Defective,532.16,Completed
444,39054,263,2023-10-02,Sizing Issue,736.28,Pending
445,54133,421,2022-06-25,Not As Described,84.9,Approved
446,48993,200,2022-06-15,Unknown,526.97,Approved
447,71510,205,2023-05-18,Other,209.48,Completed
448,41431,390,2022-05-22,Sizing Issue,80.3,Completed
449,47004,442,2024-07-01,Damaged in Transit,431.38,Rejected
450,40260,181,2024-08-26,Better Price Found,262.78,Approved
451,35924,214,2022-06-19,Better Price Found,228.37,Approved
452,23043,462,2024-05-14,Wrong Item,397.47,Approved
453,32186,222,2023-09-25,Sizing Issue,223.25,Approved
454,66582,65,2022-12-24,Defective,796.26,Approved
455,74260,459,2023-11-12,Changed Mind,33.73,Rejected
456,45322,242,2024-11-22,Defective,178.81,Approved
457,13686,458,2022-06-04,Better Price Found,351.07,Completed
458,92554,287,2023-12-18,Other,595.53,Approved
459,54738,108,2022-05-19,Sizing Issue,133.55,Approved
460,83490,59,2024-05-09,Better Price Found,221.43,Approved
461,55046,206,2024-02-13,Sizing Issue,672.49,Approved
462,60392,16,2023-12-19,Other,23.07,Completed
463,70195,47,2023-07-18,Better Price Found,168.23,Completed
464,98198,377,2022-03-11,Better Price Found,622.74,Pending
465,41457,219,2023-02-19,Other,578.27,Approved
466,62804,291,2023-03-21,Not As Described,668.23,Rejected
467,8212,309,2022-03-28,Sizing Issue,512.27,Approved
468,15935,88,2023-04-04,Changed Mind,649.81,Completed
469,85488,11,2024-05-30,Better Price Found,355.89,Rejected
470,29699,144,2023-01-15,Not As Described,578.14,Completed
471,36708,252,2022-07-11,Not As Described,759.86,Pending
472,40902,42,2024-05-01,Wrong Item,751.63,Rejected
473,50040,74,2024-12-09,Wrong Item,404.87,Pending
474,17353,427,2023-07-13,Not As Described,337.4,Completed
475,71116,406,2024-04-18,Changed Mind,572.32,Pending
476,13513,221,2024-07-14,Wrong Item,258.99,Rejected
477,22289,120,2024-12-10,Other,493.97,Rejected
478,13235,84,2022-06-29,Wrong Item,406.57,Approved
479,44570,411,2024-07-01,Changed Mind,571.32,Approved
480,34756,380,2024-08-16,Defective,650.0,Completed
481,5750,173,2024-10-27,Changed Mind,168.91,Completed
482,14526,281,2023-04-13,Other,696.8,Pending
483,91944,349,2022-03-02,Defective,737.83,Approved
484,24363,372,2023-09-18,Wrong Item,758.56,Pending
485,34159,467,2022-06-14,Damaged in Transit,262.56,Rejected
486,92788,248,2023-06-02,Changed Mind,176.02,Rejected
487,12712,236,2023-09-02,Wrong Item,511.15,Completed
488,84222,59,2022-05-05,Better Price Found,400.8,Approved
489,42830,449,2024-04-16,Damaged in Transit,130.51,Approved
490,81947,383,2023-08-18,Not As Described,328.01,Approved
491,96857,386,2024-08-26,Not As Described,601.92,Completed
492,55753,347,2022-11-13,Unknown,674.09,Rejected
493,87652,87,2022-11-27,Other,407.09,Approved
494,54869,219,2024-10-17,Better Price Found,777.91,Completed
495,39736,485,2022-05-10,Changed Mind,517.4,Approved
496,82501,41,2022-09-04,Sizing Issue,270.25,Completed
497,50462,426,2022-10-15,Wrong Item,492.1,Pending
498,84554,345,2022-05-21,Defective,169.03,Rejected
499,55988,46,2023-09-06,Wrong Item,1192.18125,Pending
500,22793,338,2023-09-29,Sizing Issue,195.96,Completed
501,24693,53,2023-09-03,Sizing Issue,235.52,Completed
502,25594,237,2024-08-30,Not As Described,767.56,Rejected
503,30414,467,2023-10-01,Not As Described,449.28,Approved
504,22669,103,2024-08-10,Better Price Found,764.37,Rejected
505,57549,382,2024-01-01,Wrong Item,506.56,Completed
506,58291,137,2022-11-08,Other,106.58,Completed
507,45858,131,2023-09-30,Sizing Issue,698.34,Approved
508,60459,297,2024-01-17,Wrong Item,216.13,Approved
509,31012,374,2023-07-16,Better Price Found,673.18,Pending
510,28807,193,2023-11-06,Not As Described,185.95,Rejected
511,17854,359,2022-09-11,Other,173.72,Pending
512,97551,292,2022-09-20,Better Price Found,434.88,Completed
513,22274,215,2023-09-19,Sizing Issue,188.08,Rejected
514,83927,441,2024-08-13,Better Price Found,550.62,Approved
515,91803,221,2023-09-28,Sizing Issue,742.24,Approved
516,32118,132,2023-06-11,Damaged in Transit,770.61,Approved
517,31634,307,2024-03-23,Sizing Issue,137.59,Approved
518,89298,331,2023-09-07,Defective,159.52,Completed
519,30279,94,2023-11-13,Changed Mind,140.71,Pending
520,4414,414,,Other,341.66,Approved
521,289,96,2024-12-12,Sizing Issue,167.8,Rejected
522,64868,310,2023-07-09,Better Price Found,379.7,Approved
523,76655,448,2023-08-25,Other,496.14,Approved
524,587,324,2022-02-09,Sizing Issue,427.24,Approved
525,59341,11,2022-09-15,Changed Mind,135.13,Completed
526,87779,320,2024-07-24,Wrong Item,124.47,Approved
528,63085,23,2023-04-28,Sizing Issue,408.85,Approved
529,57301,422,2022-04-11,Wrong Item,760.71,Approved
530,21697,165,2024-05-27,Sizing Issue,500.76,Completed
531,86157,496,2024-04-20,Defective,509.91,Approved
532,2776,123,2023-01-24,Wrong Item,416.97,Approved
533,16334,35,2024-09-13,Sizing Issue,20.88,Pending
534,1707,12,2022-04-23,Defective,17.62,Approved
535,17715,493,2024-08-21,Changed Mind,126.97,Approved
536,57651,450,2022-02-24,Sizing Issue,557.58,Rejected
537,28476,334,2023-10-03,Unknown,737.43,Pending
538,17249,194,2022-08-13,Damaged in Transit,638.02,Pending
539,242,249,2022-08-30,Other,395.5,Approved
540,57873,484,2023-10-21,Defective,332.29,Completed
541,31067,156,2024-04-15,Changed Mind,96.34,Approved
542,86831,345,2022-06-23,Wrong Item,575.82,Pending
543,36848,418,2023-06-21,Damaged in Transit,601.63,Approved
544,27278,31,2024-03-01,Other,115.78,Rejected
545,30679,148,2024-12-24,Wrong Item,456.54,Pending
546,77054,441,2024-06-28,Other,108.88,Pending
547,73069,16,2023-04-29,Not As Described,691.85,Rejected
548,31905,482,2023-10-24,Wrong Item,731.93,Approved
549,30603,462,2022-06-04,Defective,779.66,Approved
550,58488,165,2024-05-28,Sizing Issue,330.77,Completed
551,83494,14,2022-06-14,Sizing Issue,739.37,Approved
552,67087,89,2024-10-05,Other,462.22,Approved
553,64610,475,2022-11-04,Not As Described,502.24,Pending
554,455,205,2022-02-09,Defective,166.65,Approved
555,61051,21,2024-11-03,Changed Mind,122.71,Completed
556,5490,484,2022-02-01,Other,71.59,Pending
557,91764,399,2024-03-04,Not As Described,30.67,Approved
558,80435,86,2023-01-13,Changed Mind,31.94,Approved
559,48899,466,2022-02-13,Sizing Issue,46.06,Approved
560,6651,119,2022-02-17,Damaged in Transit,506.38,Approved
561,79257,337,2024-05-14,Other,222.18,Rejected
562,84561,109,2022-07-01,Defective,75.98,Approved
563,84800,230,2024-12-30,Damaged in Transit,249.01,Pending
564,74353,25,2022-04-27,Not As Described,534.29,Approved
565,85400,156,2024-10-06,Better Price Found,162.06,Approved
566,5125,363,2023-04-21,Better Price Found,197.76,Pending
567,54032,224,2024-08-10,Other,251.84,Approved
568,58161,156,2024-04-11,Damaged in Transit,49.23,Pending
569,34582,251,2022-05-26,Damaged in Transit,456.74,Completed
570,13730,497,2024-10-19,Unknown,245.01,Pending
572,63624,275,2023-03-09,Not As Described,489.89,Approved
573,6747,443,2023-12-05,Defective,161.77,Completed
574,75984,131,2024-06-07,Damaged in Transit,304.34,Completed
575,86376,362,2022-04-13,Changed Mind,237.69,Completed
576,90197,227,2022-08-10,Changed Mind,123.87,Approved
577,85841,412,2024-10-26,Wrong Item,764.99,Pending
578,91040,14,2023-10-07,Better Price Found,789.54,Completed
579,51540,7,2022-05-13,Damaged in Transit,463.94,Completed
580,66411,7,2023-07-23,Changed Mind,276.02,Approved
581,22392,338,2024-07-12,Other,609.52,Approved
582,62226,261,2022-07-27,Changed Mind,166.72,Pending
583,81923,357,2023-06-19,Damaged in Transit,457.87,Completed
584,66307,244,2022-08-07,Wrong Item,300.18,Completed
585,45183,145,2024-05-24,Better Price Found,703.47,Approved
586,34065,276,2023-12-21,Sizing Issue,97.23,Approved
587,3112,51,2022-12-25,Better Price Found,376.25,Completed
588,25121,360,2022-09-19,Other,599.12,Approved
589,36189,319,2024-08-17,Wrong Item,190.21,Rejected
590,76461,24,2024-04-07,Changed Mind,346.24,Approved
591,76933,392,2022-11-29,Not As Described,103.57,Approved
592,13785,36,2024-04-25,Sizing Issue,563.07,Pending
593,67990,164,2024-07-16,Other,759.23,Approved
594,19394,403,2022-04-01,Damaged in Transit,112.46,Approved
595,94443,190,2024-09-18,Damaged in Transit,260.09,Completed
596,24163,299,2024-01-30,Defective,578.92,Approved
597,32132,439,2023-02-13,Better Price Found,796.78,Approved
598,92625,428,2022-02-18,Unknown,733.98,Approved
599,99032,153,2023-12-25,Not As Described,329.01,Approved
600,40573,333,2022-03-18,Wrong Item,549.16,Approved
601,55808,174,2022-10-10,Not As Described,115.1,Pending
602,13250,233,2023-02-01,Damaged in Transit,770.12,Pending
603,44921,297,2023-11-19,Wrong Item,406.04,Pending
604,40836,3,2023-02-12,Damaged in Transit,576.3,Completed
605,22408,416,2024-01-14,Unknown,748.9,Approved
606,71660,269,2023-03-07,Sizing Issue,153.41,Approved
607,6059,227,2022-11-15,Not As Described,488.73,Approved
608,51694,33,2023-10-21,Better Price Found,85.85,Approved
609,17607,386,2023-01-09,Changed Mind,301.97,Approved
610,86981,269,2023-10-17,Not As Described,214.49,Approved
611,19723,381,2024-10-11,Not As Described,118.75,Approved
612,68919,208,2023-04-12,Better Price Found,348.4,Rejected
613,54505,445,2024-01-23,Unknown,469.03,Completed
614,99795,120,2022-10-28,Defective,163.19,Pending
615,51916,214,2023-10-18,Other,747.48,Rejected
616,34107,264,2022-10-15,Wrong Item,20.8,Rejected
617,40380,391,2023-05-08,Not As Described,720.59,Completed
618,583,366,2023-12-27,Changed Mind,240.81,Pending
619,2107,418,2023-04-07,Defective,363.15,Completed
620,93346,379,2022-08-20,Not As Described,722.45,Approved
621,95454,188,2023-12-25,Wrong Item,219.03,Completed
622,91435,207,2024-04-04,Unknown,178.62,Approved
623,97634,282,2023-07-06,Better Price Found,14.66,Approved
624,91175,92,2024-06-30,Not As Described,755.21,Approved
625,56882,97,2024-09-24,Better Price Found,538.9,Approved
626,40174,20,2023-11-12,Unknown,375.64,Approved
627,45845,106,2024-08-26,Sizing Issue,118.24,Approved
628,3218,158,2023-04-01,Other,688.08,Approved
629,21864,228,2022-04-17,Damaged in Transit,726.98,Completed
630,82046,482,2023-02-14,Other,684.35,Approved
631,58315,6,2023-07-14,Wrong Item,223.9,Completed
632,85054,60,2022-10-17,Damaged in Transit,700.04,Pending
633,5211,121,2024-04-21,Defective,463.77,Rejected
634,13640,245,2023-05-09,Wrong Item,462.18,Pending
635,95730,29,2022-09-10,Other,561.24,Approved
636,27896,371,2024-02-14,Sizing Issue,215.08,Approved
637,44897,145,2023-03-26,Better Price Found,137.07,Approved
638,85368,394,2024-08-20,Sizing Issue,313.09,Pending
639,13805,205,2024-12-16,Better Price Found,279.01,Approved
640,6506,149,2022-06-19,Damaged in Transit,272.69,Approved
641,38041,43,2022-04-14,Better Price Found,48.14,Rejected
642,45137,442,2024-05-16,Not As Described,517.7,Completed
643,51485,339,2023-02-14,Changed Mind,518.34,Approved
644,97188,104,2022-09-11,Unknown,612.75,Approved
645,92170,270,2023-02-10,Changed Mind,16.61,Approved
646,40645,40,2024-04-03,Not As Described,742.04,Approved
647,53437,237,2023-03-11,Better Price Found,526.44,Approved
648,34123,362,2024-01-22,Other,16.27,Approved
649,10354,193,2024-12-03,Other,423.95,Pending
650,81738,478,2024-08-28,Wrong Item,255.12,Approved
651,48733,64,2024-07-11,Sizing Issue,300.67,Approved
652,90839,212,2023-07-26,Unknown,636.88,Rejected
653,45180,319,2023-09-04,Sizing Issue,439.41,Pending
654,79999,111,2024-01-16,Changed Mind,36.05,Rejected
655,91939,389,2024-09-17,Better Price Found,539.6,Pending
656,18566,430,2023-08-06,Sizing Issue,406.95,Pending
657,75669,458,2022-05-08,Damaged in Transit,20.77,Approved
658,82612,180,2024-05-17,Better Price Found,86.76,Pending
659,51373,187,2024-04-16,Better Price Found,255.09,Pending
660,99335,307,2023-04-07,Not As Described,651.21,Completed
661,57055,300,2024-01-08,Unknown,244.36,Approved
662,89967,70,2023-11-30,Sizing Issue,139.39,Pending
663,12077,24,2023-07-19,Defective,372.2,Rejected
664,48766,70,2022-12-20,Other,58.27,Approved
665,4372,285,2024-08-28,Damaged in Transit,648.79,Approved
666,58584,134,2024-06-30,Not As Described,602.85,Completed
667,89125,98,2024-10-20,Defective,365.26,Approved
668,57102,269,2023-10-28,Unknown,241.77,Pending
669,69499,145,2023-08-27,Changed Mind,634.72,Approved
670,52834,5,2022-09-02,Not As Described,19.26,Rejected
671,46326,378,2023-09-22,Sizing Issue,192.61,Rejected
672,29302,174,2023-10-25,Not As Described,552.38,Completed
673,82544,481,2023-12-30,Not As Described,369.06,Pending
674,24015,48,2023-02-20,Sizing Issue,340.2,Approved
675,3611,40,2022-07-26,Changed Mind,113.75,Completed
676,24769,294,2024-09-28,Defective,213.43,Pending
677,26780,200,2023-08-24,Damaged in Transit,445.14,Approved
678,61625,384,2024-11-04,Wrong Item,281.11,Approved
679,93379,2,2023-01-02,Defective,40.79,Approved
680,4452,355,2023-02-02,Damaged in Transit,70.68,Approved
681,13544,15,2022-02-21,Other,45.38,Pending
682,49153,289,2023-05-25,Other,697.03,Rejected
683,44310,491,2024-03-25,Other,485.75,Completed
684,65474,359,2023-10-10,Other,15.58,Rejected
685,29487,61,2022-11-04,Defective,395.77,Completed
686,81832,78,,Other,109.24,Approved
687,54992,368,2024-07-02,Defective,216.57,Pending
688,54408,160,2023-12-14,Better Price Found,393.62,Approved
689,58839,215,2024-07-23,Changed Mind,633.72,Completed
690,90398,17,2022-09-10,Not As Described,326.02,Approved
691,12163,319,2024-06-18,Damaged in Transit,169.84,Approved
692,81100,499,2024-08-14,Sizing Issue,483.04,Approved
693,55132,44,2024-01-18,Wrong Item,180.24,Approved
694,72745,192,2022-12-24,Wrong Item,683.01,Completed
695,11528,127,2022-11-06,Changed Mind,770.94,Completed
696,25723,480,2022-04-27,Sizing Issue,274.16,Approved
697,81694,145,2023-05-03,Not As Described,349.49,Pending
698,87857,16,2024-12-29,Damaged in Transit,377.14,Completed
699,3775,447,2024-09-13,Not As Described,208.03,Completed
700,55680,304,2022-09-28,Defective,569.07,Approved
701,28079,105,2024-02-16,Changed Mind,385.53,Completed
702,96317,340,2024-02-27,Better Price Found,726.62,Approved
703,25559,279,2024-09-26,Wrong Item,512.28,Rejected
704,96173,217,2023-07-19,Better Price Found,547.5,Approved
705,53214,444,2023-11-25,Damaged in Transit,317.6,Rejected
706,68127,94,,Defective,236.68,Pending
707,18980,70,2023-10-08,Sizing Issue,416.66,Approved
708,81043,171,2023-08-04,Sizing Issue,728.13,Rejected
709,28916,104,2022-12-18,Sizing Issue,772.64,Approved
710,57196,332,2022-08-17,Damaged in Transit,340.43,Approved
711,16258,177,2024-10-17,Damaged in Transit,346.53,Approved
712,1611,66,2024-02-12,Unknown,673.93,Approved
713,4520,491,2024-09-24,Defective,187.78,Approved
714,25793,22,2023-09-25,Other,430.59,Completed
715,17962,367,2023-09-04,Changed Mind,49.03,Completed
716,71558,452,2024-12-18,Other,244.04,Approved
717,93932,60,2022-02-06,Not As Described,50.47,Pending
718,57372,79,2023-03-09,Defective,344.41,Approved
719,88865,172,2023-10-29,Better Price Found,748.09,Rejected
720,34742,15,2022-07-19,Not As Described,355.14,Approved
721,63279,500,2024-08-06,Damaged in Transit,553.07,Pending
722,52285,269,2022-07-30,Changed Mind,344.78,Completed
723,13186,431,2024-08-20,Not As Described,166.19,Approved
724,1783,481,2024-09-29,Wrong Item,480.72,Rejected
725,13839,159,2024-12-28,Better Price Found,199.03,Pending
726,29132,241,2022-03-09,Defective,377.57,Pending
727,93241,388,2023-05-12,Sizing Issue,553.47,Approved
728,69109,204,2024-07-30,Unknown,46.77,Completed
729,94566,4,2023-07-19,Defective,218.67,Pending
730,80453,436,2022-10-10,Defective,141.71,Pending
731,83551,301,2022-10-12,Changed Mind,654.33,Completed
732,65167,345,2022-12-11,Wrong Item,251.11,Completed
733,5094,410,2022-06-17,Sizing Issue,350.21,Approved
734,56288,339,2023-08-12,Damaged in Transit,615.04,Completed
735,81876,447,2024-10-22,Better Price Found,130.48,Approved
736,51464,281,2023-09-03,Damaged in Transit,412.61,Approved
737,67800,307,2023-07-30,Unknown,216.65,Completed
738,39303,26,2024-10-20,Defective,626.83,Pending
739,95193,459,2024-10-28,Not As Described,789.68,Pending
740,48757,90,2023-12-15,Not As Described,124.03,Approved
741,30996,480,2024-10-12,Unknown,5.86,Approved
742,67823,419,,Defective,69.54,Pending
743,60104,197,2024-09-16,Not As Described,694.26,Approved
744,93641,24,2023-06-20,Changed Mind,32.25,Approved
745,13574,369,2023-05-25,Wrong Item,427.0,Pending
746,93892,324,2024-02-17,Damaged in Transit,479.66,Approved
747,68378,42,2024-01-25,Damaged in Transit,119.64,Approved
748,42220,240,2022-12-20,Damaged in Transit,118.16,Approved
749,48360,441,2024-04-16,Better Price Found,262.83,Completed
750,93810,141,2023-06-07,Better Price Found,559.84,Approved
751,70527,68,2023-11-15,Unknown,395.88,Approved
752,60625,318,2023-10-21,Other,512.36,Pending
753,12223,365,2022-03-15,Not As Described,687.91,Pending
754,87825,151,2022-12-05,Not As Described,420.9,Approved
755,20622,385,2024-07-02,Changed Mind,786.28,Completed
756,71126,9,2024-07-12,Damaged in Transit,574.91,Approved
757,86040,12,2023-12-10,Not As Described,392.67,Completed
758,90690,228,2022-05-29,Damaged in Transit,754.08,Pending
759,49837,276,2024-07-09,Wrong Item,746.85,Pending
760,99721,175,2023-03-20,Wrong Item,294.16,Approved
761,89781,337,2023-04-07,Unknown,483.28,Completed
762,3125,133,2022-12-28,Not As Described,132.63,Approved
763,17587,252,2024-06-15,Other,752.76,Approved
764,12889,312,2022-04-04,Other,264.54,Pending
766,19343,396,2022-07-08,Unknown,59.63,Completed
767,14300,368,2022-08-26,Defective,1192.18125,Approved
768,66729,302,2024-11-09,Wrong Item,696.77,Rejected
769,35162,91,2023-03-07,Wrong Item,348.97,Completed
770,45446,36,2023-01-07,Other,726.39,Approved
771,83127,21,2023-11-24,Changed Mind,648.2,Completed
772,6249,98,2022-07-24,Other,18.85,Rejected
773,17418,201,2022-02-28,Not As Described,84.88,Approved
774,83401,363,2024-08-27,Better Price Found,141.83,Approved
775,20507,105,2023-06-19,Defective,123.67,Rejected
776,69336,336,,Sizing Issue,540.86,Completed
777,28091,10,2022-04-23,Unknown,178.85,Completed
778,14019,455,,Wrong Item,338.83,Completed
779,36026,195,2022-05-02,Not As Described,691.36,Completed
780,52740,488,2023-10-17,Damaged in Transit,349.9,Approved
781,29772,424,2023-02-16,Damaged in Transit,705.01,Rejected
782,73949,17,2022-06-03,Sizing Issue,734.84,Completed
783,75118,363,2022-12-05,Changed Mind,245.68,Pending
784,2684,340,2023-10-17,Other,275.95,Approved
785,81298,372,2023-02-06,Wrong Item,169.66,Pending
786,53180,132,2024-07-17,Changed Mind,565.87,Pending
787,77766,282,2022-03-27,Better Price Found,435.43,Pending
788,242,18,2024-03-01,Wrong Item,346.48,Completed
789,25863,219,2024-04-06,Damaged in Transit,185.79,Pending
790,26559,20,2023-10-13,Damaged in Transit,792.85,Approved
791,84080,287,2024-10-06,Better Price Found,357.05,Approved
792,83628,235,2023-02-09,Sizing Issue,558.83,Approved
793,47806,460,2023-02-22,Other,652.87,Pending
794,62159,151,2023-09-26,Damaged in Transit,12.72,Pending
795,50372,395,2024-05-26,Not As Described,577.04,Approved
796,36707,429,2023-10-27,Changed Mind,423.23,Approved
797,56163,22,2024-05-19,Unknown,576.14,Completed
798,13093,281,2022-12-09,Unknown,575.07,Completed
799,87040,269,2024-03-18,Wrong Item,435.67,Completed
800,53491,485,2024-09-07,Other,501.15,Approved
801,88137,354,2022-05-21,Sizing Issue,630.14,Approved
802,41340,50,2022-04-06,Changed Mind,582.76,Approved
803,71677,96,2022-11-24,Wrong Item,146.84,Approved
804,75769,241,2024-05-15,Sizing Issue,98.64,Approved
805,80120,261,2023-07-25,Wrong Item,240.88,Approved
806,3620,247,2024-12-09,Unknown,748.06,Completed
807,34921,218,2023-01-02,Damaged in Transit,673.26,Approved
809,75310,58,2023-11-27,Defective,550.66,Approved
810,95096,95,2022-12-23,Sizing Issue,265.82,Rejected
811,1904,163,2024-05-13,Wrong Item,232.49,Pending
812,56910,417,2023-10-23,Changed Mind,449.65,Approved
813,44669,356,2023-11-15,Changed Mind,211.6,Completed
814,58228,171,2024-01-16,Damaged in Transit,670.99,Approved
815,98882,449,,Not As Described,271.14,Completed
816,37494,430,2022-07-26,Better Price Found,710.24,Completed
817,4099,372,2024-08-22,Sizing Issue,478.52,Completed
818,45121,34,2024-07-10,Not As Described,361.47,Completed
819,7908,171,2024-03-14,Sizing Issue,8.09,Approved
820,5207,258,2023-07-30,Changed Mind,161.33,Approved
821,90669,152,2023-08-29,Other,472.9,Completed
822,78714,68,2023-03-25,Wrong Item,489.74,Approved
823,50369,301,2024-12-08,Unknown,774.22,Pending
824,52504,266,2023-07-22,Defective,225.43,Pending
825,19018,399,2024-03-15,Defective,35.73,Approved
826,39558,353,2024-09-22,Other,741.1,Completed
827,61193,375,2024-03-16,Sizing Issue,668.87,Approved
828,26927,319,2022-07-30,Wrong Item,273.32,Approved
829,56001,271,2023-09-13,Other,175.59,Approved
830,23075,43,2024-11-06,Wrong Item,519.9,Approved
831,95509,426,2023-04-10,Not As Described,657.97,Completed
832,17169,441,2024-04-24,Defective,115.78,Approved
833,57432,34,2023-09-05,Wrong Item,382.44,Approved
834,50335,83,2022-09-23,Sizing Issue,365.45,Approved
835,65177,138,2023-05-31,Damaged in Transit,393.7,Approved
836,49587,491,2022-08-10,Sizing Issue,383.83,Approved
837,86936,482,2024-12-29,Damaged in Transit,60.05,Completed
838,22262,317,2024-08-12,Wrong Item,360.22,Approved
839,59219,358,2024-04-13,Not As Described,47.76,Approved
840,53267,17,2024-08-12,Defective,382.02,Rejected
841,70088,209,2024-12-14,Changed Mind,368.98,Rejected
842,87565,463,2022-04-01,Better Price Found,319.17,Approved
843,557,314,2024-09-03,Changed Mind,433.31,Rejected
844,51462,325,2022-02-13,Not As Described,58.96,Pending
845,48816,175,2024-03-08,Better Price Found,524.41,Approved
846,86440,272,2022-09-29,Damaged in Transit,45.96,Approved
847,68296,80,2023-08-18,Damaged in Transit,506.16,Approved
848,53972,475,2023-02-06,Sizing Issue,366.45,Pending
849,41936,393,2024-08-08,Better Price Found,704.44,Completed
850,62908,438,2024-04-14,Sizing Issue,375.9,Approved
851,23433,330,2024-01-29,Changed Mind,299.58,Approved
852,63668,41,2024-09-28,Unknown,158.23,Approved
853,34828,161,2023-10-21,Changed Mind,372.08,Completed
854,86258,87,2024-04-28,Other,334.91,Approved
855,59303,361,2023-05-20,Defective,718.47,Approved
856,36422,189,2022-02-01,Wrong Item,361.37,Pending
857,57562,162,2023-07-18,Better Price Found,188.95,Completed
858,46686,211,2022-04-09,Other,639.12,Approved
859,12155,500,2024-05-29,Damaged in Transit,49.59,Approved
860,7060,405,2022-05-06,Wrong Item,215.13,Pending
861,89048,359,2023-04-13,Wrong Item,572.4,Completed
862,12321,60,2022-12-10,Better Price Found,756.95,Approved
863,90180,75,2022-09-29,Better Price Found,751.27,Pending
864,83727,369,2022-12-27,Changed Mind,675.86,Approved
865,51372,500,2023-10-30,Changed Mind,275.25,Pending
867,89632,395,2024-12-09,Sizing Issue,342.0,Rejected
868,10617,325,2022-02-16,Damaged in Transit,13.49,Approved
869,49847,241,2024-07-22,Wrong Item,588.71,Pending
870,96530,74,2024-09-19,Damaged in Transit,680.37,Pending
871,65461,227,2024-06-17,Damaged in Transit,503.82,Approved
872,71372,138,2022-08-31,Other,605.06,Completed
873,29068,268,2024-03-05,Unknown,353.29,Approved
874,85417,362,2024-01-07,Wrong Item,159.47,Approved
875,1931,298,2023-08-20,Damaged in Transit,629.86,Pending
876,88244,341,2022-10-11,Not As Described,543.35,Approved
877,10682,44,2022-08-23,Other,407.33,Pending
878,28350,113,2024-07-28,Changed Mind,320.12,Approved
879,84145,399,2024-10-20,Not As Described,695.88,Approved
880,97512,487,2022-03-17,Damaged in Transit,127.96,Approved
881,53651,205,2024-08-27,Wrong Item,279.28,Rejected
882,95902,171,2023-08-14,Other,163.44,Approved
883,44908,285,2022-04-27,Damaged in Transit,417.35,Completed
884,86395,269,2022-08-10,Better Price Found,619.03,Approved
885,45830,76,2024-12-04,Defective,652.98,Approved
886,28415,305,2024-10-25,Other,159.97,Approved
887,36788,307,2023-06-28,Wrong Item,740.07,Pending
888,28759,400,2023-09-25,Sizing Issue,131.53,Approved
889,67505,238,2023-02-08,Changed Mind,754.99,Approved
890,56531,345,2023-12-28,Defective,540.22,Approved
891,75813,62,2023-10-31,Defective,474.61,Approved
892,16599,316,2024-01-15,Other,391.98,Pending
893,71159,59,,Sizing Issue,764.19,Completed
894,77519,23,2022-07-09,Other,586.15,Rejected
895,68563,463,2023-11-16,Defective,403.01,Approved
896,734,177,2022-12-31,Unknown,797.4,Approved
897,88258,130,2024-05-26,Changed Mind,327.93,Approved
898,25888,142,2024-02-28,Changed Mind,49.52,Pending
899,56364,178,2022-07-10,Damaged in Transit,627.57,Approved
900,20701,332,2023-04-13,Defective,711.93,Pending
901,46850,218,2023-01-24,Sizing Issue,505.71,Completed
902,65415,71,2022-09-03,Damaged in Transit,707.66,Approved
903,93599,406,2023-09-29,Defective,741.41,Completed
904,71570,68,2023-12-03,Sizing Issue,243.43,Pending
905,64397,218,2023-11-03,Sizing Issue,720.4,Approved
906,90545,150,2022-10-05,Sizing Issue,470.37,Approved
907,58012,169,2023-11-19,Damaged in Transit,609.07,Pending
908,46413,56,2022-08-30,Defective,257.48,Completed
909,69473,94,2022-07-25,Defective,753.57,Pending
910,52578,103,2024-06-27,Better Price Found,260.52,Approved
911,73962,338,2024-08-27,Better Price Found,416.58,Approved
912,91682,454,2022-04-30,Not As Described,224.17,Approved
913,6609,83,2023-11-22,Defective,257.18,Completed
914,55948,80,2022-07-04,Changed Mind,62.32,Approved
915,14772,331,2022-03-22,Defective,320.09,Approved
916,83429,393,2022-09-06,Damaged in Transit,768.03,Completed
917,33184,136,2023-09-18,Wrong Item,268.28,Pending
918,93341,190,2024-03-26,Better Price Found,607.63,Pending
919,69581,264,2023-05-31,Changed Mind,715.52,Approved
920,62442,276,2024-06-23,Better Price Found,437.7,Approved
921,27134,53,2024-04-24,Defective,48.52,Approved
922,1055,454,2024-06-14,Not As Described,562.08,Approved
923,84598,359,2023-06-09,Damaged in Transit,648.16,Rejected
924,72207,297,2023-10-26,Unknown,782.63,Completed
925,54332,93,2024-07-08,Better Price Found,13.89,Completed
926,57685,251,2023-06-08,Sizing Issue,777.9,Completed
927,12711,275,2023-05-21,Sizing Issue,132.48,Rejected
928,24280,230,2023-06-15,Wrong Item,350.22,Approved
929,21734,364,2023-06-14,Changed Mind,264.86,Pending
930,38221,456,2022-07-14,Other,473.94,Approved
931,70318,454,2024-03-20,Other,376.73,Pending
932,54589,458,2023-09-05,Better Price Found,423.73,Approved
933,45907,163,2023-12-30,Not As Described,265.16,Approved
934,41670,416,2023-03-06,Other,286.88,Approved
935,69027,247,2024-03-10,Wrong Item,193.81,Approved
936,55442,50,2022-12-19,Not As Described,319.42,Approved
937,32929,343,2022-07-07,Other,440.89,Approved
938,82,286,2022-02-02,Not As Described,584.6,Pending
939,58909,88,2023-07-09,Defective,789.27,Completed
940,63603,249,2023-12-26,Changed Mind,201.22,Approved
941,6896,365,2023-09-15,Not As Described,790.93,Approved
942,66841,374,2022-10-02,Sizing Issue,745.67,Approved
943,55803,495,2022-02-27,Not As Described,430.14,Completed
944,63200,340,2023-08-04,Other,362.07,Approved
945,37281,367,2023-04-29,Better Price Found,412.79,Approved
946,39900,443,2022-04-16,Not As Described,1192.18125,Approved
947,59561,429,,Defective,512.97,Pending
948,14176,189,2023-07-24,Defective,172.1,Approved
949,64995,28,2023-10-21,Defective,755.5,Pending
950,62683,54,2024-07-06,Sizing Issue,197.12,Approved
951,68099,65,2022-12-29,Not As Described,585.71,Approved
952,64243,366,2024-06-25,Other,199.85,Approved
953,34121,423,2024-05-23,Defective,544.91,Approved
954,32075,336,2022-04-27,Other,575.87,Approved
955,82280,147,2024-08-05,Other,797.28,Rejected
956,82207,42,2024-03-22,Wrong Item,526.3,Approved
957,6187,378,2023-04-26,Not As Described,512.88,Completed
958,80281,151,2024-12-24,Defective,588.62,Pending
959,90348,392,2022-02-18,Better Price Found,586.18,Approved
960,72198,381,2024-02-01,Not As Described,124.19,Approved
961,35630,70,2024-03-23,Sizing Issue,570.02,Approved
962,73312,333,2022-08-10,Sizing Issue,432.48,Rejected
963,55003,67,2024-12-09,Sizing Issue,293.5,Rejected
964,99082,323,2022-06-01,Damaged in Transit,566.65,Rejected
965,32583,252,2024-10-17,Changed Mind,624.82,Approved
966,93328,58,2023-12-29,Better Price Found,365.43,Approved
967,67184,110,2022-10-18,Better Price Found,563.88,Approved
968,54672,106,2024-02-27,Not As Described,654.02,Approved
969,98007,292,2023-10-26,Not As Described,175.93,Pending
970,54312,371,2023-02-14,Not As Described,253.17,Rejected
971,14512,89,2023-02-22,Changed Mind,35.07,Approved
972,53285,364,2024-09-24,Other,87.53,Approved
973,53782,186,2022-03-02,Damaged in Transit,51.8,Completed
974,96331,6,2023-05-13,Sizing Issue,357.85,Approved
975,49991,96,2023-08-24,Other,717.44,Approved
976,93366,76,2022-02-19,Damaged in Transit,430.14,Approved
977,50932,492,2024-12-21,Wrong Item,686.64,Approved
978,32851,379,2024-01-07,Damaged in Transit,216.33,Approved
979,74817,247,2024-05-02,Unknown,732.56,Approved
980,2099,104,2022-10-22,Not As Described,689.23,Approved
981,40533,479,2022-08-25,Unknown,209.63,Pending
982,45542,421,2022-09-17,Better Price Found,277.02,Completed
983,1829,7,2023-08-14,Damaged in Transit,394.69,Pending
984,92779,265,2024-11-24,Changed Mind,62.47,Approved
985,9812,424,2024-02-02,Not As Described,748.07,Completed
986,32588,66,2024-04-25,Wrong Item,410.28,Pending
987,85041,313,2024-06-22,Wrong Item,594.97,Pending
988,93681,171,2022-06-15,Changed Mind,154.66,Approved
989,6954,266,2022-02-16,Unknown,148.19,Approved
990,26736,352,2024-01-09,Sizing Issue,216.02,Rejected
991,79509,125,2024-02-10,Other,215.79,Completed
992,51152,285,2022-06-16,Sizing Issue,387.93,Approved
993,79744,326,2024-05-19,Sizing Issue,721.12,Completed
994,34882,188,2024-08-01,Better Price Found,348.04,Completed
995,7431,474,2022-03-30,Not As Described,311.52,Completed
996,70942,418,,Wrong Item,240.38,Pending
997,75076,375,2022-12-01,Damaged in Transit,564.94,Approved
998,98503,499,2024-04-26,Damaged in Transit,707.58,Approved
999,1126,15,2024-11-27,Wrong Item,392.94,Pending
1000,84995,207,2022-10-18,Defective,596.0,Approved
1001,71720,311,2024-12-30,Unknown,606.83,Approved
1002,75596,66,2024-06-04,Wrong Item,569.17,Completed
1003,38158,121,2023-04-20,Damaged in Transit,525.3,Approved
1004,12446,206,2023-04-06,Sizing Issue,251.95,Approved
1005,15254,400,2024-03-24,Defective,316.53,Pending
1006,82197,94,2022-02-28,Wrong Item,358.61,Pending
1007,65958,371,2023-05-23,Unknown,129.99,Rejected
1008,28362,442,2023-05-09,Damaged in Transit,624.48,Completed
1009,17233,271,2024-08-27,Other,9.0,Completed
1010,97070,399,2022-08-27,Better Price Found,301.97,Rejected
1011,79320,42,2024-04-30,Changed Mind,326.57,Approved
1012,10617,354,2024-07-07,Sizing Issue,759.74,Approved
1013,32526,443,2022-07-04,Better Price Found,726.23,Approved
1014,32878,168,2024-03-21,Better Price Found,755.9,Rejected
1015,24115,417,2024-01-14,Other,762.24,Approved
1016,15077,440,2023-10-14,Not As Described,187.45,Rejected
1017,67334,363,2024-09-06,Better Price Found,786.85,Approved
1018,99896,405,2022-06-01,Changed Mind,247.39,Approved
1019,92924,389,2023-12-16,Better Price Found,749.94,Pending
1020,78614,283,2022-04-22,Defective,268.05,Approved
1021,33669,361,2023-08-29,Not As Described,184.76,Pending
1022,10446,136,2024-04-07,Wrong Item,138.1,Completed
1023,80276,385,2022-09-07,Sizing Issue,740.57,Approved
1024,13399,492,2024-04-28,Defective,330.0,Pending
1025,725,397,2024-04-29,Sizing Issue,423.3,Completed
1026,63060,285,2022-07-29,Wrong Item,87.12,Completed
1027,96539,369,2022-11-24,Better Price Found,431.85,Approved
1028,54155,225,2024-11-21,Defective,1192.18125,Approved
1029,46924,206,2022-08-12,Wrong Item,625.41,Approved
1030,10681,300,2024-11-14,Defective,682.35,Approved
1031,32057,402,2022-09-04,Other,605.26,Approved
1032,72978,142,2023-06-09,Better Price Found,530.75,Approved
1033,42747,253,2022-03-22,Defective,363.06,Completed
1034,6774,306,2024-11-09,Damaged in Transit,1192.18125,Approved
1035,33507,362,2023-08-15,Not As Described,260.34,Approved
1036,9033,251,2022-08-04,Defective,209.84,Approved
1038,38971,129,2024-06-19,Other,576.14,Approved
1039,76086,218,2022-11-23,Sizing Issue,603.94,Completed
1040,22604,430,2024-04-01,Not As Described,459.45,Approved
1041,61618,310,2023-04-25,Damaged in Transit,507.99,Approved
1042,81851,430,2023-02-05,Not As Described,503.55,Completed
1043,56683,147,2022-05-12,Changed Mind,612.69,Approved
1044,24490,78,2024-04-05,Damaged in Transit,527.44,Pending
1045,14948,34,2023-10-13,Sizing Issue,651.1,Approved
1046,20388,84,2023-07-17,Changed Mind,696.27,Approved
1047,33611,164,2024-09-04,Sizing Issue,191.16,Completed
1048,14276,312,2024-01-16,Unknown,456.42,Completed
1049,5346,21,2024-04-19,Changed Mind,391.76,Approved
1050,43444,139,,Other,351.36,Approved
1051,83063,246,2022-10-03,Unknown,225.96,Completed
1052,23418,139,2022-09-17,Damaged in Transit,430.29,Approved
1053,33706,282,2024-02-08,Sizing Issue,724.65,Rejected
1054,80278,393,2024-02-14,Sizing Issue,576.08,Pending
1055,8781,352,2022-03-20,Damaged in Transit,123.66,Completed
1056,10155,483,2024-05-08,Unknown,438.04,Approved
1057,79293,16,2023-06-26,Damaged in Transit,426.51,Approved
1058,3929,298,2024-05-12,Wrong Item,131.27,Completed
1059,1238,387,2023-01-14,Damaged in Transit,76.06,Rejected
1060,53580,402,2022-03-22,Unknown,387.93,Approved
1061,84406,31,2023-07-04,Better Price Found,762.9,Approved
1062,95147,461,2023-06-07,Sizing Issue,147.86,Approved
1063,55376,186,2024-12-18,Other,494.62,Pending
1064,56505,468,2024-04-27,Not As Described,496.35,Pending
1065,28655,436,2022-07-16,Changed Mind,507.37,Approved
1066,25847,226,2023-06-21,Wrong Item,616.61,Completed
1067,46245,345,2022-08-02,Unknown,604.58,Rejected
1068,38005,125,2023-10-25,Changed Mind,9.22,Pending
1069,53498,489,2024-05-08,Damaged in Transit,572.13,Pending
1070,32507,19,2024-05-28,Damaged in Transit,479.07,Completed
1071,51177,411,2022-12-05,Not As Described,791.71,Pending
1072,39725,313,2022-07-31,Not As Described,335.73,Approved
1073,16010,361,2024-01-02,Better Price Found,231.64,Approved
1074,11482,472,2024-10-20,Defective,589.43,Approved
1075,2437,251,2023-02-03,Changed Mind,149.46,Pending
1076,72384,268,2023-12-09,Damaged in Transit,99.3,Completed
1077,38609,429,2023-01-05,Not As Described,345.42,Approved
1078,40303,36,2024-11-21,Wrong Item,449.04,Completed
1079,19611,51,2024-08-05,Other,294.41,Completed
1081,61742,221,2022-05-11,Sizing Issue,172.28,Pending
1082,27256,255,2024-06-15,Unknown,383.96,Pending
1083,79486,262,2022-10-06,Other,259.19,Completed
1084,18092,234,2023-10-18,Changed Mind,565.13,Approved
1085,14244,497,2022-12-17,Sizing Issue,799.4,Approved
1086,68652,384,2023-05-09,Wrong Item,488.48,Approved
1087,77089,434,2022-10-07,Sizing Issue,366.46,Approved
1088,68086,312,2022-04-11,Defective,491.72,Rejected
1089,73136,80,2023-08-10,Damaged in Transit,651.76,Approved
1090,89883,288,2023-04-17,Changed Mind,774.95,Approved
1091,32191,241,2023-01-04,Other,590.87,Completed
1092,55559,350,2022-08-16,Defective,611.4,Completed
1093,76040,468,2024-07-25,Other,708.69,Completed
1094,8068,297,2024-12-24,Other,641.49,Approved
1095,70666,111,2022-03-04,Wrong Item,747.31,Rejected
1096,47018,494,2024-12-24,Changed Mind,391.11,Pending
1097,30981,35,2022-11-01,Sizing Issue,724.67,Pending
1098,42499,177,2024-07-20,Better Price Found,611.21,Rejected
1099,48398,136,2024-01-19,Damaged in Transit,130.27,Approved
1100,43619,381,2024-01-08,Sizing Issue,324.25,Completed
1101,41963,351,2023-06-24,Changed Mind,250.49,Pending
1102,79721,206,2022-05-23,Sizing Issue,698.43,Approved
1103,99562,496,2024-12-15,Defective,658.06,Approved
1104,77352,16,2024-07-24,Changed Mind,662.93,Approved
1105,16910,121,2023-06-29,Sizing Issue,310.5,Pending
1106,41818,211,2024-03-08,Better Price Found,85.52,Rejected
1107,10669,213,2024-10-13,Defective,531.02,Completed
1108,31636,238,2023-04-02,Other,529.92,Approved
1109,77336,137,2024-02-26,Better Price Found,765.85,Completed
1110,15029,55,2024-04-07,Unknown,105.98,Pending
1111,47722,298,2024-11-29,Wrong Item,458.18,Rejected
1112,35211,153,2022-06-27,Not As Described,353.05,Approved
1113,7513,275,2022-09-12,Damaged in Transit,586.55,Approved
1114,31546,246,2024-08-31,Sizing Issue,415.41,Completed
1115,49528,347,2022-12-15,Wrong Item,141.84,Pending
1116,96188,100,2024-02-01,Changed Mind,264.04,Rejected
1117,26570,146,2022-05-30,Wrong Item,492.33,Approved
1118,68138,236,2022-07-17,Defective,539.49,Approved
1119,99513,279,2023-08-28,Changed Mind,309.0,Approved
1120,80054,7,2024-08-24,Sizing Issue,635.32,Rejected
1121,90800,174,2024-06-18,Sizing Issue,569.05,Completed
1122,14468,320,2022-08-10,Other,763.36,Approved
1123,5125,360,2022-06-24,Damaged in Transit,285.16,Pending
1124,3775,329,2022-02-13,Other,692.54,Approved
1125,64682,15,2023-02-08,Damaged in Transit,389.83,Approved
1126,72238,372,2023-06-19,Wrong Item,282.9,Completed
1127,91554,333,2024-07-11,Better Price Found,349.31,Pending
1128,82733,485,2022-11-23,Damaged in Transit,745.18,Completed
1129,82173,169,,Wrong Item,46.55,Pending
1130,62223,345,2022-04-24,Sizing Issue,62.57,Approved
1131,3237,39,2024-07-28,Changed Mind,516.88,Approved
1132,53027,77,2024-04-16,Changed Mind,533.76,Completed
1133,80507,186,2022-11-30,Changed Mind,779.91,Approved
1134,72569,490,2023-03-18,Other,261.59,Rejected
1135,85524,84,2022-05-24,Defective,384.8,Approved
1136,76677,461,2022-08-16,Changed Mind,245.49,Approved
1138,98379,62,2022-10-17,Other,163.04,Approved
1139,66271,157,2024-07-17,Not As Described,659.48,Approved
1140,37993,465,2022-06-20,Defective,488.25,Rejected
1141,41103,163,2022-12-27,Damaged in Transit,733.28,Approved
1142,38736,285,2024-05-11,Sizing Issue,370.8,Approved
1143,29966,89,2024-04-19,Other,180.71,Pending
1144,7366,363,2023-02-24,Wrong Item,630.51,Approved
1145,55665,340,2022-06-14,Defective,557.21,Pending
1146,22097,241,2023-08-15,Unknown,305.23,Pending
1147,52101,380,2024-07-27,Changed Mind,298.85,Approved
1148,49656,323,2023-10-07,Not As Described,98.75,Completed
1149,83818,363,2022-06-26,Other,185.04,Approved
1150,6125,3,2023-11-22,Other,114.22,Completed
1151,90551,399,2024-01-18,Other,586.51,Rejected
1152,83051,202,2024-05-22,Sizing Issue,549.69,Rejected
1153,9611,171,2023-07-28,Wrong Item,573.85,Pending
1154,64161,262,2023-12-26,Defective,303.77,Pending
1155,81448,412,2023-09-08,Damaged in Transit,400.42,Approved
1156,13724,407,2022-11-14,Defective,692.55,Approved
1157,33301,392,2024-08-04,Sizing Issue,616.27,Completed
1158,4196,31,2023-07-04,Wrong Item,771.16,Pending
1159,14955,455,2024-09-10,Damaged in Transit,557.51,Approved
1160,99521,109,2022-08-06,Better Price Found,180.07,Approved
1161,41203,322,2023-12-03,Changed Mind,792.1,Completed
1162,27119,244,2022-03-14,Not As Described,688.79,Approved
1163,5937,12,2023-09-22,Other,565.97,Pending
1164,5393,8,2022-09-02,Wrong Item,528.05,Completed
1165,33906,224,2024-09-14,Sizing Issue,196.76,Pending
1166,71180,30,2024-09-29,Other,709.53,Pending
1167,9870,118,2023-01-04,Sizing Issue,413.8,Completed
1168,80234,83,2024-02-05,Changed Mind,582.87,Approved
1169,57471,211,2023-04-15,Other,89.01,Pending
1170,5647,410,2022-04-21,Damaged in Transit,483.81,Rejected
1171,17080,488,2022-08-30,Better Price Found,60.85,Approved
1172,43486,498,2024-06-02,Better Price Found,316.03,Pending
1173,7162,269,2023-04-13,Changed Mind,84.62,Completed
1174,93847,219,2022-07-24,Damaged in Transit,291.47,Approved
1175,90339,328,2024-09-03,Defective,307.84,Approved
1176,47911,138,2023-04-19,Not As Described,789.79,Completed
1177,43382,342,2022-12-21,Damaged in Transit,722.67,Approved
1178,32111,27,2022-05-13,Other,789.59,Approved
1179,95741,426,2024-02-16,Defective,60.35,Rejected
1180,58066,159,2022-12-13,Better Price Found,152.41,Approved
1181,7376,305,2023-10-13,Sizing Issue,250.99,Approved
1182,48518,232,2022-05-08,Wrong Item,29.23,Approved
1183,54992,32,2022-08-05,Better Price Found,209.26,Approved
1184,15883,457,2022-09-24,Not As Described,30.31,Pending
1185,73573,470,2023-08-18,Changed Mind,19.67,Approved
1186,75907,422,2023-07-26,Better Price Found,529.71,Completed
1187,84411,45,2024-03-10,Not As Described,146.21,Approved
1188,28924,269,,Defective,514.9,Completed
1189,71909,350,2023-05-02,Wrong Item,524.5,Completed
1190,8722,119,,Changed Mind,393.82,Approved
1191,16660,444,2024-03-18,Wrong Item,194.59,Completed
1192,52318,379,2022-06-07,Better Price Found,640.5,Approved
1193,8092,311,2023-03-27,Better Price Found,376.68,Rejected
1194,76888,304,2023-09-01,Better Price Found,592.82,Pending
1195,72895,289,2024-11-09,Wrong Item,589.25,Approved
1196,29052,256,2023-12-15,Better Price Found,466.22,Approved
1197,4947,183,2024-04-19,Changed Mind,569.15,Approved
1198,82362,271,2023-11-24,Wrong Item,116.57,Pending
1199,69291,292,2023-10-03,Sizing Issue,673.54,Approved
1200,24953,190,2023-03-26,Wrong Item,338.19,Approved
1201,48507,335,2024-03-16,Damaged in Transit,274.73,Approved
1202,63663,289,2022-04-06,Not As Described,782.66,Pending
1203,83068,403,2024-03-08,Defective,691.49,Approved
1204,22731,138,2023-05-05,Not As Described,31.75,Completed
1205,88655,130,2024-07-05,Sizing Issue,622.59,Approved
1206,77846,319,2024-01-29,Damaged in Transit,717.21,Approved
1207,3434,223,2022-07-04,Not As Described,592.6,Approved
1208,36128,212,2023-07-03,Unknown,311.7,Approved
1209,6654,182,2024-05-22,Better Price Found,24.07,Pending
1210,58322,355,2022-02-10,Damaged in Transit,522.22,Completed
1211,94714,263,2022-02-10,Not As Described,223.92,Approved
1212,63764,412,2022-06-07,Sizing Issue,427.43,Approved
1214,11614,330,2023-02-09,Better Price Found,550.17,Rejected
1215,55053,313,2024-03-14,Wrong Item,274.91,Rejected
1216,7429,95,2022-11-01,Not As Described,334.17,Approved
1217,66023,318,2023-03-13,Sizing Issue,133.39,Approved
1218,97043,252,2022-11-01,Better Price Found,658.88,Approved
1219,11131,292,2022-03-27,Other,723.33,Pending
1220,34715,341,2023-03-03,Wrong Item,122.4,Pending
1221,10820,234,2022-02-17,Sizing Issue,134.97,Rejected
1222,81321,33,2024-12-09,Other,587.61,Approved
1223,31587,46,2024-04-29,Defective,126.78,Completed
1224,53017,465,2023-01-16,Damaged in Transit,217.09,Approved
1225,59268,36,2023-03-01,Changed Mind,279.09,Approved
1226,6210,437,2023-11-15,Sizing Issue,270.4,Rejected
1227,39733,283,2023-05-27,Wrong Item,396.2,Approved
1228,30192,234,2024-03-30,Defective,300.56,Pending
1229,90496,404,2022-04-25,Better Price Found,146.9,Pending
1230,31223,268,2024-08-19,Sizing Issue,596.92,Rejected
1231,57214,264,2023-10-19,Changed Mind,240.08,Pending
1232,31986,332,2022-03-13,Changed Mind,405.07,Approved
1233,87713,246,2024-02-05,Wrong Item,10.44,Pending
1234,45324,233,2023-08-21,Not As Described,242.72,Approved
1235,13741,416,2022-09-24,Sizing Issue,113.61,Pending
1236,70272,24,2022-08-04,Defective,618.35,Approved
1237,26112,375,2023-02-27,Other,754.36,Completed
1238,81781,347,2023-09-22,Wrong Item,613.26,Approved
1239,27040,119,2023-10-07,Damaged in Transit,628.34,Approved
1240,60625,408,2023-06-20,Damaged in Transit,107.02,Approved
1241,62187,330,2024-10-11,Wrong Item,659.27,Completed
1242,65844,238,2024-01-24,Damaged in Transit,77.73,Approved
1243,88964,103,2024-08-31,Other,663.93,Rejected
1244,50959,244,2023-11-08,Other,205.24,Approved
1245,80635,418,2024-01-28,Damaged in Transit,270.46,Approved
1246,29005,298,2022-09-29,Wrong Item,737.89,Approved
1247,17438,449,2023-04-14,Wrong Item,302.86,Pending
1248,24475,435,2022-05-16,Sizing Issue,355.79,Approved
1249,86178,196,2023-07-06,Damaged in Transit,605.96,Approved
1250,43024,284,2023-03-10,Sizing Issue,741.15,Approved
1251,57377,426,2022-05-23,Changed Mind,31.12,Completed
1252,1064,437,2022-07-15,Changed Mind,364.83,Approved
1253,33864,94,2022-12-21,Damaged in Transit,253.07,Approved
1254,76492,125,2023-08-31,Better Price Found,417.48,Pending
1255,59784,195,2022-05-28,Defective,216.79,Approved
1256,36349,365,2024-08-10,Sizing Issue,494.54,Pending
1257,56272,20,2024-05-25,Better Price Found,349.8,Approved
1258,22550,326,2022-12-24,Sizing Issue,483.4,Approved
1259,5510,90,2024-11-20,Better Price Found,441.78,Approved
1260,43873,326,2023-09-18,Other,476.16,Completed
1261,80711,306,2023-06-19,Better Price Found,647.44,Approved
1262,16204,393,2024-09-20,Defective,158.58,Pending
1263,42633,179,2024-02-17,Better Price Found,321.35,Rejected
1264,18279,96,2024-01-07,Unknown,631.26,Rejected
1265,88603,369,2023-06-15,Better Price Found,55.12,Approved
1266,41752,238,2023-03-30,Better Price Found,541.14,Approved
1267,12906,356,2024-07-24,Damaged in Transit,224.26,Approved
1268,77840,159,2022-09-27,Better Price Found,79.59,Approved
1269,80705,233,2022-04-19,Changed Mind,635.4,Completed
1270,37753,318,2022-02-14,Damaged in Transit,113.16,Pending
1271,21571,296,2023-10-31,Better Price Found,632.66,Approved
1272,12217,212,2022-09-30,Better Price Found,23.74,Approved
1273,86473,14,,Damaged in Transit,54.44,Completed
1274,55354,470,2022-04-23,Better Price Found,783.02,Approved
1275,88245,202,2023-03-25,Defective,646.52,Completed
1276,55327,279,2023-06-02,Defective,697.62,Completed
1277,37357,84,2023-07-08,Unknown,458.23,Pending
1278,20658,286,2022-09-23,Not As Described,708.16,Approved
1279,96002,498,2022-09-26,Other,449.52,Approved
1280,48852,107,2024-03-28,Damaged in Transit,358.72,Approved
1281,58176,51,2024-11-05,Not As Described,451.1,Approved
1282,27284,278,2022-06-19,Defective,312.2,Approved
1283,16798,370,2023-06-18,Changed Mind,773.27,Completed
1284,16233,276,2023-08-02,Changed Mind,565.91,Completed
1285,72014,9,2023-05-15,Wrong Item,154.0,Approved
1286,93034,465,2024-06-16,Other,229.86,Rejected
1287,50173,94,2023-09-11,Other,716.67,Approved
1288,48658,85,2024-06-24,Wrong Item,425.61,Completed
1289,65394,241,2022-06-10,Unknown,112.62,Pending
1290,38672,139,2023-03-28,Sizing Issue,233.14,Approved
1291,28691,490,2022-04-21,Unknown,664.36,Approved
1292,21473,333,2024-10-30,Not As Described,650.73,Approved
1293,34277,176,2023-07-25,Unknown,630.53,Completed
1294,16507,451,2023-06-29,Not As Described,775.83,Completed
1295,64970,46,2024-11-01,Other,754.98,Rejected
1296,66742,186,,Sizing Issue,488.18,Pending
1297,1237,128,2024-10-04,Changed Mind,269.68,Rejected
1298,55964,34,2023-03-04,Sizing Issue,635.18,Approved
1299,78689,37,2024-05-19,Defective,240.15,Approved
1300,24106,186,,Defective,407.81,Completed
1301,80690,443,2022-12-01,Sizing Issue,377.6,Rejected
1302,31665,432,2022-02-17,Changed Mind,310.15,Completed
1303,50944,405,2023-03-28,Wrong Item,448.25,Pending
1304,17683,353,2023-03-09,Changed Mind,187.04,Approved
1305,75676,252,2022-06-22,Wrong Item,790.79,Pending
1306,73344,440,2022-12-24,Changed Mind,168.55,Rejected
1307,12097,256,2022-06-23,Sizing Issue,453.0,Completed
1308,10971,392,2024-01-24,Wrong Item,206.18,Pending
1309,44928,174,2024-08-06,Better Price Found,482.11,Pending
1310,71084,344,2024-11-13,Wrong Item,157.9,Pending
1311,3576,398,2023-05-14,Sizing Issue,683.46,Approved
1312,6973,145,2022-03-05,Other,122.7,Rejected
1313,46804,386,2023-03-09,Wrong Item,591.64,Pending
1314,65618,143,2023-12-05,Better Price Found,190.95,Approved
1315,99938,78,2023-09-12,Not As Described,726.34,Approved
1316,6898,25,2022-11-29,Changed Mind,226.85,Approved
1317,33908,197,2023-08-06,Wrong Item,207.9,Approved
1318,95563,33,2022-05-30,Changed Mind,484.84,Approved
1319,14538,305,2022-11-17,Damaged in Transit,324.64,Pending
1320,54029,167,2023-01-01,Better Price Found,396.97,Rejected
1321,81762,132,2023-06-07,Not As Described,151.24,Approved
1322,52811,341,2022-12-01,Wrong Item,207.67,Approved
1323,87645,478,2024-10-05,Unknown,202.45,Approved
1324,42211,481,2024-08-14,Changed Mind,725.11,Pending
1325,14667,447,2022-05-18,Not As Described,253.86,Completed
1326,92749,147,2023-05-29,Unknown,486.35,Approved
1327,68339,117,2023-03-27,Changed Mind,417.95,Approved
1328,36732,172,2024-09-07,Not As Described,495.39,Approved
1329,76059,198,2022-06-13,Not As Described,776.1,Pending
1330,8258,461,2024-08-17,Wrong Item,306.71,Completed
1331,98601,3,2024-05-29,Sizing Issue,430.21,Completed
1332,91264,391,2024-09-24,Changed Mind,399.25,Approved
1333,20624,82,2023-02-23,Not As Described,637.38,Approved
1334,36032,219,,Sizing Issue,106.48,Pending
1335,47713,270,2024-09-29,Other,327.51,Completed
1336,18332,83,2022-07-22,Better Price Found,435.72,Completed
1337,48274,12,2022-10-15,Defective,725.87,Approved
1338,43244,314,2024-11-17,Defective,311.91,Rejected
1339,63057,78,2022-08-16,Sizing Issue,192.56,Completed
1340,28846,181,2024-03-13,Sizing Issue,562.34,Pending
1341,4399,388,2023-03-12,Better Price Found,609.52,Pending
1342,78807,356,2023-11-29,Changed Mind,209.1,Pending
1343,84275,365,2023-01-22,Better Price Found,503.77,Pending
1344,12505,463,,Damaged in Transit,425.21,Completed
1345,81692,370,2023-07-11,Damaged in Transit,550.75,Pending
1346,47467,342,2022-02-12,Changed Mind,236.26,Approved
1347,65580,240,2024-11-06,Not As Described,183.98,Approved
1348,36968,193,2022-05-03,Other,265.4,Approved
1349,48676,461,2024-08-17,Not As Described,578.21,Approved
1350,89538,360,2023-12-20,Damaged in Transit,323.44,Pending
1351,59359,433,2024-01-03,Sizing Issue,489.58,Completed
1352,68031,63,2023-12-05,Sizing Issue,169.2,Completed
1353,83709,285,2022-08-21,Damaged in Transit,616.46,Approved
1354,16943,121,2023-03-25,Changed Mind,133.94,Approved
1355,26709,423,2023-07-10,Better Price Found,582.68,Completed
1356,70036,192,2024-11-23,Changed Mind,71.83,Pending
1357,55794,47,2023-07-02,Sizing Issue,664.63,Approved
1358,87460,246,2023-03-23,Not As Described,50.78,Approved
1359,22834,171,2023-02-25,Defective,498.98,Rejected
1360,90787,378,2023-09-16,Sizing Issue,311.75,Completed
1361,64063,78,2024-07-21,Changed Mind,783.19,Approved
1362,66362,370,2024-02-16,Changed Mind,529.01,Approved
1363,49290,229,2023-08-25,Changed Mind,66.42,Pending
1364,3681,159,2022-04-06,Damaged in Transit,154.38,Approved
1365,12149,287,2024-01-31,Defective,353.56,Pending
1366,72,464,2024-02-08,Better Price Found,326.51,Approved
1367,20565,326,2023-11-25,Other,510.43,Pending
1368,15831,282,2024-02-16,Damaged in Transit,351.63,Approved
1369,70041,166,2022-12-19,Other,549.81,Completed
1370,35175,172,2024-12-25,Unknown,276.52,Rejected
1371,27154,197,2024-06-19,Defective,148.75,Pending
1372,58452,375,2023-11-08,Defective,640.8,Approved
1373,5052,404,2022-08-12,Unknown,302.03,Approved
1374,46770,43,2022-06-11,Sizing Issue,189.27,Approved
1375,23144,53,2023-01-15,Defective,201.43,Approved
1376,17118,369,2022-09-07,Other,202.88,Approved
1377,83414,377,2022-10-10,Unknown,396.86,Approved
1378,41278,378,2023-02-11,Not As Described,773.01,Rejected
1379,71840,116,2024-09-20,Other,128.16,Pending
1380,92857,347,2022-07-30,Other,99.02,Approved
1382,61831,219,2023-08-07,Damaged in Transit,475.78,Completed
1383,85410,113,2022-10-29,Defective,706.65,Rejected
1384,14510,277,,Changed Mind,189.45,Approved
1385,25849,176,2023-10-31,Better Price Found,166.36,Approved
1386,79262,194,2024-03-16,Better Price Found,23.34,Completed
1387,63650,479,2023-07-03,Changed Mind,550.5,Approved
1388,22269,450,2022-07-31,Better Price Found,621.87,Pending
1389,63729,222,2024-06-01,Not As Described,547.17,Approved
1390,34192,499,2024-05-15,Wrong Item,352.18,Pending
1391,79372,280,2023-12-08,Wrong Item,176.95,Completed
1392,30123,420,2024-06-18,Damaged in Transit,375.12,Approved
1393,98234,138,2024-03-05,Changed Mind,430.14,Completed
1394,92896,438,2024-06-29,Unknown,107.71,Approved
1395,52511,307,2023-10-19,Sizing Issue,356.3,Pending
1396,32786,361,2023-03-06,Defective,228.47,Approved
1397,41496,462,2023-08-28,Defective,787.22,Approved
1398,22848,279,2023-02-03,Better Price Found,204.08,Pending
1399,94678,418,2022-10-14,Changed Mind,695.38,Completed
1400,23852,404,2024-10-05,Changed Mind,511.31,Approved
1402,64284,93,2024-10-25,Defective,345.07,Approved
1403,54227,310,2023-06-10,Sizing Issue,115.29,Completed
1404,28999,57,2024-04-17,Sizing Issue,164.07,Pending
1405,48716,335,2022-08-04,Better Price Found,440.13,Approved
1406,83159,477,,Unknown,286.15,Approved
1407,28876,91,2024-03-12,Unknown,384.11,Approved
1408,77741,56,2024-10-19,Other,517.54,Approved
1409,7307,420,2023-03-24,Sizing Issue,250.24,Completed
1410,75420,383,2024-02-16,Other,706.69,Pending
1411,59402,237,2023-08-21,Other,63.6,Completed
1412,62686,322,2022-09-13,Other,707.2,Approved
1413,38332,490,2022-04-06,Wrong Item,148.86,Pending
1414,93586,478,2024-08-10,Other,50.25,Pending
1415,86194,9,2024-11-26,Other,396.9,Approved
1416,70043,257,2024-11-11,Better Price Found,148.1,Completed
1417,39907,229,2024-06-14,Wrong Item,268.61,Pending
1418,21687,321,2023-06-16,Better Price Found,647.82,Pending
1419,87284,248,2023-10-10,Better Price Found,745.24,Approved
1420,33435,28,2022-12-26,Unknown,267.29,Pending
1421,95722,459,2024-09-19,Unknown,732.77,Approved
1422,67900,102,2024-06-03,Other,142.17,Completed
1423,94367,240,2024-04-09,Better Price Found,359.85,Approved
1424,52585,365,2022-04-08,Sizing Issue,316.24,Approved
1425,50947,191,2024-07-27,Other,623.47,Approved
1426,10477,62,2024-08-22,Not As Described,789.66,Approved
1427,45289,458,2023-06-03,Unknown,495.31,Rejected
1428,14036,246,2024-02-02,Defective,435.48,Completed
1429,80719,63,2022-04-17,Better Price Found,93.97,Approved
1431,54971,373,2024-03-01,Defective,551.52,Approved
1432,51535,486,2024-09-14,Not As Described,259.58,Pending
1433,93734,287,2023-11-25,Defective,64.51,Approved
1434,62557,442,2023-01-19,Changed Mind,7.24,Completed
1435,37439,208,2022-03-06,Defective,257.16,Rejected
1436,4941,187,2023-09-30,Other,11.8,Approved
1437,13920,171,2023-06-17,Changed Mind,282.72,Approved
1438,7226,307,2022-11-19,Better Price Found,14.87,Completed
1439,89384,293,2023-01-22,Wrong Item,280.25,Pending
1440,44701,137,2023-07-02,Sizing Issue,444.48,Pending
1441,59112,262,2023-08-27,Changed Mind,747.78,Completed
1442,53734,124,2022-04-04,Wrong Item,170.78,Pending
1443,12456,178,2022-11-13,Other,19.03,Approved
1444,93770,203,2024-02-25,Wrong Item,26.68,Completed
1446,14704,303,2024-02-23,Not As Described,789.41,Approved
1447,41458,445,2024-10-26,Better Price Found,534.08,Completed
1448,67987,278,2024-06-04,Changed Mind,589.7,Pending
1449,5981,404,2024-10-21,Wrong Item,682.23,Approved
1450,6296,117,,Wrong Item,559.22,Approved
1452,19676,329,2022-10-06,Wrong Item,154.88,Approved
1453,99014,77,2024-01-26,Better Price Found,766.82,Pending
1454,36146,291,2023-08-11,Sizing Issue,259.98,Completed
1455,57110,470,2022-07-21,Other,783.61,Approved
1456,77339,104,2023-07-22,Better Price Found,128.54,Approved
1457,35259,384,2023-01-18,Other,360.13,Approved
1458,80298,105,2023-09-23,Other,388.82,Approved
1459,95697,206,2023-07-05,Not As Described,154.89,Pending
1460,75912,314,2024-10-03,Wrong Item,183.96,Pending
1461,53204,398,2024-02-20,Wrong Item,499.48,Approved
1462,52287,123,2023-09-15,Wrong Item,584.31,Approved
1463,8393,381,2023-05-07,Damaged in Transit,594.96,Approved
1464,89026,287,2023-07-22,Not As Described,272.81,Completed
1465,49310,122,2022-11-21,Wrong Item,525.42,Pending
1466,12210,456,2023-07-31,Sizing Issue,321.37,Completed
1467,53884,264,2022-08-12,Other,623.91,Approved
1468,69707,54,2024-07-28,Unknown,640.12,Approved
1469,45936,389,2024-05-09,Not As Described,79.58,Pending
1470,17315,348,2023-07-27,Better Price Found,127.83,Pending
1471,4574,33,2022-11-04,Better Price Found,170.27,Rejected
1472,94471,364,2023-02-07,Changed Mind,146.11,Pending
1473,10584,256,2022-04-08,Damaged in Transit,146.14,Approved
1474,61859,298,2023-11-08,Defective,642.63,Approved
1475,21106,376,2022-05-09,Better Price Found,32.86,Approved
1476,88515,374,2022-07-02,Unknown,448.63,Approved
1477,45532,32,2022-06-23,Other,189.39,Completed
1478,55189,131,2024-08-23,Unknown,583.56,Rejected
1479,43830,292,2024-05-17,Other,396.19,Approved
1480,54380,124,2024-03-25,Not As Described,741.47,Approved
1481,71257,231,2023-01-26,Damaged in Transit,749.06,Approved
1482,43032,420,2023-06-13,Not As Described,324.14,Approved
1483,32412,303,2023-01-06,Defective,281.75,Approved
1484,47651,156,2023-01-20,Sizing Issue,739.09,Rejected
1485,26096,405,2024-01-24,Defective,453.99,Completed
1486,83672,453,2022-08-17,Better Price Found,649.86,Completed
1487,66320,130,2024-06-06,Wrong Item,475.87,Approved
1488,57892,122,2024-06-05,Other,651.94,Completed
1489,69540,61,2024-07-08,Defective,624.21,Completed
1490,6019,146,2024-10-02,Wrong Item,189.45,Approved
1491,68022,411,2022-04-02,Not As Described,319.98,Completed
1492,39364,139,2023-05-11,Changed Mind,581.82,Completed
1493,82576,262,2023-07-27,Not As Described,209.38,Pending
1494,46501,20,2022-11-24,Damaged in Transit,755.08,Pending
1495,69352,440,2023-08-10,Better Price Found,19.05,Approved
1496,74768,195,2022-10-02,Other,194.45,Completed
1497,2458,430,2024-02-07,Defective,238.76,Approved
1498,61651,8,2024-06-03,Damaged in Transit,782.45,Completed
1499,63166,172,2024-06-03,Defective,554.14,Approved
1500,17930,189,2022-08-26,Changed Mind,201.73,Approved
1501,81391,193,2024-07-14,Better Price Found,354.91,Completed
1502,9443,196,2023-01-21,Other,432.3,Completed
1503,22854,486,2022-11-24,Damaged in Transit,93.69,Approved
1504,66392,153,2023-01-21,Defective,345.65,Rejected
1505,10102,449,2022-07-13,Other,635.11,Approved
1506,71629,256,2022-06-22,Sizing Issue,387.54,Approved
1507,21847,74,2023-03-19,Other,214.4,Pending
1508,44964,438,2024-07-19,Not As Described,788.67,Pending
1509,94421,495,2023-05-09,Other,462.57,Pending
1510,53713,309,2023-01-01,Changed Mind,680.85,Completed
1511,98657,457,2023-05-28,Changed Mind,318.13,Approved
1512,95174,51,2023-09-27,Damaged in Transit,468.21,Approved
1513,53748,172,2022-11-21,Better Price Found,127.91,Approved
1514,60369,66,2023-06-12,Damaged in Transit,95.17,Approved
1515,7357,213,2023-01-04,Unknown,70.77,Completed
1516,96078,403,2022-03-09,Better Price Found,639.4,Approved
1517,61714,485,2022-07-02,Changed Mind,599.5,Pending
1518,2421,201,2022-12-03,Unknown,717.16,Approved
1519,81372,422,2023-05-02,Defective,602.19,Completed
1520,86601,182,2022-12-25,Damaged in Transit,193.44,Pending
1521,50097,335,2024-01-26,Better Price Found,425.34,Completed
1522,83710,168,2023-09-03,Damaged in Transit,486.21,Pending
1523,52674,477,2022-04-21,Other,412.03,Approved
1524,58316,39,2023-01-06,Other,307.85,Pending
1525,48665,261,2024-06-21,Wrong Item,44.72,Rejected
1526,91277,144,2024-06-21,Damaged in Transit,430.42,Approved
1527,39707,86,2023-11-18,Sizing Issue,404.19,Approved
1528,19295,7,2023-08-22,Better Price Found,360.47,Pending
1529,22798,96,2023-08-17,Other,241.34,Pending
1530,15506,7,2024-06-29,Unknown,118.37,Pending
1531,22673,103,2022-03-26,Damaged in Transit,83.51,Approved
1532,32225,198,2023-11-06,Wrong Item,676.79,Pending
1533,51393,464,2023-05-18,Sizing Issue,548.4,Pending
1534,74457,56,2024-07-14,Sizing Issue,238.21,Approved
1535,28582,488,2024-01-22,Changed Mind,341.23,Approved
1536,46594,1,2023-03-19,Sizing Issue,378.57,Rejected
1537,79133,333,2023-05-02,Damaged in Transit,392.77,Completed
1538,99355,213,2023-09-20,Defective,163.79,Approved
1539,35164,293,2024-03-27,Wrong Item,658.9,Approved
1540,49060,281,2023-08-23,Better Price Found,342.57,Approved
1541,23359,159,2022-05-17,Unknown,564.19,Approved
1542,92931,374,2023-08-27,Sizing Issue,691.3,Rejected
1543,59502,145,2024-04-13,Damaged in Transit,411.72,Approved
1544,52258,125,2022-12-14,Not As Described,773.17,Approved
1545,16319,486,2023-11-14,Unknown,623.67,Approved
1546,18624,225,2022-12-15,Damaged in Transit,446.81,Approved
1547,33293,84,2022-10-23,Better Price Found,720.14,Completed
1548,68039,158,2023-09-07,Changed Mind,53.69,Approved
1549,61183,274,2022-11-05,Sizing Issue,24.04,Approved
1550,80087,57,2024-09-25,Damaged in Transit,293.99,Completed
1551,90651,273,2024-06-07,Changed Mind,387.11,Pending
1552,29309,190,2024-01-12,Sizing Issue,499.89,Pending
1553,26357,97,2022-10-17,Changed Mind,766.18,Approved
1554,59454,61,2023-12-26,Damaged in Transit,479.01,Completed
1555,45864,468,2024-11-01,Other,595.71,Approved
1556,1025,483,2022-05-15,Other,69.76,Approved
1557,64642,333,2022-12-09,Damaged in Transit,310.3,Rejected
1558,28266,409,2022-10-15,Defective,334.17,Approved
1559,83955,400,2023-04-21,Changed Mind,257.69,Approved
1560,54963,386,2023-11-02,Not As Described,782.48,Pending
1561,58356,435,2024-03-03,Other,593.23,Completed
1562,68267,220,2023-11-30,Not As Described,297.58,Pending
1563,86973,184,2023-02-15,Damaged in Transit,774.6,Pending
1564,43428,70,2024-01-04,Defective,306.21,Approved
1565,54744,331,2024-01-22,Wrong Item,601.27,Approved
1566,29127,303,2024-09-27,Sizing Issue,340.53,Approved
1567,99731,135,2023-04-02,Other,300.78,Approved
1568,988,410,2024-09-05,Not As Described,765.27,Approved
1569,488,441,2024-10-25,Unknown,633.73,Approved
1570,75589,125,2022-12-09,Damaged in Transit,130.39,Approved
1571,72180,161,2024-11-12,Wrong Item,474.49,Completed
1572,30532,377,2022-07-20,Better Price Found,723.88,Approved
1573,46332,433,2023-03-28,Better Price Found,256.29,Approved
1574,49966,88,2023-03-13,Defective,95.04,Rejected
1575,48937,269,2023-02-10,Other,70.15,Rejected
1576,53078,59,2022-04-16,Other,219.88,Completed
1577,61917,411,2024-12-18,Not As Described,716.39,Completed
1578,16810,499,2022-12-04,Wrong Item,564.99,Pending
1579,9803,417,2024-09-02,Sizing Issue,462.46,Rejected
1580,27841,287,2023-03-03,Defective,268.56,Approved
1581,62612,289,2022-07-24,Sizing Issue,356.84,Approved
1582,86853,371,2022-11-12,Damaged in Transit,13.64,Rejected
1583,85295,286,2024-12-07,Unknown,564.35,Approved
1584,56133,467,2022-09-19,Not As Described,788.67,Completed
1585,13268,244,2022-03-19,Not As Described,268.63,Completed
1586,7079,301,2023-10-28,Changed Mind,528.47,Approved
1587,71515,93,2023-11-24,Better Price Found,492.87,Approved
1588,26564,139,2024-03-13,Damaged in Transit,59.91,Rejected
1589,86415,5,2022-05-10,Defective,265.24,Pending
1590,44095,54,2022-02-08,Damaged in Transit,239.92,Approved
1591,2043,321,2023-02-08,Other,384.37,Pending
1592,32579,487,2024-08-29,Not As Described,459.76,Completed
1593,58354,390,2023-03-11,Defective,582.7,Rejected
1594,33535,309,2023-12-29,Changed Mind,594.95,Pending
1595,67769,351,2022-02-20,Other,203.87,Rejected
1596,43688,154,2024-05-26,Sizing Issue,435.86,Approved
1597,98644,5,2022-11-23,Better Price Found,312.97,Completed
1598,91610,300,2023-11-26,Defective,784.71,Approved
1599,51802,225,2024-08-17,Other,328.39,Approved
1600,21926,391,2023-11-24,Changed Mind,557.4,Completed
1602,95593,159,2022-03-15,Not As Described,92.3,Approved
1603,44091,101,2023-04-09,Not As Described,760.26,Pending
1604,58881,327,2023-02-16,Defective,339.77,Completed
1605,95799,268,2023-06-06,Other,425.99,Approved
1606,29474,295,2024-08-24,Other,547.58,Completed
1607,88242,50,2022-07-06,Damaged in Transit,382.5,Rejected
1608,829,487,2024-06-14,Sizing Issue,705.61,Approved
1609,15359,145,2022-05-23,Better Price Found,447.84,Rejected
1610,99333,304,2024-07-29,Better Price Found,177.7,Completed
1611,31943,243,2024-04-09,Other,165.23,Completed
1612,48736,456,2023-03-30,Wrong Item,190.23,Approved
1613,34101,24,2024-03-20,Sizing Issue,210.82,Rejected
1614,26625,22,2024-07-08,Other,128.84,Completed
1615,61597,242,2022-08-24,Not As Described,355.98,Approved
1616,44400,381,2023-02-11,Other,626.78,Approved
1617,56602,375,2023-01-21,Better Price Found,502.44,Approved
1618,8839,404,2023-01-28,Not As Described,748.12,Approved
1619,93474,61,2024-12-04,Not As Described,178.94,Rejected
1620,84213,169,2022-11-04,Better Price Found,167.41,Pending
1621,10776,328,2024-04-12,Not As Described,711.29,Completed
1622,65739,414,2023-02-16,Changed Mind,407.92,Pending
1623,78642,70,2022-04-07,Other,140.99,Rejected
1624,4933,212,2024-08-07,Wrong Item,261.0,Approved
1625,93583,159,2024-09-18,Not As Described,281.07,Pending
1626,59700,17,2024-05-17,Sizing Issue,759.08,Approved
1627,88293,319,2023-04-28,Not As Described,625.68,Approved
1628,55548,385,2024-01-21,Wrong Item,78.78,Completed
1629,92942,38,2023-07-13,Sizing Issue,554.53,Pending
1630,7074,94,2023-03-29,Damaged in Transit,91.45,Approved
1631,61141,386,2024-03-05,Not As Described,568.35,Completed
1632,91067,124,2022-10-29,Wrong Item,655.65,Approved
1633,79591,362,2024-07-20,Not As Described,317.32,Approved
1634,95358,263,2024-01-17,Not As Described,325.3,Approved
1635,78860,177,2023-10-26,Other,497.55,Rejected
1636,13659,54,2023-05-25,Changed Mind,593.5,Approved
1637,93497,470,2024-02-09,Changed Mind,121.51,Pending
1638,66547,402,2023-03-04,Changed Mind,716.46,Approved
1639,79808,4,2023-10-06,Changed Mind,513.49,Approved
1640,84414,425,2023-06-22,Not As Described,238.88,Approved
1641,8269,473,2022-08-18,Wrong Item,422.02,Approved
1642,43498,77,2022-12-07,Damaged in Transit,104.24,Pending
1643,89683,456,2024-11-15,Changed Mind,139.11,Approved
1644,67228,224,2022-08-27,Not As Described,52.36,Approved
1645,54160,231,2022-04-28,Defective,565.68,Rejected
1646,54617,172,2024-06-02,Unknown,773.58,Approved
1647,76151,138,2022-03-14,Unknown,628.49,Pending
1648,3654,294,2023-03-26,Better Price Found,581.27,Completed
1649,27644,160,2023-03-29,Changed Mind,311.45,Completed
1650,26635,185,2024-04-24,Defective,524.79,Completed
1651,13667,482,2024-04-02,Better Price Found,35.79,Approved
1652,10856,75,2022-11-21,Unknown,439.43,Rejected
1653,11157,69,2024-02-23,Sizing Issue,769.49,Approved
1654,21590,38,2023-11-05,Changed Mind,706.42,Rejected
1655,60767,157,2023-09-03,Wrong Item,37.16,Completed
1656,32053,69,2023-01-03,Better Price Found,198.64,Pending
1657,65765,404,2022-02-25,Not As Described,58.64,Approved
1658,25104,261,2022-08-13,Other,315.5,Approved
1659,46247,155,2022-02-15,Not As Described,533.35,Approved
1660,75381,359,2022-08-07,Damaged in Transit,136.7,Approved
1661,18589,80,2023-06-12,Wrong Item,139.41,Approved
1662,52865,224,2024-11-10,Wrong Item,775.14,Completed
1663,89556,22,2022-10-19,Sizing Issue,544.52,Approved
1664,11132,209,2022-04-04,Not As Described,634.01,Approved
1665,28667,233,2024-01-25,Changed Mind,243.83,Rejected
1666,3820,117,2023-12-25,Changed Mind,760.34,Pending
1667,22538,71,2022-10-07,Other,470.42,Approved
1668,66331,325,2023-10-08,Wrong Item,146.29,Approved
1669,22715,188,2024-07-14,Damaged in Transit,354.69,Approved
1670,98569,238,2024-01-13,Damaged in Transit,250.9,Approved
1671,55152,18,2022-04-11,Other,382.63,Approved
1672,14034,349,2024-12-29,Better Price Found,222.67,Approved
1673,29657,113,2024-10-27,Sizing Issue,775.15,Pending
1674,22785,315,2023-10-13,Changed Mind,435.47,Pending
1675,88256,99,2023-02-16,Changed Mind,539.21,Rejected
1676,60391,438,2023-04-13,Damaged in Transit,253.9,Approved
1677,62464,375,2023-06-29,Other,463.51,Pending
1678,60767,140,2022-04-14,Other,297.27,Completed
1679,50670,389,2024-05-02,Better Price Found,488.91,Approved
1680,56929,17,2023-12-04,Better Price Found,110.83,Completed
1681,29667,211,2024-06-05,Damaged in Transit,792.7,Approved
1682,31082,179,2022-03-18,Damaged in Transit,179.94,Approved
1683,14959,462,2024-10-20,Defective,121.34,Pending
1684,53982,352,2024-06-11,Defective,329.15,Approved
1685,64842,170,2023-04-20,Not As Described,530.91,Approved
1686,3717,288,2024-07-17,Unknown,739.23,Pending
1687,84369,320,2023-11-25,Changed Mind,556.42,Approved
1688,73215,220,2022-11-27,Better Price Found,76.56,Approved
1689,82936,436,2022-03-01,Wrong Item,193.61,Approved
1690,94689,246,2024-05-26,Better Price Found,797.32,Approved
1691,89009,21,2022-08-31,Better Price Found,609.19,Completed
1692,56072,227,2024-12-17,Changed Mind,536.91,Completed
1693,81840,375,2024-10-01,Damaged in Transit,638.87,Approved
1694,23333,24,2024-02-10,Damaged in Transit,720.41,Approved
1695,2377,309,2023-08-07,Wrong Item,663.96,Approved
1696,3440,261,2022-03-06,Not As Described,654.19,Completed
1697,60874,252,2024-03-28,Wrong Item,114.94,Approved
1698,30179,210,2024-05-08,Not As Described,325.73,Completed
1699,57433,90,2022-07-10,Sizing Issue,663.57,Rejected
1700,56735,464,2022-09-24,Wrong Item,103.45,Approved
1701,35107,282,2023-01-23,Sizing Issue,95.69,Completed
1702,36687,120,2024-07-10,Unknown,67.13,Approved
1703,7685,270,2024-06-19,Other,236.68,Pending
1704,83395,107,2023-05-28,Sizing Issue,724.44,Approved
1705,64202,177,2023-05-16,Other,354.08,Approved
1706,46928,376,2023-03-19,Not As Described,585.66,Approved
1707,96657,251,2024-05-02,Better Price Found,165.33,Completed
1708,45540,443,2022-03-15,Defective,638.48,Pending
1709,61056,53,2023-07-23,Not As Described,21.07,Approved
1710,52784,196,2023-04-16,Not As Described,101.63,Pending
1711,24070,98,2024-12-11,Defective,182.23,Completed
1712,97470,363,2024-11-18,Changed Mind,660.97,Approved
1713,36175,46,2022-06-14,Damaged in Transit,120.98,Approved
1714,86694,418,2024-11-10,Changed Mind,366.98,Completed
1716,60947,474,2023-03-31,Damaged in Transit,156.09,Pending
1717,33691,109,2022-05-05,Changed Mind,723.44,Approved
1718,7902,377,2022-08-18,Other,540.41,Completed
1719,18690,127,2024-05-18,Damaged in Transit,606.25,Pending
1720,34580,257,2024-06-04,Wrong Item,414.95,Pending
1721,54962,170,2022-09-21,Not As Described,739.0,Approved
1722,2335,142,2024-09-22,Wrong Item,111.7,Completed
1723,92415,425,2024-05-26,Damaged in Transit,340.48,Approved
1724,41886,189,2023-03-19,Changed Mind,398.39,Completed
1725,68275,356,2024-06-22,Not As Described,384.91,Pending
1726,71834,125,2023-09-12,Changed Mind,582.9,Pending
1727,60511,335,2024-07-07,Changed Mind,447.02,Approved
1728,15967,420,2023-02-22,Defective,69.09,Pending
1729,85480,82,2022-09-25,Unknown,471.87,Approved
1730,80744,27,2023-12-15,Damaged in Transit,123.85,Pending
1731,44352,431,2024-09-23,Sizing Issue,397.54,Approved
1732,42037,482,2023-08-25,Not As Described,485.19,Pending
1733,90669,355,2023-05-08,Better Price Found,729.64,Approved
1734,18109,121,2024-12-27,Sizing Issue,384.48,Approved
1735,20454,207,2022-11-13,Changed Mind,641.38,Completed
1736,13750,302,2024-04-14,Other,152.58,Pending
1737,21821,230,2024-03-20,Sizing Issue,741.92,Completed
1738,62189,321,2022-07-31,Not As Described,699.69,Approved
1739,65267,98,2023-05-20,Sizing Issue,169.24,Completed
1740,68383,466,2023-04-25,Damaged in Transit,612.61,Pending
1741,4063,340,2022-02-25,Changed Mind,240.77,Approved
1742,86656,131,2022-07-20,Changed Mind,591.64,Pending
1743,21651,184,2023-10-17,Defective,397.28,Approved
1744,58474,314,2022-11-23,Changed Mind,640.54,Approved
1745,94773,125,2024-04-27,Changed Mind,252.07,Pending
1746,647,251,2022-03-29,Not As Described,594.65,Approved
1747,2048,123,2023-07-13,Not As Described,416.45,Rejected
1748,82467,409,2024-11-19,Sizing Issue,340.19,Approved
1749,98836,379,2024-01-03,Changed Mind,157.13,Approved
1750,90660,207,2024-06-15,Better Price Found,434.21,Pending
1751,7441,62,2023-05-26,Defective,77.47,Approved
1752,91691,190,2024-02-01,Changed Mind,598.93,Completed
1753,85677,292,2023-10-05,Defective,277.18,Approved
1754,11384,423,2022-03-11,Damaged in Transit,639.07,Pending
1755,28230,193,2023-01-11,Damaged in Transit,303.69,Completed
1756,60774,34,2023-12-21,Sizing Issue,31.19,Approved
1757,11867,164,,Unknown,203.01,Completed
1758,65267,354,2023-07-13,Sizing Issue,290.86,Approved
1759,26462,489,2022-06-04,Other,237.3,Approved
1760,72197,330,2022-11-07,Better Price Found,395.94,Approved
1761,48311,73,2024-07-07,Other,77.84,Pending
1762,64203,139,2023-10-02,Unknown,464.1,Completed
1763,88820,367,2023-11-22,Other,308.38,Completed
1764,97243,245,2022-04-22,Better Price Found,617.38,Approved
1765,88047,77,2024-10-11,Defective,782.16,Approved
1766,89116,25,2022-08-05,Better Price Found,250.26,Approved
1767,77915,457,2024-12-31,Sizing Issue,385.57,Approved
1768,21387,177,2023-07-26,Defective,560.54,Completed
1769,19432,315,2022-03-12,Damaged in Transit,40.93,Approved
1770,91623,225,2023-06-24,Changed Mind,706.95,Pending
1771,39188,358,2022-03-29,Defective,675.72,Completed
1772,89268,379,2022-12-23,Changed Mind,497.47,Approved
1773,45975,214,2024-09-25,Better Price Found,26.1,Pending
1774,14040,316,2022-10-07,Not As Described,187.16,Approved
1775,62562,167,2024-07-05,Defective,768.14,Pending
1776,84747,442,2022-08-25,Sizing Issue,680.12,Completed
1777,59238,276,2024-07-12,Unknown,489.89,Approved
1778,75547,216,2023-11-12,Wrong Item,633.64,Completed
1779,29618,320,2023-06-05,Defective,686.46,Completed
1780,78097,188,2022-05-10,Sizing Issue,369.12,Approved
1781,46959,321,2023-04-09,Unknown,148.54,Rejected
1782,36380,425,2022-09-18,Wrong Item,567.16,Pending
1783,27424,131,2022-08-25,Wrong Item,56.68,Completed
1784,78637,246,2023-04-30,Other,126.24,Rejected
1785,47913,4,2022-03-10,Damaged in Transit,502.93,Completed
1786,57032,326,2024-01-29,Wrong Item,197.9,Pending
1787,57284,143,2023-06-17,Damaged in Transit,615.13,Rejected
1788,62028,57,2022-02-09,Not As Described,381.76,Completed
1789,29223,452,2023-09-14,Sizing Issue,774.86,Approved
1790,49426,362,2023-03-24,Other,472.28,Approved
1791,23531,343,2023-05-10,Changed Mind,687.51,Rejected
1792,91079,175,2022-05-10,Sizing Issue,393.91,Pending
1793,89851,149,2023-07-28,Defective,491.77,Approved
1794,5743,159,2023-01-27,Damaged in Transit,21.05,Approved
1795,35255,210,2022-07-09,Defective,399.43,Completed
1796,61194,46,2024-05-05,Not As Described,498.95,Completed
1797,49530,446,2022-05-06,Damaged in Transit,664.08,Rejected
1798,45648,391,2023-11-03,Better Price Found,428.34,Approved
1799,90693,214,2023-04-17,Sizing Issue,16.15,Approved
1800,73704,223,2023-03-24,Sizing Issue,710.37,Completed
1801,83385,172,2023-04-24,Not As Described,53.61,Completed
1802,22227,274,2024-12-18,Other,632.53,Approved
1803,51659,73,2024-11-16,Defective,131.39,Approved
1804,34080,489,2023-08-18,Changed Mind,115.21,Approved
1805,61903,497,2024-03-15,Other,331.2,Completed
1806,25501,262,2023-04-04,Not As Described,305.48,Approved
1807,30568,204,2024-06-20,Sizing Issue,363.39,Approved
1808,87966,64,2023-10-19,Unknown,47.45,Approved
1809,11917,490,2023-12-03,Sizing Issue,164.16,Completed
1810,51689,469,2023-05-01,Damaged in Transit,216.65,Approved
1811,11425,12,2022-06-24,Better Price Found,289.12,Pending
1812,310,179,,Changed Mind,329.01,Approved
1813,49445,309,2022-09-29,Changed Mind,108.17,Rejected
1814,81979,107,2024-11-17,Unknown,589.64,Rejected
1815,9696,437,2024-06-08,Defective,70.24,Pending
1816,69289,203,2024-05-25,Sizing Issue,85.82,Pending
1817,96675,78,2023-08-04,Sizing Issue,446.74,Approved
1818,51731,201,2022-10-04,Not As Described,394.96,Pending
1819,58615,243,2024-12-09,Other,757.99,Approved
1820,51489,246,2022-12-23,Other,419.01,Approved
1821,61692,462,2022-03-28,Other,46.71,Pending
1822,94635,128,2022-05-16,Changed Mind,798.54,Completed
1823,69211,356,2022-12-05,Unknown,800.0,Pending
1824,78400,480,2024-12-31,Damaged in Transit,562.32,Completed
1825,7908,418,2023-09-21,Not As Described,612.66,Approved
1826,8705,106,2024-09-11,Defective,394.79,Approved
1827,55796,148,2022-04-02,Better Price Found,518.41,Approved
1828,64032,429,2023-08-27,Sizing Issue,184.43,Completed
1829,66094,451,2022-12-12,Better Price Found,456.43,Pending
1830,52817,277,2024-11-17,Defective,502.21,Completed
1832,10308,264,2024-01-09,Other,763.25,Completed
1833,79259,147,2023-05-06,Damaged in Transit,201.92,Approved
1834,33953,56,2024-02-28,Better Price Found,127.6,Completed
1835,8505,382,2023-08-31,Other,134.77,Pending
1836,54745,329,2022-06-18,Better Price Found,788.55,Completed
1837,94493,372,2024-02-24,Not As Described,628.69,Pending
1838,97053,344,2024-10-25,Damaged in Transit,673.51,Pending
1839,81639,1,2024-03-21,Wrong Item,583.06,Approved
1840,49705,210,2024-03-22,Other,157.4,Pending
1841,87496,446,2022-06-28,Sizing Issue,158.81,Pending
1842,44722,35,2024-11-25,Other,283.55,Pending
1843,35765,393,2024-04-17,Other,359.73,Rejected
1844,26935,271,2024-04-28,Not As Described,170.5,Approved
1845,23052,23,2022-03-23,Not As Described,63.38,Pending
1846,22822,289,2023-04-06,Wrong Item,725.78,Completed
1847,906,370,2022-04-11,Unknown,740.06,Rejected
1848,9033,186,2023-08-14,Sizing Issue,209.14,Completed
1849,70853,318,2024-08-20,Sizing Issue,86.91,Pending
1850,10878,165,2022-09-25,Not As Described,219.56,Pending
1851,81511,386,2022-12-01,Sizing Issue,735.24,Completed
1852,61579,433,2022-10-04,Damaged in Transit,434.02,Pending
1853,11775,46,2023-06-29,Wrong Item,504.31,Rejected
1854,49769,106,2024-01-09,Changed Mind,505.29,Completed
1855,19749,449,2023-04-02,Not As Described,245.2,Completed
1856,88774,25,2023-03-23,Unknown,519.37,Approved
1857,79286,47,2024-09-23,Unknown,674.41,Completed
1858,11641,206,2023-06-25,Damaged in Transit,78.35,Approved
1859,97546,355,2023-06-13,Wrong Item,281.0,Pending
1860,77480,69,2024-07-28,Changed Mind,716.81,Approved
1861,49863,476,2024-11-30,Sizing Issue,610.4,Approved
1862,68939,137,2023-12-07,Changed Mind,158.05,Approved
1863,76794,333,2024-06-30,Not As Described,633.64,Pending
1864,78623,394,2022-03-18,Other,436.47,Completed
1865,13342,122,2024-02-16,Wrong Item,680.4,Approved
1866,66192,63,2023-06-05,Damaged in Transit,112.76,Rejected
1867,97495,379,2024-09-27,Defective,85.23,Pending
1868,20901,368,2024-01-27,Sizing Issue,216.79,Approved
1869,32989,173,2024-11-22,Wrong Item,776.35,Approved
1870,32438,213,2023-05-07,Wrong Item,783.42,Pending
1871,47973,150,2023-11-09,Wrong Item,684.33,Rejected
1872,30329,487,2023-03-04,Damaged in Transit,553.21,Approved
1873,94507,139,2022-12-06,Defective,795.81,Rejected
1874,65543,62,2023-06-22,Not As Described,482.45,Completed
1875,25696,298,2023-01-22,Unknown,8.37,Approved
1876,45466,12,2023-06-24,Damaged in Transit,545.77,Pending
1877,57031,23,2022-07-10,Wrong Item,420.08,Completed
1878,71813,125,2022-09-18,Wrong Item,640.63,Rejected
1879,48214,405,2024-11-13,Changed Mind,625.87,Pending
1880,17158,267,2024-10-02,Better Price Found,267.61,Rejected
1881,94078,87,2022-10-12,Unknown,160.9,Completed
1882,61,19,2023-11-26,Changed Mind,492.85,Approved
1883,84104,466,2024-11-27,Changed Mind,708.19,Rejected
1884,69019,30,2022-06-01,Defective,46.94,Pending
1885,79861,72,2023-04-22,Sizing Issue,716.75,Pending
1886,40508,220,2022-06-16,Sizing Issue,453.17,Approved
1887,17906,444,2023-05-21,Changed Mind,580.84,Approved
1888,28546,340,2022-09-12,Not As Described,512.95,Approved
1889,8058,141,2023-04-04,Not As Described,258.79,Rejected
1890,25655,55,2023-08-13,Not As Described,426.98,Approved
1891,6584,184,2022-05-13,Defective,309.12,Rejected
1892,45677,447,2024-01-10,Not As Described,606.7,Completed
1893,32216,164,2024-07-04,Other,287.18,Pending
1894,39945,184,2024-11-28,Unknown,731.37,Pending
1895,98122,112,2022-10-24,Not As Described,676.88,Completed
1896,37850,81,2022-11-07,Changed Mind,457.55,Approved
1897,11020,339,2022-07-21,Damaged in Transit,685.26,Completed
1898,7922,61,2023-02-28,Changed Mind,567.71,Approved
1899,19540,471,2023-06-09,Not As Described,58.41,Approved
1900,64802,19,2023-09-12,Better Price Found,619.67,Approved
1901,4582,46,2022-06-22,Unknown,740.51,Completed
1902,41015,132,2023-11-08,Better Price Found,183.02,Completed
1903,95727,63,2024-02-25,Better Price Found,494.7,Completed
1904,29998,497,2023-11-17,Better Price Found,83.75,Completed
1905,92614,270,2024-09-15,Other,236.24,Approved
1906,92718,342,2024-11-23,Better Price Found,399.04,Approved
1907,93695,18,2023-10-20,Wrong Item,101.75,Approved
1908,65659,388,2023-03-02,Wrong Item,611.27,Pending
1909,49925,91,2023-03-09,Damaged in Transit,348.54,Completed
1910,68521,470,,Not As Described,608.32,Completed
1911,99470,293,2024-08-30,Wrong Item,569.08,Approved
1912,94860,95,2024-10-29,Sizing Issue,711.65,Pending
1913,4353,373,2023-06-14,Damaged in Transit,49.66,Pending
1914,85646,456,2024-12-18,Wrong Item,207.75,Approved
1915,2647,364,2024-08-09,Changed Mind,712.38,Approved
1916,71637,295,2023-03-28,Defective,266.73,Rejected
1917,39781,215,2024-10-13,Other,189.57,Approved
1918,90311,388,2022-05-07,Other,608.33,Pending
1919,76331,106,2022-10-13,Sizing Issue,293.91,Rejected
1920,89188,74,2022-12-18,Better Price Found,637.69,Approved
1921,71218,85,2023-01-10,Not As Described,226.27,Rejected
1922,92783,228,2024-04-14,Changed Mind,643.45,Completed
1923,60333,67,2022-07-15,Damaged in Transit,754.88,Approved
1924,53221,7,2024-11-13,Changed Mind,465.08,Completed
1925,80147,26,2023-07-27,Other,242.82,Approved
1926,18654,420,2023-08-16,Other,635.27,Approved
1927,21612,280,2024-05-25,Sizing Issue,611.88,Rejected
1928,53104,431,2024-01-02,Better Price Found,653.15,Approved
1930,7227,365,2023-10-15,Sizing Issue,341.36,Approved
1931,94681,312,2023-03-13,Better Price Found,34.02,Completed
1932,69949,191,2024-01-29,Better Price Found,778.86,Approved
1933,71566,348,2022-02-08,Changed Mind,681.18,Approved
1934,35067,209,2023-10-30,Defective,416.86,Approved
1935,91196,448,2022-08-28,Sizing Issue,56.73,Pending
1936,90098,486,2022-05-06,Other,485.39,Rejected
1937,49219,341,2024-06-30,Changed Mind,797.03,Approved
1938,12755,474,2024-11-25,Not As Described,250.6,Approved
1939,8739,264,2023-11-14,Defective,420.44,Pending
1940,8644,33,2022-03-26,Other,275.65,Completed
1941,30271,341,2022-12-18,Damaged in Transit,718.78,Approved
1942,91618,453,2023-05-10,Wrong Item,382.57,Completed
1943,27103,110,2024-02-04,Unknown,621.61,Approved
1944,24857,235,2024-11-18,Other,205.32,Rejected
1945,81702,16,2022-06-01,Changed Mind,389.23,Approved
1946,37871,1,2024-07-04,Damaged in Transit,35.42,Rejected
1947,81998,401,2024-04-19,Wrong Item,741.17,Approved
1949,41625,163,2024-12-11,Other,32.32,Approved
1950,28986,278,2022-03-06,Damaged in Transit,199.48,Rejected
1951,64277,408,2023-09-19,Not As Described,233.56,Completed
1953,15861,118,2024-05-21,Other,9.81,Approved
1954,69458,224,2024-05-17,Changed Mind,671.43,Approved
1955,29578,266,2024-03-03,Better Price Found,690.39,Approved
1956,22337,96,2024-07-25,Changed Mind,433.4,Approved
1957,23397,131,2023-04-07,Other,390.41,Approved
1958,57380,167,2022-06-15,Wrong Item,794.74,Pending
1959,95542,431,2024-09-05,Wrong Item,202.91,Completed
1960,42026,486,2023-03-16,Other,598.62,Approved
1961,21476,109,2024-08-03,Sizing Issue,378.09,Approved
1962,45286,190,2024-09-23,Not As Described,570.17,Approved
1963,12485,252,2024-08-13,Not As Described,650.86,Approved
1964,27672,118,2023-08-30,Wrong Item,680.3,Completed
1965,47020,474,2022-02-21,Changed Mind,688.71,Pending
1966,41490,135,2023-06-15,Not As Described,155.36,Approved
1967,94603,161,2023-11-14,Changed Mind,255.7,Approved
1968,83507,341,2023-12-09,Sizing Issue,105.48,Approved
1969,48603,19,2022-03-11,Sizing Issue,442.96,Approved
1970,89369,5,2024-12-22,Unknown,219.58,Pending
1971,69712,442,2022-09-12,Other,150.5,Approved
1972,64161,4,2024-11-02,Damaged in Transit,376.93,Approved
1973,35576,467,2022-06-02,Not As Described,699.58,Rejected
1974,62932,361,2022-03-18,Damaged in Transit,321.65,Approved
1975,3981,324,2024-07-08,Damaged in Transit,165.82,Approved
1976,2804,160,2024-05-04,Wrong Item,366.48,Approved
1977,17338,150,2023-06-27,Damaged in Transit,488.45,Approved
1978,11589,493,2023-11-11,Defective,795.59,Rejected
1979,33660,280,2023-07-29,Unknown,690.02,Approved
1980,72171,277,2024-12-27,Changed Mind,258.58,Pending
1981,2226,229,2023-03-29,Unknown,96.87,Pending
1982,43657,95,2022-05-09,Sizing Issue,60.74,Approved
1983,94107,458,2023-08-20,Defective,486.66,Approved
1984,75214,147,2022-09-26,Sizing Issue,794.33,Approved
1985,63072,425,2024-07-13,Not As Described,703.02,Approved
1986,173,96,2024-01-02,Defective,200.85,Approved
1987,42324,435,2024-09-28,Better Price Found,319.35,Pending
1988,98989,386,2024-10-05,Other,644.93,Completed
1989,96761,362,2023-05-19,Defective,426.23,Rejected
1990,15434,248,2022-07-05,Damaged in Transit,146.7,Completed
1991,74486,478,2024-07-09,Sizing Issue,437.86,Approved
1992,79002,423,2023-03-05,Not As Described,447.85,Pending
1993,95553,312,2023-02-02,Other,210.48,Rejected
1994,925,267,2024-04-18,Defective,636.81,Completed
1995,65760,279,2022-03-22,Not As Described,696.26,Completed
1996,83337,46,,Damaged in Transit,472.8,Pending
1997,42340,128,2024-07-01,Unknown,406.12,Rejected
1998,98902,284,2022-06-18,Not As Described,70.57,Rejected
1999,91444,492,2024-02-26,Defective,207.23,Approved
2000,84375,342,2022-08-21,Sizing Issue,335.95,Approved
2001,65495,220,2022-04-19,Better Price Found,648.92,Pending
2002,97705,395,2022-04-13,Defective,749.43,Completed
2003,98863,334,2022-05-13,Sizing Issue,436.51,Approved
2004,88136,375,2022-08-13,Damaged in Transit,270.9,Approved
2005,50609,114,2022-02-24,Defective,560.78,Completed
2006,93866,220,2024-05-30,Better Price Found,38.69,Approved
2007,53862,405,2023-07-13,Damaged in Transit,230.44,Approved
2008,73626,199,2023-08-11,Other,326.23,Approved
2009,55954,131,2023-03-17,Better Price Found,298.17,Completed
2010,16035,239,2023-10-25,Unknown,16.92,Pending
2011,16190,162,2024-05-04,Other,153.08,Approved
2012,13162,496,2024-12-24,Other,368.32,Completed
2013,8168,125,2024-09-29,Better Price Found,544.04,Approved
2014,69164,278,2023-04-24,Changed Mind,284.36,Approved
2015,26981,25,2024-08-01,Better Price Found,99.92,Approved
2016,31689,180,2023-11-13,Wrong Item,581.46,Approved
2017,68909,168,2024-09-01,Changed Mind,417.74,Completed
2018,16737,492,2023-01-21,Wrong Item,376.5,Approved
2019,22865,376,2024-10-28,Defective,176.22,Approved
2020,9729,420,2022-05-22,Other,394.09,Approved
2021,12475,89,2023-01-08,Defective,150.79,Approved
2022,56873,20,2022-09-19,Sizing Issue,68.43,Completed
2023,37973,407,2023-10-07,Not As Described,791.44,Pending
2024,79644,291,2022-06-06,Defective,385.32,Pending
2025,52391,247,2024-02-26,Better Price Found,38.28,Pending
2026,8034,253,2024-10-14,Defective,536.91,Approved
2027,41435,49,2024-02-08,Not As Described,106.0,Completed
2028,40410,389,,Other,329.97,Completed
2029,62810,450,2024-04-28,Unknown,467.12,Approved
2030,90414,270,2022-11-09,Unknown,658.94,Completed
2031,39603,356,2023-04-10,Damaged in Transit,273.4,Completed
2032,80009,454,2024-11-20,Sizing Issue,708.38,Approved
2033,16408,231,2023-08-10,Better Price Found,730.68,Rejected
2034,15197,131,2024-11-29,Not As Described,86.27,Approved
2035,20318,237,2023-10-20,Other,110.67,Rejected
2036,3062,383,2022-08-20,Defective,64.94,Completed
2037,97778,359,2024-07-29,Other,305.79,Pending
2038,4094,269,2022-03-13,Unknown,162.09,Pending
2039,63502,169,2022-12-12,Not As Described,432.89,Approved
2040,60938,86,2022-10-21,Not As Described,136.89,Pending
2041,17787,19,,Damaged in Transit,153.94,Completed
2042,94851,280,2024-07-13,Better Price Found,386.12,Approved
2043,68630,257,2024-04-07,Unknown,71.55,Rejected
2044,90754,327,2022-12-22,Sizing Issue,358.98,Pending
2045,92614,459,2022-03-28,Changed Mind,406.75,Rejected
2046,56986,225,2023-11-18,Not As Described,483.77,Completed
2047,70782,435,2022-06-06,Damaged in Transit,90.53,Pending
2048,87341,84,2024-10-20,Changed Mind,543.05,Approved
2049,83066,115,2022-05-25,Changed Mind,184.25,Approved
2050,55170,112,2022-10-30,Defective,639.28,Approved
2051,41981,289,2023-02-10,Damaged in Transit,156.09,Rejected
2052,19465,28,2023-03-29,Sizing Issue,348.69,Pending
2053,39049,188,2022-04-12,Sizing Issue,763.78,Completed
2054,59772,155,2022-12-15,Unknown,339.5,Approved
2055,46053,415,2023-11-11,Damaged in Transit,763.25,Approved
2056,22266,182,2024-07-14,Better Price Found,747.33,Completed
2057,96049,275,2024-07-22,Not As Described,112.19,Completed
2058,78348,295,2024-04-19,Better Price Found,646.87,Approved
2059,97189,75,2023-04-07,Wrong Item,143.6,Approved
2061,39780,456,2022-04-26,Defective,101.03,Approved
2062,82956,429,2023-10-01,Defective,404.96,Approved
2063,91322,149,2024-05-16,Changed Mind,258.26,Rejected
2064,28287,85,,Unknown,402.81,Approved
2065,24826,304,2023-05-15,Defective,202.21,Completed
2066,20469,92,2023-08-18,Damaged in Transit,695.62,Approved
2067,34863,349,2023-10-10,Other,669.74,Pending
2068,45784,327,2024-09-25,Defective,130.96,Completed
2069,72653,301,2022-05-19,Better Price Found,693.41,Approved
2070,12248,450,2024-03-25,Not As Described,363.8,Pending
2071,3237,393,2023-11-21,Other,582.3,Pending
2072,9396,287,2024-03-12,Better Price Found,481.93,Pending
2073,87106,1,2022-04-15,Sizing Issue,799.13,Approved
2074,22073,199,2022-03-19,Unknown,475.15,Pending
2075,12632,13,2022-08-08,Other,415.2,Approved
2076,51820,68,2023-09-28,Unknown,669.34,Approved
2077,5346,73,2022-09-11,Better Price Found,24.4,Pending
2078,37452,161,2022-06-02,Defective,670.92,Pending
2079,61961,404,2022-09-07,Better Price Found,448.76,Approved
2080,39330,433,2022-10-28,Better Price Found,742.5,Rejected
2081,27548,69,2024-11-26,Better Price Found,453.31,Completed
2082,59364,17,2022-02-02,Damaged in Transit,740.56,Pending
2083,87733,92,2024-09-28,Wrong Item,160.55,Completed
2084,53282,105,2022-11-26,Defective,201.58,Approved
2085,55742,195,,Sizing Issue,625.28,Approved
2086,76348,302,2024-11-29,Better Price Found,326.56,Approved
2087,59840,472,2024-03-02,Better Price Found,739.23,Approved
2088,71345,319,2023-09-16,Better Price Found,575.65,Approved
2089,72835,101,2023-04-25,Other,525.08,Completed
2090,82357,480,2024-02-09,Better Price Found,281.79,Approved
2091,27528,51,2024-10-17,Changed Mind,1192.18125,Pending
2092,59454,57,2022-05-12,Defective,589.75,Approved
2093,82218,191,2024-10-09,Wrong Item,394.43,Approved
2094,34736,459,2024-02-13,Sizing Issue,425.32,Pending
2095,57435,223,2023-01-15,Defective,446.67,Approved
2096,92142,374,2024-10-14,Not As Described,622.07,Approved
2097,49122,120,2024-01-15,Other,41.73,Approved
2098,32737,86,2022-05-05,Wrong Item,50.5,Pending
2099,58645,353,2023-07-19,Not As Described,96.83,Pending
2100,21665,348,2022-05-21,Changed Mind,586.96,Approved
2101,38819,141,2023-01-09,Defective,108.19,Completed
2102,57010,462,2022-05-28,Changed Mind,432.74,Approved
2103,5980,454,2024-12-04,Wrong Item,412.72,Approved
2104,5617,373,,Unknown,552.11,Approved
2105,25527,79,2022-03-11,Changed Mind,245.81,Pending
2106,16671,432,2024-05-26,Changed Mind,8.53,Approved
2107,19090,448,2022-09-10,Changed Mind,197.38,Approved
2108,12582,247,2023-03-06,Better Price Found,347.42,Pending
2109,97874,50,2022-02-15,Sizing Issue,233.27,Completed
2110,96580,343,2024-07-03,Not As Described,569.07,Rejected
2111,70762,363,2023-10-24,Changed Mind,365.87,Approved
2112,29660,328,2022-10-22,Sizing Issue,528.95,Completed
2113,75944,375,2024-02-24,Wrong Item,751.01,Pending
2114,99902,118,2024-12-15,Sizing Issue,657.78,Approved
2115,79843,490,,Wrong Item,314.86,Approved
2116,29641,308,2022-04-20,Wrong Item,150.18,Rejected
2117,89834,61,2023-02-20,Damaged in Transit,75.48,Approved
2118,44060,99,2024-04-10,Wrong Item,749.38,Approved
2119,76676,272,2023-01-02,Changed Mind,502.99,Approved
2120,49412,138,2023-08-25,Wrong Item,748.82,Rejected
2121,60502,367,2024-03-11,Defective,568.51,Approved
2122,53484,248,2024-04-28,Not As Described,306.41,Approved
2123,54445,200,2022-03-30,Changed Mind,462.53,Pending
2124,8996,195,2024-08-31,Other,580.76,Approved
2125,20057,426,,Sizing Issue,572.62,Completed
2126,20686,190,2024-05-08,Changed Mind,355.85,Approved
2127,56647,160,2022-05-15,Wrong Item,529.38,Approved
2128,57755,36,2022-04-29,Wrong Item,299.69,Approved
2129,14834,46,2023-01-07,Better Price Found,358.49,Pending
2130,99509,484,2022-05-22,Not As Described,607.38,Completed
2131,3692,402,2022-08-09,Defective,74.74,Completed
2132,59052,141,2022-09-26,Damaged in Transit,22.3,Completed
2133,88959,270,2022-11-27,Better Price Found,253.7,Approved
2134,52153,314,2022-02-24,Damaged in Transit,353.32,Approved
2135,84216,454,2022-07-05,Sizing Issue,369.67,Pending
2136,77257,360,2023-05-07,Damaged in Transit,700.3,Approved
2137,28972,37,2023-03-20,Unknown,469.95,Approved
2138,12739,349,2024-04-22,Other,588.65,Completed
2139,28342,6,2023-04-16,Unknown,547.01,Approved
2140,53766,266,2024-03-27,Damaged in Transit,709.92,Pending
2141,80765,227,2023-11-18,Better Price Found,438.89,Completed
2142,42152,193,2023-06-08,Wrong Item,485.31,Approved
2143,19386,393,2023-08-27,Changed Mind,649.82,Pending
2144,90437,383,2024-06-22,Better Price Found,265.19,Completed
2145,70579,141,2023-02-17,Defective,405.49,Rejected
2146,39581,344,2024-03-28,Other,474.44,Approved
2147,61832,161,2022-03-16,Changed Mind,180.59,Completed
2148,88949,490,2022-03-16,Changed Mind,361.09,Pending
2149,64467,330,2023-01-21,Not As Described,181.65,Approved
2150,2046,94,2022-09-26,Changed Mind,259.25,Approved
2151,16553,356,2022-06-11,Not As Described,629.26,Approved
2152,28050,26,2023-07-04,Wrong Item,597.35,Approved
2153,44874,500,2023-04-12,Wrong Item,741.06,Pending
2154,65499,100,2022-09-08,Damaged in Transit,59.81,Completed
2155,23335,327,2023-01-01,Changed Mind,764.61,Completed
2156,74314,134,2024-02-26,Better Price Found,367.28,Pending
2157,77617,290,2023-06-15,Changed Mind,96.5,Approved
2158,41882,459,2023-06-09,Unknown,201.89,Pending
2159,96548,224,2023-10-13,Wrong Item,13.35,Completed
2160,73195,289,2024-03-02,Defective,607.73,Pending
2161,25637,171,2022-10-08,Damaged in Transit,389.46,Completed
2162,79266,392,,Better Price Found,274.46,Completed
2163,20658,36,2022-12-29,Not As Described,267.44,Approved
2164,12295,295,2022-12-14,Better Price Found,367.43,Rejected
2165,95096,302,2023-08-17,Wrong Item,705.31,Completed
2166,95275,165,2023-10-27,Damaged in Transit,362.54,Approved
2167,10980,479,2024-06-09,Better Price Found,153.46,Approved
2168,96349,249,2022-05-31,Other,128.91,Completed
2169,13376,449,2024-02-14,Better Price Found,579.63,Approved
2170,96747,25,2024-03-22,Damaged in Transit,606.17,Approved
2171,95348,438,2022-11-14,Changed Mind,532.83,Approved
2172,15488,470,2024-11-24,Wrong Item,616.63,Approved
2173,44335,184,2023-10-02,Damaged in Transit,706.87,Approved
2174,96166,467,2024-09-19,Other,187.23,Rejected
2175,94212,281,2023-02-01,Defective,686.91,Approved
2176,76785,267,2023-05-21,Other,162.0,Completed
2177,99973,185,2022-02-12,Other,269.77,Rejected
2178,63639,154,2024-08-06,Better Price Found,221.61,Approved
2179,41030,20,2022-02-10,Not As Described,410.07,Completed
2180,39091,452,2024-01-19,Sizing Issue,643.4,Approved
2181,33573,61,2024-06-18,Defective,138.45,Pending
2182,86098,369,2023-09-26,Sizing Issue,354.93,Approved
2183,81608,139,2024-10-02,Not As Described,298.22,Pending
2184,8980,157,2023-06-07,Defective,672.57,Completed
2185,63015,85,2024-01-24,Wrong Item,188.02,Approved
2186,68691,265,,Better Price Found,127.96,Completed
2187,85350,25,2023-10-06,Changed Mind,743.99,Pending
2188,28753,346,,Not As Described,708.39,Approved
2189,79522,240,2023-07-05,Better Price Found,291.3,Approved
2190,23133,370,2024-02-10,Damaged in Transit,130.13,Approved
2191,20354,390,2024-05-24,Changed Mind,89.7,Approved
2192,98913,362,2022-04-03,Defective,614.93,Completed
2193,51271,405,2023-12-24,Damaged in Transit,349.15,Rejected
2194,4964,117,2024-03-15,Wrong Item,671.52,Approved
2195,61468,45,2023-06-26,Damaged in Transit,240.33,Approved
2196,54161,488,,Defective,777.49,Completed
2197,86861,328,2024-05-14,Better Price Found,707.57,Approved
2198,22764,307,2022-06-17,Other,157.75,Approved
2199,45475,190,2023-03-31,Changed Mind,678.48,Completed
2200,82076,168,2024-01-13,Damaged in Transit,560.41,Completed
2201,41717,37,2023-01-27,Sizing Issue,752.94,Rejected
2202,31467,309,2022-03-23,Sizing Issue,205.14,Rejected
2203,76185,141,2023-08-19,Damaged in Transit,376.36,Pending
2204,88593,311,2024-10-18,Defective,467.33,Completed
2205,52151,88,2022-03-29,Better Price Found,672.22,Approved
2206,98774,266,2022-09-22,Wrong Item,591.54,Completed
2207,39512,46,2023-10-20,Wrong Item,671.84,Approved
2208,46174,102,2024-04-01,Other,382.14,Pending
2209,72421,450,2023-02-22,Better Price Found,90.21,Completed
2210,90419,347,2024-07-27,Defective,54.91,Rejected
2211,17474,88,2022-06-02,Other,388.97,Completed
2212,12750,230,2022-03-20,Changed Mind,698.46,Approved
2213,1247,321,2022-07-04,Wrong Item,481.65,Approved
2214,5414,406,2023-12-16,Wrong Item,408.71,Approved
2215,84878,310,2024-02-26,Unknown,774.2,Pending
2216,60842,475,2023-09-22,Changed Mind,376.82,Approved
2217,92085,161,2022-07-31,Sizing Issue,454.78,Approved
2218,96639,239,,Not As Described,53.8,Approved
2219,92372,109,2022-08-13,Better Price Found,147.55,Approved
2220,83418,500,2023-09-26,Damaged in Transit,269.14,Approved
2221,32325,139,2024-09-10,Defective,294.71,Approved
2222,73827,315,2024-05-20,Better Price Found,790.45,Approved
2223,10757,348,2023-04-04,Damaged in Transit,690.56,Approved
2224,86064,174,2023-11-20,Other,705.51,Completed
2225,25388,144,2024-05-06,Sizing Issue,766.96,Pending
2226,23471,270,2024-04-26,Wrong Item,486.51,Completed
2227,84381,475,2023-10-13,Unknown,28.81,Pending
2228,35955,285,2023-05-17,Better Price Found,359.43,Approved
2229,51922,129,2023-05-20,Wrong Item,358.66,Approved
2230,77744,248,2023-10-12,Changed Mind,115.95,Rejected
2231,41919,335,2022-02-14,Sizing Issue,684.84,Approved
2232,7942,365,2024-04-17,Wrong Item,165.03,Completed
2233,91723,123,2024-11-26,Defective,417.02,Completed
2234,1771,289,2022-02-02,Sizing Issue,541.2,Pending
2235,9049,249,2023-10-22,Not As Described,515.37,Pending
2236,55040,376,2023-12-04,Better Price Found,38.11,Approved
2237,42922,92,2023-10-21,Other,298.54,Pending
2238,86283,139,2024-01-28,Not As Described,609.56,Approved
2239,15034,51,2023-01-23,Damaged in Transit,131.7,Approved
2240,25360,215,2024-05-04,Other,582.14,Approved
2241,68739,319,2024-11-11,Wrong Item,156.18,Approved
2242,21295,199,2022-10-10,Changed Mind,202.49,Completed
2243,23055,329,2024-09-29,Not As Described,180.25,Completed
2244,30440,487,2024-04-09,Damaged in Transit,396.64,Pending
2245,71302,232,2022-11-22,Better Price Found,394.43,Completed
2246,13959,438,2024-12-14,Wrong Item,735.78,Approved
2247,46336,170,2024-02-09,Unknown,476.07,Approved
2248,98210,58,2022-03-26,Changed Mind,28.55,Completed
2249,8309,102,2022-09-05,Unknown,691.5,Approved
2250,38507,145,2022-02-05,Damaged in Transit,282.6,Approved
2251,45340,345,2023-10-15,Wrong Item,161.79,Approved
2252,58579,352,2024-06-17,Wrong Item,462.83,Approved
2253,54366,120,2022-08-16,Other,437.91,Approved
2254,54260,151,2022-02-04,Changed Mind,734.07,Pending
2255,99616,475,2022-06-06,Wrong Item,35.97,Pending
2256,96928,111,2022-04-20,Not As Described,492.99,Pending
2257,63126,465,2022-04-06,Damaged in Transit,320.07,Pending
2258,72568,434,2022-10-05,Other,115.69,Pending
2259,61087,232,2023-06-04,Not As Described,13.73,Pending
2260,65618,452,2022-10-22,Wrong Item,27.09,Approved
2261,45358,158,2024-02-21,Other,698.94,Approved
2262,83394,185,2022-11-03,Damaged in Transit,245.58,Approved
2263,99884,44,2023-09-20,Wrong Item,486.15,Approved
2264,80398,62,2024-09-29,Better Price Found,783.21,Completed
2265,80158,135,2022-07-30,Defective,768.91,Rejected
2266,41966,455,2023-11-06,Not As Described,53.83,Completed
2267,67733,370,2024-12-11,Not As Described,476.45,Approved
2268,8156,330,2024-06-09,Better Price Found,55.31,Pending
2269,29,452,2024-08-29,Not As Described,379.9,Approved
2270,68470,480,2022-06-30,Not As Described,110.9,Rejected
2271,62808,401,2022-02-26,Better Price Found,275.54,Pending
2272,51153,310,2023-10-31,Sizing Issue,353.0,Completed
2273,18124,61,2024-12-08,Wrong Item,567.78,Approved
2274,41101,172,2024-03-20,Wrong Item,197.22,Approved
2275,48672,335,2024-09-21,Sizing Issue,793.18,Approved
2276,28222,266,2024-10-12,Sizing Issue,51.96,Approved
2277,83926,472,2022-12-27,Sizing Issue,265.14,Approved
2278,43630,460,2023-09-14,Wrong Item,551.44,Pending
2279,4143,236,2022-10-26,Sizing Issue,226.73,Approved
2280,63488,419,2022-12-08,Not As Described,477.84,Approved
2281,56498,137,2023-04-12,Damaged in Transit,691.72,Approved
2282,81769,368,2024-06-14,Better Price Found,775.07,Approved
2283,89200,492,2022-05-24,Wrong Item,331.26,Pending
2284,39775,479,2024-03-18,Other,678.28,Rejected
2285,36007,209,2022-12-10,Not As Described,582.37,Completed
2286,78900,482,2022-03-20,Damaged in Transit,303.2,Approved
2287,56489,195,2023-01-15,Changed Mind,696.03,Approved
2288,10983,215,2022-03-11,Wrong Item,92.21,Approved
2289,43306,402,2022-09-04,Sizing Issue,565.25,Completed
2290,55450,139,2022-08-12,Changed Mind,184.93,Approved
2291,47334,204,2022-05-14,Other,217.99,Pending
2292,88770,426,2024-02-17,Wrong Item,117.84,Completed
2293,48598,115,2023-06-09,Better Price Found,115.35,Approved
2294,78423,61,2023-08-10,Sizing Issue,648.41,Approved
2295,18570,49,2023-11-03,Other,17.85,Pending
2296,47073,82,2024-10-22,Defective,241.67,Completed
2297,84795,379,2022-05-31,Sizing Issue,600.64,Pending
2298,14268,22,2022-03-25,Better Price Found,507.49,Rejected
2299,78943,460,2022-03-28,Better Price Found,459.75,Completed
2300,22442,16,2023-02-27,Sizing Issue,509.1,Rejected
2301,82809,68,2023-09-09,Unknown,398.13,Approved
2302,76403,181,2022-02-25,Wrong Item,585.06,Rejected
2303,8252,446,2023-04-05,Unknown,622.26,Approved
2304,14969,129,2022-09-12,Other,280.28,Approved
2305,73137,263,2022-12-23,Not As Described,263.22,Approved
2306,17028,258,2022-04-29,Changed Mind,59.15,Completed
2307,94999,90,2024-11-22,Unknown,425.4,Approved
2308,46220,439,,Changed Mind,604.64,Approved
2309,92858,69,2022-03-30,Changed Mind,675.29,Approved
2310,43944,119,2024-06-09,Better Price Found,188.63,Approved
2311,7472,97,2023-10-31,Wrong Item,378.8,Pending
2312,8090,102,2024-06-28,Better Price Found,162.7,Approved
2313,27598,320,2022-06-03,Not As Described,473.89,Approved
2314,24596,490,2024-10-01,Better Price Found,564.33,Pending
2315,4631,489,2023-09-04,Better Price Found,350.54,Approved
2316,16824,127,2024-07-02,Sizing Issue,461.9,Completed
2317,12192,367,2022-12-02,Not As Described,390.44,Completed
2318,43351,189,2024-09-19,Damaged in Transit,628.75,Pending
2319,41160,248,2022-02-24,Not As Described,420.32,Completed
2320,94086,189,2024-04-08,Other,131.57,Pending
2321,10203,264,2024-06-29,Better Price Found,503.45,Approved
2322,95844,247,2023-12-09,Defective,699.4,Pending
2323,66680,56,,Other,320.26,Completed
2324,31678,34,2022-02-11,Changed Mind,200.49,Approved
2325,71474,283,2024-10-02,Better Price Found,512.87,Pending
2326,53439,224,2024-12-02,Unknown,53.46,Approved
2327,44685,201,2022-03-13,Defective,702.58,Approved
2328,52874,226,2023-02-18,Wrong Item,307.54,Pending
2329,24980,381,2023-03-16,Sizing Issue,39.64,Approved
2330,35488,423,2023-08-04,Not As Described,381.04,Rejected
2331,77907,28,2023-01-21,Wrong Item,165.2,Pending
2332,35319,434,2022-03-24,Defective,189.97,Approved
2333,73135,209,2022-06-13,Other,760.23,Pending
2334,67933,78,2023-06-18,Unknown,789.05,Approved
2335,85987,42,2024-08-28,Damaged in Transit,516.59,Approved
2336,29792,279,2022-06-06,Defective,743.27,Approved
2337,9686,354,2022-03-08,Sizing Issue,476.52,Approved
2338,42601,168,2024-04-30,Defective,12.49,Pending
2339,12189,279,2023-03-23,Better Price Found,623.87,Approved
2340,44969,57,2024-08-01,Wrong Item,484.98,Approved
2341,67782,439,2023-05-03,Unknown,241.1,Approved
2342,29725,470,2024-02-04,Changed Mind,208.0,Completed
2343,11556,92,2022-03-16,Unknown,185.49,Completed
2344,64157,103,2024-10-01,Not As Described,461.4,Pending
2345,88074,57,2022-05-18,Changed Mind,208.09,Completed
2346,76689,222,2022-05-17,Defective,535.44,Rejected
2347,10058,472,2024-02-05,Changed Mind,738.31,Approved
2348,50018,134,2022-04-18,Other,514.72,Approved
2349,32456,223,2024-10-19,Sizing Issue,795.97,Approved
2350,11482,124,2022-10-12,Sizing Issue,194.05,Approved
2351,98540,151,2023-01-17,Changed Mind,260.67,Pending
2352,61453,317,2023-09-15,Changed Mind,457.78,Pending
2353,20929,204,2024-08-20,Damaged in Transit,372.94,Approved
2354,46342,70,2023-08-20,Damaged in Transit,120.88,Approved
2355,79228,412,2022-11-21,Not As Described,443.77,Completed
2356,23437,240,2024-11-16,Unknown,475.77,Completed
2357,93453,152,2024-01-09,Wrong Item,406.97,Pending
2358,639,225,2024-11-16,Wrong Item,60.82,Approved
2359,3414,449,2024-02-27,Not As Described,13.04,Pending
2360,88153,481,2022-12-16,Better Price Found,307.27,Approved
2361,88506,278,2024-01-14,Not As Described,705.57,Pending
2362,18159,481,2023-02-26,Unknown,370.57,Completed
2363,5800,98,2023-12-04,Better Price Found,314.88,Rejected
2364,69842,197,2024-04-19,Wrong Item,669.37,Approved
2365,72738,376,2024-11-03,Sizing Issue,685.61,Approved
2366,83536,212,2024-03-16,Better Price Found,101.77,Completed
2367,36599,83,2022-04-28,Changed Mind,22.68,Approved
2368,96231,462,2023-11-20,Sizing Issue,212.77,Pending
2369,44375,482,2024-08-31,Not As Described,191.1,Approved
2370,82117,115,2024-02-07,Damaged in Transit,738.68,Approved
2371,67660,313,2022-06-02,Better Price Found,106.69,Approved
2372,89642,138,2024-02-06,Wrong Item,667.16,Completed
2373,18648,20,2022-08-14,Damaged in Transit,699.75,Approved
2374,41531,395,2024-07-04,Damaged in Transit,498.49,Completed
2375,73343,131,2023-08-20,Changed Mind,452.25,Completed
2376,21484,322,2023-07-07,Changed Mind,784.29,Approved
2377,36676,184,2023-09-04,Defective,628.17,Approved
2378,60350,274,2023-02-23,Defective,270.82,Completed
2379,26026,413,2024-06-11,Better Price Found,138.93,Approved
2380,21386,202,2022-12-08,Other,230.84,Completed
2381,50720,296,2023-04-24,Changed Mind,778.17,Pending
2382,77675,286,2022-08-20,Sizing Issue,757.61,Approved
2383,73581,65,2022-07-31,Other,195.97,Approved
2384,21465,440,2024-12-01,Other,274.83,Completed
2385,46085,142,2022-05-29,Better Price Found,659.89,Pending
2386,86948,339,2022-08-09,Other,225.7,Rejected
2387,67580,341,2024-06-09,Damaged in Transit,243.37,Completed
2388,37543,84,2024-03-08,Not As Described,395.44,Approved
2389,14526,212,2022-05-15,Better Price Found,45.03,Rejected
2390,13496,181,2022-08-04,Other,241.62,Approved
2391,12824,290,2024-12-07,Sizing Issue,171.48,Completed
2392,5074,265,2023-10-16,Unknown,22.84,Approved
2393,36741,320,2023-04-15,Not As Described,376.62,Completed
2394,75812,106,2024-12-03,Not As Described,490.37,Completed
2395,11815,113,2022-07-02,Better Price Found,341.58,Completed
2396,48635,197,2024-01-27,Wrong Item,470.49,Approved
2397,59400,59,2023-05-24,Defective,259.33,Approved
2398,83868,476,2022-09-17,Unknown,336.09,Approved
2399,99749,269,,Other,481.02,Approved
2400,4386,127,2023-04-22,Wrong Item,587.51,Approved
2401,15389,223,2022-04-25,Unknown,127.53,Pending
2402,43636,7,2024-06-03,Damaged in Transit,264.15,Pending
2403,29850,259,2022-06-12,Not As Described,741.89,Approved
2404,62520,414,2023-12-04,Sizing Issue,508.45,Pending
2405,97632,288,2022-04-11,Better Price Found,673.06,Approved
2406,16179,230,2022-05-20,Defective,628.63,Pending
2407,2604,219,2023-10-17,Sizing Issue,49.84,Approved
2408,36423,259,2024-10-25,Defective,418.09,Pending
2409,80485,425,2022-10-06,Changed Mind,217.1,Rejected
2410,27813,159,2024-07-26,Wrong Item,489.48,Pending
2411,8794,483,2024-02-20,Wrong Item,89.93,Approved
2412,97493,215,2023-05-21,Better Price Found,168.0,Approved
2413,70587,280,2024-12-15,Changed Mind,355.47,Completed
2414,43102,474,2023-02-19,Wrong Item,611.75,Completed
2415,99283,150,2024-06-29,Defective,583.22,Pending
2416,58204,447,2024-04-10,Not As Described,15.45,Approved
2417,25058,287,2022-11-30,Sizing Issue,596.68,Completed
2418,89459,487,2022-04-18,Not As Described,424.19,Pending
2419,14331,484,2023-06-06,Damaged in Transit,432.44,Completed
2420,50859,169,2022-05-15,Wrong Item,263.51,Approved
2421,93322,197,2023-04-12,Unknown,554.57,Pending
2422,95345,339,2024-06-29,Better Price Found,683.69,Completed
2423,20009,353,2024-09-27,Defective,682.45,Approved
2424,30978,488,2024-11-16,Other,565.43,Pending
2425,92030,454,2022-12-09,Damaged in Transit,410.86,Approved
2426,92754,99,2024-09-21,Sizing Issue,314.95,Pending
2427,86606,479,2022-02-13,Unknown,605.8,Approved
2428,68347,460,2022-07-10,Sizing Issue,563.96,Completed
2429,69400,217,2024-09-09,Changed Mind,286.6,Approved
2430,26929,483,2024-04-27,Damaged in Transit,278.21,Approved
2431,64320,61,2024-12-15,Wrong Item,66.26,Completed
2432,23162,156,2023-09-15,Sizing Issue,687.39,Approved
2433,87706,474,2023-11-27,Damaged in Transit,432.02,Completed
2434,31161,154,2022-11-11,Damaged in Transit,80.64,Completed
2435,10240,431,2024-03-15,Defective,140.29,Completed
2436,42791,3,2023-02-12,Other,403.34,Approved
2437,45344,273,2023-12-19,Damaged in Transit,714.25,Approved
2438,63025,492,2023-02-05,Defective,297.17,Pending
2439,39799,335,2023-07-10,Not As Described,141.75,Pending
2440,42298,57,2024-10-14,Other,329.69,Rejected
2441,38216,454,2022-09-20,Defective,721.05,Completed
2442,92403,403,2023-03-05,Defective,330.59,Rejected
2443,26074,35,2022-06-06,Damaged in Transit,508.41,Approved
2444,14022,137,2023-03-04,Sizing Issue,219.89,Approved
2445,20009,27,2024-10-15,Better Price Found,257.03,Completed
2446,26119,226,2022-06-24,Better Price Found,285.42,Pending
2447,44166,140,,Unknown,268.59,Approved
2448,40775,380,2022-12-03,Better Price Found,204.97,Rejected
2449,57787,455,2022-12-01,Not As Described,230.87,Completed
2450,81925,362,2023-11-10,Not As Described,396.65,Approved
2451,59586,377,2022-05-20,Not As Described,126.27,Approved
2452,92686,182,2024-12-02,Other,699.65,Approved
2453,85725,87,2024-04-11,Better Price Found,317.89,Approved
2454,2079,447,2024-06-06,Better Price Found,371.4,Completed
2455,84701,239,2022-03-31,Other,794.49,Approved
2456,23375,364,2023-10-09,Wrong Item,726.46,Rejected
2457,67313,457,2023-03-12,Sizing Issue,357.43,Approved
2458,26649,58,2023-12-18,Not As Described,166.54,Approved
2459,14556,133,2023-05-03,Changed Mind,405.2,Approved
2460,40525,274,2022-08-16,Changed Mind,529.62,Completed
2461,96268,223,2023-03-16,Other,462.92,Approved
2462,55641,138,2024-05-13,Other,509.81,Pending
2463,99255,380,2024-12-30,Defective,165.79,Approved
2464,18902,178,2024-10-04,Not As Described,174.01,Approved
2465,86806,227,2023-07-01,Changed Mind,86.56,Approved
2466,89464,124,2023-12-07,Unknown,210.31,Rejected
2467,30825,426,2022-07-22,Not As Described,433.42,Approved
2468,4455,457,2024-09-05,Other,514.67,Approved
2470,86460,450,2024-12-17,Sizing Issue,487.05,Approved
2471,26804,18,2023-02-24,Wrong Item,249.71,Approved
2472,77714,261,2022-06-15,Better Price Found,651.8,Pending
2473,27050,380,2022-07-17,Wrong Item,755.68,Approved
2474,61367,161,2024-05-17,Other,400.11,Approved
2475,33469,96,2024-05-16,Damaged in Transit,533.94,Pending
2476,20270,300,2024-03-02,Defective,274.63,Approved
2477,33917,446,2022-08-29,Changed Mind,332.98,Approved
2478,18155,251,2024-02-15,Defective,402.16,Completed
2479,34201,169,2023-03-06,Not As Described,182.11,Approved
2480,59696,196,2023-05-18,Other,249.56,Pending
2481,76942,41,2023-12-16,Other,53.92,Completed
2482,21023,90,2023-01-10,Better Price Found,278.33,Completed
2483,84749,10,,Unknown,280.47,Approved
2484,84823,149,2024-07-25,Other,157.09,Pending
2485,87677,127,2023-03-31,Sizing Issue,478.24,Approved
2486,82800,426,2024-07-24,Not As Described,424.4,Approved
2487,59605,158,,Other,292.43,Completed
2488,29490,381,2024-07-31,Damaged in Transit,791.96,Pending
2489,58751,480,2022-06-22,Defective,581.24,Rejected
2490,48217,330,2022-07-20,Defective,650.88,Approved
2491,64269,363,2024-08-29,Changed Mind,338.66,Pending
2492,98160,212,2023-11-11,Defective,793.88,Pending
2493,14774,242,2022-07-01,Other,539.08,Pending
2494,7070,238,2023-03-03,Sizing Issue,466.05,Completed
2495,23838,60,2022-03-06,Damaged in Transit,652.45,Approved
2496,59117,349,2023-10-29,Sizing Issue,430.75,Approved
2497,33378,134,2023-03-12,Not As Described,200.72,Approved
2498,57087,405,2024-07-31,Defective,754.51,Completed
2499,59824,229,2023-08-05,Other,344.76,Rejected
2500,83693,153,2022-09-28,Sizing Issue,563.15,Rejected
2501,4712,458,2024-03-25,Defective,525.09,Completed
2502,87811,307,2024-02-23,Changed Mind,356.13,Pending
2503,78997,268,2022-06-29,Damaged in Transit,176.94,Pending
2504,84337,8,2024-09-27,Defective,167.81,Pending
2505,69220,132,2024-06-27,Wrong Item,371.14,Pending
2506,58459,140,2023-12-04,Not As Described,178.22,Completed
2507,31254,95,2024-01-03,Better Price Found,423.13,Approved
2508,29073,139,2024-09-07,Better Price Found,192.6,Rejected
2509,9544,41,2024-10-15,Not As Described,359.09,Approved
2510,21834,273,2024-04-01,Other,747.37,Approved
2511,63886,361,2024-03-27,Sizing Issue,378.14,Approved
2512,6913,154,2024-07-04,Defective,364.0,Approved
2513,72322,402,2022-03-11,Sizing Issue,751.81,Completed
2514,86508,15,2023-06-17,Changed Mind,127.63,Completed
2515,91225,483,2024-10-17,Defective,41.84,Approved
2516,76306,30,2024-08-20,Other,311.54,Completed
2517,82730,335,2023-07-07,Better Price Found,372.26,Pending
2518,40027,42,2023-11-24,Not As Described,50.99,Approved
2519,93834,245,2024-11-04,Damaged in Transit,439.42,Completed
2520,70490,234,2022-03-01,Unknown,479.18,Approved
2521,92709,494,2023-12-02,Better Price Found,102.76,Pending
2522,95352,137,2022-03-09,Other,762.65,Approved
2523,7231,439,2024-06-30,Defective,687.21,Approved
2524,16323,264,,Not As Described,592.61,Pending
2525,79124,272,2022-05-02,Wrong Item,306.37,Approved
2526,99721,449,2024-05-04,Damaged in Transit,284.35,Approved
2527,51082,111,2024-01-18,Defective,474.32,Completed
2528,39673,280,2023-11-08,Not As Described,329.86,Approved
2529,59099,326,2022-08-01,Sizing Issue,736.81,Completed
2530,25863,371,2022-02-19,Unknown,204.51,Approved
2531,5013,443,2022-03-14,Sizing Issue,641.17,Pending
2532,9614,396,2023-09-14,Damaged in Transit,334.29,Pending
2533,74140,227,2023-06-20,Changed Mind,474.96,Approved
2534,15061,130,2023-01-07,Changed Mind,77.08,Approved
2535,94770,256,2024-02-04,Damaged in Transit,223.31,Approved
2536,44795,372,2023-05-09,Changed Mind,702.34,Approved
2537,71994,169,2022-09-09,Defective,516.32,Approved
2538,61295,167,2023-10-02,Damaged in Transit,258.97,Approved
2539,26187,38,2024-08-26,Other,694.3,Completed
2540,55466,422,2023-01-13,Not As Described,658.69,Completed
2541,97958,270,2022-05-09,Damaged in Transit,432.38,Approved
2542,60249,239,2024-03-16,Other,418.52,Approved
2543,63834,315,2023-12-20,Wrong Item,601.84,Approved
2544,62799,321,2024-11-22,Defective,134.14,Pending
2545,27905,498,2022-02-25,Not As Described,121.92,Approved
2546,5628,191,2022-10-28,Sizing Issue,164.33,Pending
2547,36191,150,2023-10-09,Wrong Item,578.22,Rejected
2548,38028,269,2024-07-01,Damaged in Transit,311.43,Approved
2549,34081,92,2024-12-09,Wrong Item,654.4,Pending
2550,9664,292,2023-09-22,Better Price Found,448.36,Rejected
2551,13361,142,2022-12-19,Changed Mind,728.37,Pending
2552,7418,83,2023-11-25,Better Price Found,671.68,Completed
2553,1135,133,2023-09-10,Wrong Item,267.66,Approved
2554,87590,488,2024-09-17,Defective,231.54,Completed
2555,45611,406,2022-09-13,Sizing Issue,790.72,Approved
2556,46772,178,2023-08-10,Other,493.51,Approved
2557,78777,32,2023-11-29,Unknown,243.4,Pending
2558,52894,313,2023-10-21,Not As Described,179.9,Approved
2559,94201,357,2024-08-27,Unknown,615.77,Completed
2560,5581,298,2023-11-29,Sizing Issue,604.28,Approved
2561,20734,331,2022-11-15,Other,465.54,Pending
2562,87210,90,2024-11-10,Defective,266.69,Approved
2563,61029,452,2022-06-17,Better Price Found,774.6,Approved
2564,26670,249,2023-05-08,Better Price Found,18.18,Approved
2565,2368,489,2023-03-28,Defective,781.06,Rejected
2566,75156,272,2023-12-09,Changed Mind,57.44,Rejected
2567,61491,66,2022-12-01,Damaged in Transit,396.8,Approved
2568,46673,288,2022-06-12,Defective,168.46,Approved
2569,43260,38,2023-09-21,Unknown,685.48,Approved
2570,42112,186,2024-07-21,Defective,508.74,Completed
2571,29597,244,2024-10-09,Sizing Issue,163.73,Pending
2572,38927,342,2023-02-04,Defective,480.9,Completed
2573,85884,104,2024-12-09,Wrong Item,759.11,Approved
2574,75598,240,2024-05-05,Changed Mind,718.25,Approved
2575,65407,263,2022-12-30,Damaged in Transit,235.0,Pending
2576,49740,255,2023-10-23,Other,208.17,Completed
2577,74022,345,2022-10-27,Better Price Found,40.53,Approved
2579,66972,448,2024-01-30,Defective,483.81,Approved
2580,89123,306,2022-12-30,Sizing Issue,363.57,Approved
2581,37753,282,2024-08-05,Damaged in Transit,288.28,Approved
2582,36081,363,,Damaged in Transit,21.4,Completed
2583,10627,231,2024-08-08,Other,214.71,Approved
2584,74708,161,2024-03-14,Changed Mind,289.24,Approved
2585,76826,27,2024-02-16,Defective,521.58,Pending
2586,32311,181,2024-04-22,Sizing Issue,7.67,Approved
2587,49895,301,2022-04-06,Other,511.64,Pending
2588,3343,411,2023-06-05,Sizing Issue,380.07,Pending
2589,54531,436,2023-02-26,Damaged in Transit,759.28,Completed
2590,2986,138,2023-08-18,Changed Mind,428.99,Approved
2591,95860,182,2022-08-28,Damaged in Transit,314.81,Completed
2592,89259,108,2023-02-28,Defective,244.3,Completed
2593,74490,210,2022-10-15,Damaged in Transit,387.79,Approved
2594,40399,347,2022-05-20,Changed Mind,567.68,Approved
2595,78785,34,2023-08-05,Damaged in Transit,552.08,Approved
2596,45501,135,,Sizing Issue,354.34,Approved
2597,63430,478,2024-10-22,Changed Mind,282.58,Approved
2598,91828,196,2023-12-08,Better Price Found,687.16,Approved
2599,85088,99,2023-07-18,Sizing Issue,177.04,Completed
2600,80198,160,2023-05-03,Sizing Issue,159.12,Pending
2601,28625,158,2023-12-23,Sizing Issue,372.94,Completed
2602,78910,337,2023-02-12,Changed Mind,149.31,Approved
2603,38624,43,2022-04-28,Other,356.88,Completed
2604,53617,9,2022-09-10,Changed Mind,540.82,Pending
2605,64020,266,2023-07-05,Better Price Found,12.22,Rejected
2606,52073,110,2024-03-01,Sizing Issue,424.99,Completed
2607,12945,457,2023-06-05,Wrong Item,22.92,Approved
2608,87046,494,2024-03-26,Changed Mind,470.15,Approved
2609,10003,125,2023-04-07,Better Price Found,272.67,Approved
2610,26008,367,2022-09-03,Not As Described,509.36,Completed
2611,69770,409,2023-05-27,Changed Mind,489.48,Pending
2612,84144,400,2024-10-02,Sizing Issue,36.72,Approved
2613,98025,387,2022-02-19,Better Price Found,271.88,Approved
2614,94070,443,2024-05-05,Defective,79.78,Approved
2615,65707,136,2024-09-22,Damaged in Transit,577.27,Pending
2616,18379,359,2024-08-15,Other,17.98,Approved
2617,81584,190,2024-03-24,Changed Mind,323.45,Rejected
2618,72581,389,2023-05-14,Better Price Found,779.41,Approved
2619,54940,498,2022-12-22,Better Price Found,143.32,Approved
2620,88143,451,2024-02-14,Damaged in Transit,565.85,Approved
2621,19782,309,2024-04-24,Sizing Issue,499.58,Approved
2622,24591,404,2024-08-07,Sizing Issue,431.23,Pending
2623,83284,245,2023-03-08,Other,708.64,Completed
2624,38487,24,2024-06-20,Not As Described,11.05,Completed
2625,62399,101,2023-09-22,Not As Described,502.22,Approved
2626,69118,42,2023-02-24,Wrong Item,63.63,Pending
2627,89729,227,2023-08-30,Wrong Item,119.33,Completed
2628,65241,74,2024-11-29,Defective,293.9,Completed
2629,49712,243,2024-04-09,Other,227.47,Approved
2630,62526,227,2022-12-09,Better Price Found,488.1,Completed
2631,13406,398,2023-07-11,Sizing Issue,334.01,Rejected
2632,88463,194,2024-09-01,Other,159.56,Pending
2633,25421,14,,Unknown,103.33,Completed
2634,75426,238,2022-10-19,Defective,197.57,Pending
2635,31781,268,2022-02-15,Other,629.73,Pending
2636,26244,145,,Wrong Item,87.82,Completed
2637,90557,285,2022-11-06,Sizing Issue,337.67,Approved
2638,55416,367,2023-01-01,Better Price Found,393.64,Approved
2639,49352,500,2024-12-03,Better Price Found,95.23,Approved
2640,85139,94,2022-03-21,Sizing Issue,536.62,Approved
2641,66486,183,2023-03-04,Better Price Found,231.26,Completed
2642,49907,34,2024-11-01,Changed Mind,479.71,Rejected
2643,55121,166,2023-07-04,Damaged in Transit,469.59,Rejected
2644,57001,386,2022-03-15,Wrong Item,460.1,Approved
2645,782,96,2024-05-22,Wrong Item,63.2,Completed
2646,77739,293,2023-01-22,Defective,663.33,Approved
2647,46773,242,2023-07-29,Wrong Item,491.4,Approved
2648,74531,375,2024-11-20,Wrong Item,419.19,Approved
2649,80974,480,2023-04-16,Defective,155.96,Pending
2650,25679,76,2023-12-10,Unknown,542.58,Approved
2651,27083,477,2023-08-26,Damaged in Transit,306.57,Approved
2652,97543,148,2023-05-12,Damaged in Transit,170.27,Completed
2653,87092,299,2023-03-26,Changed Mind,640.08,Completed
2654,45132,15,2023-08-23,Not As Described,622.69,Approved
2655,89685,287,2022-06-26,Better Price Found,393.29,Completed
2656,32126,52,2024-05-25,Changed Mind,418.31,Approved
2657,80453,463,2022-02-23,Unknown,157.55,Completed
2658,86479,26,2023-01-13,Damaged in Transit,297.19,Pending
2659,68771,299,2023-08-12,Wrong Item,706.51,Approved
2660,81888,120,2023-03-17,Not As Described,720.08,Completed
2661,52075,386,2022-06-30,Not As Described,47.8,Completed
2662,25180,480,2023-10-19,Not As Described,764.92,Completed
2663,59892,284,2023-12-12,Wrong Item,575.47,Approved
2664,83864,441,2024-04-08,Unknown,117.47,Completed
2665,23559,447,2023-10-01,Not As Described,506.26,Rejected
2666,93507,199,2023-05-27,Sizing Issue,706.03,Rejected
2667,93170,62,2022-09-01,Not As Described,111.73,Approved
2668,50676,53,2023-01-20,Wrong Item,153.99,Approved
2669,3979,99,2022-08-04,Wrong Item,294.48,Completed
2670,77231,233,2024-09-27,Not As Described,447.24,Approved
2671,40073,477,2023-04-02,Damaged in Transit,715.82,Completed
2672,82736,11,2023-01-11,Damaged in Transit,714.9,Completed
2673,92082,208,2023-01-26,Other,156.7,Approved
2674,6576,446,2024-11-30,Defective,772.97,Pending
2675,78294,175,2022-12-14,Defective,494.81,Completed
2676,27824,178,2023-11-20,Sizing Issue,703.41,Completed
2678,81979,91,2024-01-23,Sizing Issue,122.3,Approved
2679,58445,499,2024-12-22,Changed Mind,291.0,Completed
2680,71441,242,2023-03-19,Wrong Item,24.07,Approved
2681,89525,415,2022-03-01,Not As Described,358.38,Rejected
2682,42169,41,2022-07-19,Unknown,616.78,Pending
2683,58906,187,2022-08-26,Wrong Item,586.95,Pending
2684,68102,495,2023-01-25,Sizing Issue,666.14,Approved
2685,55537,454,2023-02-12,Other,637.34,Approved
2686,88758,29,2022-03-26,Better Price Found,82.52,Approved
2687,78184,371,2024-08-22,Sizing Issue,603.24,Approved
2688,73717,51,2023-07-01,Changed Mind,691.51,Approved
2689,76501,185,2023-11-08,Changed Mind,6.09,Approved
2690,87166,300,2024-05-01,Defective,789.56,Completed
2691,25532,279,2023-03-27,Defective,157.91,Pending
2692,41770,403,2022-03-07,Better Price Found,509.15,Approved
2693,24773,492,2022-06-06,Not As Described,305.98,Rejected
2694,69697,451,2023-09-18,Not As Described,732.89,Approved
2695,28519,494,2024-10-07,Better Price Found,706.88,Approved
2696,8451,246,2023-12-03,Sizing Issue,542.36,Approved
2697,96993,448,2022-12-30,Damaged in Transit,204.65,Rejected
2698,62711,463,2023-11-03,Wrong Item,668.06,Completed
2699,94511,147,2023-08-17,Sizing Issue,691.66,Completed
2700,28014,252,2023-11-27,Damaged in Transit,507.46,Approved
2701,25296,461,2023-01-17,Damaged in Transit,138.28,Approved
2702,86577,472,2022-06-15,Sizing Issue,183.49,Pending
2703,93303,419,2023-10-07,Better Price Found,515.68,Approved
2704,41596,139,2024-04-08,Wrong Item,369.27,Completed
2705,75844,407,2023-11-01,Defective,371.76,Rejected
2706,72734,427,2023-03-30,Changed Mind,709.62,Approved
2707,46576,231,2022-07-30,Other,489.4,Completed
2708,67521,48,2023-10-11,Damaged in Transit,199.25,Approved
2709,64535,333,2024-08-20,Defective,466.51,Pending
2710,55876,37,2023-10-26,Sizing Issue,623.88,Approved
2711,23032,96,2023-06-18,Damaged in Transit,232.89,Pending
2712,37996,276,2022-09-14,Damaged in Transit,362.51,Approved
2713,53857,472,2023-10-19,Changed Mind,674.42,Rejected
2714,73500,99,2023-07-09,Not As Described,319.77,Completed
2715,78277,102,2022-12-11,Wrong Item,770.93,Approved
2716,88506,139,2024-01-30,Other,277.69,Approved
2717,24564,165,2024-03-10,Defective,336.03,Approved
2718,79028,478,2024-12-04,Damaged in Transit,384.38,Approved
2719,3031,295,2024-06-19,Changed Mind,269.69,Approved
2720,80343,423,2024-07-18,Other,761.54,Approved
2721,28960,286,2024-06-09,Wrong Item,541.36,Pending
2722,56573,187,2022-02-12,Defective,349.23,Pending
2723,46656,141,2024-04-08,Other,729.46,Approved
2724,72373,42,2023-04-09,Wrong Item,444.93,Completed
2725,55467,222,2023-07-13,Better Price Found,734.84,Pending
2726,38727,281,2024-01-12,Damaged in Transit,310.94,Approved
2727,17455,387,2023-11-30,Changed Mind,141.76,Pending
2728,50661,354,2023-06-25,Not As Described,464.62,Completed
2729,14275,4,2023-05-18,Better Price Found,158.98,Pending
2730,24837,267,2024-08-15,Defective,61.05,Approved
2731,8060,445,2024-09-14,Changed Mind,423.92,Approved
2732,17757,464,2023-03-18,Wrong Item,511.5,Approved
2733,76393,155,2022-12-04,Wrong Item,449.45,Approved
2734,89237,122,2023-03-19,Other,428.73,Pending
2735,73273,243,2023-05-19,Other,584.87,Completed
2736,84687,12,2022-11-27,Changed Mind,233.73,Approved
2737,24987,379,2024-02-05,Changed Mind,69.11,Approved
2738,17806,426,2024-10-25,Unknown,656.69,Approved
2739,32903,217,2024-12-15,Sizing Issue,211.57,Pending
2740,60738,146,2023-05-30,Changed Mind,426.05,Approved
2741,14448,60,2023-05-12,Changed Mind,466.83,Pending
2742,66555,339,2022-11-21,Defective,79.21,Approved
2743,6598,60,2024-03-25,Better Price Found,63.06,Approved
2744,40434,204,2023-03-13,Sizing Issue,680.17,Completed
2745,55026,324,2022-06-05,Better Price Found,657.88,Approved
2746,42076,436,2024-01-02,Unknown,616.17,Completed
2747,55430,76,2022-06-17,Changed Mind,421.01,Completed
2748,10988,168,2022-12-22,Other,591.76,Approved
2749,29075,337,2022-11-03,Not As Described,163.99,Completed
2750,60441,33,2024-09-28,Not As Described,306.33,Approved
2751,41706,13,2024-08-19,Not As Described,777.28,Rejected
2752,47927,230,2024-08-29,Damaged in Transit,287.81,Completed
2753,12224,396,2023-12-19,Wrong Item,598.49,Pending
2754,13802,49,2022-08-13,Better Price Found,96.93,Completed
2755,43075,324,2023-03-18,Unknown,276.88,Rejected
2756,85047,140,2024-10-20,Other,145.58,Rejected
2757,98455,155,2023-11-07,Sizing Issue,769.48,Completed
2758,58456,400,2023-08-13,Better Price Found,134.86,Completed
2759,94233,260,2022-11-20,Not As Described,278.17,Pending
2760,17435,473,2022-03-28,Wrong Item,455.35,Approved
2761,90159,158,2024-05-30,Wrong Item,555.85,Pending
2762,85271,283,2024-07-11,Defective,227.55,Approved
2763,41911,113,2022-10-29,Damaged in Transit,675.5,Rejected
2764,26785,235,2022-03-24,Wrong Item,386.4,Approved
2765,72860,225,2023-05-21,Wrong Item,218.58,Approved
2766,59561,365,2024-06-30,Better Price Found,394.39,Pending
2767,56609,33,2024-05-28,Wrong Item,350.08,Pending
2768,84436,314,2023-07-12,Damaged in Transit,295.23,Rejected
2769,4195,122,2022-05-15,Unknown,325.73,Approved
2770,36065,166,2024-01-12,Defective,753.04,Pending
2771,68691,155,2023-08-29,Wrong Item,689.89,Pending
2772,24646,12,2024-04-30,Damaged in Transit,449.64,Completed
2773,78725,319,2022-08-03,Defective,35.94,Rejected
2774,80600,482,2022-07-02,Better Price Found,65.28,Rejected
2775,58585,467,2022-02-04,Better Price Found,217.31,Approved
2776,72823,244,2024-03-16,Not As Described,110.82,Completed
2777,41410,192,2022-04-24,Changed Mind,303.76,Completed
2778,68980,268,2024-10-13,Unknown,128.15,Pending
2779,58610,70,2022-11-27,Sizing Issue,710.4,Pending
2780,49512,320,2024-06-22,Other,120.87,Approved
2781,14636,424,2022-08-14,Not As Described,629.25,Approved
2782,62858,268,2022-08-24,Not As Described,492.56,Approved
2783,6226,332,2024-02-27,Better Price Found,128.92,Pending
2784,4527,174,2022-10-08,Changed Mind,281.12,Completed
2785,44509,413,2024-02-23,Damaged in Transit,628.44,Completed
2786,46775,2,2022-07-13,Defective,467.3,Rejected
2787,19033,200,2022-08-30,Not As Described,60.59,Pending
2788,31308,22,2024-03-10,Better Price Found,195.12,Rejected
2789,54660,73,2024-02-02,Damaged in Transit,706.11,Approved
2790,29241,415,2023-07-17,Damaged in Transit,584.17,Completed
2791,62515,65,2024-04-19,Not As Described,618.92,Rejected
2792,11613,349,2024-03-28,Unknown,391.24,Rejected
2793,66119,307,2022-05-10,Damaged in Transit,318.07,Pending
2794,31564,153,2023-01-23,Defective,73.55,Approved
2795,28085,107,2024-09-02,Changed Mind,543.01,Approved
2796,93731,236,2022-10-28,Damaged in Transit,46.18,Pending
2797,19200,278,2022-12-14,Better Price Found,730.24,Completed
2798,25252,433,2023-06-04,Changed Mind,205.36,Completed
2799,90101,357,2022-12-06,Other,614.85,Approved
2800,34989,268,2022-06-15,Better Price Found,780.22,Completed
2801,7926,80,2024-02-13,Sizing Issue,388.32,Rejected
2802,93608,415,2023-01-05,Changed Mind,284.78,Pending
2803,74452,67,2024-02-21,Changed Mind,596.93,Rejected
2804,42467,389,2023-03-14,Better Price Found,452.76,Approved
2805,79094,132,2023-06-08,Wrong Item,49.22,Rejected
2806,18552,191,,Changed Mind,700.91,Rejected
2807,94644,138,2024-02-09,Other,475.02,Pending
2808,76495,449,2022-10-11,Other,25.54,Approved
2809,55342,260,2022-10-31,Better Price Found,103.05,Rejected
2810,50168,152,2023-07-22,Better Price Found,194.66,Approved
2811,60123,327,2024-07-12,Wrong Item,247.77,Rejected
2812,20836,159,2022-11-30,Better Price Found,708.01,Rejected
2813,61996,448,2023-01-06,Defective,742.51,Approved
2814,69282,155,2024-07-01,Damaged in Transit,165.48,Approved
2815,85170,320,2024-06-12,Defective,437.77,Approved
2816,33867,46,2022-06-27,Changed Mind,293.33,Approved
2817,13868,64,2023-05-31,Wrong Item,479.84,Pending
2818,52263,291,2022-08-02,Not As Described,601.44,Rejected
2819,28772,336,2022-12-13,Other,681.46,Approved
2820,40712,151,2024-06-17,Sizing Issue,318.04,Approved
2821,98779,211,2022-12-08,Damaged in Transit,654.66,Rejected
2822,61475,57,2024-11-13,Defective,328.99,Approved
2823,96255,66,2023-02-03,Sizing Issue,355.51,Approved
2824,76288,198,2022-10-31,Not As Described,66.41,Approved
2825,69296,218,2022-02-15,Unknown,278.61,Completed
2826,100,49,2022-05-25,Other,317.77,Completed
2827,96696,67,2024-11-30,Sizing Issue,498.05,Pending
2828,61255,40,2022-11-20,Damaged in Transit,283.0,Pending
2829,18348,39,2024-10-20,Unknown,50.59,Pending
2830,14537,7,2024-03-30,Not As Described,387.25,Pending
2831,24910,367,2024-01-11,Unknown,127.81,Rejected
2832,62650,440,2024-05-23,Changed Mind,253.95,Approved
2833,19973,326,2023-10-28,Changed Mind,560.33,Completed
2835,17076,460,2023-05-25,Better Price Found,356.84,Completed
2836,67252,293,2023-08-20,Other,93.83,Rejected
2837,30654,274,2024-12-06,Unknown,147.95,Approved
2838,8217,115,2024-10-21,Not As Described,787.23,Rejected
2839,53136,464,2024-09-26,Other,519.65,Rejected
2840,23198,30,2024-07-27,Defective,103.59,Completed
2841,14023,97,2022-07-05,Sizing Issue,658.3,Approved
2842,62523,140,2022-05-08,Other,444.98,Approved
2843,38193,7,2024-04-03,Sizing Issue,204.7,Approved
2844,86458,158,2024-05-30,Not As Described,215.88,Pending
2845,67104,464,2023-12-25,Defective,521.11,Approved
2846,5373,94,2022-07-24,Other,683.45,Approved
2847,67577,193,2023-06-21,Damaged in Transit,142.35,Approved
2848,21983,191,2024-08-06,Not As Described,220.84,Approved
2849,32678,407,2024-08-20,Damaged in Transit,20.75,Approved
2850,96835,193,2022-11-10,Wrong Item,734.51,Approved
2851,11091,275,2022-10-02,Not As Described,105.55,Approved
2852,23927,499,2023-04-19,Better Price Found,704.86,Pending
2853,10701,126,2022-05-15,Changed Mind,148.21,Approved
2854,87570,252,2022-12-15,Better Price Found,337.98,Completed
2855,25589,418,2023-01-26,Better Price Found,185.65,Approved
2856,77790,42,2023-11-23,Other,170.61,Rejected
2857,78911,141,2022-11-10,Not As Described,404.2,Pending
2858,3187,182,2024-09-03,Damaged in Transit,281.17,Approved
2859,34166,32,2023-12-09,Defective,93.35,Approved
2860,54163,304,2023-10-05,Damaged in Transit,777.89,Approved
2861,58280,373,2022-06-14,Defective,394.94,Approved
2862,64384,399,2023-07-25,Wrong Item,632.64,Approved
2863,6836,465,2022-10-31,Defective,154.96,Approved
2864,13590,323,2023-08-11,Damaged in Transit,575.01,Pending
2865,69285,353,2023-04-25,Damaged in Transit,432.21,Completed
2866,75199,304,2022-09-08,Unknown,270.73,Pending
2867,86044,267,2023-08-08,Not As Described,360.4,Rejected
2868,95776,259,2023-02-18,Wrong Item,292.41,Pending
2869,94327,225,2022-03-11,Sizing Issue,561.8,Approved
2870,7883,214,2023-01-05,Sizing Issue,205.01,Approved
2871,57218,366,2023-10-20,Other,195.76,Rejected
2872,59044,494,2023-10-08,Sizing Issue,615.81,Pending
2873,70083,310,2023-12-10,Wrong Item,183.09,Rejected
2874,70807,123,2022-10-06,Sizing Issue,775.42,Pending
2875,55488,51,2023-08-27,Changed Mind,250.19,Approved
2876,51730,313,2023-01-12,Sizing Issue,288.97,Rejected
2877,26491,61,2023-09-24,Damaged in Transit,48.03,Approved
2878,92730,380,2022-04-24,Better Price Found,412.78,Completed
2879,37441,238,2022-09-12,Damaged in Transit,29.87,Approved
2880,45379,344,2022-10-29,Changed Mind,16.22,Pending
2881,39418,216,2023-07-09,Sizing Issue,94.77,Pending
2882,30890,373,2023-08-07,Changed Mind,36.76,Approved
2883,69126,203,2024-05-29,Unknown,374.83,Approved
2884,78823,308,2022-06-14,Better Price Found,604.66,Rejected
2885,70759,475,2022-12-29,Unknown,722.96,Pending
2886,82011,487,2024-09-09,Sizing Issue,168.65,Completed
2887,8588,418,2024-09-30,Wrong Item,729.62,Completed
2888,83463,348,2024-03-09,Sizing Issue,618.3,Approved
2889,42102,226,2022-06-25,Better Price Found,707.57,Completed
2890,97809,320,2023-06-12,Not As Described,369.83,Pending
2891,24186,44,2024-07-03,Changed Mind,311.25,Approved
2892,97547,259,2024-08-26,Other,308.12,Completed
2893,90728,66,2022-12-23,Changed Mind,126.48,Approved
2894,99728,277,2022-04-17,Other,537.97,Pending
2895,13208,416,2022-03-22,Other,711.82,Rejected
2896,75161,396,2023-12-06,Unknown,438.99,Pending
2897,24654,210,2023-06-09,Not As Described,199.27,Completed
2898,38035,279,2022-10-26,Better Price Found,676.54,Approved
2899,22433,388,2023-01-23,Damaged in Transit,362.49,Completed
2900,81835,436,2022-05-14,Other,322.18,Rejected
2901,16787,434,2024-01-20,Changed Mind,602.95,Completed
2902,87197,211,2023-07-25,Damaged in Transit,115.88,Pending
2903,13843,246,2023-01-24,Damaged in Transit,65.66,Approved
2904,13625,446,2022-07-03,Not As Described,620.81,Approved
2905,20635,326,2022-05-26,Damaged in Transit,595.81,Approved
2906,12735,427,2022-04-09,Damaged in Transit,27.03,Completed
2907,74956,389,2023-04-27,Better Price Found,168.8,Pending
2908,47335,26,2022-02-12,Sizing Issue,397.11,Approved
2909,14717,365,2024-12-23,Damaged in Transit,72.15,Pending
2910,69057,253,2023-11-28,Unknown,518.27,Rejected
2911,82254,333,2022-10-14,Other,238.38,Completed
2912,99773,475,2023-01-27,Unknown,409.04,Approved
2913,13709,40,2023-08-21,Changed Mind,202.37,Rejected
2914,46836,255,2022-03-03,Other,421.76,Rejected
2915,41751,87,2024-02-25,Other,429.91,Approved
2916,39977,486,2024-12-20,Sizing Issue,126.52,Approved
2917,7718,234,2022-09-29,Defective,453.66,Approved
2919,83098,256,2023-11-14,Better Price Found,279.28,Pending
2920,24813,165,2024-10-19,Damaged in Transit,478.81,Approved
2921,97445,451,2023-11-22,Defective,427.34,Completed
2922,120,138,2023-12-09,Other,798.72,Approved
2923,56923,95,2024-01-19,Defective,762.22,Approved
2924,26274,406,2024-07-15,Damaged in Transit,748.92,Approved
2925,77907,313,2024-07-15,Defective,565.66,Approved
2926,44090,35,2023-11-12,Other,226.56,Completed
2927,77509,346,2024-05-22,Unknown,615.85,Approved
2928,54766,222,2023-03-12,Changed Mind,302.45,Pending
2929,34510,287,2024-03-18,Damaged in Transit,598.31,Approved
2930,14688,207,2024-03-09,Damaged in Transit,575.16,Approved
2931,22181,238,2022-04-10,Sizing Issue,670.68,Completed
2932,8809,349,2023-06-13,Sizing Issue,420.28,Pending
2933,22365,486,2023-08-03,Defective,362.96,Completed
2934,21386,408,2024-07-26,Other,128.82,Rejected
2935,61545,22,2024-10-22,Wrong Item,242.4,Approved
2936,67786,140,2024-04-08,Other,790.26,Approved
2937,95005,421,2024-10-24,Not As Described,500.34,Pending
2938,76647,328,2022-03-21,Wrong Item,17.15,Approved
2939,81434,355,2023-04-22,Defective,255.91,Completed
2940,11223,298,2022-08-24,Unknown,467.45,Pending
2941,18547,448,2022-11-30,Defective,267.85,Pending
2942,63140,35,2023-04-16,Unknown,248.44,Completed
2943,40426,195,2024-03-23,Other,607.65,Approved
2944,32510,335,2022-12-23,Changed Mind,275.7,Pending
2945,41911,72,2023-01-02,Better Price Found,795.7,Rejected
2946,33360,175,2023-05-14,Better Price Found,278.57,Pending
2947,16774,101,2024-12-12,Better Price Found,545.02,Approved
2948,47457,229,2022-12-07,Sizing Issue,182.81,Pending
2949,89177,296,2024-08-22,Defective,770.17,Pending
2950,18912,464,2023-02-01,Better Price Found,18.56,Approved
2951,48944,212,2024-11-10,Not As Described,648.99,Completed
2952,28536,39,2024-08-14,Other,580.37,Completed
2953,82236,500,2024-02-16,Other,118.26,Approved
2954,88944,147,2024-11-04,Better Price Found,475.27,Approved
2955,88468,362,2022-03-04,Wrong Item,532.46,Approved
2956,53007,393,2024-03-24,Wrong Item,626.8,Pending
2957,68740,14,2022-07-18,Better Price Found,244.07,Completed
2958,18297,8,2023-06-21,Sizing Issue,162.81,Completed
2959,60160,289,2023-11-18,Better Price Found,785.41,Approved
2960,36413,173,2022-08-25,Sizing Issue,27.3,Pending
2961,24016,329,2022-03-01,Other,689.56,Completed
2962,64122,114,2023-03-09,Defective,300.13,Completed
2963,83203,190,2023-02-23,Damaged in Transit,70.56,Approved
2964,29291,305,2023-08-11,Wrong Item,456.53,Approved
2965,50293,478,2023-11-23,Wrong Item,612.31,Approved
2966,9823,129,2022-03-24,Defective,186.55,Approved
2967,92926,76,2023-03-24,Sizing Issue,110.1,Approved
2968,80771,430,2023-06-13,Changed Mind,657.34,Approved
2969,32892,299,2022-05-10,Damaged in Transit,82.38,Completed
2970,634,19,2024-03-21,Unknown,153.63,Approved
2971,80147,364,2023-06-28,Not As Described,515.16,Rejected
2972,11979,311,2024-12-12,Damaged in Transit,21.64,Pending
2973,26285,187,2022-08-12,Other,155.89,Approved
2974,34504,242,2023-04-29,Sizing Issue,509.52,Approved
2975,13988,231,2023-06-30,Changed Mind,347.98,Approved
2976,40260,480,2022-05-18,Not As Described,757.7,Rejected
2977,49420,119,2023-11-29,Not As Described,754.88,Approved
2978,59007,347,2022-04-03,Defective,13.91,Pending
2979,64904,431,2024-06-14,Not As Described,606.45,Completed
2980,66499,403,2023-10-31,Damaged in Transit,85.74,Approved
2981,86026,83,2022-02-13,Changed Mind,421.73,Approved
2982,96061,142,2024-04-03,Other,413.01,Pending
2983,27671,232,2023-10-18,Other,30.44,Approved
2984,97875,299,2024-03-22,Sizing Issue,528.51,Approved
2985,19801,381,2022-12-09,Not As Described,200.05,Approved
2986,1259,391,2022-07-05,Better Price Found,353.65,Approved
2987,48129,403,2024-02-08,Not As Described,61.84,Pending
2988,63140,445,2024-07-26,Better Price Found,445.42,Completed
2989,41115,29,2022-08-12,Not As Described,539.5,Completed
2990,19820,323,2023-08-08,Damaged in Transit,127.64,Rejected
2991,3493,348,2023-12-03,Damaged in Transit,753.35,Approved
2992,49879,242,2024-05-11,Defective,210.36,Completed
2993,72694,384,2022-08-11,Changed Mind,687.93,Completed
2994,84499,308,2022-08-05,Better Price Found,221.36,Rejected
2995,2147,387,2023-10-05,Defective,529.48,Pending
2996,58591,407,2023-08-16,Damaged in Transit,663.57,Approved
2997,8423,450,2022-05-04,Other,59.08,Approved
2998,94074,206,2022-06-23,Not As Described,560.91,Pending
2999,91745,355,2024-03-17,Defective,233.69,Approved
3000,93359,442,2024-03-09,Wrong Item,347.26,Approved
3001,42545,226,2024-07-08,Unknown,669.08,Rejected
3002,22366,440,2024-05-04,Better Price Found,676.82,Completed
3003,69611,159,2022-07-05,Unknown,471.37,Approved
3004,38334,108,2022-10-08,Not As Described,118.99,Approved
3005,8420,32,2022-11-06,Not As Described,682.02,Completed
3006,90023,500,2022-06-29,Sizing Issue,373.81,Approved
3007,75520,421,2024-09-18,Damaged in Transit,778.94,Approved
3008,63671,303,2022-04-13,Better Price Found,467.32,Approved
3009,46493,482,2024-06-22,Sizing Issue,356.58,Completed
3010,92529,31,2023-05-25,Other,288.84,Approved
3011,81942,75,2023-11-09,Unknown,700.4,Rejected
3012,19339,423,2022-02-18,Changed Mind,118.87,Completed
3013,53641,371,2023-09-21,Not As Described,107.88,Approved
3014,15142,374,2022-03-23,Sizing Issue,279.29,Completed
3015,95452,244,2022-09-11,Wrong Item,589.79,Rejected
3016,27679,455,2023-03-11,Damaged in Transit,574.15,Rejected
3017,158,406,2024-04-16,Changed Mind,19.17,Pending
3018,20506,50,2023-01-04,Better Price Found,251.04,Approved
3019,34351,327,2023-11-08,Sizing Issue,585.66,Pending
3020,72207,237,2024-04-07,Damaged in Transit,294.93,Pending
3021,97966,119,2023-07-20,Damaged in Transit,366.74,Approved
3022,78339,121,2023-01-26,Damaged in Transit,191.55,Pending
3023,57685,122,2022-05-31,Better Price Found,73.44,Approved
3024,73606,218,2023-12-07,Sizing Issue,642.17,Approved
3025,3984,109,2022-07-24,Damaged in Transit,633.27,Approved
3026,29932,191,2023-03-08,Sizing Issue,391.09,Approved
3027,10783,466,2024-12-14,Not As Described,496.49,Pending
3028,91070,137,2024-09-03,Defective,92.34,Pending
3029,69117,108,2023-06-15,Changed Mind,55.12,Pending
3030,77580,83,2023-10-03,Wrong Item,138.59,Completed
3031,13059,219,2024-04-14,Not As Described,670.08,Approved
3032,28198,103,2022-09-25,Not As Described,586.73,Pending
3033,94662,447,2023-03-25,Sizing Issue,768.13,Pending
3034,93277,36,2023-03-15,Other,424.66,Approved
3035,14757,339,2024-03-17,Defective,740.7,Completed
3036,47999,21,2024-04-02,Not As Described,518.91,Approved
3037,16392,96,2024-06-11,Not As Described,78.53,Approved
3038,28201,408,2024-09-26,Other,128.3,Pending
3039,15120,424,2024-08-22,Better Price Found,108.46,Completed
3040,54555,256,2024-10-16,Wrong Item,458.67,Approved
3041,86112,51,2022-08-01,Defective,548.63,Approved
3042,95861,190,2022-10-31,Not As Described,55.83,Approved
3043,92185,246,2023-11-15,Sizing Issue,517.71,Approved
3044,28321,274,2024-06-06,Defective,543.1,Approved
3045,27852,204,2024-12-23,Other,769.35,Approved
3046,74628,279,2022-07-07,Unknown,43.81,Completed
3047,66933,353,2022-04-18,Other,414.48,Pending
3048,22779,205,2024-10-24,Changed Mind,31.09,Completed
3049,34013,422,2024-07-09,Better Price Found,193.69,Pending
3050,24670,448,2022-04-16,Changed Mind,225.07,Completed
3051,41635,62,2022-09-29,Wrong Item,490.81,Completed
3052,35238,271,2024-07-01,Changed Mind,487.7,Approved
3053,19060,295,2023-03-30,Other,288.67,Pending
3054,18053,500,2022-06-26,Defective,579.68,Pending
3055,46121,103,2024-07-09,Not As Described,468.31,Rejected
3056,4019,20,2022-08-31,Unknown,741.66,Rejected
3057,23851,24,2024-07-29,Wrong Item,568.55,Approved
3058,71516,44,2024-07-22,Changed Mind,745.25,Approved
3059,68438,462,2024-10-06,Better Price Found,326.03,Approved
3060,47622,480,2024-06-01,Sizing Issue,28.55,Approved
3061,48192,258,2023-07-22,Sizing Issue,145.05,Approved
3062,38360,239,2023-02-09,Better Price Found,477.29,Completed
3063,24319,303,2023-05-10,Not As Described,601.5,Rejected
3064,24321,21,2024-11-24,Sizing Issue,658.71,Pending
3065,73574,420,2022-03-27,Defective,636.84,Approved
3066,35167,185,2023-07-19,Defective,434.42,Pending
3067,50345,297,2023-05-01,Wrong Item,679.09,Completed
3068,94496,100,2024-12-28,Better Price Found,493.31,Completed
3069,94875,4,2024-09-09,Defective,28.78,Pending
3070,95569,98,2023-09-21,Sizing Issue,525.57,Completed
3071,15384,246,2024-07-31,Other,95.52,Completed
3072,6776,358,2023-09-05,Other,643.66,Approved
3073,34997,54,2024-09-14,Defective,620.68,Approved
3074,71564,347,2023-01-14,Better Price Found,717.66,Approved
3075,4733,150,2024-11-09,Sizing Issue,232.94,Pending
3076,15969,430,2024-04-18,Changed Mind,15.21,Approved
3077,58888,188,2023-04-10,Changed Mind,691.88,Pending
3078,10146,71,2022-09-29,Wrong Item,778.32,Pending
3079,8354,346,2022-05-16,Damaged in Transit,172.05,Approved
3080,24525,312,2024-11-26,Defective,214.8,Approved
3081,91411,492,2024-02-21,Changed Mind,425.2,Approved
3082,14503,300,2022-02-07,Unknown,550.62,Approved
3083,21182,140,2022-12-25,Defective,795.32,Approved
3084,98168,178,2024-08-25,Changed Mind,49.3,Approved
3085,49788,425,2022-11-17,Not As Described,685.19,Completed
3086,47330,225,2024-06-22,Sizing Issue,725.79,Approved
3087,71030,76,2022-10-09,Unknown,570.41,Approved
3088,38627,155,2022-10-17,Sizing Issue,322.19,Approved
3089,97624,401,2024-12-08,Other,693.16,Completed
3090,8042,109,2024-10-11,Unknown,786.34,Pending
3091,88302,10,2022-07-04,Changed Mind,43.74,Pending
3092,19752,108,2022-02-17,Other,424.59,Approved
3093,62638,202,2023-10-11,Wrong Item,79.67,Pending
3094,39763,107,2023-02-16,Other,259.45,Approved
3095,72562,107,2022-05-31,Other,414.87,Pending
3096,51270,75,2023-11-25,Not As Described,253.03,Completed
3097,28639,47,2024-01-06,Unknown,720.03,Approved
3098,52348,351,2022-10-19,Defective,134.65,Approved
3099,90315,399,2023-10-03,Not As Described,258.86,Completed
3100,33284,73,2022-04-16,Sizing Issue,392.35,Approved
3101,70224,229,2023-01-21,Not As Described,258.9,Pending
3102,36917,156,2022-09-08,Defective,121.19,Completed
3103,4691,329,2024-03-09,Defective,789.39,Approved
3104,47746,386,2023-01-02,Unknown,495.15,Approved
3105,51191,279,2022-05-08,Damaged in Transit,568.61,Pending
3106,79028,410,2022-12-11,Better Price Found,501.05,Completed
3107,28724,22,2023-08-14,Unknown,553.41,Approved
3108,57512,326,2022-04-14,Defective,493.57,Rejected
3109,99058,109,2022-02-23,Better Price Found,15.32,Approved
3110,26491,147,2024-05-19,Defective,410.43,Approved
3111,33944,289,2023-09-05,Other,107.17,Pending
3112,23521,422,2024-07-18,Sizing Issue,117.41,Approved
3113,12261,314,2022-10-12,Other,490.97,Pending
3114,29588,425,2022-03-16,Not As Described,771.01,Approved
3115,15335,416,2024-05-20,Sizing Issue,157.58,Completed
3116,44905,334,2022-09-16,Defective,591.29,Completed
3117,3976,80,2024-07-04,Defective,525.65,Pending
3118,53884,204,2022-12-20,Sizing Issue,660.58,Approved
3119,37491,5,2023-07-24,Not As Described,498.07,Approved
3120,39598,48,2023-05-05,Sizing Issue,783.09,Approved
3121,45785,500,2023-04-25,Better Price Found,203.54,Pending
3122,43624,323,2023-11-05,Other,637.33,Approved
3123,21867,181,2024-12-29,Not As Described,513.94,Rejected
3124,18448,313,2024-04-30,Sizing Issue,256.36,Pending
3125,20799,145,2024-02-10,Sizing Issue,79.32,Approved
3126,62052,393,2022-12-21,Changed Mind,603.88,Approved
3127,99457,259,2022-07-20,Unknown,745.53,Rejected
3128,888,174,2024-07-26,Not As Described,93.38,Approved
3129,59546,58,2024-01-22,Not As Described,469.82,Approved
3130,3214,317,2024-10-13,Changed Mind,186.06,Pending
3131,93899,377,2023-03-29,Other,597.61,Approved
3132,97920,319,2024-03-13,Defective,87.73,Pending
3133,49154,123,2024-02-12,Wrong Item,736.02,Approved
3134,14007,408,2024-08-02,Sizing Issue,641.0,Approved
3135,42456,80,,Other,288.95,Completed
3136,35067,358,2023-11-29,Wrong Item,115.28,Pending
3137,72440,4,2024-11-22,Better Price Found,668.29,Rejected
3138,34015,353,2023-12-09,Better Price Found,674.56,Completed
3139,45057,394,2024-10-18,Sizing Issue,649.58,Approved
3140,16989,440,2024-06-25,Better Price Found,305.31,Approved
3141,76049,292,2022-07-12,Not As Described,253.03,Rejected
3142,4455,223,2024-02-16,Other,153.52,Approved
3143,72354,146,2023-08-19,Other,647.42,Completed
3144,86922,21,2024-07-17,Defective,487.33,Completed
3145,80117,369,2022-07-02,Better Price Found,595.43,Approved
3146,91004,450,2023-09-20,Defective,5.56,Completed
3147,41991,44,2024-02-20,Sizing Issue,162.38,Approved
3148,97043,211,2022-05-30,Unknown,573.27,Approved
3149,23823,167,2024-07-24,Other,344.05,Rejected
3150,54918,476,2024-12-29,Sizing Issue,336.15,Approved
3151,88292,405,2023-05-12,Wrong Item,27.83,Completed
3152,65869,493,2023-01-21,Other,436.12,Pending
3153,59858,29,2022-02-11,Unknown,250.69,Approved
3154,24424,428,2024-04-24,Better Price Found,332.72,Completed
3155,9395,23,2024-02-29,Wrong Item,648.64,Pending
3156,39940,23,2023-01-25,Other,728.02,Approved
3157,79717,300,2023-07-11,Other,354.01,Approved
3158,79044,416,2022-12-04,Changed Mind,157.32,Approved
3160,80043,286,2023-09-29,Other,515.7,Approved
3161,7651,244,2024-01-15,Wrong Item,82.4,Completed
3162,95547,323,2022-11-08,Unknown,436.98,Approved
3163,94237,179,2023-08-10,Not As Described,380.23,Pending
3164,97184,152,2022-06-20,Other,426.47,Approved
3165,39393,416,2022-04-17,Not As Described,448.93,Approved
3166,20295,419,2023-11-04,Defective,256.0,Completed
3167,95466,43,2022-07-06,Unknown,785.06,Approved
3168,68648,394,2022-05-22,Other,353.72,Completed
3169,85759,171,2023-11-21,Other,416.66,Approved
3170,53930,321,2022-02-25,Sizing Issue,610.74,Rejected
3171,84495,110,2024-12-14,Not As Described,69.48,Approved
3172,26333,133,2022-06-26,Unknown,144.87,Rejected
3173,93560,291,2023-01-31,Damaged in Transit,20.06,Completed
3174,59810,237,2023-05-16,Wrong Item,21.28,Approved
3175,88760,99,2022-05-18,Defective,204.63,Completed
3176,80595,2,2022-10-08,Defective,483.45,Approved
3177,75246,297,2024-04-30,Changed Mind,294.67,Approved
3178,22126,211,2022-12-26,Changed Mind,319.45,Approved
3179,45303,354,2024-03-13,Unknown,449.62,Completed
3180,48761,234,2022-04-22,Not As Described,247.45,Approved
3181,17218,335,2023-05-12,Better Price Found,311.56,Approved
3182,47652,317,2022-06-15,Unknown,527.42,Pending
3183,39463,484,2023-05-08,Not As Described,99.05,Approved
3184,46788,149,2024-01-05,Sizing Issue,400.43,Approved
3185,55855,264,2022-10-01,Damaged in Transit,302.42,Completed
3186,48680,383,2023-03-05,Better Price Found,758.35,Pending
3187,28772,43,2023-04-17,Unknown,757.24,Completed
3188,86463,262,2022-09-05,Changed Mind,52.32,Approved
3189,53352,339,2024-03-07,Changed Mind,561.98,Pending
3190,19760,88,2022-02-23,Sizing Issue,76.08,Approved
3191,15764,463,2023-09-30,Damaged in Transit,582.86,Completed
3192,47423,271,2023-02-12,Wrong Item,630.39,Pending
3193,93363,238,2023-05-27,Better Price Found,187.85,Approved
3194,39376,253,2024-02-09,Other,301.6,Pending
3195,23997,350,2024-07-20,Not As Described,338.42,Completed
3196,83860,79,2024-03-15,Other,343.08,Approved
3197,91484,489,2024-08-01,Not As Described,162.55,Approved
3198,43226,228,2024-01-02,Wrong Item,395.27,Approved
3199,91829,153,2022-09-07,Unknown,371.94,Completed
3200,79869,382,2024-07-17,Changed Mind,744.48,Approved
3201,9952,62,2022-04-18,Other,108.15,Approved
3202,30348,63,2022-10-22,Wrong Item,766.61,Approved
3203,40520,444,2023-02-20,Defective,261.6,Approved
3204,29907,149,2023-05-10,Not As Described,169.61,Completed
3205,42888,181,2023-05-31,Wrong Item,410.04,Approved
3206,30692,40,2023-10-17,Sizing Issue,141.63,Completed
3207,50030,84,2023-06-19,Defective,203.56,Pending
3208,74338,323,2024-01-24,Wrong Item,351.25,Approved
3209,80681,251,,Defective,249.14,Approved
3210,42035,212,2024-01-30,Sizing Issue,242.35,Approved
3211,93380,264,2022-02-02,Other,116.51,Approved
3212,46130,44,2022-10-18,Better Price Found,149.15,Approved
3213,17215,93,2022-11-09,Damaged in Transit,218.32,Approved
3214,95354,263,2024-02-10,Damaged in Transit,271.75,Pending
3215,7355,161,2022-08-27,Better Price Found,360.13,Rejected
3216,82389,111,2023-07-04,Better Price Found,328.75,Completed
3217,59619,111,2024-10-16,Wrong Item,55.35,Approved
3218,24162,1,2024-10-03,Wrong Item,371.51,Approved
3219,53086,173,2022-08-21,Sizing Issue,24.83,Rejected
3221,57636,304,2023-07-28,Better Price Found,215.33,Completed
3222,64937,99,2024-02-22,Changed Mind,183.67,Completed
3223,98768,393,2023-04-27,Unknown,669.51,Completed
3224,77525,157,2024-12-18,Other,83.97,Pending
3225,83830,166,2022-12-10,Not As Described,245.26,Approved
3226,49937,50,2024-10-09,Other,81.96,Approved
3227,32110,109,2023-07-13,Not As Described,413.18,Completed
3228,33914,478,2024-02-19,Unknown,146.22,Completed
3229,66272,431,2023-10-02,Better Price Found,683.14,Rejected
3230,62475,83,2024-11-05,Unknown,11.77,Rejected
3231,97238,251,2023-03-22,Changed Mind,302.88,Rejected
3232,5608,103,2024-12-18,Sizing Issue,793.14,Rejected
3233,30673,37,2023-10-25,Sizing Issue,230.56,Pending
3234,48750,35,2023-10-29,Unknown,38.84,Approved
3235,35464,50,2024-05-18,Wrong Item,79.18,Completed
3236,87680,413,2022-08-22,Defective,45.71,Completed
3237,8870,39,2022-08-06,Unknown,227.37,Pending
3238,76464,414,2022-12-29,Damaged in Transit,121.31,Completed
3239,71774,150,2022-06-04,Defective,573.3,Approved
3240,57858,160,2023-04-15,Changed Mind,707.27,Approved
3241,74511,409,2023-07-14,Other,418.68,Approved
3242,81729,272,2022-02-05,Damaged in Transit,481.54,Pending
3243,71704,114,2023-07-31,Other,441.46,Rejected
3244,60483,200,2023-09-11,Defective,205.11,Rejected
3245,96171,377,2024-10-09,Changed Mind,157.78,Approved
3246,19831,92,2024-01-27,Unknown,780.08,Approved
3247,15138,489,2022-05-12,Changed Mind,335.44,Completed
3248,91571,45,2024-06-04,Better Price Found,277.12,Completed
3249,17929,468,2024-08-07,Sizing Issue,5.31,Approved
3250,20670,158,2022-09-16,Not As Described,706.7,Completed
3251,77877,78,2024-05-06,Wrong Item,477.51,Approved
3252,53723,315,2023-06-21,Changed Mind,80.25,Completed
3253,38257,288,2023-05-17,Wrong Item,512.01,Pending
3254,49015,157,2023-06-21,Sizing Issue,649.56,Approved
3255,4507,417,2022-08-24,Changed Mind,758.43,Approved
3256,29356,278,2024-04-01,Damaged in Transit,428.31,Approved
3257,408,205,2023-09-18,Other,16.15,Pending
3258,73659,494,2024-06-17,Sizing Issue,143.57,Approved
3259,2040,388,2022-08-19,Sizing Issue,321.4,Pending
3260,6864,143,2024-04-30,Not As Described,292.75,Approved
3261,83140,94,2023-01-03,Defective,21.76,Approved
3262,74613,134,2023-12-22,Damaged in Transit,676.96,Pending
3263,67257,66,2023-11-21,Better Price Found,149.04,Approved
3264,4472,230,2023-05-15,Other,359.54,Approved
3265,55336,427,2022-06-17,Defective,307.21,Completed
3266,51865,112,2023-04-17,Defective,71.21,Approved
3267,65761,255,2024-07-15,Not As Described,38.71,Rejected
3268,15013,460,2022-11-23,Not As Described,364.22,Rejected
3269,29042,25,2022-07-22,Damaged in Transit,419.23,Approved
3270,82408,17,2023-01-22,Better Price Found,484.55,Completed
3271,47503,10,2022-07-05,Defective,278.2,Pending
3272,27657,390,2023-09-06,Other,246.28,Approved
3273,46281,193,2024-02-16,Defective,120.0,Pending
3274,88570,120,2024-07-18,Defective,229.21,Pending
3275,75813,497,2024-10-12,Better Price Found,418.38,Approved
3276,90719,448,2024-02-18,Changed Mind,335.52,Completed
3277,15330,324,2022-09-04,Other,53.06,Pending
3278,30603,359,2024-05-12,Defective,640.17,Pending
3279,5742,66,2023-04-14,Defective,587.48,Approved
3280,49250,321,2023-01-17,Changed Mind,594.04,Completed
3281,38280,62,2023-07-27,Defective,681.38,Pending
3282,59104,428,2022-05-10,Wrong Item,362.98,Approved
3283,31210,2,2022-03-04,Not As Described,11.07,Completed
3284,78647,321,2023-10-10,Wrong Item,719.22,Completed
3285,22913,42,2023-02-17,Changed Mind,107.56,Approved
3286,99581,269,2024-05-01,Damaged in Transit,432.09,Approved
3287,44091,498,2024-08-15,Defective,164.32,Completed
3288,78913,360,2023-01-15,Damaged in Transit,727.38,Completed
3289,68118,15,2024-09-18,Defective,692.97,Approved
3290,2172,481,2022-06-12,Better Price Found,464.82,Approved
3291,25473,80,2023-04-09,Defective,568.42,Approved
3292,86851,12,,Damaged in Transit,110.62,Approved
3293,6682,251,2023-12-24,Defective,304.28,Completed
3294,58888,85,2022-07-16,Changed Mind,327.99,Pending
3295,5047,115,2023-09-10,Defective,766.08,Pending
3296,45259,425,2022-03-22,Defective,496.41,Approved
3297,73898,413,2022-11-24,Damaged in Transit,644.42,Rejected
3298,24812,405,2022-03-08,Damaged in Transit,83.2,Completed
3299,75077,394,2024-11-01,Defective,407.44,Approved
3300,1764,278,2024-12-03,Changed Mind,776.61,Approved
3301,15756,212,,Unknown,192.62,Approved
3302,94517,239,2023-09-16,Not As Described,226.51,Approved
3303,9591,329,2023-02-23,Sizing Issue,319.82,Completed
3304,47237,335,2022-08-13,Not As Described,767.24,Completed
3305,92535,110,2022-07-09,Better Price Found,754.74,Completed
3306,214,330,2024-09-16,Changed Mind,740.69,Rejected
3307,29946,325,2022-06-03,Changed Mind,691.64,Approved
3308,59826,331,2022-08-25,Sizing Issue,93.29,Approved
3309,38426,204,2024-11-02,Damaged in Transit,465.91,Pending
3310,28056,308,2022-04-01,Sizing Issue,408.24,Approved
3311,52475,403,2022-09-22,Better Price Found,604.29,Rejected
3312,50476,129,2024-12-18,Damaged in Transit,262.86,Approved
3313,74604,272,2022-10-15,Changed Mind,563.37,Approved
3314,26856,157,2023-09-24,Wrong Item,392.48,Completed
3315,77964,319,2024-01-01,Defective,674.16,Pending
3316,88825,109,2022-07-26,Better Price Found,194.27,Completed
3317,44140,223,2024-10-10,Sizing Issue,701.84,Completed
3318,5447,161,2023-02-16,Changed Mind,201.51,Approved
3319,97731,463,2022-02-27,Defective,134.68,Rejected
3320,37661,150,2022-04-12,Other,666.09,Completed
3321,19611,437,2024-05-31,Sizing Issue,410.62,Approved
3322,51021,251,2024-10-13,Not As Described,772.18,Completed
3323,48153,153,2024-11-08,Not As Described,782.58,Approved
3324,83106,266,2023-09-27,Unknown,216.15,Completed
3325,97505,29,2024-11-21,Wrong Item,480.64,Rejected
3326,24910,136,2023-05-17,Sizing Issue,348.64,Approved
3327,23311,478,2022-02-24,Wrong Item,300.61,Pending
3328,93907,442,2022-11-20,Other,527.55,Pending
3329,23473,160,2024-11-02,Sizing Issue,608.78,Pending
3330,42146,251,2024-02-18,Changed Mind,108.32,Approved
3331,46075,452,2024-10-11,Damaged in Transit,58.0,Pending
3332,99939,125,2024-05-11,Damaged in Transit,592.35,Approved
3333,2481,113,2024-12-22,Defective,218.54,Completed
3334,36463,417,2024-09-23,Unknown,729.95,Rejected
3335,27134,195,2024-03-13,Changed Mind,168.14,Completed
3336,66760,372,2023-05-25,Defective,694.72,Completed
3337,31953,38,2023-06-21,Better Price Found,254.38,Completed
3338,68467,303,2023-08-28,Wrong Item,439.07,Pending
3339,24011,461,2024-01-24,Defective,311.57,Rejected
3340,3061,216,2022-09-27,Changed Mind,209.73,Approved
3341,25915,60,,Changed Mind,83.15,Approved
3342,88678,456,,Not As Described,462.98,Pending
3343,2428,237,2023-05-24,Sizing Issue,546.72,Rejected
3344,53331,55,2023-07-26,Defective,479.62,Approved
3345,92223,122,2024-06-13,Other,335.25,Pending
3346,51102,249,2022-07-19,Defective,774.26,Completed
3347,32743,187,2022-07-19,Sizing Issue,524.99,Pending
3348,66879,377,2022-11-15,Other,23.47,Approved
3349,20624,188,2023-07-08,Defective,50.99,Rejected
3350,6820,101,2024-11-01,Damaged in Transit,312.06,Pending
3351,15126,299,2023-02-11,Defective,621.93,Completed
3352,8280,14,2022-08-10,Other,159.68,Approved
3353,23721,334,2022-11-16,Not As Described,674.5,Approved
3354,63295,218,2023-10-15,Defective,171.66,Approved
3355,71650,455,2023-05-01,Sizing Issue,9.7,Pending
3356,95976,245,2023-06-28,Sizing Issue,148.05,Rejected
3357,8351,66,2024-01-07,Unknown,191.19,Completed
3358,25362,482,2024-03-14,Other,98.6,Rejected
3359,45777,452,2024-06-29,Changed Mind,371.22,Approved
3360,59000,47,2022-08-31,Sizing Issue,136.71,Completed
3361,65066,99,2024-06-21,Defective,79.39,Pending
3362,7115,383,2024-11-23,Changed Mind,560.16,Approved
3363,66105,199,2023-04-14,Not As Described,160.63,Approved
3364,14830,392,2023-02-15,Other,773.33,Completed
3365,36187,388,2024-02-09,Wrong Item,138.2,Approved
3366,32649,304,,Changed Mind,132.78,Approved
3367,54500,139,2023-09-20,Other,526.96,Approved
3368,41285,369,2022-06-26,Not As Described,736.5,Completed
3369,45600,287,2023-04-23,Other,367.29,Approved
3370,82189,311,2024-10-25,Wrong Item,562.24,Pending
3371,68505,27,2023-12-30,Defective,524.95,Approved
3372,98700,340,2022-07-20,Not As Described,273.94,Approved
3373,95850,426,2024-12-19,Other,766.85,Completed
3374,4156,359,2024-12-24,Not As Described,457.07,Completed
3375,50799,186,2023-08-22,Defective,570.42,Pending
3376,89342,211,2022-03-17,Changed Mind,548.05,Completed
3377,63312,234,2023-06-28,Better Price Found,497.91,Completed
3378,19844,207,2022-03-11,Unknown,538.45,Pending
3379,82602,269,2022-08-01,Damaged in Transit,143.8,Pending
3380,91069,456,2023-07-04,Wrong Item,594.13,Rejected
3381,49750,283,2022-09-19,Defective,668.72,Approved
3382,26911,21,2022-08-27,Other,502.76,Completed
3383,92243,173,2024-02-03,Changed Mind,295.48,Pending
3384,80991,453,2022-08-06,Wrong Item,20.01,Approved
3385,57254,184,2023-01-25,Defective,649.42,Pending
3386,94620,216,2024-01-26,Not As Described,248.54,Pending
3387,15411,260,2024-04-04,Damaged in Transit,775.81,Completed
3388,70870,398,2024-02-09,Unknown,583.68,Approved
3389,74833,155,2024-11-01,Defective,126.74,Approved
3390,30614,230,2024-03-13,Sizing Issue,1192.18125,Approved
3391,42116,443,2023-04-15,Not As Described,190.93,Approved
3392,99251,252,2022-03-22,Changed Mind,716.82,Pending
3393,17438,145,2024-01-22,Not As Described,189.29,Completed
3394,96560,388,2023-01-13,Changed Mind,631.46,Approved
3395,71639,365,2023-12-10,Wrong Item,784.37,Completed
3396,62003,139,2023-02-17,Not As Described,396.51,Pending
3397,19055,74,2024-09-29,Better Price Found,466.67,Approved
3398,77480,339,2024-09-14,Damaged in Transit,239.94,Rejected
3399,21399,331,2022-02-11,Wrong Item,424.08,Pending
3400,60008,75,2022-02-26,Sizing Issue,111.33,Approved
3401,20608,447,2023-09-20,Defective,695.45,Pending
3402,96001,426,2024-02-20,Changed Mind,150.78,Pending
3403,31621,342,2023-04-17,Not As Described,578.43,Approved
3404,18722,64,2024-05-20,Defective,196.4,Pending
3405,19744,63,2024-06-13,Other,539.62,Approved
3406,56573,196,2022-03-12,Other,584.07,Pending
3407,9040,56,,Sizing Issue,392.24,Completed
3408,74372,280,2023-04-02,Better Price Found,51.05,Approved
3409,28751,319,2022-05-06,Unknown,551.68,Completed
3410,44165,79,2023-07-06,Defective,432.71,Approved
3411,53623,94,2022-07-29,Other,253.58,Approved
3412,23653,183,2024-03-02,Unknown,81.19,Pending
3413,78254,355,2022-10-18,Defective,714.0,Rejected
3414,49584,344,2023-12-21,Wrong Item,246.02,Approved
3415,41546,188,2024-01-13,Not As Described,247.0,Pending
3416,49535,37,2024-09-30,Better Price Found,81.69,Rejected
3417,43990,316,2024-08-13,Unknown,279.85,Pending
3418,7629,347,2023-12-28,Not As Described,106.32,Completed
3419,22397,418,2024-02-17,Other,432.18,Rejected
3420,59906,115,2023-12-27,Damaged in Transit,15.76,Approved
3421,75568,105,2022-03-02,Other,430.38,Completed
3422,70561,208,2022-05-05,Damaged in Transit,490.49,Rejected
3423,28544,405,2023-07-20,Sizing Issue,624.46,Approved
3424,95149,429,,Changed Mind,546.31,Approved
3425,40946,64,2022-07-12,Wrong Item,290.67,Rejected
3426,35652,442,2023-01-11,Other,511.97,Approved
3427,88158,243,2023-03-20,Sizing Issue,623.93,Pending
3428,72179,116,2024-05-23,Unknown,86.72,Rejected
3429,44015,426,2022-03-24,Defective,624.26,Completed
3430,42483,278,,Unknown,609.4,Pending
3431,48156,397,2024-03-18,Damaged in Transit,502.67,Approved
3432,99668,256,2022-04-13,Other,631.34,Pending
3433,71169,82,2022-09-02,Other,786.77,Approved
3434,60919,482,2022-05-26,Changed Mind,133.71,Completed
3435,239,250,2024-12-05,Better Price Found,571.79,Approved
3436,20410,188,2023-05-27,Other,140.14,Approved
3437,52058,75,2024-06-30,Changed Mind,727.73,Approved
3438,55648,304,2023-08-14,Changed Mind,275.95,Rejected
3439,4723,144,2022-06-11,Damaged in Transit,509.2,Approved
3440,94674,250,2022-10-21,Sizing Issue,691.89,Pending
3441,42749,421,2023-07-30,Changed Mind,39.54,Approved
3442,28092,29,2024-05-12,Wrong Item,763.37,Completed
3443,58095,116,2022-12-16,Not As Described,736.85,Approved
3444,32571,238,2024-11-21,Defective,542.95,Approved
3445,28071,181,2023-08-12,Wrong Item,1192.18125,Approved
3446,53392,265,2024-10-07,Damaged in Transit,380.37,Approved
3447,31436,353,2022-09-30,Other,97.44,Approved
3448,37518,326,2022-07-17,Other,664.83,Rejected
3449,74881,488,2024-09-22,Better Price Found,771.16,Approved
3451,44142,161,2022-06-13,Defective,81.24,Approved
3452,42438,53,2023-10-11,Defective,199.74,Approved
3453,14680,57,2024-12-26,Wrong Item,438.54,Approved
3454,92224,254,2022-08-11,Sizing Issue,106.17,Completed
3455,53517,75,2024-04-26,Changed Mind,138.61,Rejected
3456,13305,209,,Unknown,100.12,Approved
3457,97071,91,2023-02-19,Damaged in Transit,742.31,Approved
3458,50970,414,2023-07-12,Damaged in Transit,361.04,Pending
3459,76179,442,2022-11-26,Not As Described,550.37,Approved
3460,51838,394,2022-11-06,Other,352.6,Approved
3461,75046,480,2024-05-13,Wrong Item,199.81,Approved
3462,21290,328,2024-01-11,Not As Described,582.28,Approved
3463,17384,99,2024-01-18,Damaged in Transit,429.3,Approved
3464,96321,313,2023-02-21,Other,180.07,Pending
3465,17257,307,2023-03-17,Unknown,386.81,Approved
3466,46868,410,2022-07-10,Other,719.54,Pending
3467,94004,328,2022-05-12,Damaged in Transit,689.78,Approved
3468,45531,212,2022-10-06,Other,475.16,Approved
3469,72232,442,2022-08-23,Damaged in Transit,747.62,Completed
3470,56222,28,2024-06-28,Changed Mind,595.18,Approved
3471,10513,375,2022-05-22,Sizing Issue,798.98,Approved
3472,32981,104,2023-07-30,Better Price Found,47.48,Approved
3473,24221,250,2023-03-24,Defective,19.23,Pending
3474,94325,42,2024-01-02,Other,640.35,Completed
3475,3315,154,2022-06-11,Changed Mind,214.19,Pending
3476,85823,294,2023-07-04,Defective,713.22,Completed
3477,60081,377,2022-04-04,Better Price Found,19.28,Pending
3478,98197,427,2022-08-27,Defective,387.94,Approved
3479,65847,459,2024-01-15,Damaged in Transit,412.57,Approved
3480,577,163,2024-03-23,Changed Mind,345.68,Pending
3481,61383,175,2022-04-28,Unknown,710.57,Approved
3482,69088,239,2024-12-22,Better Price Found,286.79,Pending
3483,41920,253,2024-09-08,Better Price Found,116.15,Completed
3484,56119,432,2023-05-29,Other,694.76,Approved
3485,33324,68,2024-07-06,Wrong Item,111.65,Pending
3486,5879,138,2024-04-22,Unknown,11.82,Rejected
3487,74966,19,2023-08-13,Not As Described,165.99,Approved
3488,99078,246,2023-03-30,Defective,70.24,Approved
3489,37644,378,2023-07-06,Damaged in Transit,15.68,Approved
3490,54276,280,2022-06-27,Not As Described,10.55,Approved
3491,56429,324,2022-10-05,Damaged in Transit,546.61,Pending
3492,88320,489,2024-01-16,Defective,132.97,Rejected
3493,7471,226,2022-12-12,Changed Mind,218.02,Pending
3494,46343,189,2024-02-15,Not As Described,51.41,Pending
3495,80665,21,2022-07-22,Other,662.46,Rejected
3496,77370,421,2023-05-28,Changed Mind,491.28,Approved
3497,22749,195,2022-12-11,Changed Mind,796.54,Rejected
3498,91584,103,2022-09-09,Wrong Item,752.97,Approved
3499,5044,223,2023-01-18,Defective,523.2,Pending
3500,98142,50,,Changed Mind,57.75,Approved
3501,76852,19,2023-03-06,Other,109.82,Approved
3502,75094,300,2022-07-19,Changed Mind,66.92,Pending
3503,74302,413,2022-05-24,Wrong Item,200.83,Approved
3504,82182,141,2024-03-09,Not As Described,515.08,Pending
3505,53893,454,2024-06-03,Not As Described,111.74,Approved
3506,58756,76,2024-11-05,Not As Described,430.11,Approved
3507,82468,307,2024-05-21,Changed Mind,127.15,Rejected
3508,19031,370,2022-03-21,Better Price Found,103.06,Rejected
3509,13922,308,2024-01-03,Other,446.42,Rejected
3510,62937,438,2023-06-26,Changed Mind,100.67,Approved
3511,87743,332,2024-02-24,Not As Described,40.98,Approved
3512,19276,176,2024-10-05,Wrong Item,299.5,Approved
3514,36745,122,2023-11-18,Wrong Item,200.68,Approved
3515,13035,370,2023-06-01,Other,546.33,Rejected
3516,60608,102,2023-12-29,Damaged in Transit,546.4,Completed
3517,13992,359,2022-08-15,Other,441.77,Pending
3518,59783,231,2023-02-07,Damaged in Transit,417.73,Pending
3519,10005,139,2024-03-15,Defective,492.74,Pending
3520,80904,111,2023-03-31,Better Price Found,71.4,Approved
3521,46501,102,2022-08-09,Sizing Issue,195.6,Pending
3522,18855,93,2022-12-07,Not As Described,662.77,Rejected
3523,65486,400,2024-07-03,Changed Mind,99.43,Approved
3524,45161,338,2022-12-23,Defective,483.19,Approved
3525,20477,375,2023-11-29,Unknown,397.82,Approved
3526,7216,254,2022-11-25,Changed Mind,405.27,Approved
3527,70459,266,2022-06-04,Changed Mind,291.2,Pending
3528,57090,30,2024-01-18,Better Price Found,299.26,Completed
3529,34393,41,2022-11-09,Better Price Found,314.97,Completed
3530,42802,428,2024-12-19,Not As Described,70.0,Completed
3531,18435,16,2022-06-30,Not As Described,21.39,Approved
3532,48518,133,2024-10-28,Sizing Issue,785.42,Completed
3533,45295,231,2023-04-18,Better Price Found,601.31,Pending
3534,15645,475,2022-03-04,Better Price Found,672.34,Pending
3535,56424,127,2022-09-08,Defective,524.83,Approved
3536,55525,6,2023-12-28,Defective,750.5,Completed
3537,36507,263,2022-10-07,Other,229.5,Completed
3538,11897,124,2022-12-03,Better Price Found,522.86,Pending
3539,67229,177,2023-02-22,Wrong Item,352.77,Approved
3540,64231,365,2022-08-02,Sizing Issue,775.85,Rejected
3541,80567,170,2024-04-26,Better Price Found,430.98,Approved
3542,97534,156,2022-05-18,Changed Mind,309.42,Completed
3543,77403,362,2023-03-14,Not As Described,606.49,Approved
3544,48824,40,2022-07-07,Sizing Issue,786.88,Approved
3545,59260,216,2024-09-05,Other,313.79,Approved
3546,14178,448,2022-12-12,Other,574.24,Completed
3547,70414,91,2023-04-26,Better Price Found,302.51,Pending
3548,38436,268,2022-09-01,Damaged in Transit,128.54,Approved
3549,99096,213,2024-07-16,Wrong Item,751.38,Approved
3550,2754,118,2024-02-22,Unknown,358.27,Approved
3551,14371,47,2023-06-05,Not As Described,788.83,Pending
3552,76157,62,2023-03-20,Not As Described,5.82,Approved
3553,27928,433,2022-07-05,Better Price Found,606.25,Completed
3554,5653,144,2023-09-20,Other,418.58,Approved
3555,67823,93,,Sizing Issue,730.81,Approved
3556,63456,345,2022-12-06,Wrong Item,733.62,Pending
3557,57569,112,2022-07-20,Other,523.9,Rejected
3558,81807,169,2022-03-01,Other,478.0,Rejected
3559,51385,123,2023-09-02,Better Price Found,619.74,Completed
3560,42923,185,2022-08-08,Not As Described,277.26,Rejected
3561,22241,289,2022-07-27,Sizing Issue,420.99,Approved
3562,78719,482,2024-07-13,Not As Described,218.32,Pending
3563,44194,327,2024-08-31,Not As Described,678.2,Approved
3564,36214,371,,Wrong Item,634.35,Completed
3565,30968,149,2023-02-20,Better Price Found,84.43,Pending
3566,4713,303,2022-05-30,Unknown,546.37,Rejected
3567,15491,210,2024-11-29,Unknown,425.63,Approved
3568,3077,452,2022-09-04,Changed Mind,773.87,Pending
3569,48722,91,2022-02-16,Better Price Found,133.15,Approved
3570,13607,40,2024-11-07,Not As Described,441.69,Approved
3571,39553,293,2024-11-05,Damaged in Transit,91.34,Completed
3572,92818,343,2023-12-20,Defective,704.94,Approved
3573,24666,469,2022-12-20,Wrong Item,177.78,Approved
3574,78843,357,2024-10-23,Sizing Issue,192.33,Pending
3575,22838,61,2022-03-05,Sizing Issue,8.97,Approved
3576,45143,317,2022-05-08,Better Price Found,500.66,Pending
3577,40118,394,2022-11-26,Better Price Found,65.28,Completed
3578,98162,68,2023-06-14,Defective,637.09,Approved
3579,62080,231,2022-05-24,Defective,752.88,Rejected
3580,92024,267,2023-04-21,Better Price Found,178.9,Pending
3581,87229,324,2024-05-25,Wrong Item,442.18,Approved
3582,39629,193,2022-10-18,Not As Described,107.76,Completed
3583,48853,397,2024-06-04,Damaged in Transit,595.17,Approved
3584,94751,252,2022-11-20,Defective,791.77,Approved
3585,63079,353,2023-02-24,Not As Described,457.08,Approved
3586,79230,259,2024-08-19,Not As Described,146.57,Completed
3587,18919,396,2024-10-24,Damaged in Transit,475.17,Approved
3588,28148,443,2023-01-06,Wrong Item,621.81,Pending
3589,44709,395,2024-01-31,Defective,378.73,Completed
3590,78402,152,2022-02-02,Damaged in Transit,746.29,Completed
3591,28874,210,2022-10-19,Sizing Issue,590.83,Completed
3592,91256,25,2024-03-01,Changed Mind,147.09,Pending
3593,844,30,2024-09-22,Wrong Item,772.69,Completed
3594,66462,90,2024-05-04,Not As Described,467.86,Approved
3595,413,212,2022-05-29,Wrong Item,204.69,Approved
3596,32077,176,2022-06-15,Sizing Issue,727.37,Completed
3597,39304,379,2024-09-29,Not As Described,199.17,Pending
3598,19844,24,2022-06-10,Better Price Found,549.56,Pending
3599,61210,309,2023-02-05,Better Price Found,735.53,Approved
3600,97948,132,2024-11-17,Not As Described,569.82,Approved
3601,78451,472,2024-07-16,Not As Described,1192.18125,Approved
3602,35680,171,2024-05-07,Changed Mind,652.47,Approved
3603,6566,312,,Better Price Found,177.51,Approved
3604,98940,342,,Sizing Issue,526.84,Pending
3605,31231,224,2022-08-22,Sizing Issue,435.82,Approved
3606,93301,2,2023-02-15,Sizing Issue,14.56,Pending
3607,27839,403,2023-02-22,Defective,226.77,Rejected
3608,84732,148,2022-02-21,Sizing Issue,485.42,Pending
3609,61420,186,2022-03-08,Changed Mind,622.77,Completed
3610,52216,139,2022-11-24,Wrong Item,582.44,Completed
3611,45610,264,2022-02-28,Other,326.1,Rejected
3612,9857,435,2023-02-28,Better Price Found,539.0,Pending
3613,85009,166,2023-03-25,Other,571.08,Approved
3614,83643,283,2024-12-21,Unknown,136.44,Approved
3615,49969,234,2023-12-31,Changed Mind,630.69,Approved
3616,92765,197,2022-02-16,Sizing Issue,76.78,Approved
3617,22413,408,2023-12-21,Wrong Item,28.42,Approved
3618,63086,446,2024-08-31,Unknown,394.75,Completed
3619,5313,120,2023-04-25,Better Price Found,528.92,Approved
3620,60084,376,2024-05-10,Better Price Found,719.12,Approved
3621,96053,307,2023-02-21,Wrong Item,400.26,Pending
3622,42295,345,2024-05-09,Not As Described,334.34,Approved
3623,93017,17,2024-03-24,Other,59.04,Pending
3624,82469,475,2022-07-11,Damaged in Transit,781.18,Completed
3625,81363,66,2024-10-02,Better Price Found,492.0,Pending
3626,91977,55,2023-03-18,Not As Described,626.91,Approved
3627,89818,487,2024-01-03,Other,1192.18125,Approved
3628,35069,387,2023-01-29,Defective,290.85,Approved
3629,99495,308,2023-08-10,Better Price Found,652.11,Approved
3630,64793,493,2024-06-13,Damaged in Transit,375.45,Rejected
3631,7343,105,2022-07-10,Wrong Item,250.97,Completed
3632,29049,255,2022-10-05,Damaged in Transit,267.39,Pending
3633,61414,267,2024-04-01,Better Price Found,368.43,Approved
3634,45004,163,2022-11-05,Damaged in Transit,123.6,Completed
3635,65087,161,2024-01-19,Damaged in Transit,593.24,Pending
3636,12497,411,2024-01-31,Sizing Issue,584.58,Completed
3637,94073,44,2022-11-26,Sizing Issue,139.54,Completed
3638,43043,131,2022-05-23,Better Price Found,173.3,Approved
3639,15241,30,2022-03-07,Damaged in Transit,705.68,Approved
3640,14787,369,2024-06-24,Defective,119.66,Completed
3641,9704,331,2023-03-15,Wrong Item,512.02,Pending
3642,6831,158,2022-08-03,Other,17.66,Approved
3643,48557,246,2023-04-22,Not As Described,1192.18125,Pending
3644,33689,230,2022-08-07,Damaged in Transit,695.26,Approved
3645,32576,197,2022-04-26,Wrong Item,580.88,Pending
3646,10942,435,2023-07-14,Wrong Item,388.19,Pending
3647,67700,56,2023-12-07,Wrong Item,628.92,Pending
3648,7170,10,2022-04-13,Defective,549.33,Approved
3649,73154,266,2022-02-24,Other,372.93,Approved
3650,1394,366,2024-03-17,Sizing Issue,393.12,Completed
3651,44540,225,2024-07-14,Better Price Found,379.4,Completed
3652,82584,10,2023-05-23,Better Price Found,427.53,Pending
3653,39207,230,2024-12-01,Not As Described,490.02,Approved
3654,5278,364,2023-05-28,Wrong Item,127.76,Approved
3655,57424,43,2022-06-06,Defective,495.78,Approved
3656,57632,178,2024-05-02,Not As Described,7.64,Approved
3657,91621,280,2024-07-31,Defective,55.1,Completed
3658,42106,238,2022-11-29,Better Price Found,82.81,Approved
3659,54955,295,2023-07-31,Other,1192.18125,Approved
3660,34044,112,2022-04-18,Defective,97.19,Approved
3661,17908,175,2024-05-17,Damaged in Transit,683.62,Pending
3662,5803,341,2023-04-28,Sizing Issue,167.84,Approved
3663,40187,120,2022-12-19,Sizing Issue,434.13,Completed
3664,16339,355,2023-12-21,Defective,598.63,Approved
3665,97519,488,2024-03-12,Damaged in Transit,290.53,Approved
3666,9776,193,2022-06-21,Other,660.05,Pending
3667,18525,274,2022-07-26,Unknown,621.66,Pending
3668,52808,119,2022-03-03,Defective,443.75,Approved
3669,9155,441,2023-11-29,Defective,416.49,Rejected
3670,97074,51,2024-07-19,Changed Mind,690.77,Completed
3671,67394,242,2023-05-23,Sizing Issue,706.22,Approved
3672,17426,87,2024-02-06,Not As Described,180.58,Completed
3673,58201,327,2024-02-19,Changed Mind,99.73,Rejected
3674,72258,491,2024-09-16,Damaged in Transit,50.6,Approved
3675,89433,402,2022-09-25,Damaged in Transit,769.9,Pending
3676,68477,320,2023-08-17,Not As Described,687.79,Approved
3677,74743,492,2024-02-08,Better Price Found,257.41,Approved
3678,70650,415,2022-06-08,Changed Mind,14.83,Approved
3679,36843,4,2023-05-13,Damaged in Transit,224.11,Completed
3680,79109,422,2023-12-09,Wrong Item,791.23,Approved
3681,80786,229,2024-05-09,Changed Mind,94.31,Approved
3682,16219,76,2022-11-26,Better Price Found,273.07,Completed
3683,33169,378,2022-09-08,Other,531.28,Approved
3684,34100,101,2022-04-18,Sizing Issue,332.51,Approved
3685,18394,494,2024-06-06,Wrong Item,528.14,Approved
3686,79562,312,2022-05-12,Better Price Found,135.15,Approved
3687,9158,323,2024-12-02,Better Price Found,193.49,Completed
3688,77164,444,2023-07-29,Damaged in Transit,508.0,Completed
3689,56129,216,,Sizing Issue,38.82,Pending
3690,97739,152,2024-10-09,Other,486.19,Completed
3691,14931,2,2023-11-13,Other,476.09,Pending
3692,71604,114,,Changed Mind,614.26,Rejected
3693,38842,3,2023-11-22,Not As Described,323.43,Approved
3694,74442,343,2023-10-15,Changed Mind,239.33,Approved
3695,22168,82,2023-01-10,Not As Described,198.08,Approved
3696,38901,405,2024-12-06,Sizing Issue,413.2,Completed
3697,87441,323,2022-08-11,Not As Described,482.3,Completed
3698,87139,138,2022-11-07,Defective,315.99,Pending
3699,14664,246,2023-12-12,Better Price Found,53.8,Approved
3700,54128,217,2024-07-11,Changed Mind,570.22,Completed
3701,86791,286,2022-07-31,Damaged in Transit,222.8,Pending
3702,4495,85,2022-12-10,Wrong Item,166.12,Approved
3703,63331,66,2023-01-07,Sizing Issue,32.36,Pending
3704,91417,371,2022-02-12,Wrong Item,285.92,Rejected
3705,49331,383,2022-11-17,Defective,178.68,Approved
3706,7669,97,2023-03-03,Better Price Found,308.58,Completed
3707,61753,275,2023-11-29,Better Price Found,433.86,Pending
3708,15993,358,2024-07-05,Other,165.65,Approved
3709,2462,424,2023-03-22,Other,139.03,Completed
3710,47412,351,2024-05-08,Better Price Found,307.62,Completed
3711,34800,411,2022-02-12,Sizing Issue,293.03,Approved
3712,68441,225,2022-12-06,Changed Mind,591.95,Rejected
3713,79322,65,2022-02-10,Sizing Issue,17.86,Completed
3714,95829,435,2023-08-24,Defective,532.95,Rejected
3715,80166,479,2022-03-03,Better Price Found,364.78,Approved
3716,49752,277,2024-05-12,Changed Mind,110.45,Approved
3717,76292,121,2023-03-16,Wrong Item,101.3,Pending
3718,20230,101,2024-07-27,Unknown,472.95,Approved
3719,55168,21,2024-04-29,Other,591.05,Completed
3720,35839,450,2023-01-15,Better Price Found,603.83,Approved
3721,61172,368,2023-12-31,Not As Described,670.16,Approved
3722,13943,144,2024-07-07,Damaged in Transit,612.39,Completed
3723,30429,456,2024-01-29,Not As Described,150.18,Completed
3724,72294,482,2022-12-29,Sizing Issue,642.55,Completed
3725,90720,469,2022-08-21,Defective,116.2,Approved
3726,8328,275,2023-06-27,Changed Mind,446.59,Completed
3727,69164,73,2023-01-28,Not As Described,167.08,Approved
3728,27136,47,2024-11-04,Unknown,487.44,Approved
3729,62003,394,2022-11-05,Damaged in Transit,588.12,Approved
3730,87309,238,2023-10-23,Not As Described,576.51,Rejected
3731,46242,475,2023-03-07,Other,304.58,Approved
3732,30978,390,2022-11-09,Sizing Issue,776.26,Pending
3733,30945,232,2022-10-24,Other,259.94,Rejected
3734,21847,478,2024-01-31,Defective,491.96,Approved
3735,34363,357,2023-02-19,Damaged in Transit,593.26,Approved
3736,73509,124,2024-01-25,Other,105.92,Completed
3737,14393,496,2024-11-27,Better Price Found,535.53,Approved
3738,36790,293,2023-10-06,Better Price Found,579.66,Pending
3739,10872,426,2023-12-03,Defective,653.0,Approved
3740,17606,105,2022-07-23,Damaged in Transit,607.97,Approved
3741,99334,116,2024-04-29,Damaged in Transit,8.83,Approved
3742,72371,266,2022-09-01,Changed Mind,493.37,Pending
3743,24801,146,2022-06-22,Unknown,616.59,Approved
3744,62951,88,2022-12-27,Better Price Found,730.31,Pending
3745,83101,138,2022-10-28,Damaged in Transit,470.0,Approved
3746,18839,255,2024-04-24,Not As Described,232.92,Approved
3747,75454,443,2024-09-12,Changed Mind,332.76,Approved
3748,66087,163,2024-08-24,Wrong Item,153.58,Approved
3749,83340,72,2023-06-09,Changed Mind,200.47,Approved
3750,94926,141,2022-08-07,Better Price Found,643.02,Approved
3751,29469,480,2023-06-13,Other,752.5,Pending
3752,77797,407,2023-02-26,Damaged in Transit,493.36,Rejected
3753,82628,67,2022-07-17,Not As Described,118.29,Completed
3754,64798,378,2022-04-05,Other,76.21,Completed
3755,18963,145,2022-08-28,Damaged in Transit,654.77,Completed
3756,8680,48,2024-09-13,Better Price Found,746.44,Approved
3757,68685,124,2024-02-02,Other,437.04,Pending
3758,16767,459,2023-11-20,Defective,166.27,Completed
3759,30160,102,2022-06-26,Better Price Found,648.89,Rejected
3760,76782,413,2024-05-23,Sizing Issue,306.97,Approved
3761,73706,39,2024-02-01,Sizing Issue,344.82,Approved
3762,77985,70,2024-08-23,Wrong Item,513.68,Rejected
3763,90251,426,2022-09-16,Defective,724.72,Approved
3764,14174,265,2023-06-08,Wrong Item,546.0,Approved
3765,83656,144,2024-09-24,Wrong Item,374.28,Approved
3766,53089,110,2023-05-24,Wrong Item,87.81,Approved
3767,21319,343,2024-05-22,Better Price Found,689.54,Approved
3768,93574,180,2022-03-02,Damaged in Transit,556.68,Completed
3769,25573,241,2023-11-01,Not As Described,251.18,Rejected
3770,39080,294,2023-05-15,Other,105.03,Rejected
3771,23461,258,2024-02-28,Unknown,671.91,Approved
3772,37391,386,2023-05-02,Changed Mind,124.09,Approved
3773,97843,302,2022-12-07,Better Price Found,545.33,Approved
3774,46780,102,2023-09-29,Sizing Issue,739.78,Rejected
3775,10760,366,2023-01-19,Changed Mind,538.58,Approved
3776,15915,357,2022-10-04,Other,787.18,Approved
3777,56004,333,2024-07-25,Better Price Found,247.09,Approved
3778,91659,320,2024-10-10,Sizing Issue,216.79,Pending
3779,9933,321,2022-05-27,Better Price Found,343.65,Completed
3780,6450,319,2022-12-03,Wrong Item,132.11,Pending
3781,52254,358,2022-05-27,Sizing Issue,489.71,Pending
3782,60991,395,2024-07-19,Changed Mind,667.69,Completed
3783,124,367,2023-05-24,Other,104.73,Completed
3784,62214,492,2023-01-16,Unknown,494.53,Approved
3785,77399,132,2023-06-10,Sizing Issue,428.19,Approved
3786,5796,283,2023-04-23,Sizing Issue,491.9,Approved
3787,45784,273,2024-06-15,Better Price Found,428.23,Approved
3788,54775,190,2022-12-25,Damaged in Transit,404.02,Completed
3789,11885,355,2024-03-04,Unknown,478.9,Completed
3790,10170,199,2024-02-15,Damaged in Transit,231.08,Approved
3791,93756,282,2024-03-31,Wrong Item,236.29,Completed
3792,78050,168,2024-03-09,Damaged in Transit,158.28,Approved
3793,61435,187,2023-10-17,Damaged in Transit,273.67,Completed
3794,26257,92,2024-08-10,Not As Described,707.73,Completed
3795,6326,168,2024-12-24,Sizing Issue,23.64,Approved
3796,76231,176,2024-05-28,Other,156.97,Completed
3797,24217,213,2024-01-21,Wrong Item,638.04,Pending
3798,46743,398,2024-02-02,Sizing Issue,14.28,Completed
3799,23948,238,2022-09-03,Changed Mind,132.26,Rejected
3800,97873,493,2023-11-07,Changed Mind,351.12,Completed
3801,35747,311,2024-01-15,Other,112.24,Completed
3802,41612,283,2022-11-18,Damaged in Transit,748.94,Approved
3803,75311,245,2023-09-16,Damaged in Transit,664.4,Completed
3804,70734,310,2022-09-04,Unknown,699.57,Approved
3805,98189,123,2022-10-26,Changed Mind,411.84,Approved
3806,64171,253,2023-07-31,Not As Described,11.27,Approved
3807,74516,102,2023-09-18,Better Price Found,251.34,Approved
3808,6590,253,2024-10-24,Sizing Issue,180.19,Approved
3809,7463,305,2022-05-30,Sizing Issue,34.1,Approved
3810,54808,64,2023-06-04,Changed Mind,724.2,Approved
3811,14671,413,2023-11-12,Wrong Item,323.25,Approved
3813,79498,429,2022-09-25,Wrong Item,588.63,Pending
3814,10350,307,2023-05-07,Defective,291.42,Pending
3815,58809,409,2024-06-03,Better Price Found,796.4,Pending
3816,14548,359,2024-10-09,Unknown,130.06,Approved
3817,54526,34,2024-10-12,Not As Described,666.93,Approved
3818,30461,213,2022-06-11,Sizing Issue,459.36,Approved
3819,89478,150,2024-12-06,Sizing Issue,372.53,Approved
3820,16757,92,2022-12-22,Not As Described,532.66,Completed
3821,25649,398,2024-09-17,Unknown,210.93,Approved
3822,14642,321,2024-06-04,Better Price Found,186.84,Completed
3823,44080,52,2022-06-13,Sizing Issue,643.05,Pending
3824,16508,68,2022-12-21,Not As Described,542.37,Completed
3825,23013,475,2022-04-10,Other,340.47,Completed
3826,77697,164,2024-10-22,Defective,382.49,Pending
3827,62430,472,2024-01-29,Unknown,334.06,Approved
3828,67688,16,2024-12-28,Sizing Issue,346.67,Approved
3829,65641,326,2024-10-02,Wrong Item,472.24,Approved
3830,60836,342,2023-08-14,Not As Described,367.73,Completed
3831,98977,471,2023-10-17,Better Price Found,758.11,Approved
3832,78992,66,2024-01-19,Better Price Found,228.32,Completed
3833,89568,279,2023-10-07,Not As Described,66.29,Approved
3834,76039,444,2023-06-02,Not As Described,383.52,Approved
3835,53262,466,2024-03-25,Changed Mind,365.57,Completed
3836,10640,180,2024-10-31,Sizing Issue,147.84,Approved
3837,10188,178,2023-11-29,Damaged in Transit,734.82,Approved
3838,99802,146,2022-08-06,Better Price Found,548.34,Approved
3839,7291,409,2024-02-03,Not As Described,712.75,Approved
3840,7673,349,2023-01-28,Damaged in Transit,719.87,Pending
3841,9693,85,2023-08-10,Defective,22.04,Approved
3842,42475,178,2024-05-29,Wrong Item,392.11,Rejected
3843,10023,341,,Defective,248.6,Completed
3844,15899,44,2024-05-24,Other,112.55,Approved
3845,16713,55,2022-08-25,Better Price Found,434.68,Approved
3846,76164,368,2022-03-20,Defective,425.02,Approved
3847,84546,176,2022-09-29,Other,650.14,Pending
3848,22215,307,2024-01-01,Better Price Found,683.65,Rejected
3849,43224,200,2022-03-26,Better Price Found,382.02,Approved
3850,10612,261,2023-12-15,Better Price Found,463.17,Approved
3851,82320,453,2022-09-28,Wrong Item,85.29,Completed
3852,89678,70,2023-12-13,Better Price Found,421.7,Approved
3853,1197,103,2024-07-18,Damaged in Transit,385.05,Approved
3854,48166,434,2023-01-29,Changed Mind,148.89,Pending
3855,7980,295,2022-03-31,Changed Mind,136.59,Rejected
3856,59613,190,2022-10-10,Wrong Item,526.64,Rejected
3857,26554,44,2024-08-24,Better Price Found,346.86,Approved
3858,29698,264,2024-06-21,Better Price Found,152.16,Rejected
3859,54265,163,2022-07-28,Wrong Item,82.66,Pending
3860,54194,55,2023-05-04,Better Price Found,294.94,Completed
3861,85831,156,2023-07-26,Better Price Found,512.59,Completed
3862,28399,282,2022-11-23,Defective,263.9,Approved
3863,20950,228,2023-07-20,Damaged in Transit,507.19,Rejected
3864,40060,258,2024-09-21,Changed Mind,719.06,Approved
3865,27375,169,2024-08-07,Damaged in Transit,412.14,Completed
3866,62045,405,2024-10-07,Defective,269.38,Completed
3867,53967,109,2024-12-01,Defective,496.31,Approved
3868,88175,351,2023-09-15,Wrong Item,317.17,Completed
3869,72601,79,2024-12-21,Sizing Issue,209.37,Approved
3870,40260,29,2024-09-18,Better Price Found,409.37,Pending
3871,1988,73,2024-10-20,Changed Mind,744.36,Approved
3872,24712,225,2024-11-18,Sizing Issue,182.35,Approved
3873,53689,492,2024-01-11,Sizing Issue,250.59,Approved
3874,80059,482,2023-03-11,Other,373.09,Pending
3875,58821,122,2022-05-14,Sizing Issue,787.76,Completed
3876,1973,270,2022-03-14,Damaged in Transit,535.24,Completed
3877,54632,207,2022-02-21,Wrong Item,420.04,Approved
3878,13969,489,2024-04-01,Unknown,394.88,Approved
3879,37178,74,2024-01-29,Damaged in Transit,93.71,Approved
3880,67432,455,2023-11-20,Sizing Issue,794.74,Completed
3881,62778,366,2023-11-10,Wrong Item,53.6,Completed
3882,32507,140,2023-03-26,Changed Mind,90.19,Approved
3884,25843,310,2024-04-30,Changed Mind,690.91,Pending
3885,82809,14,2024-07-13,Other,285.56,Approved
3886,8555,411,2023-05-14,Better Price Found,546.36,Pending
3887,363,66,2023-10-19,Other,87.47,Pending
3888,38259,48,2024-07-13,Damaged in Transit,199.95,Approved
3889,86808,54,2023-08-24,Changed Mind,511.86,Approved
3890,59014,214,2024-05-24,Unknown,424.55,Approved
3891,65241,189,2024-04-26,Other,298.52,Completed
3892,48362,29,2024-07-30,Unknown,44.08,Rejected
3893,92168,54,2023-12-02,Defective,754.59,Approved
3894,71955,68,,Not As Described,282.12,Approved
3895,92580,444,2023-07-02,Sizing Issue,70.57,Approved
3896,33087,183,2022-05-27,Unknown,62.13,Completed
3897,47153,306,2023-07-20,Damaged in Transit,572.36,Pending
3898,38331,380,2023-09-17,Damaged in Transit,26.5,Rejected
3899,8962,127,2022-10-29,Not As Described,189.67,Approved
3900,34535,145,2024-02-13,Defective,149.74,Approved
3901,32989,425,2024-11-22,Better Price Found,77.76,Approved
3902,82379,276,2023-04-04,Damaged in Transit,49.03,Completed
3903,80097,83,2022-12-04,Defective,106.13,Approved
3904,58787,334,2023-11-12,Changed Mind,39.4,Completed
3905,95876,375,2023-03-19,Damaged in Transit,172.88,Approved
3906,98751,226,2023-08-30,Other,264.78,Approved
3907,21280,384,2023-07-30,Defective,123.5,Approved
3908,76375,255,2024-12-21,Damaged in Transit,612.35,Approved
3909,16095,109,2023-07-03,Not As Described,527.3,Approved
3910,62809,10,2024-05-05,Better Price Found,769.46,Approved
3911,53960,68,2022-11-17,Other,359.8,Approved
3912,62571,167,2024-05-19,Defective,254.12,Approved
3913,41186,343,2022-08-18,Wrong Item,372.14,Approved
3914,7332,167,2023-05-07,Wrong Item,47.74,Completed
3915,2332,218,2024-09-26,Better Price Found,43.24,Approved
3916,16295,33,2024-07-26,Wrong Item,520.32,Pending
3917,98945,217,2023-03-15,Defective,426.69,Pending
3918,16108,93,2022-10-25,Wrong Item,665.68,Pending
3919,64429,275,2024-12-01,Wrong Item,133.58,Approved
3920,98338,255,2022-03-13,Changed Mind,598.59,Approved
3921,14791,95,2024-04-23,Other,566.1,Approved
3922,37314,455,2023-09-03,Not As Described,98.42,Approved
3923,54722,335,2022-06-26,Other,212.91,Approved
3924,64571,464,2023-05-24,Wrong Item,201.38,Approved
3925,7821,121,2022-07-31,Damaged in Transit,720.93,Approved
3926,18991,37,2023-04-27,Changed Mind,685.82,Pending
3927,91285,125,2022-03-18,Wrong Item,321.8,Pending
3928,88706,199,2022-08-31,Sizing Issue,402.66,Rejected
3929,2177,248,2022-12-29,Wrong Item,519.92,Approved
3930,80106,143,2023-10-09,Sizing Issue,173.0,Completed
3931,32906,291,2023-08-16,Better Price Found,196.66,Approved
3932,41576,429,2023-03-26,Unknown,121.83,Pending
3933,58069,211,2023-09-24,Better Price Found,792.18,Approved
3934,7673,173,2022-02-25,Wrong Item,464.51,Completed
3935,61190,310,2024-05-06,Defective,380.71,Pending
3936,46739,236,2024-01-02,Wrong Item,169.24,Approved
3937,4839,486,2022-04-02,Not As Described,423.05,Approved
3938,62529,178,2022-04-29,Other,196.14,Pending
3939,79576,21,2024-01-01,Defective,81.54,Approved
3940,779,105,2024-10-21,Not As Described,421.02,Approved
3941,43630,8,2023-04-13,Damaged in Transit,269.79,Approved
3942,62239,300,2022-11-11,Wrong Item,124.48,Approved
3943,88647,339,2023-02-17,Changed Mind,583.46,Rejected
3944,79770,382,2024-08-08,Defective,549.53,Pending
3945,23027,47,2022-08-12,Defective,42.13,Approved
3946,63672,188,2024-07-21,Unknown,314.85,Approved
3947,68454,127,2023-02-21,Not As Described,753.61,Approved
3948,47470,53,2023-12-18,Better Price Found,543.08,Completed
3949,81376,378,2024-12-20,Better Price Found,197.16,Approved
3950,72480,321,2024-12-11,Sizing Issue,600.48,Approved
3951,98372,156,2024-08-30,Defective,289.21,Completed
3952,99955,63,2024-03-15,Wrong Item,494.22,Approved
3953,57258,273,2023-01-18,Wrong Item,303.76,Approved
3954,9413,218,2023-09-09,Defective,493.61,Approved
3955,41745,492,,Damaged in Transit,46.82,Pending
3956,1136,129,2022-05-24,Not As Described,631.08,Completed
3957,51306,446,2024-05-10,Not As Described,770.02,Approved
3958,74215,413,2024-06-06,Damaged in Transit,554.41,Rejected
3959,35162,42,2023-05-21,Unknown,599.73,Approved
3960,73260,450,2023-01-03,Defective,669.92,Pending
3961,69445,238,2022-05-24,Sizing Issue,506.62,Approved
3962,33707,29,2024-11-27,Changed Mind,766.94,Pending
3963,23238,357,2024-03-07,Wrong Item,783.98,Approved
3964,25523,135,2022-09-19,Unknown,325.87,Approved
3965,62889,226,2024-09-26,Unknown,682.39,Approved
3966,55959,301,2023-05-24,Better Price Found,161.47,Pending
3967,37553,440,2022-03-18,Other,179.31,Completed
3968,69833,7,2024-10-27,Better Price Found,596.68,Pending
3969,96840,63,2024-03-05,Damaged in Transit,665.01,Completed
3970,73649,496,2023-09-08,Not As Described,558.18,Pending
3971,9395,368,2022-05-25,Changed Mind,790.53,Pending
3972,52174,33,2022-02-22,Unknown,719.93,Pending
3973,44196,104,2024-07-02,Other,430.09,Approved
3974,8581,99,2022-10-13,Better Price Found,397.08,Approved
3975,81999,349,2023-06-10,Wrong Item,37.19,Completed
3976,7300,134,2024-04-30,Better Price Found,156.06,Rejected
3977,7378,8,2023-11-26,Changed Mind,1192.18125,Completed
3978,43418,450,2024-04-22,Other,672.26,Approved
3979,49253,277,2023-06-10,Wrong Item,686.3,Approved
3980,83001,246,2022-10-14,Sizing Issue,616.58,Completed
3981,34169,149,2022-06-23,Other,563.7,Approved
3982,31788,398,,Defective,492.07,Completed
3983,84287,89,2023-08-25,Changed Mind,292.65,Rejected
3984,27824,249,2024-01-31,Defective,708.2,Completed
3985,651,143,2023-04-23,Unknown,237.59,Approved
3986,44744,322,2024-03-10,Not As Described,215.63,Approved
3987,99787,256,2022-02-17,Wrong Item,595.07,Approved
3988,30561,387,2024-08-19,Damaged in Transit,176.36,Approved
3989,2815,342,2022-10-25,Wrong Item,267.6,Approved
3990,88219,59,2024-03-06,Unknown,542.04,Approved
3991,54803,409,2023-08-15,Wrong Item,82.43,Approved
3992,70516,291,2024-11-01,Wrong Item,528.8,Approved
3993,87036,274,2024-09-11,Other,410.34,Pending
3994,55882,364,2023-07-17,Changed Mind,690.63,Rejected
3995,45188,411,2022-06-18,Changed Mind,707.41,Approved
3996,44859,121,2024-04-05,Damaged in Transit,555.37,Completed
3998,27966,234,2024-06-21,Better Price Found,122.98,Rejected
3999,46020,490,2024-06-03,Defective,439.22,Approved
4000,65845,74,2022-11-21,Defective,100.32,Approved
4001,72792,70,2022-02-28,Unknown,322.05,Approved
4002,91815,475,2022-06-19,Defective,87.93,Rejected
4003,60251,289,2024-12-31,Changed Mind,761.01,Approved
4004,23479,48,2024-05-16,Not As Described,401.28,Completed
4005,70024,188,2024-10-20,Changed Mind,725.39,Approved
4006,36475,151,2023-10-31,Defective,435.2,Completed
4007,69760,85,2023-02-22,Wrong Item,670.3,Approved
4008,85694,189,2022-05-01,Damaged in Transit,34.53,Approved
4009,17341,413,2023-04-17,Wrong Item,593.05,Pending
4010,9603,45,2023-10-04,Better Price Found,747.6,Approved
4011,80894,324,2023-05-17,Defective,248.74,Completed
4012,30106,261,2023-02-04,Defective,694.74,Approved
4013,71574,124,2022-05-04,Sizing Issue,151.54,Completed
4014,64038,466,2022-10-17,Defective,541.07,Pending
4015,66026,71,2024-11-26,Sizing Issue,622.71,Completed
4016,58361,415,2023-10-19,Damaged in Transit,668.66,Approved
4017,30080,354,2022-04-23,Changed Mind,75.63,Pending
4018,32440,497,2023-08-14,Other,416.9,Rejected
4019,31189,125,2024-06-01,Not As Described,572.67,Pending
4020,74455,49,2023-10-28,Changed Mind,367.88,Approved
4021,24380,151,2022-07-24,Not As Described,570.32,Approved
4022,5488,53,2023-09-09,Defective,475.73,Completed
4023,83682,149,2024-10-13,Not As Described,119.34,Rejected
4024,18144,258,2023-02-23,Unknown,420.4,Pending
4025,53065,27,2023-04-04,Not As Described,258.31,Rejected
4026,54629,261,2023-10-31,Unknown,83.66,Approved
4027,54376,269,2023-11-06,Unknown,90.88,Approved
4028,61477,320,2023-02-24,Not As Described,165.55,Approved
4029,25659,406,2024-03-24,Not As Described,478.34,Completed
4030,50575,52,2024-12-22,Defective,513.98,Pending
4031,78824,88,2024-03-07,Defective,25.44,Pending
4032,97110,62,2024-04-16,Not As Described,417.83,Approved
4033,87641,247,2023-03-19,Better Price Found,297.06,Rejected
4034,46217,202,2023-10-09,Wrong Item,201.26,Approved
4035,74651,183,2023-06-02,Sizing Issue,362.38,Approved
4036,11353,222,2024-08-28,Wrong Item,618.02,Completed
4037,88575,218,2024-09-01,Other,60.7,Approved
4038,39925,137,2023-04-17,Better Price Found,782.12,Pending
4039,49648,406,2024-11-13,Not As Described,740.22,Approved
4040,18150,155,2022-04-05,Better Price Found,215.55,Approved
4041,49252,342,2023-05-01,Sizing Issue,154.56,Approved
4042,84319,329,2022-09-16,Not As Described,679.62,Completed
4043,65317,425,2024-03-19,Wrong Item,747.71,Pending
4044,74203,438,2023-07-04,Damaged in Transit,153.37,Approved
4045,98789,423,2024-03-23,Wrong Item,437.16,Completed
4046,98879,337,2022-07-01,Wrong Item,522.93,Pending
4047,35818,385,2023-01-11,Not As Described,534.25,Completed
4048,96613,33,2024-03-29,Changed Mind,62.97,Completed
4049,46900,190,2023-05-11,Wrong Item,432.64,Pending
4050,92328,216,2024-08-01,Other,118.16,Approved
4051,67764,436,,Damaged in Transit,466.13,Approved
4052,75564,6,2024-09-23,Sizing Issue,309.44,Approved
4053,2647,451,2023-09-02,Wrong Item,248.33,Approved
4054,15248,449,2023-10-08,Changed Mind,239.49,Approved
4055,68474,394,2022-09-15,Damaged in Transit,132.35,Pending
4056,90835,91,2022-03-11,Wrong Item,532.73,Approved
4057,49805,296,2024-06-14,Better Price Found,701.38,Rejected
4058,39318,34,2024-02-16,Sizing Issue,88.13,Approved
4059,45658,81,2022-11-21,Other,81.41,Approved
4060,13032,327,2022-06-14,Sizing Issue,571.37,Approved
4061,74637,356,2023-11-03,Unknown,457.93,Pending
4062,20375,173,2023-01-26,Better Price Found,618.25,Rejected
4063,94497,254,2022-09-15,Wrong Item,145.38,Rejected
4064,8861,99,2022-12-20,Unknown,765.0,Pending
4065,36573,150,2022-07-25,Defective,633.89,Completed
4066,51167,164,2022-03-23,Not As Described,287.27,Approved
4067,76225,435,2023-04-05,Not As Described,231.34,Pending
4068,77812,384,2023-04-15,Better Price Found,636.49,Approved
4069,57793,376,2024-05-14,Other,598.18,Approved
4070,61145,431,2024-09-12,Defective,528.39,Pending
4071,50292,344,2023-12-12,Other,120.94,Approved
4072,38966,226,2023-10-27,Unknown,316.15,Completed
4073,47997,86,2022-02-16,Better Price Found,637.91,Approved
4074,71080,497,2024-03-17,Wrong Item,77.54,Approved
4075,84830,389,2022-08-27,Not As Described,294.34,Completed
4076,42388,134,,Damaged in Transit,687.61,Approved
4077,79109,277,2022-06-27,Better Price Found,27.61,Completed
4078,46651,380,2023-08-13,Wrong Item,388.97,Completed
4079,61393,274,2023-04-06,Unknown,678.62,Approved
4080,17298,362,2023-12-01,Not As Described,159.77,Approved
4081,15606,137,2024-08-30,Changed Mind,295.38,Approved
4082,99840,42,2023-09-25,Sizing Issue,117.31,Approved
4083,71238,317,2022-02-20,Defective,704.91,Pending
4084,65720,3,2024-08-22,Wrong Item,546.62,Pending
4085,34542,423,2024-02-01,Unknown,558.52,Completed
4086,30434,87,2023-04-25,Not As Described,752.25,Pending
4087,14642,488,2022-09-06,Wrong Item,187.29,Approved
4088,8324,350,2023-11-07,Better Price Found,403.86,Approved
4089,9607,64,2023-01-08,Not As Described,27.31,Completed
4090,98263,85,2022-06-07,Wrong Item,551.74,Pending
4091,12464,53,2022-12-17,Not As Described,551.76,Pending
4092,22174,123,2022-09-14,Other,633.79,Rejected
4093,49076,132,2023-12-23,Other,536.57,Approved
4094,26201,34,2024-05-24,Wrong Item,557.69,Completed
4095,10421,167,2024-11-18,Other,469.48,Rejected
4096,20233,483,2023-09-27,Unknown,384.43,Approved
4097,99642,134,2024-01-14,Better Price Found,86.22,Completed
4098,34924,432,2022-06-09,Changed Mind,208.85,Rejected
4099,54048,59,2022-12-15,Sizing Issue,749.01,Approved
4100,71973,359,2024-08-02,Not As Described,275.61,Approved
4101,39524,285,2024-06-06,Not As Described,236.59,Approved
4102,12997,137,2022-05-13,Wrong Item,418.44,Pending
4103,81860,240,2024-03-15,Defective,112.33,Approved
4104,85550,235,2024-09-25,Other,654.11,Approved
4105,30675,116,2023-02-03,Changed Mind,518.77,Approved
4106,86671,77,2024-12-12,Unknown,490.42,Rejected
4107,14195,479,2024-01-25,Wrong Item,254.68,Completed
4108,48574,199,2022-05-07,Unknown,171.54,Pending
4109,45806,188,2024-07-24,Other,414.78,Approved
4110,56694,76,2022-12-20,Not As Described,360.59,Approved
4111,54981,348,2022-07-19,Not As Described,37.54,Completed
4112,23221,127,2023-11-08,Other,542.56,Pending
4113,96936,171,2024-02-14,Wrong Item,110.94,Approved
4114,47468,267,2023-09-27,Not As Described,638.52,Approved
4115,96674,5,2024-02-25,Other,64.01,Approved
4116,96169,454,2023-12-29,Sizing Issue,448.93,Approved
4117,68126,432,2024-08-20,Better Price Found,349.79,Approved
4118,55619,56,2024-01-13,Not As Described,411.76,Pending
4119,47982,282,2022-04-03,Wrong Item,773.51,Pending
4120,99241,307,2023-10-03,Sizing Issue,781.91,Approved
4121,56787,490,2023-05-27,Damaged in Transit,521.75,Pending
4122,30925,44,2022-08-19,Damaged in Transit,448.46,Approved
4123,11845,495,2022-03-09,Unknown,218.3,Approved
4124,37708,232,2023-09-06,Not As Described,399.29,Completed
4125,87210,69,2024-04-25,Other,137.22,Pending
4126,37386,235,2022-10-11,Changed Mind,497.26,Pending
4127,1799,157,2024-12-16,Sizing Issue,413.45,Pending
4128,5828,119,2024-02-15,Changed Mind,402.6,Approved
4129,80754,291,2022-06-09,Changed Mind,242.1,Pending
4130,99644,427,2023-02-26,Wrong Item,260.48,Approved
4131,86384,267,2022-08-02,Sizing Issue,623.94,Approved
4132,7929,422,2022-03-27,Not As Described,583.28,Approved
4133,18567,348,2024-10-05,Changed Mind,295.95,Rejected
4134,63502,50,2024-06-30,Changed Mind,777.97,Approved
4135,27824,410,2024-02-27,Wrong Item,126.95,Pending
4136,88207,149,2024-04-11,Changed Mind,544.56,Approved
4137,53557,142,2023-08-05,Defective,52.73,Pending
4138,59685,133,2022-10-22,Not As Described,497.76,Approved
4139,99151,231,2022-04-08,Wrong Item,525.98,Approved
4140,6029,317,2024-10-04,Other,344.29,Approved
4141,13643,208,2022-10-15,Changed Mind,648.97,Pending
4142,33083,204,2024-03-20,Unknown,109.73,Rejected
4143,73496,198,2023-03-14,Other,726.76,Pending
4144,43473,105,2022-08-24,Better Price Found,48.03,Pending
4145,72635,476,2022-09-22,Other,166.26,Approved
4146,28712,242,2022-07-10,Damaged in Transit,464.41,Approved
4147,82943,97,2024-04-28,Changed Mind,68.96,Approved
4148,61687,493,2024-01-31,Better Price Found,400.4,Completed
4149,94319,82,2022-06-26,Defective,199.64,Approved
4150,78060,363,2024-04-01,Not As Described,463.15,Completed
4151,9012,418,2024-12-21,Not As Described,741.23,Approved
4152,84430,105,2024-08-28,Not As Described,779.93,Approved
4153,38122,489,2022-12-22,Wrong Item,538.77,Approved
4154,24420,288,2023-07-20,Not As Described,645.72,Approved
4155,17146,346,2024-10-11,Not As Described,153.38,Approved
4156,20959,40,2022-07-23,Defective,418.7,Completed
4157,63514,142,2023-01-19,Other,697.56,Completed
4158,66353,423,2022-07-10,Better Price Found,95.28,Completed
4159,39776,397,2023-01-02,Better Price Found,141.42,Approved
4160,22105,383,2022-07-20,Damaged in Transit,171.85,Approved
4161,1445,2,2022-08-10,Defective,540.18,Completed
4162,58144,239,2023-05-20,Damaged in Transit,581.82,Approved
4163,97070,268,2022-12-08,Defective,280.55,Approved
4164,2404,365,2023-05-30,Not As Described,465.9,Completed
4165,78518,174,2022-12-29,Damaged in Transit,199.63,Completed
4166,4685,139,2024-03-27,Better Price Found,130.83,Pending
4167,99042,317,2023-12-31,Better Price Found,789.58,Approved
4168,53016,332,2023-03-21,Wrong Item,351.93,Approved
4169,18994,116,2024-10-02,Sizing Issue,747.42,Approved
4170,54046,447,2022-08-08,Wrong Item,738.17,Approved
4171,50534,363,2023-08-01,Sizing Issue,20.59,Pending
4172,45247,189,2023-11-16,Unknown,193.19,Completed
4173,74995,34,2024-12-05,Changed Mind,65.32,Pending
4174,23512,56,2023-01-31,Defective,25.84,Pending
4175,35869,354,2023-05-17,Other,774.22,Approved
4176,37018,320,2022-12-24,Sizing Issue,130.88,Completed
4177,12250,34,2024-12-15,Wrong Item,771.74,Approved
4178,5213,241,2022-04-18,Not As Described,125.3,Approved
4179,81462,493,2022-10-21,Not As Described,165.73,Completed
4180,97135,115,2022-05-12,Defective,107.28,Approved
4181,16468,207,2024-02-16,Defective,341.41,Pending
4182,27449,230,2024-01-03,Changed Mind,307.9,Approved
4183,9236,144,2024-02-11,Damaged in Transit,718.8,Pending
4184,66191,56,2022-04-17,Changed Mind,147.23,Approved
4185,90678,251,2022-11-06,Sizing Issue,259.95,Approved
4186,63189,223,2022-03-19,Not As Described,577.52,Approved
4187,81856,171,2023-04-24,Damaged in Transit,307.12,Completed
4188,87374,196,2024-05-03,Sizing Issue,38.26,Approved
4189,40270,415,2022-05-13,Not As Described,302.05,Pending
4190,98548,161,2022-05-21,Sizing Issue,675.79,Approved
4191,33154,149,2024-02-17,Wrong Item,241.49,Completed
4192,36377,389,2022-11-14,Wrong Item,347.38,Rejected
4193,2528,241,2023-05-02,Other,179.27,Approved
4194,54456,452,2024-01-09,Defective,130.82,Approved
4195,37043,296,2023-10-23,Damaged in Transit,718.85,Completed
4196,13724,412,2023-10-27,Not As Described,165.54,Approved
4197,20332,434,2024-08-23,Sizing Issue,228.46,Rejected
4198,39699,220,2024-09-12,Sizing Issue,227.3,Approved
4199,68702,262,2023-05-16,Better Price Found,750.02,Approved
4200,70076,414,2022-08-29,Wrong Item,710.81,Pending
4201,70031,96,2023-06-27,Unknown,150.29,Rejected
4202,64872,218,2024-02-18,Sizing Issue,199.04,Approved
4203,13820,423,2024-01-06,Damaged in Transit,536.84,Completed
4204,74826,207,2024-11-04,Wrong Item,654.82,Approved
4205,63271,30,2023-06-01,Sizing Issue,202.74,Pending
4206,43808,492,2023-03-04,Changed Mind,211.93,Rejected
4207,80385,453,2022-04-09,Other,337.37,Completed
4208,1502,324,2022-03-20,Better Price Found,707.9,Rejected
4209,72191,146,2023-10-30,Wrong Item,279.8,Approved
4210,9990,22,2024-07-16,Defective,51.04,Approved
4211,29542,256,2022-12-03,Sizing Issue,632.98,Approved
4212,57239,117,2023-06-22,Damaged in Transit,754.34,Pending
4213,72774,347,2024-12-01,Changed Mind,114.66,Rejected
4214,51068,119,2022-02-24,Defective,621.97,Approved
4215,37090,299,2022-07-26,Defective,772.11,Approved
4216,87588,232,2023-04-23,Other,735.57,Completed
4217,91614,164,2024-04-29,Changed Mind,707.4,Pending
4219,24513,153,2024-06-23,Better Price Found,58.91,Completed
4220,49776,299,2024-08-05,Not As Described,686.61,Completed
4221,72243,473,2022-10-29,Not As Described,567.6,Rejected
4222,35128,386,2022-10-19,Other,28.71,Pending
4223,1307,104,2024-04-21,Not As Described,500.34,Pending
4224,83667,257,2024-09-10,Damaged in Transit,710.31,Rejected
4225,55004,491,2024-02-12,Defective,790.81,Pending
4226,78225,323,2024-11-30,Other,280.79,Approved
4227,43454,53,2023-05-16,Not As Described,314.0,Completed
4228,81116,32,2024-09-17,Other,793.34,Approved
4229,72414,23,2023-02-28,Not As Described,396.82,Approved
4230,52637,67,2022-06-16,Changed Mind,771.35,Approved
4231,51727,109,2022-02-19,Sizing Issue,590.6,Completed
4232,86703,129,2024-08-24,Unknown,374.96,Approved
4233,60735,228,2023-08-20,Not As Described,137.72,Approved
4234,13561,193,2024-07-12,Better Price Found,544.94,Completed
4235,98323,397,2023-07-05,Better Price Found,8.46,Approved
4236,64423,337,2022-04-11,Wrong Item,772.3,Approved
4237,88067,240,2022-04-24,Damaged in Transit,450.26,Pending
4238,51689,323,2022-07-26,Wrong Item,393.75,Pending
4239,15739,380,2022-10-18,Changed Mind,560.78,Completed
4240,20524,106,2022-10-16,Defective,69.61,Approved
4241,6588,229,2023-10-23,Other,590.5,Approved
4242,62487,295,,Other,255.91,Approved
4243,29443,388,2024-04-11,Wrong Item,770.92,Approved
4244,10280,491,2023-08-06,Changed Mind,550.84,Completed
4245,1120,38,2023-09-05,Changed Mind,694.25,Rejected
4246,9909,371,2024-01-19,Wrong Item,516.62,Approved
4247,6596,83,2022-11-02,Sizing Issue,305.06,Approved
4248,61726,278,2022-11-22,Wrong Item,428.58,Pending
4249,80655,3,2024-08-17,Other,79.69,Approved
4250,11612,35,2024-09-06,Damaged in Transit,662.93,Completed
4251,81869,263,2024-10-16,Other,464.2,Pending
4252,46194,245,2022-03-07,Sizing Issue,760.07,Pending
4253,8559,48,2023-02-24,Sizing Issue,769.7,Approved
4254,62105,54,2022-03-11,Other,323.11,Approved
4255,40129,203,2022-02-11,Other,69.53,Approved
4256,16109,22,2024-10-16,Changed Mind,115.29,Approved
4257,19784,379,2024-12-20,Other,434.24,Approved
4258,14073,142,2022-03-16,Damaged in Transit,594.55,Approved
4259,22644,420,2022-08-19,Changed Mind,327.03,Approved
4260,94018,14,2023-11-28,Changed Mind,730.65,Approved
4261,24726,85,2024-11-10,Changed Mind,186.43,Completed
4262,63763,36,2024-09-23,Defective,99.96,Completed
4263,19956,192,2022-10-01,Not As Described,587.23,Approved
4264,4949,252,2024-05-31,Other,439.59,Completed
4265,4254,455,2024-08-05,Not As Described,161.16,Approved
4266,31219,93,2024-08-20,Defective,184.33,Pending
4267,35557,150,2024-07-28,Sizing Issue,448.78,Approved
4268,21629,188,2022-12-11,Sizing Issue,21.62,Pending
4269,18014,415,2023-11-11,Better Price Found,14.22,Approved
4270,65876,446,2023-11-14,Changed Mind,705.07,Rejected
4271,79807,32,2024-09-04,Wrong Item,780.76,Approved
4272,53834,62,2023-01-28,Changed Mind,55.65,Approved
4273,10532,303,2023-02-26,Better Price Found,274.02,Completed
4274,91462,393,,Damaged in Transit,600.18,Approved
4275,17918,34,2022-10-11,Damaged in Transit,28.56,Rejected
4276,71270,338,2022-12-08,Other,749.03,Approved
4277,41787,179,2024-06-28,Changed Mind,25.47,Approved
4278,3963,232,2022-07-08,Not As Described,531.41,Completed
4279,67326,90,2023-10-20,Sizing Issue,252.59,Approved
4280,78922,438,2024-09-04,Wrong Item,334.52,Approved
4281,26630,464,2023-03-19,Changed Mind,373.34,Approved
4282,58514,390,2022-10-11,Damaged in Transit,777.95,Rejected
4283,97879,75,2022-07-21,Damaged in Transit,284.05,Approved
4284,84408,3,2023-03-20,Changed Mind,258.13,Approved
4285,15995,459,2022-09-18,Better Price Found,29.55,Pending
4286,41625,112,2024-10-25,Wrong Item,694.72,Approved
4287,72462,164,2022-08-18,Defective,139.01,Approved
4288,6767,69,2023-08-25,Damaged in Transit,530.52,Pending
4289,71568,237,2023-06-16,Changed Mind,722.98,Pending
4290,55547,173,2022-12-10,Defective,172.04,Approved
4291,66872,162,2024-12-25,Damaged in Transit,441.15,Approved
4292,86287,42,2023-04-19,Other,452.81,Approved
4293,22200,79,2023-12-16,Sizing Issue,163.8,Pending
4294,14287,75,2022-11-14,Sizing Issue,204.75,Approved
4295,21137,248,2023-12-04,Changed Mind,726.41,Completed
4296,96425,65,2024-09-14,Better Price Found,126.54,Rejected
4297,75992,246,2022-04-23,Better Price Found,68.66,Approved
4298,17483,458,2023-07-19,Other,155.52,Approved
4299,30499,261,2022-05-17,Damaged in Transit,313.27,Pending
4300,75727,73,2022-07-05,Other,23.17,Pending
4301,5745,28,2024-03-08,Damaged in Transit,310.01,Approved
4302,18214,37,2022-08-22,Sizing Issue,651.73,Approved
4303,5091,440,2023-09-30,Damaged in Transit,337.69,Completed
4304,16144,325,2023-09-26,Defective,121.51,Pending
4305,92408,34,2023-11-22,Damaged in Transit,118.59,Approved
4306,49684,416,2022-10-15,Damaged in Transit,622.39,Approved
4307,7031,476,,Damaged in Transit,618.35,Completed
4308,53209,424,2022-02-04,Wrong Item,445.53,Approved
4309,83929,303,2022-10-18,Changed Mind,97.68,Completed
4310,65610,488,2023-07-13,Not As Described,758.48,Completed
4311,11560,128,2023-11-24,Damaged in Transit,441.5,Approved
4312,28904,51,2024-08-23,Defective,501.68,Approved
4313,29344,104,2022-03-30,Unknown,631.53,Completed
4314,74887,205,2024-09-17,Changed Mind,720.25,Completed
4315,16554,33,2023-03-05,Defective,122.91,Pending
4316,99687,481,2024-03-26,Not As Described,583.14,Approved
4318,91469,56,2024-03-05,Defective,290.86,Pending
4319,27520,498,2022-01-31,Damaged in Transit,246.18,Approved
4320,27656,452,2022-09-19,Unknown,635.11,Approved
4321,58138,310,2023-07-01,Defective,676.04,Approved
4322,4927,133,2024-03-09,Changed Mind,540.68,Approved
4323,89340,51,2022-07-12,Wrong Item,197.34,Completed
4324,24992,146,2023-06-13,Other,337.16,Completed
4325,92716,1,2022-04-29,Wrong Item,654.95,Approved
4326,90026,223,2023-06-29,Better Price Found,149.76,Approved
4327,47894,433,,Wrong Item,497.27,Approved
4328,16436,92,2022-09-26,Wrong Item,432.89,Approved
4329,77517,323,2024-03-24,Changed Mind,576.66,Approved
4330,7236,485,2024-06-14,Wrong Item,729.38,Approved
4331,69595,341,2022-04-24,Damaged in Transit,24.74,Rejected
4332,39553,52,2024-04-20,Unknown,36.0,Completed
4333,71287,491,2024-08-28,Changed Mind,612.35,Pending
4334,39450,222,2023-07-14,Better Price Found,699.55,Approved
4335,53169,229,2024-02-20,Other,409.15,Pending
4336,27149,154,2023-04-26,Sizing Issue,744.31,Completed
4337,30306,27,2024-09-16,Not As Described,775.43,Approved
4338,86441,453,2022-12-26,Other,145.83,Completed
4339,28830,267,2023-03-02,Other,740.05,Approved
4340,27014,61,2024-01-29,Sizing Issue,34.94,Approved
4341,64787,404,2024-03-17,Sizing Issue,742.4,Approved
4342,29766,29,2023-09-08,Other,731.81,Approved
4343,18388,282,2024-09-19,Sizing Issue,220.07,Approved
4344,55278,365,2023-09-12,Damaged in Transit,262.23,Approved
4345,24449,432,2024-08-31,Changed Mind,496.54,Rejected
4346,61341,440,2022-11-19,Better Price Found,448.11,Approved
4347,70241,10,2023-07-31,Sizing Issue,794.51,Approved
4348,50797,17,2024-05-10,Defective,288.82,Approved
4349,48221,304,2023-06-28,Better Price Found,220.06,Approved
4350,18425,493,2022-10-05,Better Price Found,395.5,Approved
4351,73503,322,2023-04-10,Changed Mind,496.17,Completed
4352,22775,190,2024-09-15,Damaged in Transit,753.74,Approved
4353,11407,441,2023-09-19,Defective,354.11,Approved
4354,44581,395,2022-05-13,Sizing Issue,681.06,Pending
4355,26379,305,2022-04-06,Other,735.71,Pending
4356,84897,263,2024-05-10,Damaged in Transit,304.16,Approved
4357,80818,45,2023-02-10,Damaged in Transit,437.76,Approved
4358,41908,376,2022-03-02,Not As Described,633.1,Approved
4359,90317,456,2023-07-22,Defective,789.12,Completed
4360,14669,124,2022-09-16,Not As Described,255.06,Approved
4361,7616,291,2022-04-14,Defective,573.27,Pending
4362,87292,202,2024-07-21,Changed Mind,379.48,Completed
4363,54731,168,2022-02-24,Sizing Issue,135.08,Approved
4364,68835,223,2024-10-24,Damaged in Transit,688.49,Approved
4365,29547,204,2023-05-14,Damaged in Transit,436.35,Approved
4366,90255,53,2022-06-09,Defective,332.31,Approved
4367,62361,92,2022-05-10,Defective,174.42,Approved
4368,49374,288,2023-10-02,Defective,271.31,Approved
4369,51835,323,2023-12-26,Wrong Item,85.95,Approved
4370,77937,142,2022-09-26,Changed Mind,677.7,Approved
4371,42727,210,2024-11-06,Changed Mind,323.5,Rejected
4372,24299,290,2024-03-07,Defective,310.91,Approved
4373,20174,151,2022-11-29,Unknown,693.75,Completed
4374,63804,364,2023-06-12,Unknown,587.2,Approved
4375,8415,279,2022-11-27,Changed Mind,348.36,Approved
4376,8433,244,2022-09-16,Defective,156.18,Approved
4377,29903,227,2024-12-29,Sizing Issue,702.01,Pending
4378,26757,219,2023-05-03,Sizing Issue,646.01,Approved
4379,26736,175,2023-05-29,Sizing Issue,581.7,Rejected
4380,87489,15,2023-03-10,Unknown,557.37,Approved
4381,77536,379,2024-12-19,Defective,730.03,Approved
4382,39821,49,2024-04-25,Unknown,139.03,Completed
4383,52801,258,2023-07-20,Changed Mind,181.02,Completed
4384,54346,164,2022-09-02,Changed Mind,555.48,Pending
4385,78678,480,2023-08-11,Defective,411.47,Approved
4386,83036,171,2024-03-04,Sizing Issue,557.02,Approved
4387,76867,130,2024-03-11,Wrong Item,507.58,Pending
4388,98869,4,2022-12-10,Sizing Issue,157.75,Completed
4389,84426,109,2022-07-23,Wrong Item,59.6,Rejected
4390,81588,131,2023-02-01,Better Price Found,343.43,Pending
4391,20329,321,2024-05-16,Defective,755.16,Approved
4392,6444,134,2022-08-21,Defective,414.29,Approved
4393,85078,5,2022-08-25,Not As Described,584.14,Completed
4394,33307,221,2024-05-16,Damaged in Transit,799.23,Completed
4395,38890,55,2022-07-15,Other,588.81,Approved
4396,35016,103,2024-02-12,Damaged in Transit,328.86,Completed
4397,12818,114,2023-07-15,Other,467.7,Approved
4398,57597,119,2024-07-18,Wrong Item,499.76,Pending
4399,40029,340,2022-12-10,Defective,430.15,Completed
4400,74445,328,2022-07-16,Defective,447.16,Approved
4401,48010,59,2022-12-08,Wrong Item,7.71,Approved
4402,62278,65,2023-12-19,Damaged in Transit,729.63,Completed
4403,84845,299,2023-10-14,Damaged in Transit,270.14,Approved
4404,50327,282,2023-05-23,Defective,375.53,Pending
4405,86476,476,2024-11-18,Better Price Found,298.85,Rejected
4406,11242,280,2024-08-25,Sizing Issue,398.28,Approved
4407,60419,246,2022-05-29,Wrong Item,146.32,Approved
4408,67408,347,2023-01-27,Changed Mind,725.21,Completed
4409,72939,246,2023-04-30,Wrong Item,474.83,Approved
4410,42360,201,2024-03-03,Other,109.78,Approved
4411,49091,422,2023-10-09,Sizing Issue,282.72,Pending
4412,56500,251,2024-08-05,Sizing Issue,67.34,Approved
4413,86698,198,2024-10-11,Defective,462.49,Pending
4414,46868,54,2023-12-08,Other,743.01,Approved
4415,41293,285,2024-03-12,Changed Mind,26.48,Approved
4416,43308,122,2024-09-06,Damaged in Transit,223.7,Approved
4417,9818,33,2024-04-12,Unknown,53.07,Approved
4418,68284,88,2023-02-25,Wrong Item,398.95,Approved
4419,20622,495,2023-05-28,Sizing Issue,254.5,Completed
4420,21191,164,2022-10-15,Changed Mind,605.0,Approved
4421,21534,12,2023-08-29,Changed Mind,502.17,Approved
4422,14327,137,2024-10-27,Unknown,608.98,Approved
4423,83243,161,2022-09-09,Wrong Item,579.09,Approved
4424,95033,361,2023-11-27,Sizing Issue,701.96,Approved
4425,65369,156,2024-09-24,Better Price Found,24.38,Approved
4426,56445,456,2022-04-17,Defective,324.89,Approved
4427,2108,393,2023-02-19,Wrong Item,33.32,Pending
4428,67075,494,2023-10-03,Changed Mind,785.17,Approved
4429,32002,405,2022-10-27,Other,43.06,Approved
4430,50518,450,2022-04-28,Better Price Found,732.79,Completed
4431,80906,330,2023-08-06,Wrong Item,251.15,Completed
4432,85681,55,2024-10-27,Changed Mind,127.56,Rejected
4433,81481,54,2022-11-27,Defective,112.31,Approved
4434,49951,464,2024-04-03,Damaged in Transit,161.46,Approved
4435,46480,76,2023-08-20,Wrong Item,19.72,Approved
4436,72412,99,2023-09-04,Defective,211.31,Approved
4437,30564,358,2024-10-31,Damaged in Transit,17.6,Approved
4438,53927,392,2022-10-31,Unknown,519.54,Rejected
4439,26188,369,2022-03-10,Sizing Issue,41.81,Pending
4440,45486,281,2023-11-28,Defective,672.66,Completed
4441,16232,398,2024-09-17,Not As Described,680.06,Approved
4442,18698,135,2024-02-08,Defective,622.47,Approved
4443,64509,488,2022-02-05,Defective,558.17,Approved
4444,48296,352,2022-06-11,Changed Mind,378.78,Approved
4445,85966,138,2022-04-28,Wrong Item,501.56,Approved
4446,12737,333,2022-11-07,Changed Mind,472.47,Approved
4447,67247,156,2023-11-06,Changed Mind,225.39,Approved
4448,48875,378,2022-04-13,Not As Described,441.27,Approved
4449,59850,37,2022-07-29,Wrong Item,423.18,Rejected
4450,68273,170,2023-08-13,Sizing Issue,250.84,Pending
4451,31930,142,2024-12-21,Better Price Found,473.69,Approved
4452,18116,198,2023-05-25,Damaged in Transit,578.8,Rejected
4453,62472,189,2024-11-18,Damaged in Transit,672.43,Pending
4454,5730,468,,Sizing Issue,298.79,Approved
4455,55653,243,2024-01-08,Unknown,199.19,Approved
4456,72162,262,2024-10-04,Better Price Found,413.83,Pending
4457,17036,133,2024-07-20,Other,769.63,Approved
4458,66064,327,2024-11-29,Not As Described,258.56,Approved
4459,11473,452,2023-06-16,Other,664.65,Pending
4460,80054,456,2023-10-27,Changed Mind,384.26,Approved
4461,30234,37,2023-05-08,Unknown,586.89,Approved
4462,85104,282,2024-11-25,Sizing Issue,626.53,Approved
4463,88269,160,2023-06-20,Sizing Issue,356.48,Approved
4464,89419,36,2024-03-08,Not As Described,161.23,Pending
4465,14151,32,2024-12-07,Wrong Item,386.79,Approved
4466,50853,324,2022-03-04,Better Price Found,666.9,Completed
4467,38159,142,2024-04-10,Wrong Item,412.95,Approved
4468,52410,137,,Damaged in Transit,714.3,Approved
4469,15763,278,2022-11-16,Damaged in Transit,132.9,Approved
4470,23074,378,2022-07-26,Wrong Item,29.87,Pending
4471,38406,73,2024-09-07,Unknown,164.38,Approved
4472,56052,89,2022-12-20,Better Price Found,694.53,Approved
4473,39872,363,2022-03-22,Better Price Found,187.63,Completed
4474,95397,144,2022-04-22,Unknown,262.18,Approved
4475,10824,275,2024-06-19,Unknown,717.18,Approved
4476,34081,187,2022-09-15,Better Price Found,333.3,Pending
4477,5961,446,2024-06-03,Defective,167.44,Completed
4478,72443,422,2022-02-14,Better Price Found,185.44,Approved
4479,70350,365,2024-09-27,Not As Described,478.01,Approved
4480,23530,395,2024-05-11,Changed Mind,504.23,Pending
4481,87218,292,2023-09-01,Sizing Issue,412.83,Completed
4482,47846,254,2022-12-16,Not As Described,294.5,Approved
4483,66271,31,2022-03-01,Not As Described,692.27,Pending
4484,58523,448,2024-01-29,Sizing Issue,120.48,Approved
4485,55704,33,2022-02-28,Damaged in Transit,31.31,Completed
4486,2826,405,2022-09-11,Damaged in Transit,80.13,Approved
4487,46435,193,2024-01-30,Defective,70.33,Rejected
4488,96911,361,2024-10-27,Damaged in Transit,171.73,Rejected
4489,75724,472,2024-05-02,Defective,269.24,Approved
4490,1021,496,2022-03-18,Better Price Found,304.61,Approved
4491,76026,417,2024-08-28,Wrong Item,99.5,Completed
4492,1865,389,2024-10-20,Not As Described,676.14,Approved
4493,36890,9,2023-04-17,Sizing Issue,750.07,Approved
4494,19929,279,2024-07-30,Unknown,345.74,Approved
4495,39230,201,2024-05-05,Sizing Issue,185.77,Completed
4496,98392,246,2024-11-16,Unknown,406.88,Pending
4497,11350,152,2022-02-11,Other,221.95,Completed
4498,35432,153,2022-03-29,Wrong Item,667.42,Pending
4499,22652,459,2024-01-13,Damaged in Transit,262.83,Approved
4500,58152,163,2023-07-09,Wrong Item,323.48,Completed
4501,28488,389,2023-03-07,Wrong Item,440.51,Approved
4502,72792,121,2024-01-03,Defective,333.95,Approved
4503,3736,229,2024-05-01,Not As Described,439.9,Approved
4504,30097,245,2022-10-28,Better Price Found,32.89,Pending
4505,85740,477,2023-04-20,Better Price Found,138.95,Rejected
4506,77852,355,2023-11-13,Better Price Found,108.71,Completed
4507,20728,274,2023-02-12,Better Price Found,246.29,Approved
4508,59378,367,2023-07-18,Sizing Issue,620.27,Approved
4509,81675,235,2022-06-01,Changed Mind,91.46,Completed
4510,71091,83,2024-11-30,Wrong Item,99.75,Completed
4511,36518,485,2024-01-20,Unknown,497.69,Rejected
4512,56350,168,2022-11-03,Changed Mind,628.41,Approved
4513,61386,244,2022-04-22,Sizing Issue,453.88,Approved
4514,93006,365,2023-07-12,Defective,118.02,Approved
4515,16893,77,2024-10-31,Better Price Found,202.53,Approved
4516,32292,94,2022-09-22,Not As Described,627.89,Completed
4517,23467,339,2024-11-14,Sizing Issue,52.72,Approved
4518,61454,126,2024-02-28,Unknown,156.04,Completed
4519,37568,112,2023-11-06,Wrong Item,193.82,Approved
4520,95425,146,2022-09-06,Wrong Item,507.28,Approved
4521,75495,189,2023-01-17,Not As Described,564.89,Approved
4522,18481,208,2022-11-13,Better Price Found,505.45,Approved
4523,20785,90,2024-05-16,Damaged in Transit,562.82,Approved
4524,68216,111,2023-10-14,Unknown,392.65,Approved
4525,64459,213,2022-10-01,Defective,234.46,Approved
4526,99718,403,2024-07-06,Changed Mind,175.43,Approved
4527,14180,17,2022-02-27,Wrong Item,790.21,Completed
4528,45456,79,2022-02-19,Sizing Issue,691.42,Completed
4529,82536,266,2022-12-24,Better Price Found,371.3,Approved
4530,64433,146,2023-08-11,Damaged in Transit,293.39,Approved
4531,8578,292,2022-08-30,Wrong Item,587.64,Approved
4532,53642,311,2022-02-20,Changed Mind,368.62,Pending
4533,26515,124,2023-11-01,Changed Mind,451.62,Approved
4534,41318,275,2022-04-19,Changed Mind,754.17,Pending
4535,67435,373,2024-03-28,Sizing Issue,82.83,Completed
4536,48027,17,2024-01-09,Unknown,510.02,Approved
4537,98486,456,2022-05-14,Not As Described,140.22,Approved
4538,49238,462,2023-09-27,Wrong Item,193.28,Pending
4539,38305,140,2024-09-17,Sizing Issue,785.31,Completed
4540,97267,434,2024-10-05,Other,124.78,Approved
4541,38172,491,2023-08-11,Defective,490.73,Completed
4542,143,345,2022-07-02,Wrong Item,682.46,Approved
4543,94298,124,,Better Price Found,105.74,Rejected
4544,86933,386,2024-12-02,Not As Described,52.96,Rejected
4545,65022,28,2022-02-01,Damaged in Transit,665.23,Completed
4546,36781,436,2022-07-03,Better Price Found,308.47,Completed
4547,76308,308,2024-12-18,Wrong Item,651.98,Pending
4548,4907,442,2023-08-30,Sizing Issue,667.24,Approved
4549,8501,458,2022-07-15,Changed Mind,217.4,Approved
4550,74157,500,2023-03-26,Damaged in Transit,566.84,Completed
4551,95389,18,2023-02-15,Changed Mind,697.92,Pending
4552,97239,434,2022-09-05,Sizing Issue,468.67,Pending
4554,64688,376,2022-08-12,Other,131.71,Approved
4555,12204,283,2024-08-29,Damaged in Transit,464.06,Pending
4556,67862,497,2022-02-06,Other,441.87,Completed
4557,6072,44,2023-07-03,Unknown,216.36,Approved
4558,22277,72,2023-11-25,Damaged in Transit,641.93,Approved
4559,90831,302,2023-03-04,Wrong Item,643.43,Pending
4560,81659,240,2023-06-26,Sizing Issue,782.26,Pending
4561,80204,65,2022-02-18,Changed Mind,771.88,Completed
4562,91746,107,2022-10-27,Changed Mind,250.61,Approved
4563,85918,438,2024-02-25,Unknown,283.53,Approved
4564,893,479,2023-01-22,Sizing Issue,558.78,Completed
4565,98678,136,2022-07-26,Sizing Issue,499.13,Completed
4566,12555,466,2024-02-19,Defective,264.47,Approved
4567,41995,171,2022-02-17,Defective,775.21,Completed
4568,60818,133,,Not As Described,442.1,Approved
4569,30122,394,2023-01-27,Not As Described,143.02,Pending
4570,44736,360,2023-12-17,Better Price Found,687.49,Pending
4571,3626,81,2024-06-04,Other,126.01,Approved
4572,86054,327,2022-04-15,Not As Described,313.41,Approved
4573,41477,7,2024-02-02,Better Price Found,580.46,Pending
4574,70542,147,2022-10-27,Wrong Item,740.7,Approved
4575,48058,437,2023-08-17,Better Price Found,595.63,Pending
4576,36675,343,2023-04-23,Defective,97.02,Approved
4577,71983,309,2023-05-06,Defective,544.65,Completed
4578,87019,484,2024-10-01,Wrong Item,56.72,Approved
4579,64867,135,2024-07-10,Damaged in Transit,55.5,Rejected
4580,38179,280,2023-08-23,Other,59.85,Pending
4581,49353,141,2024-07-18,Better Price Found,329.89,Approved
4582,86862,94,2022-09-01,Better Price Found,792.13,Pending
4583,91345,336,2022-09-21,Not As Described,145.89,Completed
4584,48055,221,2022-11-18,Wrong Item,632.0,Completed
4585,39365,388,2022-04-11,Wrong Item,414.65,Approved
4586,76953,117,,Wrong Item,337.48,Approved
4587,74480,119,2023-04-15,Damaged in Transit,514.45,Completed
4588,80235,52,2022-11-15,Defective,49.21,Approved
4589,89225,358,2023-11-02,Damaged in Transit,155.91,Rejected
4590,18315,141,2022-11-11,Other,532.89,Pending
4591,10099,412,2023-11-08,Not As Described,111.94,Completed
4592,61856,11,2022-11-18,Wrong Item,622.48,Completed
4593,77332,5,2024-07-04,Changed Mind,678.3,Pending
4594,70077,325,2022-04-03,Better Price Found,653.02,Completed
4595,67405,132,,Changed Mind,34.67,Pending
4596,22733,451,2024-09-30,Wrong Item,258.16,Approved
4597,31468,46,2022-05-27,Unknown,99.07,Rejected
4598,66251,203,2023-07-26,Not As Described,437.47,Approved
4599,13547,61,2022-03-01,Defective,53.83,Approved
4600,42618,116,2022-02-03,Not As Described,550.42,Approved
4601,88179,39,2023-11-07,Sizing Issue,594.54,Completed
4602,1006,472,2023-03-11,Unknown,91.19,Approved
4603,67266,451,2022-10-31,Damaged in Transit,135.68,Approved
4604,43643,273,2022-02-27,Changed Mind,745.71,Approved
4605,25433,360,2023-06-07,Other,406.6,Approved
4606,90128,107,2024-07-14,Other,28.65,Approved
4607,19502,38,2024-11-27,Unknown,781.88,Approved
4608,21052,210,2022-06-14,Sizing Issue,167.49,Approved
4609,29209,149,2024-05-09,Not As Described,613.91,Completed
4610,77693,50,2022-04-16,Damaged in Transit,106.71,Completed
4612,83999,263,2022-11-11,Better Price Found,608.98,Rejected
4613,18224,40,2022-11-13,Wrong Item,107.65,Pending
4614,93396,312,2022-09-27,Other,233.74,Pending
4615,57590,217,2024-11-30,Other,307.34,Completed
4616,74316,295,2023-01-18,Damaged in Transit,247.09,Completed
4617,19907,85,2024-08-10,Wrong Item,556.52,Approved
4618,91380,380,2022-07-28,Wrong Item,648.11,Approved
4619,1195,480,2022-11-10,Other,698.76,Approved
4620,54009,340,2023-12-18,Defective,60.42,Pending
4621,91179,472,2024-03-10,Damaged in Transit,327.65,Pending
4622,7249,110,2022-11-02,Not As Described,358.95,Approved
4623,80512,343,2024-02-09,Sizing Issue,510.31,Approved
4624,36693,127,2024-12-16,Defective,158.94,Completed
4625,35188,256,2023-03-04,Changed Mind,700.88,Approved
4626,672,168,2022-10-07,Damaged in Transit,236.82,Completed
4628,15901,293,2024-05-10,Sizing Issue,558.86,Approved
4629,8582,21,2024-09-23,Other,477.85,Approved
4630,39947,155,2024-03-18,Better Price Found,701.06,Pending
4631,85041,336,2023-11-05,Sizing Issue,549.92,Approved
4632,22943,250,2024-07-03,Sizing Issue,141.6,Approved
4633,16910,353,2022-04-10,Not As Described,240.89,Pending
4634,97709,284,2023-01-09,Wrong Item,613.18,Approved
4635,32297,269,2023-12-05,Sizing Issue,240.86,Approved
4636,22219,414,2024-01-16,Wrong Item,417.49,Completed
4637,95659,150,2023-05-05,Sizing Issue,302.21,Pending
4638,74269,157,2024-05-12,Defective,146.9,Completed
4639,2576,321,2023-06-15,Sizing Issue,796.61,Approved
4640,64129,289,2023-07-18,Wrong Item,492.09,Completed
4641,83401,385,2024-03-25,Wrong Item,710.22,Pending
4642,71107,354,2022-11-07,Changed Mind,216.81,Pending
4643,26325,484,2023-12-15,Sizing Issue,662.66,Approved
4644,88619,394,2023-06-20,Not As Described,106.87,Approved
4645,2774,261,2022-12-12,Not As Described,305.72,Completed
4646,97741,305,2022-10-10,Not As Described,237.08,Approved
4647,14438,58,2024-10-07,Changed Mind,26.49,Completed
4648,40576,222,2024-01-20,Changed Mind,38.4,Pending
4649,75084,344,2023-02-05,Other,410.15,Completed
4650,66960,167,2022-10-07,Not As Described,637.82,Approved
4651,69816,418,2022-09-28,Better Price Found,390.15,Rejected
4652,91622,105,2024-01-07,Defective,340.76,Completed
4653,64929,143,2022-07-16,Not As Described,673.36,Approved
4654,10691,147,2022-03-31,Better Price Found,161.8,Approved
4655,88949,395,2024-11-20,Not As Described,66.52,Approved
4656,40931,103,2022-10-19,Sizing Issue,716.58,Pending
4657,54244,97,2022-08-08,Sizing Issue,629.24,Completed
4658,67560,253,2023-08-17,Changed Mind,653.13,Approved
4659,82450,78,2024-08-30,Sizing Issue,89.93,Rejected
4660,27787,321,2024-04-07,Better Price Found,85.58,Approved
4661,38271,172,2022-05-02,Not As Described,592.31,Approved
4662,11169,314,2023-12-15,Wrong Item,300.91,Approved
4663,17016,378,2023-08-03,Unknown,504.29,Approved
4664,3130,319,2022-11-05,Damaged in Transit,584.81,Approved
4665,22276,24,2022-04-02,Changed Mind,761.44,Rejected
4666,50367,401,2022-04-15,Other,173.55,Pending
4667,26101,399,2022-05-15,Changed Mind,368.41,Approved
4668,19045,320,2024-06-03,Better Price Found,628.39,Rejected
4669,31556,94,2022-05-15,Defective,119.16,Approved
4670,748,340,2024-05-06,Better Price Found,374.55,Approved
4671,27114,235,2023-01-04,Sizing Issue,463.53,Pending
4672,32796,493,2024-10-31,Sizing Issue,476.79,Pending
4673,7720,392,2024-06-07,Wrong Item,232.53,Approved
4674,86438,7,2022-09-14,Damaged in Transit,35.02,Approved
4675,73092,252,2022-06-23,Wrong Item,57.36,Approved
4676,75321,449,2022-11-18,Changed Mind,447.77,Completed
4677,99441,229,2022-10-07,Changed Mind,37.1,Completed
4678,12886,339,2022-12-15,Damaged in Transit,151.81,Approved
4679,55802,351,2022-03-13,Better Price Found,476.57,Approved
4680,1064,263,2024-12-10,Wrong Item,20.18,Approved
4681,90330,13,2023-10-02,Other,33.09,Approved
4682,51743,103,2022-09-27,Wrong Item,144.86,Approved
4683,2950,25,2024-01-10,Sizing Issue,225.12,Pending
4684,87548,361,2023-12-01,Sizing Issue,353.82,Pending
4685,25311,115,2024-07-16,Better Price Found,304.28,Approved
4686,21034,414,2023-07-04,Wrong Item,534.23,Completed
4687,80503,249,2022-03-14,Changed Mind,82.57,Approved
4688,91925,225,2022-08-09,Defective,484.7,Approved
4689,86981,252,2022-03-22,Other,320.17,Completed
4690,37168,270,2023-10-26,Damaged in Transit,262.08,Completed
4691,67782,319,2022-12-28,Damaged in Transit,93.48,Approved
4692,96880,143,2024-11-13,Defective,324.32,Completed
4693,3477,317,2024-06-26,Better Price Found,393.75,Completed
4694,30322,76,2023-05-15,Damaged in Transit,665.67,Pending
4695,47214,331,2023-09-01,Defective,146.28,Rejected
4696,99451,472,2024-10-25,Damaged in Transit,297.89,Completed
4697,44755,195,2023-11-02,Changed Mind,665.02,Approved
4698,441,168,2023-09-24,Sizing Issue,711.81,Pending
4699,85764,138,2024-02-02,Damaged in Transit,772.96,Approved
4700,6533,229,2023-02-06,Not As Described,278.63,Pending
4701,17886,352,2022-07-10,Not As Described,91.67,Approved
4702,84371,459,2024-09-09,Other,551.26,Approved
4703,5149,132,2024-09-14,Wrong Item,163.13,Approved
4704,13359,93,2023-07-04,Not As Described,264.59,Rejected
4705,62659,254,2022-10-02,Damaged in Transit,103.3,Approved
4706,90715,500,2024-05-16,Sizing Issue,195.8,Approved
4707,40304,421,2024-06-18,Better Price Found,725.87,Pending
4708,21751,393,2022-09-13,Sizing Issue,797.13,Completed
4709,77691,279,2023-05-21,Defective,178.73,Approved
4710,46293,412,2024-02-01,Changed Mind,622.01,Approved
4711,93751,360,2023-12-08,Damaged in Transit,195.2,Approved
4712,40876,203,2024-11-25,Better Price Found,241.08,Completed
4713,53740,280,2024-07-29,Better Price Found,116.78,Completed
4714,30606,114,2022-05-04,Other,472.14,Completed
4715,59290,444,2024-08-04,Sizing Issue,95.1,Completed
4716,35407,52,2024-07-15,Better Price Found,607.68,Approved
4717,14918,389,2022-09-09,Other,347.81,Approved
4718,16290,426,2023-02-24,Not As Described,184.89,Completed
4719,20087,44,2022-03-16,Sizing Issue,438.77,Completed
4720,41249,368,2023-01-26,Not As Described,617.85,Approved
4721,88330,296,2024-05-25,Wrong Item,687.83,Approved
4722,82564,96,2022-04-07,Changed Mind,392.03,Approved
4723,30637,362,2023-03-23,Sizing Issue,263.26,Approved
4724,39809,364,2022-10-01,Changed Mind,677.07,Approved
4725,28735,194,2023-01-23,Not As Described,580.39,Pending
4726,97225,3,2022-06-30,Changed Mind,127.04,Completed
4727,16186,20,2023-08-21,Better Price Found,196.68,Approved
4728,55489,7,2022-08-31,Unknown,214.24,Completed
4729,88796,426,2022-06-25,Changed Mind,269.36,Pending
4730,21030,433,2022-07-11,Sizing Issue,114.31,Pending
4731,78115,497,2023-08-07,Other,38.5,Pending
4732,67623,117,2023-10-12,Damaged in Transit,554.55,Pending
4733,71150,184,2024-03-20,Better Price Found,26.75,Approved
4734,56302,345,2024-01-25,Changed Mind,442.34,Completed
4735,70332,126,2024-07-29,Wrong Item,338.39,Approved
4736,77622,405,2024-03-25,Defective,625.99,Completed
4737,57230,54,2022-07-14,Changed Mind,441.15,Pending
4738,34960,37,2022-09-03,Better Price Found,683.35,Approved
4739,38828,317,2024-07-20,Unknown,783.94,Approved
4740,53219,16,2023-11-30,Not As Described,232.09,Completed
4741,69429,78,2022-05-25,Wrong Item,258.96,Approved
4742,1426,20,2023-05-24,Not As Described,589.18,Pending
4743,12141,407,2024-07-18,Wrong Item,87.46,Pending
4744,39958,483,2024-04-06,Defective,380.2,Approved
4745,99546,288,2023-09-08,Other,44.74,Approved
4746,33410,144,2023-08-02,Wrong Item,93.43,Completed
4747,92373,291,2023-02-19,Other,418.66,Rejected
4748,89359,496,2023-08-13,Better Price Found,364.37,Pending
4749,43648,316,2022-03-17,Defective,586.07,Completed
4750,49773,465,2022-06-16,Sizing Issue,722.85,Approved
4751,87452,332,2024-01-23,Other,18.75,Rejected
4752,67027,81,2023-05-27,Damaged in Transit,154.77,Approved
4753,24165,309,2023-10-11,Defective,575.39,Approved
4754,74144,188,2024-08-21,Wrong Item,407.65,Pending
4755,78172,246,2022-08-28,Not As Described,426.86,Pending
4756,37876,486,2023-08-28,Defective,384.81,Approved
4757,72641,220,2023-08-15,Defective,552.3,Approved
4758,35110,187,2023-02-18,Changed Mind,348.99,Pending
4759,77833,435,2024-04-16,Damaged in Transit,609.56,Pending
4760,62996,475,2024-02-05,Damaged in Transit,668.96,Approved
4761,99196,243,2024-10-03,Damaged in Transit,512.72,Pending
4762,63215,335,2023-10-21,Not As Described,767.52,Approved
4763,47518,85,2023-02-23,Better Price Found,696.46,Pending
4764,22236,400,2022-02-19,Defective,382.68,Rejected
4765,41341,286,2022-05-04,Wrong Item,283.03,Completed
4766,60636,258,2022-06-26,Not As Described,467.73,Approved
4767,45811,489,2024-10-16,Unknown,365.91,Pending
4768,83966,316,2023-12-13,Other,721.88,Completed
4769,31773,299,2023-12-30,Wrong Item,470.28,Approved
4770,65217,305,2022-03-26,Changed Mind,266.33,Completed
4771,77250,112,2022-02-10,Sizing Issue,738.14,Approved
4772,86162,343,2022-03-13,Wrong Item,424.73,Completed
4773,89660,28,2023-08-07,Other,415.52,Pending
4774,6566,429,2023-03-02,Better Price Found,251.64,Pending
4775,95815,308,2024-08-16,Damaged in Transit,388.22,Pending
4776,56338,388,2023-06-10,Other,786.96,Approved
4777,43138,97,2024-10-07,Unknown,386.06,Approved
4778,64611,141,2024-07-15,Changed Mind,56.17,Pending
4779,12052,183,2024-11-04,Not As Described,22.22,Pending
4780,67731,394,2023-08-02,Other,372.75,Pending
4781,54665,161,2022-06-01,Unknown,73.28,Rejected
4782,8509,456,2024-06-23,Sizing Issue,57.96,Completed
4783,25871,72,2024-07-15,Better Price Found,733.12,Rejected
4784,16811,353,2024-06-23,Changed Mind,195.4,Approved
4785,52930,341,2022-06-26,Sizing Issue,558.1,Approved
4786,16936,344,2024-12-03,Not As Described,710.71,Pending
4787,18556,174,2024-03-20,Other,782.97,Approved
4788,72985,180,2023-10-05,Better Price Found,147.18,Approved
4789,93048,395,2024-10-21,Wrong Item,639.82,Completed
4791,43143,49,2022-06-26,Not As Described,54.23,Approved
4792,22952,164,2023-06-07,Sizing Issue,738.19,Pending
4793,52240,433,2024-03-25,Not As Described,706.0,Approved
4794,833,222,2024-08-13,Sizing Issue,261.03,Approved
4795,54845,129,2022-10-15,Unknown,206.95,Approved
4796,62065,409,2023-11-14,Damaged in Transit,537.45,Approved
4797,34421,489,2024-08-16,Sizing Issue,710.57,Completed
4798,36234,496,2024-11-18,Changed Mind,627.22,Approved
4799,85167,1,2024-06-01,Not As Described,598.95,Approved
4800,66041,130,2023-07-22,Changed Mind,585.63,Pending
4801,28442,139,2023-05-20,Unknown,409.25,Completed
4802,98110,377,2023-05-26,Not As Described,124.67,Approved
4803,90332,330,2022-03-05,Changed Mind,740.76,Rejected
4804,74081,458,2023-06-06,Unknown,683.26,Approved
4805,49747,439,2023-09-17,Changed Mind,257.57,Approved
4806,62909,329,2022-10-23,Damaged in Transit,239.49,Pending
4807,44769,4,2023-03-13,Damaged in Transit,205.89,Pending
4808,69727,421,2023-03-04,Damaged in Transit,38.73,Rejected
4809,39960,125,2023-06-01,Other,709.57,Approved
4810,13042,161,2022-06-17,Other,305.04,Pending
4811,8916,406,2023-02-15,Unknown,448.86,Approved
4812,55117,77,2023-02-16,Better Price Found,442.72,Approved
4813,48652,311,2024-08-07,Other,508.13,Approved
4814,9917,107,2024-04-01,Not As Described,172.82,Approved
4815,12874,92,2024-06-13,Not As Described,122.24,Approved
4816,4532,351,2024-05-06,Damaged in Transit,632.43,Rejected
4817,89722,167,,Wrong Item,176.33,Pending
4818,7408,231,2022-12-13,Damaged in Transit,290.38,Approved
4819,86940,385,2024-07-27,Other,172.81,Completed
4820,11920,466,2022-10-17,Changed Mind,273.67,Completed
4821,21213,117,2022-04-16,Other,752.44,Completed
4822,97161,192,2022-10-07,Damaged in Transit,185.78,Pending
4823,70850,175,2023-08-19,Damaged in Transit,637.75,Approved
4824,5711,166,2023-04-19,Defective,99.19,Approved
4825,11854,135,2022-08-23,Sizing Issue,235.14,Approved
4826,29336,398,2023-09-04,Sizing Issue,432.71,Approved
4827,11985,214,2024-10-15,Not As Described,422.52,Completed
4828,90929,78,2022-09-18,Changed Mind,715.62,Approved
4829,31219,358,2022-06-27,Changed Mind,268.8,Pending
4830,60375,335,2022-04-05,Better Price Found,467.64,Approved
4832,98001,136,2022-08-10,Defective,210.11,Approved
4833,48996,124,2022-11-14,Sizing Issue,591.05,Approved
4834,73296,469,2022-09-18,Wrong Item,306.68,Approved
4835,46971,129,2024-06-19,Other,449.76,Approved
4836,57775,237,2023-10-09,Damaged in Transit,50.01,Pending
4837,49844,467,2022-05-10,Better Price Found,769.34,Approved
4838,53534,125,2024-05-01,Wrong Item,206.15,Approved
4839,55683,439,2023-02-14,Changed Mind,128.22,Pending
4840,80767,173,2023-12-23,Damaged in Transit,375.12,Pending
4842,549,399,2024-12-07,Changed Mind,752.92,Approved
4843,69483,434,2024-07-15,Unknown,566.76,Approved
4844,56672,203,2024-09-06,Other,28.54,Approved
4845,80366,314,2022-06-24,Sizing Issue,137.64,Pending
4846,52172,3,2024-11-08,Not As Described,264.74,Pending
4847,74344,92,2022-07-24,Better Price Found,786.53,Completed
4848,83222,326,2022-11-18,Damaged in Transit,396.4,Completed
4849,64268,331,2024-11-10,Sizing Issue,257.5,Approved
4850,11005,289,2022-02-24,Better Price Found,118.43,Approved
4851,48840,390,2024-05-23,Damaged in Transit,615.52,Completed
4852,37720,292,2023-12-23,Sizing Issue,239.77,Pending
4853,97468,439,2023-09-06,Other,368.37,Approved
4854,69112,456,2023-09-28,Changed Mind,656.92,Completed
4855,92541,298,2022-06-28,Sizing Issue,55.67,Rejected
4856,68051,315,2023-12-15,Defective,150.18,Approved
4857,16958,445,2022-05-14,Changed Mind,252.84,Completed
4858,56355,231,2024-08-10,Damaged in Transit,652.67,Rejected
4859,35457,424,2022-05-18,Wrong Item,660.44,Approved
4860,59604,48,2023-10-26,Changed Mind,455.32,Pending
4861,10748,199,2023-01-18,Wrong Item,19.16,Approved
4862,45295,77,2024-12-27,Better Price Found,551.03,Rejected
4863,43544,243,2023-09-06,Changed Mind,368.91,Pending
4864,53559,265,2022-02-05,Not As Described,403.2,Approved
4865,22511,394,2023-05-19,Changed Mind,667.73,Completed
4866,93912,225,2022-10-07,Damaged in Transit,11.23,Approved
4867,61578,78,2022-12-11,Not As Described,243.61,Approved
4868,44989,300,2022-12-01,Sizing Issue,376.75,Completed
4869,29238,336,2024-10-04,Other,785.29,Approved
4870,46719,494,2024-01-01,Defective,790.92,Completed
4871,49878,93,2022-10-07,Not As Described,786.79,Pending
4872,75574,40,2024-04-21,Changed Mind,185.35,Rejected
4873,91140,113,2022-03-03,Other,448.02,Pending
4874,92572,127,2024-08-31,Better Price Found,284.64,Pending
4875,86995,29,2024-04-08,Sizing Issue,536.92,Completed
4876,55601,325,2023-05-22,Other,194.06,Approved
4877,85082,354,2024-01-13,Wrong Item,609.3,Approved
4878,41884,450,2023-05-23,Damaged in Transit,358.95,Completed
4879,34321,49,2024-01-23,Damaged in Transit,614.43,Approved
4880,10180,292,2023-07-14,Not As Described,786.34,Completed
4881,14345,127,2024-02-10,Better Price Found,280.77,Pending
4882,16913,217,2023-05-10,Defective,110.95,Approved
4883,86878,386,2024-07-05,Other,663.6,Approved
4884,59519,371,2023-11-28,Unknown,101.36,Approved
4885,39957,71,2022-08-30,Better Price Found,98.67,Approved
4886,2940,19,2024-07-14,Sizing Issue,526.23,Pending
4887,80474,124,2023-08-05,Sizing Issue,685.37,Rejected
4888,70381,393,2022-06-02,Unknown,144.01,Rejected
4889,77892,2,2022-08-12,Better Price Found,255.27,Completed
4890,81566,456,2024-11-11,Sizing Issue,375.23,Pending
4891,400,60,2022-02-05,Changed Mind,549.41,Approved
4892,60230,500,2023-10-12,Not As Described,493.36,Pending
4893,67495,301,2022-03-22,Sizing Issue,425.49,Approved
4894,50174,77,2022-09-03,Changed Mind,90.77,Pending
4895,90701,462,2023-02-07,Sizing Issue,350.6,Approved
4896,91688,426,2023-10-05,Not As Described,660.5,Completed
4897,34897,342,2023-06-16,Sizing Issue,716.29,Approved
4898,64913,484,2024-07-08,Not As Described,593.1,Rejected
4899,20227,135,2023-08-05,Other,676.17,Pending
4900,7769,160,2022-09-10,Better Price Found,287.21,Pending
4901,19935,177,2022-05-03,Wrong Item,111.1,Pending
4902,73248,2,2023-04-03,Damaged in Transit,19.75,Rejected
4903,82828,80,2022-04-19,Not As Described,44.16,Pending
4904,67546,124,2023-01-07,Other,200.09,Approved
4905,6145,271,2022-04-19,Not As Described,617.93,Approved
4906,73065,57,2024-07-20,Defective,573.4,Approved
4907,66332,358,2024-12-12,Defective,499.0,Approved
4908,52113,448,2024-02-13,Not As Described,519.2,Approved
4909,56479,415,2023-05-21,Sizing Issue,318.08,Pending
4910,423,279,2023-08-30,Not As Described,299.77,Completed
4911,81734,303,2024-03-26,Damaged in Transit,572.85,Pending
4912,96936,430,2024-02-05,Wrong Item,151.18,Completed
4913,83961,457,2024-04-08,Wrong Item,524.0,Approved
4914,14447,180,2023-08-30,Wrong Item,543.91,Approved
4915,69521,94,2022-11-13,Defective,733.36,Completed
4916,98877,485,2023-01-27,Not As Described,393.64,Approved
4917,84277,151,2024-05-26,Damaged in Transit,193.05,Completed
4918,31660,457,2024-01-03,Wrong Item,480.37,Pending
4919,40731,401,2023-03-30,Sizing Issue,308.34,Approved
4920,51286,388,2022-08-13,Damaged in Transit,665.12,Pending
4921,42784,65,2024-10-28,Other,587.72,Approved
4922,20109,147,2022-09-27,Not As Described,119.75,Rejected
4923,28687,279,2023-10-10,Changed Mind,536.56,Approved
4924,74200,100,2023-10-03,Better Price Found,394.2,Approved
4925,79264,416,2024-08-08,Other,90.15,Completed
4926,67534,442,2023-06-27,Sizing Issue,109.65,Approved
4927,81119,453,2023-01-03,Changed Mind,654.46,Completed
4928,70226,341,2022-11-21,Not As Described,124.52,Pending
4929,34285,276,2023-02-10,Unknown,370.54,Approved
4930,34095,353,2023-08-25,Sizing Issue,356.59,Approved
4931,83109,455,2023-04-10,Other,394.7,Approved
4932,82931,162,2024-10-07,Damaged in Transit,561.08,Pending
4933,6218,190,2022-08-03,Changed Mind,199.68,Approved
4934,58717,32,2022-12-17,Unknown,254.88,Approved
4935,17290,108,2024-11-12,Unknown,670.38,Approved
4936,29581,195,2024-09-03,Other,241.41,Approved
4937,31852,263,2023-10-25,Damaged in Transit,572.52,Approved
4938,74170,480,2022-05-12,Unknown,215.36,Approved
4939,6939,159,2022-08-22,Sizing Issue,476.61,Pending
4940,38004,83,2022-11-04,Wrong Item,695.24,Approved
4941,22746,326,2022-08-13,Damaged in Transit,592.88,Approved
4942,4586,7,2022-04-02,Sizing Issue,141.82,Completed
4943,98170,104,2024-03-28,Other,201.8,Pending
4944,22024,262,2024-05-10,Damaged in Transit,157.5,Approved
4945,19024,317,2023-10-07,Defective,14.9,Pending
4946,12722,8,2022-07-07,Damaged in Transit,569.31,Approved
4947,42032,425,2024-08-29,Better Price Found,80.85,Approved
4948,35911,20,2022-11-18,Not As Described,770.77,Approved
4949,37255,158,2023-08-25,Wrong Item,783.15,Approved
4950,53114,235,2023-11-23,Other,533.14,Approved
4951,40789,281,2023-11-08,Sizing Issue,40.72,Pending
4952,73893,205,2022-09-11,Better Price Found,643.99,Completed
4953,59094,165,2024-11-08,Damaged in Transit,1192.18125,Approved
4954,56907,30,2022-07-16,Not As Described,239.58,Approved
4955,11781,179,2023-05-28,Defective,48.59,Completed
4956,94100,101,2023-06-19,Better Price Found,59.13,Rejected
4957,64894,132,2024-01-15,Sizing Issue,438.64,Pending
4958,60346,381,2024-08-21,Better Price Found,298.19,Pending
4959,91392,78,2024-01-08,Changed Mind,216.44,Pending
4960,77799,54,2024-12-12,Other,253.79,Approved
4961,46639,44,2024-06-24,Wrong Item,537.1,Completed
4962,94789,37,2023-02-05,Not As Described,201.54,Approved
4963,66882,474,2022-03-20,Not As Described,699.51,Completed
4964,41124,245,2023-06-18,Other,81.84,Approved
4965,18939,181,2022-02-25,Damaged in Transit,772.58,Approved
4966,85890,25,2022-02-15,Damaged in Transit,72.32,Completed
4967,69614,483,2023-10-15,Changed Mind,437.25,Pending
4968,30209,290,2024-04-02,Wrong Item,315.59,Approved
4969,94315,27,2022-02-16,Other,396.91,Pending
4970,66294,419,2023-08-27,Other,397.59,Approved
4971,68555,365,2024-09-22,Changed Mind,458.23,Approved
4972,38632,319,,Better Price Found,469.8,Approved
4973,1609,97,2024-10-10,Not As Described,440.1,Rejected
4974,50887,326,2024-12-29,Damaged in Transit,492.63,Approved
4975,32850,494,2023-04-09,Defective,521.89,Approved
4976,61741,426,2023-04-20,Wrong Item,506.59,Approved
4977,91865,88,2023-10-20,Other,534.26,Pending
4978,45411,498,2024-06-24,Better Price Found,308.15,Approved
4979,38911,134,2022-10-31,Other,109.63,Approved
4980,77116,315,2023-03-05,Sizing Issue,755.18,Approved
4981,22258,406,2024-11-27,Sizing Issue,261.16,Completed
4982,7019,459,2023-06-05,Other,510.35,Pending
4983,29610,259,2022-06-13,Wrong Item,603.39,Approved
4984,52551,441,2024-10-13,Not As Described,261.03,Completed
4985,1036,111,2023-03-26,Defective,713.0,Approved
4986,22074,7,2024-08-09,Damaged in Transit,108.67,Completed
4987,16867,162,2023-01-12,Better Price Found,338.67,Completed
4988,14583,107,,Sizing Issue,574.39,Completed
4989,99775,395,2022-08-12,Wrong Item,676.85,Completed
4990,83679,24,2023-07-10,Other,97.73,Pending
4991,72944,39,2023-07-04,Other,311.59,Pending
4992,18515,141,2022-12-30,Other,314.69,Approved
4993,70053,416,2022-02-10,Not As Described,220.27,Approved
4994,57427,54,2024-12-22,Damaged in Transit,678.31,Completed
4995,44698,92,2024-10-14,Sizing Issue,154.66,Pending
4996,82917,451,2023-02-27,Defective,274.67,Completed
4997,72061,165,2023-11-15,Sizing Issue,150.65,Approved
4998,78869,416,2022-07-26,Other,730.28,Approved
4999,88466,248,2024-02-22,Other,436.06,Approved
5000,1211,113,2022-11-01,Defective,351.12,Approved
5001,44386,42,2024-04-20,Wrong Item,720.29,Approved
5002,49828,120,2022-02-12,Unknown,64.98,Pending
5003,79853,56,2023-03-23,Changed Mind,85.63,Rejected
5004,48548,2,2023-07-13,Better Price Found,765.61,Pending
5005,21060,338,2024-08-08,Unknown,208.17,Completed
5006,81561,61,2024-09-21,Better Price Found,204.38,Approved
5007,53623,406,2024-02-26,Changed Mind,200.89,Approved
5008,52077,132,2024-11-28,Defective,409.66,Completed
5009,3562,165,2023-01-09,Damaged in Transit,547.4,Pending
5010,26756,282,2024-10-30,Not As Described,638.29,Approved
5011,14267,36,2022-05-17,Defective,618.21,Completed
5012,35338,26,2023-10-12,Sizing Issue,401.43,Completed
5013,68893,385,2024-08-03,Changed Mind,525.86,Pending
5014,73984,385,2023-08-30,Changed Mind,553.9,Approved
5015,4289,490,2023-11-10,Better Price Found,639.88,Approved
5016,58488,316,,Changed Mind,69.91,Completed
5017,18028,304,2023-07-05,Other,137.53,Completed
5018,37979,309,2023-09-23,Better Price Found,294.48,Rejected
5019,57090,57,2022-04-10,Other,133.04,Completed
5020,99990,264,2022-08-12,Better Price Found,112.35,Approved
5021,70991,422,2024-11-11,Damaged in Transit,474.91,Approved
5022,81563,106,2024-05-24,Not As Described,448.17,Pending
5023,21799,142,2022-07-04,Defective,87.64,Approved
5024,45701,237,2022-12-02,Better Price Found,58.04,Pending
5025,95536,167,2022-07-12,Better Price Found,748.8,Pending
5026,88809,195,2024-03-09,Sizing Issue,796.68,Approved
5027,15899,62,2024-03-21,Wrong Item,720.86,Approved
5028,7637,444,2022-06-13,Defective,354.63,Approved
5029,39357,154,2022-08-03,Damaged in Transit,693.43,Approved
5030,69194,112,2022-03-20,Unknown,697.69,Completed
5031,56300,259,2024-06-05,Better Price Found,670.59,Pending
5032,38110,389,2022-11-23,Other,47.83,Pending
5033,5972,318,2022-10-18,Damaged in Transit,678.56,Approved
5034,33078,118,2022-08-26,Unknown,456.4,Completed
5035,98219,417,2023-11-18,Other,751.4,Approved
5036,74658,44,2022-10-15,Damaged in Transit,711.47,Approved
5037,90255,100,2023-04-13,Changed Mind,763.94,Approved
5038,30385,161,2023-08-09,Better Price Found,758.01,Approved
5039,70243,294,2022-05-14,Wrong Item,346.6,Pending
5040,9589,103,2022-11-12,Other,506.15,Completed
5041,31168,174,2022-08-20,Other,346.26,Approved
5042,19976,310,2022-07-27,Unknown,607.16,Pending
5043,35234,378,2023-07-29,Wrong Item,122.56,Completed
5045,11671,348,2023-03-27,Unknown,683.39,Completed
5046,49550,460,,Damaged in Transit,793.12,Approved
5047,13563,209,2024-03-18,Damaged in Transit,377.37,Approved
5048,54660,25,2024-11-22,Wrong Item,690.59,Approved
5049,77508,140,2024-01-11,Other,706.01,Approved
5050,70830,366,2023-07-05,Better Price Found,96.04,Approved
5051,4211,8,2023-12-22,Other,344.99,Approved
5052,58511,448,2024-08-16,Defective,159.35,Approved
5053,31931,302,2022-03-12,Changed Mind,739.71,Completed
5054,32831,227,2024-11-01,Not As Described,560.55,Approved
5055,14406,51,2023-04-06,Defective,415.86,Approved
5056,47214,275,2022-05-19,Not As Described,573.19,Rejected
5057,19520,440,2024-08-27,Sizing Issue,660.47,Pending
5058,72880,389,2022-06-08,Wrong Item,736.73,Approved
5059,99828,490,2024-12-23,Better Price Found,388.76,Pending
5060,62532,240,2022-02-07,Damaged in Transit,419.24,Rejected
5061,25181,367,2022-08-31,Not As Described,334.7,Pending
5062,61532,169,2023-10-25,Damaged in Transit,81.98,Approved
5063,62184,17,2024-08-08,Unknown,440.04,Pending
5064,93759,335,2024-11-13,Other,316.29,Approved
5065,83596,197,2023-06-04,Defective,351.83,Completed
5066,27822,281,2023-12-08,Damaged in Transit,448.75,Rejected
5067,36664,9,2023-12-10,Better Price Found,13.4,Approved
5068,92877,417,2022-04-23,Unknown,776.43,Rejected
5069,9900,203,2023-12-23,Unknown,646.31,Approved
5070,63530,307,2024-07-28,Damaged in Transit,480.1,Pending
5071,62517,111,2023-08-18,Other,624.67,Completed
5072,30309,482,2023-11-20,Defective,282.39,Pending
5073,66832,182,2024-09-16,Better Price Found,480.83,Approved
5074,89464,2,2023-02-01,Defective,420.9,Completed
5075,48437,160,2023-01-16,Sizing Issue,567.13,Rejected
5076,55707,399,2023-03-14,Defective,426.26,Approved
5077,30499,200,2022-04-15,Damaged in Transit,514.08,Approved
5078,20144,445,2023-03-18,Sizing Issue,669.86,Approved
5079,18609,47,2024-02-21,Wrong Item,639.35,Approved
5080,63866,141,2024-07-19,Better Price Found,168.17,Approved
5081,43892,161,2024-02-21,Sizing Issue,146.75,Approved
5082,86753,230,2024-01-12,Sizing Issue,383.76,Rejected
5083,57915,493,2023-09-03,Unknown,155.54,Completed
5084,50881,81,2022-04-13,Other,501.15,Rejected
5085,9984,279,2022-03-03,Not As Described,148.97,Approved
5086,60047,160,2022-03-29,Damaged in Transit,524.39,Pending
5087,77109,178,2023-12-24,Better Price Found,636.29,Approved
5088,47978,153,2024-04-04,Damaged in Transit,260.24,Approved
5089,19326,56,2022-12-10,Other,59.67,Completed
5090,17834,342,2023-12-08,Damaged in Transit,566.73,Approved
5091,12535,225,2024-09-03,Sizing Issue,347.84,Completed
5092,29370,336,2024-08-15,Changed Mind,637.0,Approved
5093,20453,147,,Sizing Issue,570.67,Rejected
5094,9452,167,2023-08-12,Changed Mind,575.68,Completed
5095,14811,82,2022-01-31,Wrong Item,675.42,Approved
5096,87532,318,2023-03-10,Changed Mind,605.64,Approved
5097,48784,388,2022-02-21,Damaged in Transit,726.2,Approved
5098,71704,72,2023-11-13,Sizing Issue,526.8,Completed
5099,56526,447,2024-03-08,Other,200.93,Completed
5100,48566,109,,Other,458.85,Pending
5101,38985,437,2022-09-06,Sizing Issue,277.9,Approved
5102,18287,320,2024-05-24,Sizing Issue,315.81,Completed
5103,31049,415,2024-09-11,Unknown,643.58,Pending
5104,24412,362,2023-08-15,Damaged in Transit,223.52,Approved
5105,90774,102,2022-09-12,Wrong Item,264.54,Pending
5106,16191,136,2022-06-18,Defective,180.36,Approved
5107,10996,316,2022-05-30,Not As Described,329.51,Pending
5108,58753,333,2024-10-07,Better Price Found,127.16,Approved
5109,62794,365,2023-11-18,Damaged in Transit,527.86,Approved
5110,24929,191,2022-06-16,Sizing Issue,534.25,Rejected
5111,49951,302,2022-09-17,Other,367.9,Approved
5112,91235,87,2022-07-05,Not As Described,400.94,Approved
5113,46002,385,2024-12-08,Unknown,505.62,Approved
5114,91067,406,2022-02-03,Other,783.77,Pending
5115,90896,473,2022-11-21,Wrong Item,235.88,Pending
5116,41982,159,2023-03-12,Defective,573.2,Pending
5117,48629,10,2022-02-04,Not As Described,548.4,Approved
5118,20460,433,2024-02-28,Damaged in Transit,332.48,Pending
5120,43411,480,2024-08-27,Wrong Item,406.26,Pending
5121,54458,323,2023-12-19,Unknown,243.06,Pending
5122,26733,54,2024-06-09,Not As Described,264.08,Approved
5123,51911,199,2024-01-24,Better Price Found,657.25,Completed
5124,50274,87,2024-05-12,Wrong Item,781.14,Approved
5125,50377,231,2023-02-04,Defective,366.4,Approved
5126,20245,224,2024-11-06,Unknown,495.3,Approved
5127,91477,164,2023-06-16,Better Price Found,579.66,Approved
5128,21314,232,2024-03-01,Better Price Found,28.52,Pending
5129,24845,498,2022-07-22,Defective,198.46,Approved
5130,63223,148,2023-07-16,Better Price Found,137.9,Approved
5131,75963,173,2023-03-02,Not As Described,682.25,Completed
5132,81178,101,2022-12-07,Wrong Item,182.3,Approved
5133,80030,402,2024-04-05,Better Price Found,163.14,Approved
5134,3071,290,2024-07-14,Damaged in Transit,489.9,Pending
5135,99984,245,2022-07-16,Wrong Item,415.95,Completed
5136,32309,137,2024-03-28,Changed Mind,622.14,Rejected
5137,4830,9,2022-12-31,Wrong Item,619.09,Approved
5138,45100,476,2023-10-19,Other,408.34,Pending
5139,69950,287,2022-06-26,Not As Described,384.38,Approved
5140,52182,170,2022-10-18,Changed Mind,372.51,Completed
5142,12011,269,2024-12-09,Not As Described,18.18,Approved
5143,43519,415,2023-12-25,Better Price Found,186.22,Approved
5144,26485,457,2022-06-06,Wrong Item,740.87,Approved
5145,53123,87,2024-06-05,Unknown,384.5,Approved
5146,30664,32,2023-05-03,Sizing Issue,118.91,Approved
5147,73037,28,2024-07-02,Sizing Issue,673.78,Approved
5148,14640,250,2023-06-25,Damaged in Transit,380.48,Approved
5149,44294,491,2024-03-13,Damaged in Transit,602.08,Approved
5150,16309,74,2023-10-13,Damaged in Transit,107.87,Pending
5151,44874,231,2024-11-05,Sizing Issue,557.81,Approved
5152,14624,231,2023-01-07,Damaged in Transit,302.97,Approved
5153,79983,489,2022-05-31,Better Price Found,131.95,Approved
5154,44995,495,2023-02-03,Changed Mind,426.0,Rejected
5155,70138,271,2022-05-29,Sizing Issue,176.56,Approved
5156,53770,31,2024-04-30,Better Price Found,106.75,Rejected
5157,55720,179,2024-09-06,Changed Mind,690.64,Pending
5158,54288,288,2024-08-30,Other,366.92,Completed
5159,15346,262,2023-11-01,Changed Mind,514.67,Approved
5160,44675,127,2022-09-19,Changed Mind,266.24,Approved
5161,29037,79,2024-02-29,Defective,256.9,Approved
5162,53673,295,2024-02-03,Damaged in Transit,67.23,Completed
5163,43663,369,2024-01-31,Wrong Item,506.95,Rejected
5164,77820,165,2022-02-23,Other,24.82,Approved
5165,61840,10,2023-11-27,Wrong Item,384.92,Approved
5166,71435,168,2024-08-30,Not As Described,621.18,Approved
5167,8149,489,2024-04-03,Changed Mind,250.51,Approved
5168,59403,446,2023-08-09,Changed Mind,350.1,Approved
5169,73561,363,2024-01-24,Not As Described,410.17,Approved
5170,53941,41,2023-06-17,Not As Described,233.51,Completed
5171,16439,88,2022-04-25,Wrong Item,151.55,Approved
5172,6809,93,2024-09-11,Better Price Found,679.58,Pending
5173,56496,150,2023-09-01,Better Price Found,747.93,Pending
5174,73913,300,2022-11-13,Wrong Item,606.03,Completed
5175,98348,55,2023-09-24,Wrong Item,739.59,Pending
5176,6522,27,2023-05-04,Changed Mind,58.08,Rejected
5177,89715,297,,Changed Mind,586.63,Approved
5179,60663,423,2023-09-12,Changed Mind,128.33,Completed
5180,45084,410,2023-04-14,Changed Mind,221.51,Approved
5181,80527,228,2023-03-18,Not As Described,67.68,Pending
5182,67459,193,2024-06-03,Not As Described,555.81,Approved
5183,10430,140,2023-09-30,Damaged in Transit,165.41,Completed
5184,61649,328,2024-02-06,Sizing Issue,415.09,Completed
5185,22666,209,2023-07-27,Sizing Issue,553.31,Approved
5186,23785,110,2022-04-05,Other,405.91,Approved
5187,36690,293,2023-08-18,Better Price Found,140.97,Approved
5188,52614,30,2024-04-01,Damaged in Transit,488.48,Pending
5189,72315,420,2024-11-03,Better Price Found,516.64,Approved
5190,20870,372,2023-10-08,Other,673.14,Rejected
5191,1306,377,2023-10-30,Changed Mind,83.75,Approved
5192,17110,372,2022-02-03,Defective,632.53,Approved
5193,16709,173,2023-02-11,Unknown,325.78,Approved
5194,25144,331,2023-05-25,Other,172.54,Approved
5195,1511,2,2023-10-14,Sizing Issue,325.47,Pending
5196,73770,296,2023-02-21,Better Price Found,779.93,Pending
5197,12126,380,2022-05-19,Changed Mind,693.58,Pending
5198,83662,435,2023-07-26,Better Price Found,108.06,Pending
5199,58835,456,2022-03-02,Sizing Issue,16.74,Approved
5200,86458,124,2024-11-12,Wrong Item,512.97,Approved
5201,26861,279,2022-10-04,Damaged in Transit,258.13,Approved
5202,86553,61,2024-03-18,Not As Described,407.8,Completed
5203,25546,139,2022-04-29,Damaged in Transit,122.86,Approved
5204,6231,446,2024-12-01,Damaged in Transit,239.82,Completed
5205,51589,299,2024-09-04,Better Price Found,428.72,Completed
5206,55772,211,2022-03-01,Better Price Found,612.4,Approved
5207,23210,208,2024-04-24,Other,191.9,Approved
5208,86442,316,2022-04-25,Unknown,686.19,Approved
5209,77661,124,2024-08-02,Not As Described,345.2,Completed
5210,28667,229,2024-07-02,Changed Mind,506.08,Completed
5211,20525,208,2024-01-12,Sizing Issue,99.58,Completed
5212,42391,156,2022-02-09,Not As Described,367.44,Approved
5213,58606,48,2022-02-04,Defective,713.32,Pending
5215,72698,259,2022-04-08,Defective,84.55,Approved
5216,59694,26,2022-03-17,Damaged in Transit,442.0,Rejected
5217,59106,182,2023-08-21,Other,43.08,Completed
5218,49509,155,2024-11-18,Wrong Item,135.0,Approved
5219,99816,168,2023-02-17,Wrong Item,361.73,Approved
5220,54669,265,2022-09-26,Damaged in Transit,219.11,Rejected
5221,30925,92,2023-10-27,Damaged in Transit,31.73,Rejected
5222,12472,342,2023-03-04,Unknown,291.68,Pending
5223,74932,408,2023-06-29,Other,264.13,Pending
5224,61764,391,2024-12-03,Not As Described,57.73,Completed
5225,36503,305,2024-05-09,Sizing Issue,452.43,Rejected
5226,34918,377,2022-12-12,Other,423.48,Approved
5227,56281,395,2022-03-28,Damaged in Transit,368.88,Approved
5228,1395,409,2022-07-15,Not As Described,651.69,Pending
5229,67792,485,2024-01-29,Better Price Found,626.49,Approved
5230,99709,128,2023-10-26,Not As Described,439.83,Approved
5231,57058,112,2024-05-29,Wrong Item,127.81,Rejected
5232,62908,303,2023-06-30,Not As Described,407.29,Pending
5233,56605,165,2022-05-25,Damaged in Transit,26.67,Pending
5234,50860,451,2023-01-06,Not As Described,437.89,Pending
5235,3027,13,2022-08-03,Better Price Found,482.66,Pending
5236,58224,187,2024-05-18,Sizing Issue,210.77,Completed
5237,56089,491,2024-10-02,Other,477.77,Completed
5238,54749,430,2022-07-21,Defective,124.11,Completed
5239,65335,144,2024-03-12,Other,26.13,Pending
5240,12986,483,2023-03-17,Not As Described,613.42,Approved
5241,27128,271,2022-04-22,Damaged in Transit,498.37,Pending
5242,42223,139,2022-12-19,Damaged in Transit,141.01,Approved
5243,44587,361,2022-04-19,Sizing Issue,258.17,Completed
5244,48312,218,2022-08-25,Damaged in Transit,672.77,Approved
5245,76820,465,2024-04-27,Wrong Item,589.52,Approved
5246,90743,358,2022-05-30,Better Price Found,75.65,Completed
5247,616,465,2023-11-23,Sizing Issue,586.8,Approved
5248,93139,491,2023-05-13,Better Price Found,96.53,Approved
5249,44866,500,2022-04-01,Sizing Issue,600.71,Approved
5250,30113,190,2022-03-14,Sizing Issue,776.95,Completed
5251,31013,302,2023-12-05,Wrong Item,635.34,Approved
5252,59728,441,2022-09-23,Damaged in Transit,580.92,Completed
5253,18591,411,2023-12-11,Changed Mind,14.41,Approved
5254,24278,53,2024-02-16,Better Price Found,30.12,Approved
5255,68305,342,2024-10-31,Changed Mind,696.37,Rejected
5256,61478,241,2024-06-16,Other,28.12,Rejected
5257,5070,132,2024-08-11,Sizing Issue,563.51,Approved
5258,93927,140,2024-09-29,Not As Described,208.83,Approved
5259,94446,400,2022-08-27,Other,715.99,Approved
5260,95443,454,2022-04-26,Other,755.15,Approved
5261,12850,165,2023-07-26,Other,173.3,Approved
5262,56198,23,2023-09-13,Sizing Issue,611.16,Pending
5263,67772,52,2022-05-06,Better Price Found,393.49,Pending
5264,4478,370,2024-09-07,Wrong Item,328.26,Approved
5265,25915,252,2022-11-01,Changed Mind,567.92,Pending
5266,28382,401,2023-07-30,Sizing Issue,213.95,Approved
5267,74661,469,2023-03-05,Wrong Item,199.14,Approved
5268,44362,51,2022-08-20,Wrong Item,519.98,Completed
5269,34738,233,2024-08-03,Damaged in Transit,466.65,Completed
5270,63480,497,2024-01-28,Wrong Item,137.27,Approved
5271,9194,54,2024-12-17,Defective,711.31,Completed
5272,82173,169,2022-01-31,Not As Described,198.79,Approved
5273,84207,13,2024-04-28,Changed Mind,129.61,Pending
5274,37777,95,2024-07-14,Other,76.05,Completed
5275,7992,18,2024-11-02,Sizing Issue,491.95,Approved
5276,67246,193,2023-10-17,Sizing Issue,15.02,Approved
5277,51627,307,2024-02-02,Defective,532.89,Pending
5278,85482,355,2023-11-16,Damaged in Transit,482.08,Rejected
5279,20265,456,2022-11-12,Wrong Item,458.64,Approved
5280,67816,79,2022-08-16,Wrong Item,165.75,Pending
5281,64495,95,2023-12-02,Unknown,500.33,Approved
5282,10046,374,2023-11-02,Defective,771.55,Completed
5283,94135,66,2023-06-01,Sizing Issue,536.08,Completed
5284,64670,375,2024-09-04,Damaged in Transit,701.66,Approved
5285,17336,206,2024-09-07,Not As Described,403.97,Approved
5286,65119,480,2022-07-15,Damaged in Transit,313.13,Approved
5287,30739,491,2022-05-07,Other,451.36,Completed
5288,45718,96,2023-05-21,Changed Mind,353.1,Approved
5289,42168,292,2024-10-01,Wrong Item,161.38,Pending
5290,48296,217,2024-08-12,Wrong Item,74.42,Approved
5291,63783,140,2023-09-11,Damaged in Transit,198.79,Pending
5292,4308,121,2023-04-02,Not As Described,70.03,Approved
5293,66313,450,2022-08-06,Wrong Item,91.71,Pending
5294,54662,211,2022-10-07,Other,665.87,Approved
5295,26163,269,2024-05-30,Other,647.66,Approved
5296,83004,450,2023-12-12,Not As Described,200.44,Approved
5297,24309,304,2023-10-03,Not As Described,301.37,Approved
5298,98356,444,2022-10-31,Other,359.36,Approved
5299,54450,204,2023-03-25,Changed Mind,592.38,Approved
5300,76433,178,2024-05-07,Not As Described,799.15,Rejected
5301,66719,98,2022-09-15,Unknown,543.48,Approved
5302,63643,382,2024-10-19,Changed Mind,433.95,Approved
5303,96263,144,2023-11-28,Wrong Item,545.27,Approved
5304,50832,483,2023-10-22,Not As Described,282.82,Pending
5305,49236,192,2024-01-01,Damaged in Transit,155.08,Pending
5306,19328,314,2023-10-07,Other,284.17,Approved
5307,13856,1,2023-06-14,Defective,669.02,Rejected
5308,87238,439,2023-07-26,Changed Mind,165.72,Pending
5309,90711,106,2024-12-27,Other,321.16,Pending
5310,7856,250,2023-08-17,Changed Mind,710.58,Rejected
5311,15178,56,2023-07-05,Unknown,457.25,Approved
5312,14110,235,2024-10-20,Damaged in Transit,94.4,Approved
5313,81893,284,2022-06-17,Not As Described,83.76,Pending
5314,63963,207,2024-11-15,Not As Described,507.71,Completed
5315,48136,300,2024-01-07,Defective,41.04,Pending
5316,11695,157,2022-07-13,Other,517.24,Approved
5317,48377,154,2022-06-14,Defective,70.98,Approved
5318,98173,97,2024-09-09,Changed Mind,566.83,Pending
5319,4788,405,2022-08-23,Other,260.83,Pending
5320,62463,115,2022-09-02,Defective,279.01,Rejected
5321,74401,168,2022-02-19,Changed Mind,14.87,Pending
5322,90233,204,2023-09-13,Unknown,177.79,Approved
5323,24812,6,2022-12-20,Wrong Item,567.1,Completed
5324,90017,59,2024-04-27,Sizing Issue,141.52,Pending
5325,97805,72,2024-04-06,Better Price Found,655.78,Rejected
5326,8316,471,2023-05-31,Not As Described,391.67,Completed
5327,8829,43,2023-11-08,Better Price Found,485.02,Approved
5328,70437,8,2024-06-27,Changed Mind,612.11,Approved
5329,38654,386,2023-01-18,Wrong Item,157.31,Approved
5330,84171,310,2024-01-12,Better Price Found,538.9,Approved
5331,3893,182,2023-04-14,Better Price Found,488.06,Approved
5332,56194,103,2022-12-01,Wrong Item,347.5,Approved
5333,53974,389,2022-04-01,Defective,672.48,Rejected
5334,8787,470,2023-11-12,Defective,524.8,Pending
5335,81598,300,2023-03-29,Not As Described,445.47,Completed
5336,98660,224,2023-04-02,Damaged in Transit,492.55,Approved
5337,46844,238,2023-10-07,Other,483.91,Approved
5338,72020,43,2023-01-19,Better Price Found,428.81,Approved
5339,69186,114,2024-09-14,Not As Described,401.74,Pending
5340,55712,357,2023-03-19,Defective,773.11,Approved
5341,19604,141,2023-08-26,Damaged in Transit,413.54,Approved
5342,32809,220,2024-11-01,Defective,28.59,Completed
5343,33809,435,2022-08-04,Defective,285.76,Approved
5344,2045,208,2024-11-18,Not As Described,44.9,Approved
5345,28053,155,2023-11-11,Wrong Item,151.46,Approved
5346,36249,49,2022-08-27,Not As Described,256.86,Approved
5347,64369,333,2022-06-19,Other,92.15,Pending
5348,98873,353,2024-05-02,Better Price Found,375.53,Completed
5349,7272,361,2024-12-14,Changed Mind,369.55,Approved
5350,13577,20,2024-05-10,Defective,634.71,Completed
5351,67590,140,2024-04-30,Defective,792.0,Approved
5352,10498,213,2023-06-20,Better Price Found,780.47,Rejected
5353,90541,374,2023-11-27,Better Price Found,179.89,Approved
5354,59575,443,2024-10-05,Sizing Issue,171.7,Rejected
5355,67308,414,2022-05-09,Defective,197.37,Approved
5356,9524,283,2022-08-05,Other,776.44,Approved
5357,80423,156,2024-09-14,Wrong Item,289.34,Pending
5358,88982,91,2022-12-10,Sizing Issue,120.61,Completed
5359,99715,262,2024-06-01,Unknown,252.46,Pending
5360,17628,348,2023-12-07,Sizing Issue,28.18,Completed
5361,92026,34,2024-06-24,Wrong Item,260.46,Approved
5362,21606,161,2023-08-17,Defective,90.96,Approved
5363,41627,427,2022-08-26,Not As Described,456.35,Approved
5364,53496,85,2024-02-10,Unknown,422.58,Approved
5365,74140,139,2024-12-28,Better Price Found,571.32,Pending
5366,10350,308,2022-08-28,Damaged in Transit,72.96,Completed
5367,32058,121,2022-12-01,Defective,106.02,Approved
5368,22180,368,2023-09-24,Not As Described,450.6,Completed
5369,65235,393,,Defective,321.47,Approved
5370,95691,311,2022-12-24,Unknown,645.07,Approved
5371,10845,288,2024-12-09,Better Price Found,325.98,Approved
5372,68400,37,2022-03-13,Not As Described,66.7,Pending
5373,21175,107,2022-07-16,Wrong Item,311.33,Completed
5374,5746,461,2022-06-19,Other,271.49,Completed
5375,89316,277,2024-08-27,Wrong Item,484.87,Completed
5376,33314,185,2022-10-24,Defective,128.6,Completed
5377,55829,273,2022-03-23,Wrong Item,703.19,Approved
5378,71604,51,2024-11-26,Damaged in Transit,637.41,Rejected
5379,63308,246,2022-03-11,Not As Described,18.69,Approved
5380,12107,94,2023-01-10,Sizing Issue,616.6,Completed
5381,26284,204,2023-05-20,Sizing Issue,386.29,Pending
5382,53460,242,2024-07-26,Wrong Item,456.12,Approved
5383,67017,229,2024-02-23,Wrong Item,759.99,Approved
5384,46196,455,2022-11-28,Changed Mind,696.64,Pending
5385,55465,29,2024-03-26,Sizing Issue,219.22,Approved
5386,33815,277,2024-01-28,Wrong Item,753.26,Approved
5387,71474,11,2023-06-12,Better Price Found,406.35,Pending
5388,57739,335,2023-03-08,Wrong Item,197.02,Completed
5389,92912,25,2024-02-12,Defective,208.85,Approved
5390,53345,24,2024-09-08,Changed Mind,697.74,Approved
5391,49691,433,2024-03-01,Damaged in Transit,624.57,Pending
5392,51347,213,2024-06-07,Changed Mind,335.24,Approved
5393,87695,430,2024-08-08,Defective,411.03,Approved
5394,47073,281,2024-09-24,Wrong Item,532.06,Approved
5395,13616,450,2022-07-11,Unknown,124.04,Approved
5396,23646,143,2022-10-24,Other,799.46,Approved
5397,98166,224,,Not As Described,430.24,Completed
5398,70302,424,2024-03-03,Defective,267.41,Rejected
5399,20039,204,,Defective,555.94,Pending
5400,92071,38,2024-06-16,Changed Mind,276.63,Completed
5401,6736,434,2023-09-28,Damaged in Transit,249.67,Pending
5402,59030,260,2022-09-27,Not As Described,243.48,Pending
5403,53410,345,2022-09-29,Changed Mind,349.82,Approved
5404,8220,427,2023-04-01,Wrong Item,572.38,Approved
5405,39370,432,2022-11-14,Not As Described,327.16,Pending
5406,87342,84,2024-09-27,Other,540.51,Pending
5407,79917,414,2024-10-07,Damaged in Transit,40.71,Approved
5408,91579,228,2023-02-27,Better Price Found,27.42,Completed
5409,1119,98,2023-08-13,Wrong Item,11.43,Completed
5410,95242,226,2022-03-17,Changed Mind,787.61,Approved
5411,79481,267,2022-06-11,Other,470.37,Approved
5412,46349,376,2024-11-13,Other,363.33,Approved
5413,43752,150,2024-06-28,Defective,693.19,Rejected
5414,97957,214,2022-05-31,Better Price Found,14.51,Approved
5415,94196,391,2024-11-15,Not As Described,139.87,Approved
5416,33093,134,2024-03-05,Damaged in Transit,654.29,Approved
5417,24848,460,2022-02-13,Changed Mind,157.86,Completed
5418,42386,143,2023-03-22,Wrong Item,673.59,Approved
5419,50748,6,2024-09-18,Better Price Found,768.86,Pending
5420,14350,472,2023-05-11,Unknown,777.25,Approved
5421,41881,457,2024-12-24,Defective,593.59,Approved
5422,82637,111,2022-09-15,Changed Mind,487.56,Approved
5423,15815,277,2024-07-25,Damaged in Transit,614.4,Approved
5424,94185,240,2024-09-03,Damaged in Transit,50.68,Completed
5425,84434,457,2024-06-05,Not As Described,197.7,Pending
5426,44836,449,2022-12-09,Changed Mind,369.88,Approved
5427,39710,252,2024-02-11,Not As Described,364.59,Approved
5428,67462,142,2022-03-01,Not As Described,714.78,Approved
5429,13811,15,2024-11-03,Wrong Item,489.21,Completed
5430,83084,155,2024-02-29,Changed Mind,242.82,Approved
5431,20365,455,2023-04-02,Unknown,605.92,Approved
5432,51807,212,2023-04-16,Defective,582.01,Approved
5433,64711,390,2023-01-19,Defective,651.31,Approved
5434,50437,138,,Better Price Found,14.15,Approved
5435,11385,484,2022-09-23,Unknown,599.05,Completed
5436,99483,372,2022-07-01,Unknown,485.5,Pending
5437,16821,191,2024-11-12,Other,440.61,Approved
5438,38848,100,2023-10-28,Damaged in Transit,22.52,Pending
5439,50359,129,2023-11-03,Changed Mind,596.7,Approved
5440,3328,137,2022-09-21,Wrong Item,53.48,Approved
5441,75406,117,2024-12-23,Sizing Issue,514.3,Approved
5442,79841,285,2022-12-11,Not As Described,517.79,Approved
5443,28894,151,2023-11-02,Damaged in Transit,461.74,Approved
5444,26583,105,2022-09-05,Not As Described,356.89,Approved
5445,82693,411,2024-12-03,Wrong Item,440.19,Approved
5446,23678,105,2022-07-25,Wrong Item,387.38,Pending
5447,95979,412,2022-04-16,Defective,9.5,Approved
5448,169,421,,Better Price Found,230.75,Completed
5449,92598,292,2024-06-25,Unknown,484.38,Completed
5450,71029,25,2023-03-28,Changed Mind,796.6,Pending
5451,24387,403,2023-11-12,Better Price Found,513.25,Completed
5452,73566,20,2024-02-02,Damaged in Transit,367.54,Rejected
5453,96220,156,2022-06-12,Changed Mind,138.13,Approved
5454,86998,136,2024-05-07,Wrong Item,718.29,Approved
5455,36603,176,2022-10-19,Not As Described,325.11,Approved
5456,32751,223,2024-07-08,Unknown,105.01,Completed
5457,42958,57,2024-12-02,Sizing Issue,476.75,Approved
5458,28226,122,2022-03-13,Unknown,586.24,Approved
5459,25054,279,2023-08-19,Damaged in Transit,792.43,Completed
5460,72165,277,2024-09-27,Changed Mind,431.56,Approved
5461,93906,469,2024-09-23,Damaged in Transit,414.57,Rejected
5462,46263,430,2024-07-27,Unknown,280.55,Pending
5463,21626,84,2022-03-20,Wrong Item,417.08,Approved
5464,77728,233,2023-10-02,Sizing Issue,254.45,Approved
5465,10005,429,2024-03-15,Not As Described,630.67,Pending
5466,11339,478,2024-09-05,Other,567.52,Pending
5467,46334,43,2024-06-14,Defective,208.34,Approved
5468,47816,298,2023-12-21,Other,456.98,Rejected
5469,79107,490,2023-09-24,Better Price Found,747.57,Approved
5470,59889,55,2023-03-18,Unknown,565.23,Approved
5471,5952,189,2022-12-21,Better Price Found,551.54,Completed
5472,63852,218,2024-04-07,Sizing Issue,192.3,Approved
5473,99926,378,2024-07-31,Other,349.93,Approved
5474,20215,123,2022-07-05,Damaged in Transit,653.09,Approved
5475,87103,308,2024-12-30,Better Price Found,719.04,Approved
5476,94289,315,2024-02-06,Defective,107.87,Approved
5477,90671,234,2024-04-18,Unknown,764.46,Approved
5478,63509,286,2024-11-30,Defective,592.4,Approved
5479,33954,2,2023-11-06,Other,234.87,Rejected
5480,38474,357,2024-04-29,Other,766.11,Approved
5481,66875,225,2024-03-01,Changed Mind,352.95,Approved
5482,9573,494,2023-11-22,Better Price Found,565.16,Completed
5483,41969,252,2024-06-14,Wrong Item,66.12,Approved
5484,35907,496,2023-05-31,Defective,709.59,Rejected
5485,63893,314,2023-06-17,Defective,379.04,Approved
5486,73345,181,2022-09-23,Changed Mind,35.45,Approved
5487,23456,192,2022-03-04,Sizing Issue,74.14,Completed
5488,26645,137,2023-04-29,Sizing Issue,778.77,Approved
5489,33642,349,2024-07-30,Sizing Issue,390.21,Pending
5490,17949,11,2022-12-22,Damaged in Transit,41.74,Approved
5491,46018,329,2023-12-31,Other,365.01,Pending
5492,56492,9,2023-02-14,Defective,144.55,Approved
5493,88018,268,2024-09-10,Better Price Found,480.47,Rejected
5494,18336,295,2022-08-04,Defective,250.34,Completed
5495,31689,302,2024-11-03,Wrong Item,125.64,Completed
5496,9532,408,2023-07-04,Other,314.8,Pending
5497,18286,201,2024-12-13,Unknown,29.21,Approved
5498,78969,357,2023-06-17,Better Price Found,282.4,Pending
5499,1604,274,2023-05-05,Damaged in Transit,731.03,Approved
5500,60143,54,2024-03-26,Damaged in Transit,231.58,Pending
5501,96554,104,2024-05-29,Sizing Issue,381.05,Completed
5502,95992,379,2024-07-25,Sizing Issue,321.95,Approved
5503,53338,250,2024-02-26,Changed Mind,631.54,Pending
5504,57985,124,2024-08-23,Changed Mind,170.9,Approved
5505,91527,470,2024-09-20,Changed Mind,334.07,Rejected
5506,15986,55,2024-12-21,Not As Described,671.71,Pending
5507,4634,375,2023-05-21,Damaged in Transit,679.05,Pending
5508,90183,423,2023-01-12,Wrong Item,510.11,Completed
5509,55093,336,2022-11-08,Damaged in Transit,602.34,Rejected
5510,35102,446,2024-10-24,Defective,495.8,Completed
5511,88381,116,2023-02-12,Other,99.23,Approved
5512,47791,25,2023-05-03,Unknown,697.99,Approved
5513,37683,189,2023-12-25,Wrong Item,729.8,Pending
5514,43787,382,2024-07-04,Other,462.41,Pending
5515,95009,90,2023-05-02,Damaged in Transit,616.68,Completed
5516,28783,254,2024-09-14,Unknown,239.42,Completed
5517,30614,254,2023-05-16,Other,225.08,Pending
5518,3657,11,2022-04-08,Defective,376.0,Approved
5519,73398,125,2024-07-13,Better Price Found,619.62,Pending
5520,8566,183,2022-03-14,Changed Mind,496.33,Approved
5521,8942,132,2023-03-04,Better Price Found,508.34,Approved
5522,43136,109,2023-05-30,Better Price Found,421.71,Approved
5523,63698,496,2022-09-10,Not As Described,98.05,Pending
5524,77599,476,2024-03-30,Other,53.44,Pending
5525,93670,163,2022-10-02,Other,329.98,Rejected
5526,39705,257,2024-04-15,Sizing Issue,234.95,Pending
5527,92773,429,2024-04-26,Better Price Found,314.95,Pending
5528,48046,83,2024-09-26,Wrong Item,438.35,Approved
5529,13063,476,2023-05-31,Defective,154.46,Pending
5530,75883,17,2022-04-30,Better Price Found,405.19,Approved
5531,24508,76,2022-11-24,Sizing Issue,135.67,Rejected
5532,38586,134,2024-01-16,Not As Described,11.62,Approved
5533,66399,44,2023-03-26,Defective,578.48,Completed
5534,6850,204,2023-06-02,Wrong Item,416.04,Approved
5535,36798,110,2022-09-22,Sizing Issue,150.67,Completed
5536,33430,16,2022-10-02,Sizing Issue,733.65,Completed
5537,25794,61,2022-04-28,Not As Described,757.42,Approved
5538,13731,224,2023-04-14,Better Price Found,703.54,Approved
5539,64607,456,2024-02-28,Damaged in Transit,780.4,Approved
5540,85762,302,2022-10-28,Damaged in Transit,410.15,Pending
5541,75086,80,2023-12-11,Sizing Issue,76.22,Approved
5542,1585,490,2022-05-02,Better Price Found,114.32,Approved
5543,30099,289,2022-12-14,Better Price Found,581.61,Completed
5544,95749,192,2023-11-10,Better Price Found,546.04,Approved
5545,2089,117,2022-11-24,Other,772.39,Approved
5546,55896,17,2022-07-02,Better Price Found,196.44,Approved
5547,88909,199,2022-07-07,Changed Mind,503.82,Approved
5548,63829,362,2023-04-28,Wrong Item,395.44,Approved
5549,24908,408,2023-06-10,Damaged in Transit,416.71,Completed
5550,9786,270,2023-06-17,Sizing Issue,651.17,Rejected
5551,56418,152,2024-06-03,Defective,497.17,Approved
5552,85280,111,2024-04-09,Changed Mind,631.44,Approved
5554,38321,498,2023-09-11,Defective,307.89,Pending
5555,82812,169,2022-03-28,Other,16.14,Pending
5556,24030,372,2023-02-08,Wrong Item,427.47,Rejected
5557,19945,40,2024-07-05,Changed Mind,520.42,Approved
5558,92770,493,2024-05-09,Defective,435.02,Approved
5559,93060,489,2023-12-16,Changed Mind,537.04,Completed
5560,15102,271,2024-08-23,Damaged in Transit,513.3,Approved
5561,64153,256,2024-06-05,Wrong Item,570.73,Completed
5562,55146,281,2024-05-04,Wrong Item,652.6,Pending
5563,11467,67,2023-08-02,Damaged in Transit,598.82,Rejected
5564,95093,244,2024-09-16,Not As Described,586.27,Approved
5565,10474,451,2022-03-19,Defective,15.24,Approved
5566,54485,379,2024-04-22,Damaged in Transit,46.26,Approved
5567,49627,290,2023-08-05,Sizing Issue,543.41,Approved
5568,3584,39,2022-02-09,Damaged in Transit,564.3,Approved
5569,3883,316,2024-10-05,Sizing Issue,777.84,Pending
5570,79695,389,2023-09-04,Better Price Found,36.73,Rejected
5571,69940,329,,Wrong Item,677.46,Approved
5572,86384,447,2022-03-13,Defective,731.17,Approved
5573,68696,284,2022-02-28,Wrong Item,405.1,Completed
5574,70102,409,2022-06-20,Damaged in Transit,347.04,Approved
5575,53483,103,2022-04-11,Better Price Found,399.55,Approved
5576,79849,66,2024-08-11,Wrong Item,213.79,Completed
5577,94594,489,2022-07-29,Changed Mind,263.3,Completed
5578,59910,369,2022-04-25,Damaged in Transit,431.01,Approved
5579,9156,388,2022-03-23,Better Price Found,418.08,Approved
5580,13738,298,2023-11-10,Sizing Issue,224.93,Completed
5581,69815,485,2023-06-17,Not As Described,237.08,Approved
5582,61877,88,2023-03-04,Wrong Item,524.56,Pending
5583,39408,271,2023-02-05,Sizing Issue,638.99,Rejected
5584,31147,331,,Damaged in Transit,394.16,Approved
5585,2807,434,2023-06-26,Defective,622.38,Approved
5586,60189,433,2022-10-03,Better Price Found,503.88,Approved
5587,91605,380,2024-05-25,Wrong Item,586.42,Approved
5588,9919,387,2023-01-28,Better Price Found,6.05,Approved
5589,66147,334,2022-03-31,Other,740.3,Approved
5590,63832,51,2024-08-02,Other,729.26,Rejected
5591,49884,52,2024-08-25,Not As Described,180.19,Approved
5592,4224,39,,Not As Described,151.84,Approved
5593,67495,350,2023-02-25,Damaged in Transit,185.82,Approved
5594,25971,189,2024-03-20,Changed Mind,522.85,Completed
5595,54946,26,2023-11-07,Better Price Found,96.19,Completed
5596,99102,69,2022-02-09,Not As Described,470.17,Approved
5597,328,98,2023-11-02,Better Price Found,701.03,Approved
5598,86485,481,2022-11-17,Changed Mind,475.35,Approved
5599,55966,304,2024-04-23,Changed Mind,684.4,Pending
5600,24642,500,2023-10-12,Wrong Item,174.22,Approved
5601,46778,486,2022-12-04,Sizing Issue,347.53,Approved
5602,89152,74,2022-05-17,Damaged in Transit,217.54,Approved
5603,62602,131,2024-01-29,Wrong Item,276.79,Completed
5604,96789,238,2024-10-24,Defective,797.91,Pending
5605,24984,20,2023-11-22,Not As Described,244.81,Approved
5606,91993,235,2024-06-07,Defective,385.55,Approved
5607,13836,461,2023-10-17,Defective,539.61,Approved
5608,49283,475,2022-10-23,Unknown,647.0,Completed
5609,42960,116,2024-08-04,Wrong Item,181.17,Approved
5610,63458,13,2023-07-23,Not As Described,368.4,Approved
5611,34147,418,2022-02-24,Defective,143.46,Approved
5612,65259,72,2022-04-28,Not As Described,417.7,Pending
5613,81268,66,2024-07-16,Damaged in Transit,387.99,Approved
5614,66531,196,2023-10-26,Unknown,110.8,Completed
5615,27158,379,2023-05-07,Sizing Issue,359.87,Completed
5616,51916,35,2024-03-23,Damaged in Transit,718.48,Rejected
5617,46558,221,2022-07-08,Damaged in Transit,224.25,Completed
5618,77152,250,2023-10-24,Sizing Issue,313.13,Completed
5620,72545,137,2022-03-29,Sizing Issue,297.87,Approved
5621,67210,454,2024-08-15,Not As Described,83.59,Pending
5622,5048,289,2023-08-20,Defective,613.02,Approved
5623,78343,223,2023-08-11,Sizing Issue,34.82,Pending
5624,75330,319,2022-02-13,Not As Described,326.48,Approved
5625,530,404,2024-07-13,Wrong Item,621.66,Completed
5626,43953,75,2023-09-15,Sizing Issue,654.18,Pending
5627,74595,300,2024-08-20,Changed Mind,319.82,Approved
5628,71867,229,2022-05-31,Defective,115.52,Approved
5629,91382,24,2022-12-11,Damaged in Transit,66.77,Pending
5630,31465,494,2024-11-02,Not As Described,220.42,Pending
5631,67753,272,2022-09-16,Defective,395.25,Completed
5632,25868,95,2023-02-22,Defective,54.01,Pending
5633,48025,321,2023-10-11,Changed Mind,252.02,Rejected
5634,95950,41,2024-05-30,Sizing Issue,30.69,Approved
5635,35059,482,2024-09-02,Damaged in Transit,733.7,Pending
5636,67554,328,2023-01-06,Better Price Found,783.08,Approved
5637,90650,310,2023-05-11,Damaged in Transit,571.4,Completed
5638,55380,450,2024-12-16,Other,58.8,Approved
5639,98472,112,2023-05-09,Defective,501.39,Completed
5640,43242,34,2024-05-23,Defective,384.21,Approved
5641,95559,376,2024-06-27,Sizing Issue,337.15,Completed
5642,57630,153,2023-08-16,Defective,139.17,Approved
5643,31415,189,2022-02-02,Not As Described,167.04,Pending
5644,45578,341,2024-08-16,Better Price Found,674.84,Completed
5645,46087,275,2022-09-09,Better Price Found,616.01,Approved
5646,70655,123,2022-06-16,Not As Described,227.96,Approved
5647,83204,338,,Sizing Issue,257.14,Approved
5648,83702,389,2022-05-25,Better Price Found,614.58,Completed
5649,45683,354,2024-09-03,Unknown,730.78,Approved
5650,56145,316,2024-03-30,Other,486.3,Pending
5651,30344,125,2022-09-24,Changed Mind,706.73,Approved
5652,17663,117,2023-01-02,Better Price Found,454.77,Approved
5653,84308,185,2022-09-29,Damaged in Transit,612.51,Approved
5654,27658,380,2024-06-09,Not As Described,468.8,Approved
5655,32781,485,2024-01-07,Wrong Item,793.59,Pending
5656,62982,305,2022-02-03,Changed Mind,666.78,Completed
5657,6826,225,,Not As Described,199.35,Approved
5658,74509,472,2022-08-06,Defective,668.39,Completed
5659,26519,248,2024-11-08,Better Price Found,79.63,Rejected
5660,79691,226,2023-04-23,Other,640.47,Completed
5661,10683,197,2024-04-24,Other,552.59,Approved
5662,53149,258,2024-02-26,Unknown,186.17,Completed
5663,9073,481,,Better Price Found,323.15,Approved
5664,79907,322,2024-10-08,Sizing Issue,449.27,Approved
5665,98185,16,2024-01-13,Defective,375.73,Pending
5666,15538,329,2022-06-14,Other,41.43,Completed
5667,57367,159,2022-08-15,Better Price Found,698.39,Approved
5668,83679,36,2024-05-31,Unknown,780.56,Approved
5669,13633,199,2024-07-18,Changed Mind,80.46,Completed
5670,8175,431,2022-12-16,Changed Mind,298.12,Approved
5671,13706,491,2023-02-03,Changed Mind,434.99,Pending
5672,45575,67,2023-05-11,Changed Mind,581.28,Pending
5673,31622,297,2022-04-02,Better Price Found,386.43,Approved
5674,3073,144,2024-10-29,Changed Mind,708.17,Approved
5675,22535,19,2024-09-26,Wrong Item,693.72,Approved
5676,40856,100,2024-09-18,Other,667.36,Completed
5677,59496,151,2024-02-27,Better Price Found,350.53,Approved
5678,31135,255,2023-08-21,Changed Mind,779.5,Approved
5679,91302,283,2022-08-22,Better Price Found,601.54,Rejected
5680,91657,235,2022-11-23,Damaged in Transit,265.26,Approved
5681,82369,326,2023-10-05,Other,675.23,Approved
5682,54859,292,2023-11-17,Wrong Item,568.09,Completed
5683,7177,85,2022-04-14,Defective,65.71,Approved
5684,45100,100,2022-08-24,Defective,16.13,Pending
5685,70498,203,2024-06-28,Better Price Found,706.35,Rejected
5686,12608,199,2022-09-15,Better Price Found,783.11,Rejected
5687,76277,321,2024-06-16,Damaged in Transit,200.55,Approved
5688,26664,274,2024-10-11,Other,95.1,Approved
5689,55230,27,2024-06-13,Unknown,724.9,Completed
5690,19965,398,2022-05-27,Not As Described,693.06,Approved
5691,55905,257,2024-10-03,Better Price Found,591.86,Approved
5692,10630,347,2024-05-26,Defective,170.25,Approved
5693,97390,139,2023-07-11,Other,718.77,Rejected
5694,41028,282,2024-01-23,Wrong Item,115.09,Rejected
5695,4,47,2023-07-30,Changed Mind,229.53,Completed
5696,25153,332,2023-08-09,Unknown,230.2,Approved
5697,67682,181,2022-04-19,Sizing Issue,388.1,Rejected
5698,89373,59,2023-09-12,Wrong Item,719.62,Rejected
5699,27302,440,2023-11-16,Unknown,458.21,Approved
5700,7536,94,2024-01-16,Changed Mind,156.61,Pending
5701,47800,392,2022-07-04,Not As Described,548.8,Approved
5702,56638,172,2024-11-09,Other,756.97,Completed
5703,55786,281,2022-11-12,Changed Mind,709.63,Approved
5704,17778,381,2023-10-22,Unknown,747.68,Pending
5705,46781,437,2023-08-28,Unknown,316.66,Pending
5706,84031,262,2024-04-08,Damaged in Transit,225.97,Approved
5707,1181,151,2023-10-15,Damaged in Transit,196.74,Approved
5708,47618,133,2022-09-21,Other,46.17,Approved
5709,95355,412,2024-12-06,Not As Described,669.54,Pending
5710,4255,429,2022-08-05,Damaged in Transit,612.74,Approved
5711,33454,54,2023-05-18,Damaged in Transit,470.33,Completed
5712,58515,54,2024-01-14,Better Price Found,349.45,Approved
5713,87958,205,2022-07-04,Not As Described,604.26,Rejected
5714,21192,163,2023-05-09,Other,65.79,Pending
5715,37099,367,2023-03-22,Unknown,749.39,Approved
5716,65262,289,2024-10-02,Other,586.71,Approved
5717,4364,493,2022-02-25,Sizing Issue,616.8,Completed
5718,7417,150,2024-03-09,Defective,92.53,Completed
5719,28505,431,2023-05-26,Unknown,41.2,Approved
5720,53666,478,2022-10-25,Better Price Found,331.17,Approved
5721,97928,27,2022-09-09,Wrong Item,229.55,Pending
5722,61579,98,2023-08-04,Sizing Issue,254.25,Approved
5723,3708,205,2024-01-06,Not As Described,6.08,Completed
5725,49698,448,2024-10-07,Other,244.62,Completed
5726,30507,32,2022-06-24,Defective,799.45,Rejected
5727,76023,437,2022-07-30,Sizing Issue,735.06,Completed
5728,22617,449,2023-12-03,Better Price Found,382.52,Pending
5729,57377,466,2023-01-31,Damaged in Transit,710.46,Completed
5730,12204,204,2024-09-03,Wrong Item,465.43,Approved
5731,71504,27,2023-12-07,Not As Described,423.68,Completed
5732,97843,238,2023-07-21,Wrong Item,498.19,Completed
5733,90432,120,2022-05-19,Defective,540.44,Completed
5734,39750,25,2022-04-29,Wrong Item,121.55,Approved
5735,24220,70,2024-08-22,Better Price Found,24.01,Approved
5736,10936,137,2023-11-05,Unknown,289.59,Approved
5737,15030,257,2022-12-21,Sizing Issue,186.42,Completed
5738,82837,115,2023-04-13,Defective,81.65,Rejected
5739,13292,57,2024-03-16,Damaged in Transit,378.85,Approved
5740,49822,374,2023-01-26,Sizing Issue,447.84,Approved
5741,50094,34,2023-04-24,Other,247.74,Approved
5742,98042,61,2022-07-12,Unknown,676.17,Approved
5743,5641,48,2023-07-28,Better Price Found,677.15,Approved
5744,41151,384,2022-07-10,Not As Described,414.53,Rejected
5745,24334,109,2024-02-27,Other,31.08,Pending
5746,18757,436,2024-04-23,Changed Mind,448.98,Approved
5747,9033,33,2023-06-18,Damaged in Transit,553.99,Completed
5748,98089,245,2022-10-22,Defective,96.37,Pending
5749,77298,187,2022-05-15,Wrong Item,221.57,Completed
5750,2478,65,2022-06-30,Other,628.87,Approved
5751,18930,68,2024-10-08,Sizing Issue,44.23,Approved
5752,51305,292,2024-02-03,Not As Described,610.31,Approved
5754,41645,397,2022-04-13,Sizing Issue,315.3,Approved
5755,34897,91,2023-01-26,Better Price Found,574.4,Pending
5756,43359,230,2024-01-04,Better Price Found,532.32,Approved
5757,29087,337,2024-01-29,Wrong Item,684.08,Pending
5758,94048,228,2024-04-05,Defective,321.91,Pending
5759,24663,75,2023-06-30,Defective,590.35,Rejected
5760,45442,333,2024-02-04,Other,537.59,Rejected
5761,84858,362,2023-04-14,Sizing Issue,31.37,Completed
5762,24542,382,2023-08-09,Not As Described,338.15,Approved
5763,24670,220,2022-07-22,Wrong Item,625.14,Completed
5764,74727,360,2023-06-28,Unknown,527.29,Approved
5765,48090,213,2023-06-13,Wrong Item,610.05,Approved
5766,4835,249,2022-10-10,Sizing Issue,701.54,Pending
5767,38598,388,2024-09-13,Unknown,743.19,Approved
5768,452,47,2024-04-02,Sizing Issue,317.79,Approved
5769,14764,388,2022-04-09,Not As Described,178.54,Completed
5770,83999,488,2024-03-27,Wrong Item,20.0,Approved
5771,77646,237,2022-02-25,Other,369.03,Completed
5772,30380,160,2023-12-28,Unknown,232.47,Approved
5773,99251,249,2024-02-19,Better Price Found,139.99,Completed
5774,71907,155,2023-08-13,Not As Described,666.9,Completed
5775,56093,70,2024-05-04,Sizing Issue,764.22,Approved
5776,15711,177,2023-01-17,Sizing Issue,305.75,Approved
5777,38135,166,2024-06-28,Damaged in Transit,662.54,Approved
5778,95797,148,2024-06-19,Other,429.78,Approved
5779,70074,5,2022-09-23,Sizing Issue,555.74,Approved
5780,61255,227,,Better Price Found,587.98,Approved
5781,57181,38,2022-10-03,Not As Described,336.57,Completed
5782,10207,67,2023-04-12,Not As Described,613.68,Approved
5783,89519,413,2023-06-11,Wrong Item,163.12,Pending
5784,76484,102,2022-10-15,Damaged in Transit,790.16,Completed
5785,55605,235,2023-11-28,Changed Mind,527.99,Pending
5786,68387,11,2024-01-17,Not As Described,231.31,Approved
5787,16828,328,2022-07-31,Unknown,179.56,Pending
5788,35846,462,2023-05-18,Damaged in Transit,339.4,Approved
5789,21290,309,2024-05-27,Better Price Found,334.35,Approved
5790,39129,211,2022-06-26,Better Price Found,486.28,Approved
5791,57499,34,2024-06-06,Other,224.06,Approved
5792,15626,299,2024-04-04,Not As Described,184.08,Pending
5793,37770,129,2023-03-25,Not As Described,322.45,Approved
5794,59917,332,,Damaged in Transit,586.68,Completed
5795,958,100,2024-01-07,Not As Described,662.78,Approved
5796,78914,302,2023-12-03,Sizing Issue,729.59,Pending
5797,31634,418,2023-08-19,Not As Described,174.25,Pending
5798,20215,120,2024-01-13,Better Price Found,776.18,Rejected
5799,98957,127,2023-07-17,Defective,30.14,Completed
5800,89814,80,2023-10-13,Defective,51.81,Completed
5801,14217,33,2024-08-30,Sizing Issue,776.32,Approved
5802,62275,262,2024-02-05,Changed Mind,738.87,Completed
5803,55507,487,2022-10-14,Changed Mind,464.71,Pending
5804,78043,235,2023-10-15,Defective,360.07,Approved
5805,92577,457,2022-05-16,Better Price Found,521.15,Completed
5806,61657,378,2022-09-15,Other,772.84,Pending
5807,13319,181,2022-08-22,Not As Described,532.68,Pending
5808,73335,113,2024-12-23,Better Price Found,559.62,Completed
5809,54835,219,2022-02-05,Damaged in Transit,153.06,Approved
5810,10200,195,2024-06-03,Changed Mind,746.27,Pending
5811,52107,149,2023-03-17,Wrong Item,107.74,Completed
5812,68476,202,2024-07-20,Not As Described,426.92,Completed
5814,30939,498,2024-05-18,Better Price Found,781.9,Completed
5815,48498,263,2023-09-17,Not As Described,563.54,Rejected
5816,49598,244,2022-05-25,Changed Mind,458.52,Approved
5817,72327,420,2022-12-13,Wrong Item,456.75,Approved
5818,68847,262,2023-11-17,Other,311.09,Completed
5819,23926,264,2023-12-14,Better Price Found,327.87,Approved
5820,82728,222,2024-06-20,Defective,209.9,Approved
5821,55778,169,2024-08-04,Other,261.16,Rejected
5822,32143,376,2022-02-12,Not As Described,282.95,Approved
5823,50559,18,2024-08-02,Not As Described,72.12,Approved
5824,35787,314,2022-06-09,Changed Mind,485.58,Approved
5825,32339,14,2022-08-08,Defective,790.43,Completed
5826,35232,92,2024-09-29,Wrong Item,533.07,Approved
5827,48765,482,2022-02-16,Not As Described,476.02,Completed
5828,61739,63,2024-05-14,Wrong Item,317.73,Approved
5829,38919,482,2022-10-04,Sizing Issue,268.24,Rejected
5830,8673,190,2022-06-17,Other,245.44,Approved
5831,27899,55,2022-03-14,Wrong Item,493.31,Approved
5832,82678,456,2022-03-03,Wrong Item,602.57,Approved
5833,72327,399,2024-11-03,Sizing Issue,260.33,Pending
5834,99331,69,2024-07-08,Sizing Issue,511.23,Rejected
5835,96640,164,2024-01-29,Sizing Issue,231.49,Approved
5836,59310,94,2023-05-13,Wrong Item,20.11,Rejected
5837,76218,107,2024-01-01,Wrong Item,145.26,Pending
5838,63445,378,2024-11-28,Not As Described,533.02,Approved
5839,58680,137,2022-08-10,Not As Described,280.3,Pending
5840,2069,166,2024-11-13,Not As Described,615.85,Pending
5841,71982,178,,Not As Described,321.24,Completed
5842,43233,296,2024-11-14,Sizing Issue,70.51,Approved
5843,10372,255,2022-04-01,Defective,247.14,Pending
5844,47158,280,2022-08-31,Changed Mind,787.33,Approved
5845,6106,240,2023-05-21,Not As Described,384.47,Completed
5846,40244,184,2024-12-09,Unknown,451.71,Approved
5847,77026,458,2023-10-13,Other,191.93,Completed
5848,11857,128,2022-03-16,Wrong Item,471.76,Approved
5849,88638,132,2022-08-27,Changed Mind,78.28,Approved
5850,42677,347,2022-05-21,Changed Mind,758.4,Completed
5851,96152,458,2023-05-12,Better Price Found,189.29,Pending
5852,80998,37,2024-01-03,Better Price Found,334.54,Rejected
5853,67980,121,2022-12-19,Not As Described,597.4,Pending
5854,90155,345,2024-07-23,Unknown,172.13,Completed
5855,6429,152,2024-12-18,Defective,107.3,Rejected
5856,52185,109,2022-11-22,Defective,1192.18125,Completed
5857,47238,41,2024-08-28,Damaged in Transit,445.7,Rejected
5858,59262,431,2022-08-26,Defective,215.06,Approved
5859,56117,487,2022-05-07,Other,67.88,Approved
5860,44482,388,2022-10-02,Defective,780.77,Approved
5861,13231,301,2022-11-30,Other,6.56,Approved
5862,90150,308,2022-06-26,Defective,360.75,Approved
5863,95240,336,2024-12-15,Not As Described,292.57,Approved
5864,55015,72,2023-11-22,Other,105.89,Rejected
5865,35614,312,2022-04-19,Not As Described,403.59,Rejected
5866,3936,81,2023-09-30,Unknown,604.61,Approved
5867,46371,390,2023-07-17,Changed Mind,186.65,Rejected
5868,43989,279,2023-12-07,Better Price Found,174.2,Pending
5869,16152,199,2022-05-16,Better Price Found,555.38,Approved
5870,38974,193,2024-06-23,Defective,610.52,Approved
5871,3921,144,2022-04-29,Better Price Found,758.53,Approved
5872,65126,11,2022-06-03,Damaged in Transit,303.47,Pending
5873,50992,51,2022-08-26,Changed Mind,120.38,Approved
5874,56016,69,2022-03-10,Wrong Item,783.74,Approved
5875,32729,466,2023-11-29,Unknown,112.52,Completed
5876,12317,227,2024-07-29,Defective,276.9,Completed
5877,25837,184,2022-03-02,Changed Mind,798.82,Approved
5878,31220,299,2023-05-05,Defective,414.98,Approved
5879,86407,281,2024-06-22,Damaged in Transit,486.79,Completed
5880,71192,95,2022-09-14,Other,226.97,Approved
5881,50754,21,2024-02-21,Sizing Issue,423.59,Pending
5882,62833,493,2024-03-18,Other,764.2,Completed
5883,4472,54,2024-02-25,Better Price Found,292.69,Completed
5884,71869,178,2023-08-12,Defective,661.15,Completed
5885,4716,483,2024-04-26,Defective,418.52,Approved
5886,76433,144,2023-11-01,Changed Mind,629.1,Pending
5887,81689,377,,Wrong Item,152.14,Completed
5888,84177,387,2023-01-24,Sizing Issue,484.47,Approved
5889,44568,54,2022-11-27,Other,482.67,Completed
5890,30664,334,2022-04-03,Better Price Found,573.19,Approved
5891,69635,265,2024-01-21,Wrong Item,53.86,Rejected
5892,70632,481,2023-03-24,Defective,202.7,Approved
5893,69254,281,2023-11-14,Damaged in Transit,398.99,Approved
5894,68941,468,2023-10-17,Damaged in Transit,521.29,Completed
5895,51991,145,2023-02-02,Defective,130.21,Approved
5896,93376,250,2023-01-02,Better Price Found,12.89,Approved
5897,40130,227,2023-12-13,Changed Mind,690.08,Approved
5898,20292,65,2022-11-01,Changed Mind,709.2,Pending
5899,99479,400,2024-04-04,Changed Mind,473.83,Approved
5900,48434,74,2022-04-23,Damaged in Transit,787.22,Approved
5901,6458,357,2022-12-09,Better Price Found,44.72,Approved
5902,94821,378,2023-12-05,Sizing Issue,287.32,Approved
5903,93148,434,2024-09-03,Damaged in Transit,228.37,Approved
5904,12158,321,2024-09-30,Changed Mind,342.45,Approved
5905,33348,288,2023-12-12,Other,186.56,Completed
5906,88552,420,2023-03-23,Better Price Found,105.97,Completed
5907,78723,443,2023-08-22,Not As Described,109.15,Approved
5908,7129,54,2022-02-19,Changed Mind,52.16,Approved
5909,82364,500,2024-12-08,Changed Mind,472.03,Pending
5910,49254,101,2023-03-17,Sizing Issue,64.2,Completed
5911,27733,166,2023-04-29,Wrong Item,574.6,Approved
5912,90434,327,2022-06-02,Sizing Issue,527.39,Completed
5913,76688,385,2024-08-16,Not As Described,101.97,Approved
5914,51383,54,2023-09-08,Other,515.61,Completed
5915,18170,246,2024-05-08,Other,557.68,Approved
5916,30256,227,2023-06-01,Better Price Found,426.16,Approved
5917,33511,391,2022-09-02,Wrong Item,608.47,Approved
5918,12008,87,2024-11-28,Not As Described,630.53,Approved
5919,38600,180,2023-06-30,Damaged in Transit,250.39,Pending
5920,14179,449,2022-09-12,Damaged in Transit,265.73,Completed
5921,55735,147,2022-07-20,Damaged in Transit,362.65,Completed
5922,28102,286,2024-04-07,Better Price Found,461.75,Approved
5923,21784,364,2024-01-30,Wrong Item,187.95,Approved
5924,27855,471,2022-05-31,Damaged in Transit,497.06,Approved
5925,64281,275,2023-03-24,Other,254.61,Approved
5926,82272,120,2024-08-07,Not As Described,112.73,Pending
5927,92192,386,2024-01-30,Not As Described,76.95,Approved
5928,19782,77,2023-11-29,Sizing Issue,233.98,Approved
5929,47814,359,2024-10-26,Wrong Item,584.4,Approved
5930,63950,135,2024-08-27,Damaged in Transit,653.67,Approved
5931,70393,459,2022-05-19,Wrong Item,548.71,Approved
5932,17246,306,2023-08-17,Wrong Item,281.51,Approved
5933,41941,37,2023-10-14,Unknown,740.52,Pending
5934,11405,431,2022-11-06,Defective,175.57,Pending
5935,12791,442,2022-02-04,Wrong Item,746.99,Approved
5936,13362,150,2024-08-31,Other,232.03,Pending
5937,14899,481,2022-02-23,Sizing Issue,294.12,Approved
5938,93160,369,2023-06-30,Damaged in Transit,421.55,Completed
5939,65123,201,2022-10-14,Not As Described,354.07,Completed
5940,27678,389,2023-04-05,Changed Mind,462.92,Approved
5941,85284,144,2024-06-24,Better Price Found,763.58,Approved
5942,28878,385,2023-05-23,Damaged in Transit,183.85,Approved
5943,93436,393,2022-06-12,Damaged in Transit,319.69,Approved
5944,90078,139,2022-06-07,Changed Mind,706.75,Pending
5945,86432,215,2022-09-17,Other,756.72,Completed
5946,32671,150,2022-07-30,Not As Described,82.43,Approved
5947,81112,494,2022-08-09,Damaged in Transit,563.14,Approved
5948,83872,237,2022-08-06,Better Price Found,110.53,Completed
5949,569,306,2022-03-08,Wrong Item,660.62,Approved
5950,65149,398,2024-10-14,Changed Mind,49.29,Rejected
5951,87760,78,2022-07-05,Sizing Issue,384.96,Completed
5952,21842,149,2023-02-17,Sizing Issue,565.26,Approved
5953,17701,33,2024-01-03,Wrong Item,706.06,Approved
5954,66406,55,2024-04-05,Wrong Item,115.07,Approved
5955,38995,357,2023-12-09,Wrong Item,491.32,Approved
5956,62200,126,2024-11-04,Sizing Issue,182.26,Approved
5957,22496,476,,Better Price Found,344.36,Pending
5958,84247,209,2023-05-15,Damaged in Transit,43.12,Approved
5959,11593,383,2023-05-17,Better Price Found,719.49,Completed
5960,1,199,2024-09-29,Other,786.48,Approved
5961,89754,128,2024-10-19,Defective,12.23,Completed
5962,50009,145,2023-11-08,Damaged in Transit,285.27,Completed
5963,97556,263,2022-02-20,Sizing Issue,311.69,Pending
5964,33968,267,2023-12-19,Wrong Item,98.06,Approved
5965,82566,483,2023-02-15,Other,136.89,Approved
5966,42404,417,2022-05-21,Wrong Item,647.62,Approved
5968,61749,212,2024-07-06,Changed Mind,530.07,Pending
5969,36383,295,2024-09-16,Changed Mind,27.72,Pending
5970,35428,387,2024-06-16,Unknown,601.38,Completed
5971,76035,170,2022-05-23,Better Price Found,536.65,Completed
5972,66691,269,2023-02-05,Other,514.75,Pending
5973,54263,276,2024-05-15,Other,308.17,Approved
5974,5838,325,2022-06-16,Not As Described,165.65,Completed
5975,42220,113,2022-11-21,Changed Mind,714.92,Approved
5976,10001,146,2022-12-05,Not As Described,476.21,Approved
5977,87380,332,2024-05-22,Other,398.86,Approved
5978,8283,381,2023-07-06,Better Price Found,38.92,Pending
5979,47786,139,2024-09-12,Defective,450.46,Approved
5980,41736,490,2022-10-05,Not As Described,767.11,Pending
5981,5767,157,2024-10-26,Not As Described,630.76,Pending
5982,62243,342,2022-11-18,Better Price Found,674.16,Approved
5983,25469,473,2024-09-11,Damaged in Transit,149.21,Approved
5984,28515,205,2022-11-07,Sizing Issue,543.84,Pending
5985,68833,104,2024-01-20,Wrong Item,716.94,Approved
5986,20384,25,2022-09-24,Better Price Found,146.33,Approved
5987,33898,299,2023-11-19,Damaged in Transit,308.4,Approved
5988,65217,231,2022-08-17,Better Price Found,16.3,Completed
5989,6359,299,2022-04-03,Wrong Item,372.58,Rejected
5990,17353,298,2023-11-25,Defective,265.82,Approved
5991,35759,37,2022-07-07,Changed Mind,200.2,Rejected
5992,75251,224,2023-06-29,Not As Described,43.54,Approved
5993,4265,111,2022-02-10,Defective,384.03,Completed
5994,70658,457,2023-12-06,Unknown,166.03,Approved
5995,64151,171,2023-06-05,Damaged in Transit,546.57,Approved
5996,74807,54,2024-08-06,Defective,603.25,Completed
5997,94914,26,2024-11-28,Damaged in Transit,322.03,Completed
5998,86762,93,2022-09-03,Not As Described,380.76,Completed
5999,73584,47,2022-12-17,Wrong Item,424.49,Completed
6000,88436,206,2024-03-11,Changed Mind,97.71,Completed
6001,95045,123,2024-04-25,Better Price Found,707.26,Approved
6002,57395,160,2022-02-11,Better Price Found,244.76,Approved
6003,85428,420,2022-05-01,Other,469.07,Pending
6004,53628,462,2022-03-10,Damaged in Transit,799.37,Approved
6005,40630,213,2023-02-10,Unknown,43.58,Approved
6006,13174,426,2024-03-14,Sizing Issue,289.8,Approved
6007,48901,105,2023-02-25,Better Price Found,724.54,Completed
6008,32646,343,2022-12-17,Not As Described,557.69,Completed
6009,69037,170,,Changed Mind,386.09,Pending
6010,26922,8,2023-10-29,Sizing Issue,49.46,Approved
6011,83691,449,2022-08-13,Wrong Item,639.65,Approved
6012,13465,376,2023-11-08,Defective,236.34,Approved
6013,40440,162,2024-03-25,Defective,121.76,Approved
6014,55295,162,2022-04-14,Other,427.56,Completed
6015,21045,353,2023-10-08,Other,612.36,Completed
6016,30600,316,2023-11-18,Not As Described,442.49,Pending
6017,7062,163,2022-10-27,Changed Mind,779.73,Approved
6018,30261,225,2022-06-03,Wrong Item,385.65,Approved
6019,45540,475,2024-06-18,Changed Mind,611.88,Approved
6020,42065,134,2023-12-07,Not As Described,761.31,Rejected
6021,14642,10,2022-12-18,Damaged in Transit,536.19,Approved
6022,33897,429,2023-02-10,Damaged in Transit,777.95,Pending
6023,19268,116,2024-05-31,Unknown,378.36,Completed
6024,1799,362,2023-10-15,Changed Mind,682.83,Approved
6025,84795,341,2024-10-24,Better Price Found,275.37,Approved
6026,46760,325,2023-03-22,Better Price Found,445.07,Approved
6027,99530,388,2023-03-04,Defective,362.01,Completed
6028,10187,186,2024-07-07,Not As Described,187.91,Approved
6029,47941,391,2023-03-01,Changed Mind,185.85,Pending
6030,91697,321,2022-11-02,Damaged in Transit,5.06,Approved
6031,73019,367,2023-02-14,Wrong Item,403.07,Rejected
6032,91445,225,2023-03-12,Unknown,295.43,Completed
6033,50918,158,2023-04-05,Wrong Item,294.61,Pending
6034,87397,175,2023-06-15,Other,374.41,Completed
6035,79165,408,2023-08-06,Damaged in Transit,634.65,Approved
6036,64566,56,2024-01-09,Better Price Found,629.24,Pending
6037,30022,146,2022-08-15,Wrong Item,336.67,Approved
6038,23745,497,2023-02-14,Unknown,799.53,Approved
6039,23496,199,2022-11-24,Defective,387.55,Pending
6040,45154,289,2023-08-09,Better Price Found,185.84,Approved
6041,58181,408,2023-06-18,Not As Described,636.74,Approved
6042,64511,418,2022-11-06,Sizing Issue,174.19,Pending
6043,67461,155,2023-08-12,Other,559.23,Approved
6044,73713,385,2023-09-23,Damaged in Transit,489.77,Rejected
6045,22730,88,2024-09-18,Not As Described,466.88,Completed
6046,89250,392,2023-02-06,Damaged in Transit,588.76,Approved
6047,35504,220,2022-02-01,Wrong Item,324.06,Approved
6048,35820,24,2023-07-25,Damaged in Transit,176.41,Approved
6049,24399,60,2023-09-08,Changed Mind,535.19,Completed
6050,19962,142,2024-07-25,Damaged in Transit,136.08,Pending
6051,61075,364,2023-06-24,Sizing Issue,265.71,Completed
6052,20226,111,2024-08-02,Sizing Issue,47.09,Approved
6053,39830,389,2023-06-08,Defective,314.36,Completed
6054,99814,121,2024-12-17,Damaged in Transit,461.05,Approved
6055,41393,122,2024-04-19,Defective,143.24,Pending
6056,80545,331,2023-11-04,Sizing Issue,660.46,Approved
6057,70936,313,2024-11-30,Unknown,278.28,Completed
6058,15040,139,2022-06-08,Not As Described,117.79,Approved
6059,21265,388,2022-04-10,Better Price Found,351.61,Approved
6060,94568,410,2024-10-17,Not As Described,468.24,Pending
6061,59181,418,2023-09-06,Sizing Issue,319.89,Approved
6062,90018,315,2023-07-12,Changed Mind,49.36,Approved
6063,40170,240,2023-03-19,Not As Described,636.59,Approved
6064,49569,357,2024-02-25,Other,139.32,Approved
6065,66164,221,2024-09-10,Other,583.16,Pending
6066,53751,119,2023-01-03,Sizing Issue,265.63,Approved
6067,14303,200,2024-12-21,Better Price Found,646.89,Approved
6068,5724,61,2024-06-04,Not As Described,699.6,Completed
6069,34848,288,2024-06-17,Other,575.44,Completed
6070,53215,345,2024-05-09,Unknown,780.94,Approved
6071,60879,92,2024-08-16,Changed Mind,130.37,Completed
6072,62485,50,2022-12-08,Better Price Found,653.17,Approved
6073,56388,432,2022-05-09,Other,96.36,Rejected
6074,34750,137,2024-11-11,Sizing Issue,665.7,Approved
6075,28068,96,2024-03-03,Not As Described,423.36,Completed
6076,15210,17,2022-05-24,Not As Described,468.25,Approved
6077,98700,335,2022-09-22,Wrong Item,396.74,Approved
6078,87783,127,2024-11-11,Damaged in Transit,199.12,Approved
6079,32036,464,2022-04-26,Damaged in Transit,334.85,Pending
6080,83517,291,2022-03-30,Defective,485.61,Pending
6081,34276,319,2024-05-04,Unknown,212.34,Completed
6082,74677,144,2024-11-07,Defective,66.77,Approved
6083,54478,259,2022-05-02,Damaged in Transit,704.14,Approved
6084,56833,313,2022-07-29,Better Price Found,512.03,Pending
6085,72460,160,2022-03-13,Other,410.09,Approved
6086,96383,212,2022-01-31,Damaged in Transit,560.86,Approved
6087,94114,72,2024-08-01,Sizing Issue,302.52,Approved
6088,3536,484,2022-11-05,Wrong Item,166.81,Rejected
6089,45537,314,2024-06-30,Defective,27.77,Completed
6090,19983,262,2022-02-11,Not As Described,393.06,Pending
6091,22260,203,2024-05-27,Other,720.83,Approved
6092,62364,96,2024-12-27,Wrong Item,524.39,Pending
6093,36690,115,2023-11-27,Damaged in Transit,535.59,Completed
6094,89618,109,2022-08-22,Other,279.72,Approved
6095,15589,112,2022-06-07,Defective,53.91,Approved
6096,45442,325,2023-12-29,Defective,581.29,Completed
6097,76624,143,2024-05-08,Unknown,80.4,Rejected
6098,16407,84,2022-12-27,Damaged in Transit,643.31,Approved
6099,26816,21,2024-02-15,Better Price Found,318.88,Pending
6100,7051,195,2023-04-04,Wrong Item,352.3,Pending
6101,92293,398,2023-11-18,Not As Described,589.42,Completed
6102,32997,309,2022-04-28,Better Price Found,346.01,Approved
6103,71108,104,2024-12-05,Damaged in Transit,554.17,Approved
6104,79223,294,2022-10-02,Changed Mind,259.02,Approved
6105,13394,30,2023-11-08,Damaged in Transit,130.35,Pending
6106,8007,297,2024-11-10,Defective,392.54,Completed
6107,76407,332,2024-07-19,Other,705.68,Pending
6108,49209,149,2023-05-04,Damaged in Transit,605.7,Completed
6109,34196,220,2023-03-12,Better Price Found,733.23,Approved
6110,55136,227,2022-12-03,Damaged in Transit,592.99,Completed
6111,61,335,2022-07-06,Changed Mind,730.92,Pending
6112,70939,66,2024-07-28,Changed Mind,239.74,Rejected
6113,35164,424,2024-01-11,Damaged in Transit,37.18,Completed
6114,63416,440,2024-04-01,Wrong Item,152.26,Completed
6115,59567,319,2023-05-12,Not As Described,264.76,Approved
6116,74331,339,2024-04-16,Not As Described,513.24,Approved
6117,33412,202,2023-06-16,Wrong Item,265.77,Rejected
6118,40615,475,2024-02-20,Damaged in Transit,567.03,Approved
6119,21855,477,2023-08-21,Better Price Found,557.35,Approved
6120,29429,262,2023-03-04,Sizing Issue,284.5,Completed
6121,98028,107,2023-06-29,Not As Described,345.03,Approved
6122,19556,254,2023-03-12,Other,337.39,Approved
6123,15407,309,,Other,646.28,Rejected
6124,10926,19,2024-04-11,Changed Mind,70.18,Approved
6125,70395,387,2023-06-24,Changed Mind,29.91,Completed
6126,1840,76,2022-08-05,Unknown,700.23,Completed
6127,91073,358,2022-02-15,Other,576.49,Approved
6128,33709,473,2023-10-20,Changed Mind,645.69,Completed
6129,16854,397,2024-01-13,Unknown,710.83,Approved
6130,80084,326,2024-05-02,Unknown,783.57,Rejected
6131,69905,433,2022-07-21,Better Price Found,246.5,Approved
6132,60029,400,2022-02-17,Better Price Found,784.77,Approved
6133,89216,473,2022-07-24,Not As Described,476.35,Approved
6134,1272,79,2023-10-17,Sizing Issue,248.13,Completed
6135,3946,385,2022-07-10,Changed Mind,271.03,Rejected
6136,47653,142,2024-08-19,Other,311.71,Approved
6137,67324,283,2024-09-03,Unknown,46.94,Approved
6138,99466,310,2023-01-07,Changed Mind,718.01,Approved
6139,56218,408,2023-06-10,Other,786.66,Approved
6140,89624,446,2022-06-14,Changed Mind,393.14,Approved
6141,41133,271,2022-09-30,Not As Described,393.92,Approved
6142,4227,263,2024-12-26,Better Price Found,158.86,Pending
6143,23001,495,2023-09-15,Wrong Item,412.2,Approved
6144,90705,477,2024-04-20,Damaged in Transit,520.7,Pending
6145,58415,386,2023-01-26,Sizing Issue,430.51,Approved
6146,3219,230,2023-08-30,Changed Mind,214.53,Approved
6147,51450,217,2022-03-17,Better Price Found,749.56,Rejected
6148,90727,430,2022-08-25,Sizing Issue,209.73,Approved
6149,65261,394,2022-05-27,Damaged in Transit,248.89,Approved
6150,86211,160,2023-06-03,Defective,764.43,Approved
6151,73846,308,2022-06-12,Not As Described,42.75,Pending
6152,54645,468,2023-07-05,Defective,251.12,Approved
6153,54273,344,2024-07-22,Better Price Found,655.42,Completed
6154,62904,293,2024-06-29,Other,709.11,Approved
6155,97873,120,2022-09-16,Defective,113.08,Pending
6156,84334,49,2023-09-15,Unknown,49.1,Pending
6157,12403,242,2023-06-24,Changed Mind,127.27,Approved
6158,34831,117,2024-11-17,Better Price Found,760.25,Approved
6159,10885,322,2023-02-14,Wrong Item,133.31,Rejected
6160,59617,406,2024-02-09,Defective,261.05,Completed
6161,76368,223,2023-07-20,Changed Mind,185.39,Completed
6162,80584,413,2024-08-20,Damaged in Transit,14.6,Completed
6163,5094,136,2022-11-16,Not As Described,351.87,Approved
6164,81107,122,2024-07-28,Sizing Issue,421.08,Approved
6165,62306,291,2022-12-17,Changed Mind,172.57,Completed
6166,40942,284,2023-09-26,Better Price Found,449.72,Approved
6167,88107,206,2022-12-14,Sizing Issue,22.86,Completed
6168,32413,214,2022-08-31,Unknown,546.25,Approved
6169,34456,257,2022-08-01,Other,607.56,Approved
6170,36317,54,2022-07-13,Not As Described,435.83,Approved
6171,7341,126,2023-09-21,Sizing Issue,241.33,Approved
6172,18210,119,2022-09-06,Other,34.98,Approved
6173,99678,156,2023-01-01,Not As Described,797.27,Completed
6174,41277,39,2022-08-13,Not As Described,601.97,Completed
6175,15359,2,2024-08-10,Defective,228.55,Approved
6176,65719,228,2022-08-31,Better Price Found,624.56,Completed
6177,99774,239,2024-12-26,Other,549.57,Pending
6178,15966,436,2024-04-08,Changed Mind,178.77,Rejected
6179,84096,169,2022-10-06,Defective,671.84,Approved
6180,31931,237,2024-03-01,Not As Described,737.24,Approved
6181,54857,398,2023-04-19,Unknown,143.6,Approved
6182,86389,203,2022-11-04,Sizing Issue,697.02,Approved
6183,92209,42,2024-08-18,Not As Described,341.87,Rejected
6184,66906,115,2023-06-02,Wrong Item,463.58,Approved
6185,14613,278,2022-06-28,Wrong Item,790.36,Pending
6186,75281,152,2022-05-10,Defective,64.35,Approved
6187,88950,192,2023-06-25,Wrong Item,366.79,Approved
6188,24036,493,2024-02-20,Better Price Found,228.71,Completed
6189,54920,45,2023-12-10,Not As Described,448.67,Approved
6190,93820,310,2024-11-14,Unknown,379.22,Approved
6191,15227,371,2022-08-25,Sizing Issue,608.96,Completed
6192,21733,124,2022-07-22,Damaged in Transit,513.51,Approved
6193,77715,336,2023-11-22,Other,717.51,Rejected
6194,21470,298,2022-06-05,Better Price Found,56.28,Completed
6195,11759,410,2023-07-17,Better Price Found,31.68,Completed
6196,12552,282,2024-05-10,Damaged in Transit,229.87,Pending
6197,21523,479,2024-07-26,Damaged in Transit,212.4,Approved
6198,62144,314,2024-02-07,Damaged in Transit,421.48,Approved
6199,55290,55,2024-05-01,Not As Described,534.32,Approved
6200,97696,93,2023-03-30,Defective,222.9,Pending
6201,33525,263,2024-04-19,Not As Described,546.72,Approved
6202,95038,18,2024-03-31,Changed Mind,676.81,Approved
6203,56149,375,2024-09-04,Unknown,135.43,Approved
6204,94572,88,2023-08-29,Wrong Item,326.98,Completed
6205,74720,164,2022-12-18,Damaged in Transit,40.25,Completed
6206,74994,463,2022-10-24,Unknown,161.99,Completed
6207,75671,270,2024-10-22,Sizing Issue,437.05,Completed
6208,16105,270,2022-03-31,Unknown,264.35,Approved
6209,74247,104,2024-02-21,Not As Described,24.11,Rejected
6210,17611,393,2022-11-20,Sizing Issue,139.5,Pending
6211,33883,33,2022-10-07,Sizing Issue,34.21,Pending
6212,50412,203,2022-09-30,Wrong Item,685.71,Approved
6213,70487,374,2022-03-26,Sizing Issue,798.12,Pending
6214,12482,402,2022-06-23,Damaged in Transit,709.85,Completed
6215,56861,112,2024-02-03,Changed Mind,85.98,Approved
6216,80878,266,2022-08-03,Not As Described,778.77,Pending
6217,56942,474,2023-11-11,Sizing Issue,689.9,Approved
6218,41610,110,2024-07-22,Changed Mind,539.88,Approved
6219,17869,403,2022-04-08,Other,82.17,Completed
6220,1653,356,2022-09-17,Damaged in Transit,84.19,Completed
6221,65135,398,2024-11-15,Defective,667.55,Approved
6222,63207,5,2024-08-21,Not As Described,787.56,Pending
6223,30033,192,2023-03-03,Better Price Found,276.91,Approved
6224,93386,265,2023-01-08,Not As Described,476.23,Approved
6225,14898,406,2022-08-13,Damaged in Transit,422.88,Approved
6226,60033,265,2024-06-24,Wrong Item,261.15,Rejected
6227,51829,116,2023-03-26,Defective,642.95,Approved
6228,71770,144,2023-12-22,Not As Described,50.29,Completed
6229,33681,80,2024-09-01,Wrong Item,132.32,Completed
6230,68474,237,2024-03-15,Changed Mind,14.6,Completed
6231,72397,374,2022-07-28,Sizing Issue,336.93,Approved
6232,29295,29,2022-12-14,Damaged in Transit,625.86,Completed
6233,22648,399,2023-02-06,Sizing Issue,436.61,Approved
6234,24678,375,2024-06-16,Not As Described,75.16,Pending
6235,99412,113,2024-11-20,Not As Described,515.13,Completed
6236,7181,435,2022-10-07,Other,568.37,Approved
6237,23909,311,2022-03-30,Better Price Found,340.15,Approved
6238,72537,416,2024-05-15,Damaged in Transit,241.47,Completed
6239,11569,485,2024-04-22,Changed Mind,231.64,Rejected
6240,40063,4,2023-01-14,Wrong Item,29.8,Approved
6241,81762,384,2023-01-29,Other,271.09,Approved
6242,40004,479,2023-11-12,Unknown,116.83,Approved
6243,87228,72,2022-04-25,Other,422.51,Completed
6244,78958,151,2023-12-20,Better Price Found,715.18,Completed
6245,98880,110,,Changed Mind,504.45,Completed
6246,99019,160,2022-02-05,Better Price Found,712.57,Approved
6247,1617,306,2023-03-02,Changed Mind,377.29,Pending
6248,80340,233,2024-11-20,Unknown,265.78,Completed
6249,73910,145,2023-01-28,Wrong Item,390.26,Completed
6250,28749,111,2024-03-22,Defective,790.72,Completed
6251,65129,442,2024-06-27,Damaged in Transit,798.86,Approved
6252,17963,303,2023-07-05,Not As Described,409.61,Approved
6253,21900,96,2022-05-13,Damaged in Transit,15.89,Approved
6254,88668,200,2023-04-02,Defective,28.37,Approved
6255,79097,363,2023-05-22,Wrong Item,107.29,Pending
6256,30817,488,2023-06-13,Damaged in Transit,314.63,Pending
6257,93687,222,2022-05-23,Changed Mind,510.07,Approved
6258,2969,18,2022-12-25,Not As Described,764.8,Completed
6259,31757,472,2024-09-29,Damaged in Transit,8.25,Approved
6260,17813,9,2023-03-11,Not As Described,126.1,Completed
6261,71370,228,2023-12-13,Wrong Item,18.14,Rejected
6262,99148,4,2024-08-09,Damaged in Transit,536.41,Approved
6263,96565,332,2022-04-09,Other,346.83,Rejected
6264,57537,88,2023-11-08,Not As Described,213.73,Completed
6265,12425,196,2022-07-23,Wrong Item,609.28,Approved
6266,23099,426,2023-12-08,Wrong Item,330.88,Approved
6267,711,432,2022-02-05,Sizing Issue,684.06,Approved
6268,60596,188,2022-04-24,Better Price Found,740.79,Approved
6269,17606,418,2023-08-04,Sizing Issue,478.88,Approved
6270,68290,107,2022-07-15,Changed Mind,724.02,Approved
6271,88113,367,2023-03-24,Sizing Issue,16.97,Pending
6272,91585,321,2022-06-07,Unknown,442.67,Approved
6273,58353,179,2024-01-26,Other,659.21,Approved
6274,73998,304,2022-03-25,Better Price Found,137.28,Pending
6275,95061,450,2024-03-10,Damaged in Transit,123.54,Approved
6276,7101,146,2023-09-16,Better Price Found,375.12,Approved
6277,43305,229,2024-01-16,Other,489.11,Approved
6278,5707,61,2022-12-31,Wrong Item,704.31,Pending
6279,80866,378,2023-05-01,Sizing Issue,694.21,Approved
6280,31304,102,2024-12-18,Sizing Issue,515.48,Approved
6281,5773,421,2024-04-17,Other,30.57,Completed
6282,38990,323,2023-06-09,Damaged in Transit,456.4,Approved
6283,28815,313,2022-11-07,Damaged in Transit,427.62,Completed
6284,69255,339,2023-01-20,Defective,561.99,Approved
6285,32916,287,2023-06-07,Defective,449.02,Approved
6286,18649,116,2023-03-25,Better Price Found,309.19,Approved
6287,60033,395,2024-03-11,Better Price Found,295.81,Approved
6288,30620,469,2024-09-15,Sizing Issue,84.86,Pending
6289,49025,51,2022-12-15,Better Price Found,42.99,Rejected
6290,80093,96,2024-02-06,Damaged in Transit,624.52,Completed
6291,58783,316,2024-08-07,Other,234.48,Approved
6292,40600,84,2023-05-11,Damaged in Transit,394.2,Pending
6293,66901,325,2022-11-20,Damaged in Transit,339.93,Completed
6294,49113,446,2022-12-02,Defective,649.47,Pending
6295,88382,204,2022-08-16,Wrong Item,541.32,Approved
6296,97976,456,2023-10-27,Other,795.56,Rejected
6297,47009,131,2022-04-20,Not As Described,784.87,Approved
6298,75659,58,2023-11-21,Other,433.25,Approved
6299,61966,459,2022-02-28,Sizing Issue,390.06,Approved
6300,55014,68,2024-08-18,Damaged in Transit,695.43,Approved
6301,87337,278,2024-06-06,Damaged in Transit,10.3,Completed
6302,79282,107,2022-07-26,Better Price Found,577.63,Approved
6303,18,131,2023-10-21,Better Price Found,141.95,Approved
6304,86847,130,2024-02-23,Wrong Item,766.24,Approved
6305,69168,50,2023-08-08,Wrong Item,100.39,Completed
6306,70109,482,2023-10-08,Better Price Found,233.13,Pending
6307,58292,397,2024-07-19,Sizing Issue,682.66,Pending
6308,30265,492,2022-12-10,Other,751.49,Pending
6309,8982,290,2023-09-04,Better Price Found,750.2,Approved
6310,19452,45,2022-02-18,Sizing Issue,155.23,Rejected
6311,98255,279,2024-06-26,Sizing Issue,283.96,Pending
6312,30080,19,2023-10-26,Not As Described,9.05,Approved
6313,92174,28,2024-02-02,Other,488.42,Approved
6314,42471,429,2024-06-09,Not As Described,378.95,Completed
6315,88870,311,2022-09-13,Damaged in Transit,244.4,Rejected
6316,33448,318,2023-09-06,Other,86.43,Completed
6317,56449,179,2023-08-29,Better Price Found,760.76,Approved
6318,43296,452,2024-06-05,Wrong Item,465.17,Completed
6319,63704,487,2022-08-14,Damaged in Transit,383.89,Approved
6320,35888,232,2024-09-23,Not As Described,540.95,Approved
6321,29350,52,,Wrong Item,304.94,Approved
6322,51501,422,2024-10-02,Damaged in Transit,231.14,Completed
6323,72404,416,2024-06-30,Sizing Issue,308.9,Completed
6324,47493,197,2023-11-07,Changed Mind,448.53,Approved
6325,69775,122,2022-12-17,Other,212.12,Completed
6326,9133,264,2024-08-28,Other,736.79,Pending
6327,3202,129,2024-12-16,Other,1192.18125,Pending
6328,79779,469,2023-11-22,Wrong Item,479.02,Completed
6329,3381,493,2022-05-16,Sizing Issue,394.01,Approved
6330,26683,451,2024-03-24,Changed Mind,42.46,Approved
6331,36925,463,2022-07-26,Sizing Issue,656.08,Approved
6332,68836,415,2022-11-28,Sizing Issue,607.05,Pending
6333,82121,384,2022-09-11,Not As Described,506.33,Approved
6334,24840,4,2022-03-20,Defective,348.75,Approved
6335,35683,354,2022-03-16,Sizing Issue,778.05,Pending
6336,80613,141,2022-11-20,Wrong Item,708.38,Approved
6337,77544,266,,Unknown,48.89,Pending
6338,64987,306,2023-06-02,Not As Described,386.98,Approved
6339,32217,490,2022-06-06,Wrong Item,730.58,Approved
6340,66746,97,2023-12-13,Wrong Item,66.25,Completed
6341,71203,326,2024-11-05,Better Price Found,572.42,Completed
6342,92489,94,2024-09-18,Other,541.24,Approved
6343,90813,113,2024-02-03,Other,249.14,Approved
6344,23156,298,2023-12-15,Unknown,186.98,Approved
6345,83079,392,2024-12-10,Other,743.52,Completed
6346,62812,118,2022-11-05,Changed Mind,510.02,Completed
6347,89525,17,2024-05-20,Defective,333.45,Approved
6348,42069,316,2023-11-15,Sizing Issue,132.09,Approved
6349,95778,461,2023-03-29,Changed Mind,370.51,Approved
6350,27880,200,2022-08-06,Other,422.45,Approved
6351,26470,125,2024-06-30,Other,675.23,Approved
6352,24804,187,2024-11-28,Other,229.64,Approved
6353,22578,265,2022-10-11,Wrong Item,660.82,Approved
6354,43851,450,2023-03-12,Wrong Item,26.36,Rejected
6355,45429,98,,Wrong Item,162.25,Approved
6356,17741,81,2023-10-11,Better Price Found,401.63,Pending
6357,34925,281,2022-03-27,Damaged in Transit,394.77,Pending
6358,15184,229,2024-02-13,Sizing Issue,308.72,Approved
6359,63821,88,2024-11-04,Not As Described,615.22,Approved
6360,46110,16,2023-10-21,Damaged in Transit,326.85,Rejected
6361,82750,429,,Defective,640.75,Rejected
6362,45513,167,2024-03-30,Damaged in Transit,241.8,Completed
6363,39791,141,2024-07-09,Damaged in Transit,583.27,Approved
6364,9031,499,2023-09-30,Wrong Item,373.2,Approved
6365,2544,78,2022-11-04,Unknown,334.07,Pending
6366,72968,264,2024-12-07,Other,784.8,Approved
6367,84941,30,2024-07-27,Unknown,155.45,Approved
6368,35406,18,2022-07-23,Unknown,458.65,Approved
6369,56241,446,2023-07-03,Wrong Item,312.73,Approved
6370,73401,302,2023-08-09,Not As Described,695.6,Approved
6371,32923,235,2022-03-27,Other,519.83,Approved
6372,96805,166,2024-03-06,Other,122.3,Completed
6373,70346,463,2023-10-08,Defective,213.29,Approved
6374,31725,165,2023-08-27,Sizing Issue,285.07,Rejected
6375,66066,10,2023-04-17,Sizing Issue,384.33,Approved
6376,48364,349,2023-03-02,Damaged in Transit,780.89,Completed
6377,6227,114,2022-09-21,Wrong Item,470.33,Completed
6378,40955,356,2023-02-18,Defective,62.91,Approved
6379,95680,144,2023-05-23,Changed Mind,588.51,Completed
6380,84215,492,2024-05-19,Damaged in Transit,154.85,Approved
6381,88304,368,2024-05-20,Wrong Item,109.67,Rejected
6382,23892,462,2024-05-31,Wrong Item,384.92,Pending
6383,88690,69,2023-03-19,Unknown,739.7,Pending
6384,58191,24,2024-09-27,Unknown,669.06,Approved
6385,54877,365,2022-11-23,Other,257.25,Completed
6386,24395,298,2024-10-02,Damaged in Transit,316.53,Approved
6387,26844,489,2023-09-19,Damaged in Transit,439.89,Completed
6388,75489,111,2023-12-07,Not As Described,439.51,Completed
6389,24642,97,2023-05-05,Other,307.47,Approved
6390,60148,100,2023-07-31,Other,359.43,Approved
6391,36779,206,2024-11-03,Wrong Item,639.99,Completed
6392,42002,9,2023-01-10,Wrong Item,570.3,Completed
6393,61144,102,2024-09-27,Not As Described,747.54,Pending
6394,83439,231,2022-08-19,Other,46.81,Approved
6395,91959,394,2024-01-04,Not As Described,594.79,Approved
6396,42005,356,2023-10-29,Defective,283.09,Approved
6397,49373,318,2023-04-29,Wrong Item,471.23,Pending
6398,25694,449,2023-10-11,Changed Mind,427.21,Approved
6399,329,396,2023-08-26,Changed Mind,353.49,Rejected
6400,9459,413,2022-02-23,Not As Described,59.22,Approved
6401,18365,468,2023-01-14,Defective,289.65,Approved
6402,95756,145,2023-12-15,Wrong Item,681.6,Approved
6403,83717,250,2022-07-07,Not As Described,326.44,Completed
6404,49520,176,2023-12-18,Damaged in Transit,572.72,Approved
6405,17138,130,2024-01-24,Damaged in Transit,297.31,Completed
6406,32086,193,2022-06-27,Damaged in Transit,83.22,Rejected
6407,25158,398,2023-02-24,Damaged in Transit,799.32,Approved
6408,11356,64,2023-12-14,Defective,262.99,Rejected
6409,18253,139,2024-09-22,Sizing Issue,393.67,Completed
6410,7064,15,2023-02-24,Not As Described,332.32,Pending
6411,88934,283,2023-11-22,Other,54.11,Completed
6412,36582,139,2024-02-26,Damaged in Transit,437.4,Rejected
6413,79794,219,2022-06-03,Unknown,169.1,Approved
6414,78630,34,2023-08-07,Not As Described,384.22,Pending
6415,71911,25,2022-04-16,Unknown,525.85,Approved
6416,20989,26,2022-03-10,Damaged in Transit,260.44,Approved
6417,92126,411,2022-12-23,Defective,240.68,Approved
6418,20587,372,2023-06-05,Sizing Issue,481.16,Approved
6420,24099,46,2022-07-30,Wrong Item,426.86,Approved
6421,43944,221,2024-11-14,Defective,36.55,Pending
6422,39409,101,2022-08-09,Changed Mind,404.18,Approved
6423,36100,60,2023-09-23,Damaged in Transit,649.98,Approved
6424,61604,453,2024-03-03,Damaged in Transit,207.64,Approved
6425,44870,149,2024-09-22,Defective,471.94,Pending
6426,95296,145,2024-01-24,Damaged in Transit,278.04,Approved
6427,77167,181,2022-03-25,Unknown,300.01,Approved
6428,79288,10,2024-04-22,Sizing Issue,77.64,Approved
6429,72142,189,2023-12-10,Defective,267.35,Approved
6430,15323,361,2023-06-12,Not As Described,575.11,Approved
6431,22156,117,2022-10-01,Not As Described,280.21,Approved
6432,10504,284,2023-02-07,Other,73.39,Approved
6433,81955,30,2022-07-16,Wrong Item,457.53,Pending
6434,71301,361,2023-05-31,Defective,458.31,Pending
6435,66356,17,2023-03-03,Not As Described,34.02,Pending
6436,14340,371,2024-08-09,Other,276.3,Rejected
6437,61119,379,2024-01-05,Unknown,73.79,Approved
6438,5177,379,2023-10-11,Not As Described,675.72,Completed
6439,75980,228,2023-06-06,Other,64.63,Approved
6440,85203,20,2023-12-22,Defective,296.96,Pending
6441,40133,190,2022-07-01,Better Price Found,275.51,Rejected
6442,92825,291,2022-12-18,Better Price Found,37.99,Completed
6443,48774,249,2022-05-31,Wrong Item,580.74,Rejected
6444,75017,156,2023-01-07,Changed Mind,37.97,Approved
6445,82957,489,2024-03-16,Wrong Item,66.45,Approved
6446,47534,14,2022-10-30,Damaged in Transit,20.19,Completed
6447,79175,165,2022-01-31,Other,461.86,Approved
6448,58185,190,2022-11-18,Damaged in Transit,597.54,Completed
6449,26037,287,,Defective,223.51,Completed
6450,43165,157,2024-04-29,Sizing Issue,286.08,Approved
6451,31241,8,2022-04-19,Unknown,7.38,Approved
6452,10701,143,2024-03-08,Wrong Item,104.21,Approved
6453,1201,497,2024-02-18,Not As Described,539.35,Approved
6454,78572,177,2024-09-10,Damaged in Transit,488.71,Completed
6455,50284,457,2024-03-30,Changed Mind,19.43,Pending
6456,46654,21,2023-04-27,Better Price Found,63.16,Rejected
6457,3289,113,2024-08-29,Sizing Issue,94.14,Completed
6458,76942,165,2024-04-24,Not As Described,33.65,Approved
6459,75620,20,2023-07-25,Not As Described,296.77,Approved
6460,74318,384,2022-11-02,Damaged in Transit,512.32,Approved
6461,64471,302,2024-05-23,Defective,749.94,Rejected
6462,50296,40,2022-02-21,Better Price Found,32.29,Completed
6463,6445,430,2023-01-15,Other,759.2,Approved
6464,18845,344,2022-04-15,Defective,562.55,Approved
6465,86171,335,2022-07-12,Sizing Issue,390.32,Approved
6466,93256,202,2024-01-16,Better Price Found,726.57,Approved
6467,57614,10,2023-10-14,Other,469.84,Approved
6468,12532,192,2024-10-07,Defective,653.34,Rejected
6469,51160,53,2023-10-04,Better Price Found,472.2,Approved
6470,39556,450,2023-02-17,Wrong Item,248.95,Approved
6471,22743,52,2024-03-13,Sizing Issue,388.03,Completed
6472,87372,187,2023-09-16,Better Price Found,227.8,Approved
6473,25771,133,2022-09-12,Better Price Found,180.58,Pending
6474,3063,431,2023-07-02,Other,722.63,Pending
6475,31514,327,2023-02-14,Unknown,104.1,Approved
6476,81285,23,2022-12-03,Better Price Found,113.72,Completed
6477,58712,224,2023-10-17,Damaged in Transit,312.16,Completed
6478,11516,408,2023-10-25,Defective,576.78,Approved
6479,48465,13,2024-11-29,Not As Described,303.63,Completed
6480,78242,449,2022-05-31,Other,348.66,Pending
6481,97255,204,2022-10-16,Not As Described,438.57,Approved
6482,97009,449,2022-06-22,Other,626.55,Approved
6483,56911,457,2022-04-20,Other,153.32,Pending
6484,67926,263,2024-05-31,Unknown,266.49,Completed
6485,86513,405,2023-11-12,Damaged in Transit,161.62,Approved
6486,3888,439,2024-05-16,Defective,73.84,Pending
6487,37049,416,2023-06-03,Better Price Found,775.54,Approved
6488,80185,74,2022-03-12,Other,444.9,Completed
6489,71066,217,2023-10-14,Not As Described,593.3,Completed
6490,31703,496,2024-09-27,Damaged in Transit,146.63,Approved
6491,20086,228,2024-07-31,Not As Described,707.27,Approved
6492,81404,70,2022-05-20,Changed Mind,93.65,Approved
6493,59070,22,2023-03-09,Damaged in Transit,646.35,Approved
6494,86589,443,2024-11-02,Not As Described,141.69,Approved
6495,86078,238,2023-08-08,Damaged in Transit,196.6,Approved
6496,79653,16,2023-09-13,Better Price Found,99.31,Approved
6497,2091,464,2024-02-26,Sizing Issue,379.17,Approved
6498,87489,351,2022-06-28,Defective,251.32,Approved
6499,62116,231,2024-11-25,Wrong Item,749.74,Approved
6500,9658,331,2022-09-25,Defective,439.49,Approved
6501,50641,157,2024-03-16,Other,710.94,Approved
6502,9327,278,2023-12-10,Sizing Issue,444.51,Approved
6503,31297,260,2024-01-01,Sizing Issue,798.5,Completed
6504,32712,471,2022-08-16,Wrong Item,330.33,Rejected
6505,66341,382,2022-10-03,Other,424.99,Rejected
6506,83202,296,2023-05-13,Other,655.1,Completed
6508,57278,296,2023-04-06,Not As Described,579.84,Approved
6509,45528,442,2024-04-08,Other,169.28,Approved
6510,45588,348,2022-12-30,Sizing Issue,176.79,Approved
6511,92475,334,2024-01-04,Other,722.62,Pending
6512,26243,233,2023-05-23,Wrong Item,444.81,Pending
6513,25356,437,2023-06-07,Other,789.34,Approved
6514,59508,33,2022-10-23,Wrong Item,342.88,Completed
6515,44915,242,2023-12-17,Changed Mind,134.59,Approved
6516,61916,235,2024-09-22,Not As Described,717.34,Completed
6517,20177,398,2022-09-12,Not As Described,109.94,Approved
6518,8088,399,2022-08-21,Unknown,245.86,Completed
6519,9387,256,2024-03-29,Better Price Found,27.15,Approved
6520,5820,288,2022-10-04,Better Price Found,139.66,Approved
6521,22530,252,2022-03-26,Damaged in Transit,123.54,Approved
6522,69336,114,,Changed Mind,238.55,Approved
6523,96096,329,2023-07-11,Other,647.76,Completed
6524,97609,219,,Other,665.13,Completed
6525,25378,170,2023-10-17,Changed Mind,377.64,Completed
6526,26000,402,2022-11-20,Damaged in Transit,243.91,Pending
6527,59513,186,2024-06-25,Wrong Item,358.14,Approved
6528,62091,480,2024-11-11,Other,299.81,Approved
6529,60730,397,2022-09-25,Damaged in Transit,367.1,Approved
6530,91539,157,2024-01-25,Better Price Found,710.94,Completed
6531,20040,435,2023-09-24,Defective,683.1,Pending
6532,6738,441,2022-06-17,Changed Mind,159.42,Approved
6533,52103,51,2023-07-18,Damaged in Transit,124.28,Approved
6534,2319,149,2024-09-02,Sizing Issue,543.5,Approved
6535,74805,116,2022-11-13,Other,764.37,Pending
6536,40994,108,2023-02-04,Damaged in Transit,55.33,Pending
6537,67811,293,2024-11-30,Changed Mind,789.16,Approved
6538,77058,320,2023-03-28,Wrong Item,149.22,Completed
6539,84807,140,2023-12-25,Wrong Item,725.94,Approved
6540,97470,170,2023-10-20,Damaged in Transit,221.54,Approved
6541,738,157,2022-10-18,Unknown,768.93,Completed
6542,94806,243,2023-09-17,Defective,215.54,Approved
6543,68105,405,2022-08-27,Changed Mind,235.99,Completed
6544,38037,185,2024-11-03,Not As Described,135.76,Pending
6545,26251,404,2024-01-09,Other,753.93,Approved
6547,10412,475,2023-07-03,Sizing Issue,549.5,Completed
6548,75760,383,2023-05-10,Sizing Issue,152.2,Approved
6549,43316,415,2023-05-20,Better Price Found,362.81,Approved
6550,25483,6,2022-04-09,Other,794.49,Approved
6551,25090,218,2023-03-03,Better Price Found,162.35,Approved
6552,27088,38,2023-05-27,Wrong Item,311.51,Approved
6553,26091,438,2024-03-22,Not As Described,365.21,Approved
6554,1899,144,2022-10-14,Damaged in Transit,438.59,Completed
6555,55621,201,2022-10-23,Defective,676.21,Pending
6556,81858,298,2022-10-10,Not As Described,634.95,Approved
6557,89387,366,2024-07-28,Better Price Found,47.44,Approved
6558,11707,472,2024-10-24,Other,793.39,Approved
6559,31250,486,2022-04-27,Other,798.78,Approved
6560,30367,177,2023-11-18,Defective,537.48,Approved
6561,59616,339,2023-04-25,Sizing Issue,145.66,Rejected
6562,22757,423,2023-07-05,Sizing Issue,639.72,Completed
6563,5004,12,2023-11-02,Not As Described,546.2,Approved
6564,53104,112,2024-05-26,Damaged in Transit,570.43,Approved
6565,20763,56,2024-03-01,Sizing Issue,640.06,Approved
6566,75627,472,2023-10-04,Sizing Issue,782.02,Approved
6567,62682,314,2024-07-19,Better Price Found,736.94,Approved
6568,35632,185,2024-04-16,Wrong Item,307.52,Approved
6569,63872,170,2023-09-14,Damaged in Transit,314.67,Completed
6570,50475,2,2023-12-12,Not As Described,124.8,Rejected
6571,69174,487,2023-04-28,Sizing Issue,588.85,Approved
6572,79183,38,2023-11-23,Other,621.96,Pending
6573,43185,203,2024-11-22,Sizing Issue,8.96,Completed
6574,17796,297,2024-06-03,Other,756.74,Approved
6575,11947,64,2024-07-19,Damaged in Transit,277.15,Approved
6576,3661,321,2023-06-06,Wrong Item,416.15,Approved
6577,69570,109,2024-02-04,Changed Mind,609.73,Pending
6578,14994,96,2024-12-24,Damaged in Transit,85.0,Completed
6579,95653,349,2024-06-20,Sizing Issue,250.58,Pending
6580,31087,417,2024-09-13,Unknown,380.06,Completed
6581,43961,92,,Not As Described,488.48,Approved
6582,2333,337,2024-09-30,Not As Described,732.84,Approved
6583,15432,31,2024-01-26,Wrong Item,788.91,Approved
6584,72757,377,2024-07-01,Other,327.81,Approved
6585,81581,23,2023-07-29,Not As Described,796.24,Approved
6586,35286,494,2022-08-21,Better Price Found,186.07,Approved
6587,24104,267,,Other,689.85,Completed
6588,66810,295,2024-03-05,Changed Mind,402.33,Approved
6589,56763,427,2023-11-16,Changed Mind,604.61,Pending
6590,12530,187,2022-06-19,Not As Described,335.21,Completed
6591,43736,128,2023-01-01,Sizing Issue,567.63,Approved
6592,63811,87,2024-01-31,Wrong Item,370.96,Approved
6593,26642,307,2022-11-08,Unknown,468.88,Approved
6594,6428,173,2023-05-16,Other,240.57,Approved
6595,69155,208,2023-03-18,Changed Mind,678.79,Pending
6596,9460,233,2023-06-13,Wrong Item,361.21,Rejected
6597,18751,268,2022-06-04,Sizing Issue,486.67,Approved
6598,66807,78,2023-05-11,Damaged in Transit,271.13,Approved
6599,85597,496,2022-05-11,Sizing Issue,652.97,Pending
6600,9045,131,2024-08-01,Wrong Item,92.48,Pending
6601,32633,399,2023-06-27,Other,664.36,Rejected
6602,46804,460,,Other,354.07,Pending
6603,29495,191,2023-09-22,Sizing Issue,39.08,Approved
6604,69724,166,2024-12-29,Unknown,443.27,Approved
6605,31663,13,2024-06-18,Not As Described,431.81,Approved
6606,97769,57,2024-10-29,Not As Described,462.1,Approved
6607,89930,158,2022-05-17,Sizing Issue,211.59,Approved
6608,83361,195,2023-03-01,Damaged in Transit,743.53,Pending
6609,22351,347,2023-11-30,Other,270.69,Approved
6610,15501,377,2024-04-02,Defective,776.09,Approved
6611,39170,236,2023-11-26,Changed Mind,51.5,Approved
6612,42933,84,2024-06-16,Better Price Found,22.89,Pending
6613,67741,210,2024-12-02,Damaged in Transit,160.7,Pending
6614,13327,62,2023-01-16,Not As Described,631.56,Completed
6615,67795,464,2023-06-25,Other,403.96,Approved
6616,53179,304,2022-02-18,Defective,409.89,Approved
6617,23513,181,2024-05-17,Not As Described,299.19,Approved
6618,94294,393,2023-04-16,Other,705.84,Rejected
6619,60844,221,2024-10-13,Not As Described,261.74,Rejected
6620,43120,67,2022-03-15,Changed Mind,180.83,Approved
6621,46131,255,2024-08-03,Changed Mind,596.74,Approved
6622,22519,328,2023-10-20,Changed Mind,12.58,Completed
6623,12873,75,2023-04-29,Defective,407.99,Approved
6624,51126,193,2023-12-12,Sizing Issue,223.35,Completed
6625,12939,260,2023-03-10,Sizing Issue,564.25,Completed
6626,91254,332,2024-07-20,Damaged in Transit,10.53,Rejected
6627,75315,75,2023-03-25,Better Price Found,225.38,Approved
6628,30279,290,2024-05-19,Changed Mind,740.43,Approved
6629,92073,420,2023-05-19,Wrong Item,577.18,Approved
6630,38225,14,2022-06-15,Defective,72.24,Approved
6631,69617,445,2024-02-12,Other,104.11,Pending
6632,50884,103,2024-06-01,Sizing Issue,567.44,Approved
6633,17907,214,2023-03-21,Changed Mind,107.74,Approved
6634,11238,263,2024-02-21,Not As Described,657.52,Completed
6635,51003,417,2024-10-03,Not As Described,661.21,Approved
6636,6704,378,2022-11-10,Sizing Issue,111.13,Rejected
6637,74481,482,2022-07-25,Changed Mind,27.72,Completed
6638,69765,275,2023-10-10,Better Price Found,614.68,Completed
6639,66210,136,2024-08-07,Sizing Issue,289.6,Pending
6640,79207,430,2024-01-29,Damaged in Transit,99.22,Pending
6641,59077,470,2023-04-02,Wrong Item,91.67,Approved
6642,38334,340,,Wrong Item,328.26,Approved
6643,88025,281,2023-05-20,Sizing Issue,486.13,Approved
6644,44603,445,2022-03-21,Changed Mind,455.28,Approved
6645,93238,279,2022-11-06,Not As Described,30.62,Pending
6646,7839,383,2022-10-05,Unknown,455.47,Completed
6647,93486,419,2024-01-13,Changed Mind,133.03,Rejected
6648,85365,178,2023-10-19,Changed Mind,86.86,Pending
6649,24544,174,2024-11-24,Unknown,740.57,Pending
6650,12843,23,2024-04-14,Wrong Item,184.48,Approved
6651,80951,84,2022-02-22,Other,103.81,Approved
6652,93668,455,2023-05-22,Better Price Found,300.04,Approved
6653,71923,271,2024-07-05,Better Price Found,608.62,Approved
6654,69763,103,2022-11-16,Better Price Found,136.77,Pending
6655,75437,444,2022-04-28,Other,97.56,Pending
6656,49264,412,2023-10-19,Not As Described,410.21,Completed
6657,22740,13,2023-08-09,Not As Described,344.08,Approved
6658,51449,493,2024-11-12,Changed Mind,451.21,Approved
6659,27362,292,2023-07-18,Unknown,363.57,Approved
6660,28821,51,2022-12-10,Unknown,176.87,Approved
6661,59365,421,2023-03-07,Changed Mind,62.01,Completed
6662,41635,6,2022-08-29,Defective,115.34,Approved
6663,81753,433,2022-08-14,Defective,82.51,Rejected
6664,11791,448,2022-10-21,Other,658.94,Approved
6665,82405,422,2024-08-28,Other,732.79,Pending
6666,74468,87,2024-09-08,Defective,274.38,Approved
6667,36734,228,2024-01-23,Unknown,379.22,Completed
6668,4977,12,2023-03-04,Better Price Found,452.16,Pending
6669,12618,385,2022-03-23,Wrong Item,754.08,Approved
6670,42882,44,2023-04-28,Not As Described,23.17,Completed
6671,93241,450,2023-07-06,Not As Described,629.47,Approved
6672,20261,302,2024-09-04,Other,727.15,Approved
6673,57767,490,2023-06-14,Unknown,781.27,Approved
6674,54673,198,2023-02-11,Wrong Item,425.27,Approved
6675,30619,166,2023-12-09,Damaged in Transit,627.96,Pending
6676,44168,493,2022-09-28,Unknown,78.56,Pending
6677,3822,178,2023-07-12,Changed Mind,82.03,Approved
6678,86476,183,2022-04-09,Damaged in Transit,143.79,Completed
6679,43900,122,,Other,219.58,Approved
6680,62364,91,2022-02-23,Other,409.92,Approved
6681,5028,13,2022-04-26,Wrong Item,93.7,Approved
6682,10116,366,2022-05-24,Defective,670.06,Approved
6683,44773,251,2022-06-18,Unknown,687.01,Approved
6684,43527,330,2023-07-19,Better Price Found,563.79,Completed
6685,3140,145,2023-06-07,Changed Mind,639.23,Rejected
6686,95519,300,2022-10-18,Better Price Found,200.94,Rejected
6687,80737,59,2022-01-31,Not As Described,735.74,Approved
6688,11806,9,2024-08-25,Better Price Found,279.63,Completed
6689,50406,99,2022-05-09,Defective,369.46,Pending
6690,88831,168,2024-05-11,Not As Described,46.05,Completed
6691,53363,392,2024-11-03,Not As Described,132.11,Approved
6692,42604,346,2022-02-20,Defective,662.56,Approved
6693,9323,163,2024-05-22,Other,449.61,Approved
6694,74137,134,2022-07-23,Not As Described,91.96,Completed
6695,70193,110,2023-01-29,Better Price Found,409.64,Pending
6696,22783,115,2023-12-13,Changed Mind,470.06,Rejected
6697,42302,124,2023-08-24,Defective,750.96,Completed
6698,82899,183,2024-12-24,Defective,343.94,Pending
6699,222,86,2024-08-13,Changed Mind,409.05,Approved
6700,89075,11,2023-03-30,Wrong Item,539.95,Approved
6701,54086,253,2022-04-11,Damaged in Transit,323.32,Approved
6702,28310,216,2022-03-23,Defective,551.03,Pending
6703,57544,422,2024-09-12,Sizing Issue,371.46,Completed
6704,45581,333,2024-02-06,Changed Mind,162.29,Approved
6705,29014,63,2024-04-27,Other,30.59,Pending
6706,39176,481,2023-02-11,Better Price Found,533.03,Rejected
6707,96296,375,2022-03-13,Other,379.98,Completed
6708,41203,417,2022-11-09,Better Price Found,615.57,Rejected
6709,15783,227,,Changed Mind,524.68,Approved
6710,59261,330,2022-03-03,Better Price Found,733.51,Pending
6711,61137,307,2022-10-21,Defective,786.34,Completed
6712,63632,464,2024-12-13,Damaged in Transit,352.8,Completed
6713,76974,363,2024-09-27,Not As Described,390.57,Pending
6714,9511,210,2023-06-14,Defective,523.0,Approved
6715,79382,307,2024-01-08,Changed Mind,485.85,Approved
6716,17870,372,2023-07-23,Unknown,133.61,Pending
6717,18199,403,2024-07-01,Defective,273.2,Approved
6718,24617,48,2023-02-19,Better Price Found,735.49,Pending
6719,54462,489,2024-09-01,Not As Described,425.4,Rejected
6720,70457,81,2022-10-02,Better Price Found,450.1,Approved
6721,34661,205,2024-01-07,Other,350.73,Approved
6722,74620,449,2024-04-22,Not As Described,287.73,Rejected
6723,3793,146,2022-07-16,Wrong Item,48.61,Approved
6724,89670,46,2024-07-15,Not As Described,431.42,Pending
6725,8427,254,2023-02-04,Not As Described,189.27,Completed
6726,26381,440,2022-11-14,Other,712.62,Approved
6727,30718,438,2022-09-30,Changed Mind,468.79,Approved
6728,92471,209,2023-04-21,Unknown,664.54,Approved
6729,33251,287,2023-02-10,Other,224.94,Approved
6730,16692,219,2024-05-05,Better Price Found,730.51,Approved
6731,96587,325,2023-02-18,Wrong Item,384.87,Rejected
6732,12894,212,2024-02-07,Changed Mind,202.89,Approved
6734,62560,7,2023-12-01,Damaged in Transit,62.76,Approved
6735,36408,240,2022-09-25,Unknown,18.45,Pending
6736,70736,462,2023-03-26,Other,547.7,Pending
6737,52096,137,2022-09-14,Defective,273.39,Approved
6738,71571,339,2023-09-24,Changed Mind,610.45,Completed
6739,6191,433,2022-04-02,Damaged in Transit,747.87,Approved
6740,95657,302,2022-11-05,Sizing Issue,187.48,Pending
6741,51564,448,2023-07-04,Changed Mind,310.33,Completed
6742,24684,209,2022-11-26,Wrong Item,718.77,Pending
6743,61371,196,2022-07-27,Other,393.41,Approved
6744,81474,6,2022-08-18,Not As Described,701.29,Rejected
6745,55026,366,2023-12-20,Sizing Issue,126.71,Completed
6746,56381,31,2024-10-19,Other,268.19,Pending
6747,6493,425,2024-03-02,Defective,392.04,Approved
6748,31975,2,2024-04-19,Sizing Issue,110.27,Pending
6749,27818,353,2022-09-20,Sizing Issue,62.89,Completed
6750,43090,178,2022-05-22,Damaged in Transit,176.54,Approved
6751,55932,126,2023-10-17,Other,474.98,Approved
6752,27544,361,2024-09-18,Better Price Found,101.39,Approved
6753,43927,403,2022-11-11,Better Price Found,476.1,Completed
6754,55400,140,2022-11-03,Defective,109.97,Approved
6755,24650,62,2024-03-17,Not As Described,707.66,Rejected
6756,4276,75,2023-11-13,Damaged in Transit,588.5,Completed
6757,80678,210,2023-05-11,Defective,318.15,Approved
6758,67746,46,2024-07-30,Damaged in Transit,689.65,Approved
6759,31037,409,2024-04-26,Sizing Issue,241.13,Approved
6760,11644,356,2023-04-13,Better Price Found,348.7,Pending
6761,76221,167,2023-11-23,Not As Described,188.17,Rejected
6762,64735,158,2024-05-18,Damaged in Transit,26.05,Completed
6763,32502,92,2023-11-20,Damaged in Transit,760.95,Completed
6764,23938,85,2022-05-16,Wrong Item,25.65,Completed
6765,66966,182,2024-06-05,Damaged in Transit,325.01,Approved
6766,87146,105,2022-08-31,Sizing Issue,28.38,Pending
6767,45170,120,2022-03-09,Other,200.0,Approved
6768,16026,9,2022-08-25,Changed Mind,307.85,Approved
6769,80719,438,2022-09-06,Sizing Issue,95.86,Approved
6770,34340,439,2024-06-21,Changed Mind,73.52,Completed
6771,99726,68,2023-06-10,Not As Described,724.48,Completed
6772,77738,172,2023-02-19,Wrong Item,7.11,Rejected
6773,98120,19,2024-01-18,Changed Mind,350.6,Approved
6774,52105,185,2022-03-19,Defective,528.15,Pending
6775,15728,87,2023-01-22,Wrong Item,292.42,Approved
6776,765,69,2024-08-27,Better Price Found,306.68,Approved
6777,81465,101,2022-12-16,Better Price Found,333.01,Completed
6778,60723,489,2022-03-21,Wrong Item,672.82,Completed
6779,323,323,2023-04-26,Wrong Item,642.28,Approved
6780,36583,225,2024-03-07,Unknown,139.18,Approved
6781,65343,196,2023-03-18,Damaged in Transit,776.99,Completed
6782,65402,3,2022-08-19,Other,334.85,Approved
6783,87178,140,2022-04-28,Unknown,116.78,Approved
6784,28942,32,2022-09-07,Damaged in Transit,471.89,Pending
6785,88658,205,2024-07-28,Better Price Found,603.52,Approved
6786,35094,12,2024-05-12,Defective,413.71,Approved
6787,70072,227,2023-04-14,Sizing Issue,715.03,Approved
6788,75287,230,2024-03-24,Defective,289.87,Approved
6789,94276,67,2024-02-29,Unknown,398.4,Approved
6790,20507,300,2022-04-18,Damaged in Transit,197.94,Approved
6791,8288,91,2024-04-18,Wrong Item,630.29,Approved
6792,93017,302,2024-11-02,Other,244.59,Approved
6793,1652,52,2022-12-02,Sizing Issue,525.61,Rejected
6794,23111,440,2023-12-28,Defective,90.51,Pending
6795,14028,163,2022-09-30,Changed Mind,62.33,Completed
6796,68877,497,2024-01-02,Other,773.6,Approved
6797,73177,472,,Changed Mind,747.84,Completed
6798,74351,162,2022-02-01,Defective,457.33,Approved
6799,22375,59,2023-01-16,Changed Mind,736.02,Completed
6800,82891,274,2024-07-29,Other,215.18,Approved
6801,99068,410,2022-11-27,Sizing Issue,162.03,Pending
6802,97690,60,2023-02-12,Damaged in Transit,712.39,Completed
6803,28783,300,2024-11-11,Sizing Issue,211.27,Approved
6804,97819,142,2022-10-23,Sizing Issue,722.63,Rejected
6805,96545,346,2022-03-21,Defective,200.92,Approved
6806,14667,59,2022-10-09,Other,488.33,Approved
6807,19296,163,2023-03-06,Changed Mind,705.96,Approved
6808,22989,381,2024-05-19,Sizing Issue,546.91,Approved
6809,39044,316,2022-11-10,Wrong Item,78.76,Rejected
6810,16380,469,2022-10-06,Sizing Issue,603.94,Pending
6811,30260,38,2023-01-15,Changed Mind,785.72,Approved
6812,11149,7,2023-05-12,Wrong Item,357.4,Approved
6813,48466,192,,Not As Described,694.5,Approved
6814,60507,433,2023-08-22,Unknown,659.14,Approved
6815,30550,133,2024-10-14,Changed Mind,536.95,Completed
6816,8098,111,2022-03-06,Not As Described,726.44,Completed
6817,81365,416,2023-09-21,Unknown,578.64,Approved
6818,42346,407,2023-04-21,Changed Mind,175.66,Completed
6819,21045,225,2022-06-12,Wrong Item,501.51,Completed
6820,79734,41,2024-01-27,Sizing Issue,195.73,Rejected
6821,17616,477,2024-07-15,Wrong Item,301.79,Approved
6822,36854,314,2024-03-14,Wrong Item,431.8,Completed
6823,16635,240,2023-03-30,Unknown,403.81,Approved
6825,21639,485,2024-05-14,Sizing Issue,530.63,Approved
6826,63500,305,2024-11-28,Damaged in Transit,790.41,Approved
6827,27187,97,2022-10-04,Not As Described,522.61,Completed
6828,49921,280,2024-08-27,Wrong Item,645.8,Approved
6829,17871,266,2023-01-27,Changed Mind,497.94,Rejected
6830,7668,346,2023-03-04,Changed Mind,175.14,Completed
6832,66403,355,2022-03-23,Not As Described,628.59,Approved
6833,36315,386,2022-09-14,Other,464.09,Approved
6834,43448,292,2023-08-29,Defective,397.55,Approved
6835,23099,457,2024-12-04,Changed Mind,561.33,Approved
6836,74156,337,2022-11-13,Damaged in Transit,649.93,Completed
6837,6144,179,2024-05-30,Better Price Found,715.41,Pending
6838,6748,122,2024-04-02,Wrong Item,530.0,Approved
6839,98483,372,2022-03-04,Not As Described,723.66,Approved
6840,39047,4,2022-02-27,Other,254.94,Approved
6841,6783,329,2022-02-20,Damaged in Transit,566.89,Approved
6842,66599,388,2024-05-17,Defective,260.44,Pending
6843,45857,404,,Damaged in Transit,511.42,Pending
6845,35171,238,2022-12-17,Sizing Issue,645.88,Completed
6846,40583,300,2022-06-21,Not As Described,163.93,Completed
6847,43075,44,2023-03-23,Changed Mind,119.44,Approved
6848,78086,81,2022-10-07,Changed Mind,242.66,Approved
6849,12327,153,2023-02-27,Wrong Item,93.68,Completed
6850,83669,296,2022-05-10,Other,331.84,Approved
6851,89436,285,2024-05-11,Sizing Issue,403.04,Completed
6852,59255,363,2023-12-12,Not As Described,81.48,Rejected
6853,37461,69,2022-10-29,Sizing Issue,176.72,Pending
6854,96783,293,2024-10-17,Damaged in Transit,483.47,Approved
6855,15419,316,2024-12-14,Better Price Found,586.93,Approved
6856,24662,219,2023-10-11,Sizing Issue,316.84,Approved
6857,78157,62,2023-05-30,Defective,99.17,Completed
6858,39551,403,2023-08-16,Not As Described,713.26,Completed
6859,34536,143,2022-06-30,Defective,499.22,Pending
6860,77012,44,2022-08-14,Better Price Found,536.54,Completed
6861,88479,307,2024-08-25,Wrong Item,468.17,Approved
6862,26095,7,,Changed Mind,551.04,Approved
6863,39169,498,2024-04-12,Defective,249.39,Rejected
6864,36157,323,2023-01-29,Damaged in Transit,475.08,Pending
6865,1607,226,2022-07-26,Better Price Found,286.97,Pending
6866,95692,453,2023-09-15,Unknown,419.36,Completed
6867,27747,453,2024-09-29,Wrong Item,487.48,Approved
6868,29117,302,2023-11-16,Wrong Item,557.3,Approved
6869,63177,101,2024-08-31,Sizing Issue,766.05,Completed
6870,93615,131,,Better Price Found,148.56,Approved
6871,19798,278,2023-07-27,Not As Described,768.27,Approved
6872,86686,236,2024-01-18,Better Price Found,400.05,Approved
6873,60702,140,2023-03-30,Defective,692.38,Completed
6874,44954,294,2022-08-19,Wrong Item,782.8,Pending
6875,38815,124,2023-06-06,Defective,554.22,Approved
6876,24627,299,2022-06-20,Better Price Found,100.98,Completed
6877,23922,68,2023-12-23,Defective,742.83,Rejected
6878,61074,349,2022-05-11,Not As Described,366.35,Approved
6879,84639,35,2023-03-29,Damaged in Transit,274.08,Approved
6880,795,481,2022-11-06,Not As Described,42.53,Completed
6881,39761,4,2022-09-27,Wrong Item,745.08,Completed
6882,65369,42,2024-12-18,Damaged in Transit,229.85,Completed
6883,83256,442,2024-07-20,Not As Described,324.71,Approved
6884,97661,98,2022-05-25,Sizing Issue,223.82,Approved
6885,3635,353,2023-05-14,Changed Mind,275.41,Approved
6886,33958,13,2024-03-18,Sizing Issue,226.62,Approved
6887,34666,118,2024-01-05,Sizing Issue,367.32,Approved
6888,57552,223,2024-10-16,Changed Mind,301.19,Approved
6889,65289,57,2023-05-21,Changed Mind,109.19,Pending
6890,89097,72,2024-05-11,Defective,504.18,Completed
6891,1876,449,2022-04-09,Changed Mind,507.81,Approved
6892,79936,485,2022-04-19,Sizing Issue,502.16,Completed
6893,70756,217,2023-12-02,Damaged in Transit,715.27,Approved
6894,9812,221,2024-04-11,Better Price Found,348.92,Pending
6895,64964,200,2023-11-26,Wrong Item,43.88,Completed
6896,9150,215,2023-11-03,Defective,702.29,Completed
6897,70544,270,2022-05-17,Not As Described,780.33,Approved
6898,43734,388,2022-10-16,Defective,395.44,Completed
6899,61748,338,2024-10-14,Not As Described,470.15,Approved
6900,42694,210,2022-04-11,Defective,375.61,Pending
6901,97875,407,2022-03-11,Damaged in Transit,684.53,Approved
6902,51114,212,2024-07-09,Damaged in Transit,589.38,Completed
6903,89395,441,2023-12-30,Changed Mind,766.47,Completed
6904,76202,228,2023-10-11,Other,625.08,Pending
6905,6951,345,2024-10-30,Sizing Issue,357.07,Pending
6906,90996,333,2024-09-29,Unknown,66.86,Rejected
6907,89568,238,2024-03-29,Better Price Found,166.83,Approved
6908,79390,168,2024-03-08,Other,756.17,Pending
6909,26060,80,2023-05-07,Unknown,768.07,Pending
6910,22319,319,2022-03-28,Unknown,267.46,Completed
6911,70063,136,2023-07-19,Changed Mind,695.56,Completed
6912,65961,104,2024-12-17,Other,191.33,Approved
6913,97598,201,2023-06-20,Not As Described,338.55,Pending
6914,56204,432,2023-09-18,Other,471.82,Approved
6915,44480,227,2022-07-26,Better Price Found,622.51,Rejected
6916,35379,148,2024-09-18,Other,101.82,Approved
6917,53960,285,2024-08-01,Better Price Found,602.16,Approved
6918,98443,417,2024-05-20,Not As Described,339.17,Approved
6919,74009,62,2023-07-23,Better Price Found,546.8,Approved
6920,62703,279,2023-06-01,Better Price Found,675.94,Approved
6921,4374,70,2023-01-20,Defective,371.85,Approved
6922,28588,183,2024-01-11,Wrong Item,371.15,Rejected
6923,4590,40,2024-05-13,Wrong Item,527.02,Approved
6924,60816,290,2022-06-12,Damaged in Transit,644.34,Approved
6925,46235,458,2023-09-21,Defective,296.48,Completed
6926,84592,72,2023-07-07,Changed Mind,153.74,Approved
6927,76974,316,2022-08-01,Damaged in Transit,554.91,Pending
6928,24387,343,2023-07-09,Damaged in Transit,532.69,Approved
6929,8426,19,2023-05-16,Sizing Issue,660.64,Rejected
6930,11438,17,2022-05-10,Better Price Found,213.7,Approved
6931,71648,142,2022-04-05,Wrong Item,411.44,Approved
6932,48333,154,2022-09-19,Unknown,170.77,Pending
6933,64669,340,2022-10-16,Not As Described,388.54,Approved
6934,11037,25,2024-05-25,Damaged in Transit,797.8,Approved
6935,28121,352,2022-02-11,Defective,602.21,Approved
6936,98956,443,2023-01-24,Defective,228.1,Approved
6937,68592,139,2022-08-10,Better Price Found,435.05,Completed
6938,88785,86,2024-10-07,Damaged in Transit,759.8,Approved
6939,89280,429,2023-06-10,Defective,643.63,Pending
6940,38548,143,2022-11-01,Wrong Item,315.24,Pending
6941,86656,405,2024-01-31,Other,694.05,Rejected
6942,49113,161,2023-05-05,Damaged in Transit,419.28,Pending
6943,54713,178,2023-10-20,Changed Mind,467.43,Approved
6944,11467,469,2022-03-19,Damaged in Transit,495.13,Approved
6945,40737,249,2022-12-02,Sizing Issue,551.86,Approved
6946,43522,125,2024-07-20,Better Price Found,645.51,Pending
6947,79226,484,2022-07-29,Sizing Issue,175.9,Approved
6948,95414,48,2024-03-16,Defective,266.12,Approved
6949,7173,157,2024-06-02,Changed Mind,510.17,Approved
6950,8759,224,2022-07-10,Other,795.35,Approved
6951,32305,111,2023-03-27,Wrong Item,674.84,Approved
6952,23941,388,2023-05-21,Damaged in Transit,249.07,Rejected
6953,83837,320,2024-08-10,Sizing Issue,289.47,Pending
6954,36198,297,2024-05-03,Unknown,694.89,Pending
6955,48259,198,2024-10-27,Sizing Issue,456.09,Approved
6956,44937,458,2023-01-22,Damaged in Transit,679.09,Approved
6957,93190,84,2023-05-17,Not As Described,345.06,Pending
6958,36019,318,2022-11-12,Not As Described,583.09,Completed
6959,77518,60,2022-10-15,Wrong Item,637.84,Approved
6960,16850,48,2022-11-21,Wrong Item,42.41,Approved
6961,88661,175,2023-06-14,Wrong Item,241.53,Pending
6962,5566,252,2023-09-25,Sizing Issue,437.61,Approved
6963,9886,404,2023-08-05,Damaged in Transit,238.01,Rejected
6964,42586,457,2022-06-07,Defective,392.38,Pending
6965,54984,208,2023-09-02,Defective,644.28,Pending
6966,28497,63,2024-08-08,Defective,680.29,Approved
6967,62411,381,2023-06-11,Sizing Issue,506.51,Completed
6968,95474,499,2022-12-28,Other,265.99,Approved
6969,47857,283,2024-03-27,Sizing Issue,499.5,Pending
6970,69681,240,2024-11-25,Damaged in Transit,763.82,Approved
6971,59151,398,2022-08-09,Not As Described,276.08,Approved
6972,50874,299,2024-08-20,Better Price Found,190.21,Approved
6973,35182,5,2023-05-09,Sizing Issue,397.24,Approved
6974,85599,316,2023-12-05,Wrong Item,242.98,Completed
6975,30908,446,2024-09-10,Not As Described,679.7,Pending
6976,64863,439,2023-02-07,Damaged in Transit,763.52,Completed
6977,93768,457,2024-06-06,Wrong Item,674.62,Approved
6978,57376,326,2022-09-14,Not As Described,5.89,Pending
6979,31452,74,2024-04-03,Other,174.65,Approved
6980,93864,132,2023-06-05,Defective,1192.18125,Approved
6981,65026,311,2022-07-10,Sizing Issue,384.55,Approved
6982,93917,261,2022-03-09,Better Price Found,385.82,Approved
6983,44511,448,2024-07-06,Unknown,483.86,Approved
6984,19314,489,2023-09-24,Not As Described,269.93,Completed
6985,84493,396,2024-08-26,Not As Described,158.74,Approved
6986,86734,269,2023-11-17,Wrong Item,324.61,Approved
6987,4957,471,2022-02-08,Defective,659.84,Completed
6988,15750,314,2022-10-07,Better Price Found,461.5,Rejected
6990,85477,392,2022-06-11,Not As Described,474.8,Pending
6991,9538,390,2023-05-17,Wrong Item,725.12,Rejected
6992,42452,317,2024-01-16,Defective,17.72,Completed
6993,86196,120,2024-06-14,Better Price Found,795.98,Pending
6994,75628,148,2024-04-26,Defective,143.3,Pending
6995,95598,13,2023-03-19,Other,720.13,Approved
6996,47997,250,2022-12-04,Changed Mind,150.6,Pending
6997,24100,157,2023-04-10,Changed Mind,473.29,Approved
6998,66688,426,2022-06-03,Changed Mind,365.88,Approved
6999,74056,483,2023-05-06,Sizing Issue,640.78,Completed
7000,14774,472,2022-05-13,Sizing Issue,173.27,Pending
7001,16944,346,2022-09-28,Sizing Issue,564.52,Approved
7002,14353,68,2022-03-23,Defective,750.47,Rejected
7003,26051,51,2024-07-26,Not As Described,246.31,Approved
7004,22159,413,2024-11-18,Changed Mind,324.55,Completed
7005,59434,217,2022-09-03,Changed Mind,606.89,Pending
7006,30782,417,2023-05-28,Sizing Issue,483.65,Approved
7007,77100,497,2023-03-01,Other,646.6,Approved
7008,66842,274,2024-01-10,Unknown,319.77,Pending
7009,37890,104,2024-12-06,Sizing Issue,346.23,Completed
7010,92658,49,,Not As Described,300.33,Approved
7011,3046,284,2023-12-28,Not As Described,129.96,Pending
7012,46197,331,2022-08-28,Unknown,763.05,Completed
7013,79409,310,2023-09-16,Defective,338.25,Rejected
7014,40705,454,2024-08-20,Not As Described,511.56,Completed
7015,22040,25,2023-01-09,Sizing Issue,329.08,Approved
7016,90767,93,2024-03-28,Better Price Found,210.94,Approved
7018,90985,399,2022-07-14,Defective,490.44,Completed
7019,54357,189,2023-03-02,Other,795.0,Approved
7020,98798,463,2024-08-20,Defective,501.48,Completed
7021,11135,206,2022-07-01,Changed Mind,491.92,Completed
7022,76094,73,2022-09-03,Defective,235.26,Approved
7023,6101,309,2024-04-11,Defective,206.48,Pending
7024,27866,79,2023-05-03,Sizing Issue,351.4,Pending
7025,3077,276,2024-01-15,Better Price Found,478.21,Pending
7026,95863,11,2023-05-08,Damaged in Transit,619.63,Approved
7027,90658,319,2022-03-30,Defective,713.76,Approved
7028,62664,337,2024-11-24,Defective,130.47,Approved
7029,73370,430,2024-06-02,Defective,276.59,Pending
7030,91168,387,2023-01-26,Other,451.82,Approved
7031,85505,67,2022-08-21,Sizing Issue,110.84,Completed
7032,78246,472,2024-02-18,Other,453.66,Rejected
7033,45863,92,2024-10-28,Better Price Found,732.25,Approved
7034,5845,19,2024-04-07,Defective,660.65,Approved
7035,97566,138,2022-09-29,Damaged in Transit,250.5,Approved
7036,18508,258,2022-05-03,Defective,19.29,Approved
7037,1451,349,2023-03-24,Better Price Found,465.76,Completed
7038,58703,113,2022-12-03,Changed Mind,125.07,Approved
7040,54544,180,2022-09-12,Defective,581.29,Pending
7041,44351,300,2024-12-29,Other,521.67,Approved
7042,39716,227,2022-02-03,Wrong Item,185.16,Approved
7043,12040,3,2024-08-23,Damaged in Transit,172.37,Approved
7044,55247,382,2023-07-11,Better Price Found,366.5,Approved
7045,29556,306,2024-02-26,Wrong Item,647.13,Rejected
7046,36683,37,2023-01-14,Sizing Issue,165.43,Approved
7047,46598,474,2022-10-02,Not As Described,508.45,Pending
7048,94430,108,2023-04-08,Damaged in Transit,113.49,Rejected
7049,82209,308,2023-11-29,Damaged in Transit,242.12,Approved
7050,5478,251,2022-11-23,Changed Mind,347.35,Rejected
7051,95833,82,2024-06-04,Damaged in Transit,142.19,Approved
7052,90309,317,2023-05-03,Better Price Found,610.69,Approved
7053,32016,148,2022-04-27,Sizing Issue,74.04,Approved
7054,32063,43,2024-03-07,Damaged in Transit,608.48,Approved
7055,84950,198,2024-12-28,Other,471.77,Approved
7056,82988,268,2024-01-17,Damaged in Transit,500.95,Approved
7057,58491,335,2023-10-05,Wrong Item,231.02,Pending
7058,9662,258,2024-09-04,Defective,125.7,Pending
7059,26734,310,2022-08-05,Not As Described,283.93,Completed
7060,9657,357,2024-07-23,Other,498.95,Approved
7061,46911,339,2024-03-31,Better Price Found,228.86,Approved
7062,81757,424,,Not As Described,75.12,Rejected
7063,13915,462,2022-07-03,Not As Described,207.73,Approved
7064,22960,207,2022-09-27,Damaged in Transit,183.53,Completed
7065,69157,4,2022-07-08,Defective,450.18,Approved
7066,18664,297,2022-03-27,Better Price Found,305.07,Approved
7067,36316,364,2023-03-26,Other,173.37,Completed
7068,40254,169,2024-10-17,Other,661.99,Approved
7069,78235,4,2023-03-24,Wrong Item,441.01,Completed
7070,36957,254,2023-05-27,Wrong Item,307.66,Approved
7071,77498,221,2024-01-25,Wrong Item,265.07,Approved
7072,75920,279,2024-02-28,Damaged in Transit,431.02,Completed
7073,90500,38,2024-07-18,Better Price Found,314.52,Approved
7074,83369,109,2022-12-18,Defective,85.86,Approved
7075,28766,339,2022-08-01,Changed Mind,159.16,Pending
7076,17915,221,2022-02-16,Other,541.72,Approved
7077,1449,442,2023-10-03,Defective,583.52,Approved
7078,34245,207,2022-10-04,Not As Described,192.27,Approved
7079,42318,350,2024-10-16,Other,670.33,Completed
7080,47310,432,2022-06-16,Not As Described,248.56,Approved
7081,6176,231,2024-09-25,Other,765.22,Approved
7082,26198,11,2022-07-15,Other,389.54,Completed
7083,46461,270,2022-03-30,Wrong Item,435.15,Approved
7084,37102,411,2024-01-07,Damaged in Transit,295.45,Approved
7085,2040,137,2023-02-20,Wrong Item,393.47,Approved
7086,14818,446,2024-01-08,Changed Mind,392.37,Rejected
7087,10172,476,2024-12-18,Other,658.34,Rejected
7088,32083,210,2024-11-02,Sizing Issue,670.38,Approved
7089,43108,317,2024-02-18,Changed Mind,524.51,Approved
7090,68776,307,2023-08-12,Wrong Item,435.53,Pending
7091,85865,275,2023-02-03,Wrong Item,465.69,Completed
7092,85006,219,2022-06-25,Damaged in Transit,320.69,Completed
7093,26804,416,2022-03-03,Better Price Found,799.83,Approved
7094,58747,440,2022-12-09,Not As Described,101.48,Pending
7095,82191,490,2024-04-19,Sizing Issue,552.08,Approved
7096,44605,260,2023-03-19,Not As Described,452.29,Approved
7097,37882,218,2022-06-16,Unknown,189.08,Completed
7098,51216,114,2024-08-06,Wrong Item,624.2,Approved
7099,82236,133,2022-11-26,Not As Described,405.56,Pending
7100,91258,260,2024-04-27,Not As Described,72.69,Completed
7101,18423,14,2024-02-29,Defective,770.64,Approved
7102,48655,192,2023-09-24,Wrong Item,244.48,Completed
7103,25199,58,2023-03-07,Wrong Item,485.61,Pending
7104,72749,416,,Changed Mind,628.7,Rejected
7105,32223,264,2024-09-15,Better Price Found,547.71,Approved
7106,45888,209,2024-12-28,Not As Described,703.76,Completed
7107,52126,366,2024-06-01,Wrong Item,301.07,Approved
7108,56701,217,2022-10-09,Sizing Issue,149.74,Approved
7109,76225,166,2024-02-21,Wrong Item,443.2,Approved
7110,22574,284,2023-04-04,Wrong Item,647.79,Pending
7111,65601,278,2023-02-04,Better Price Found,716.68,Completed
7112,9046,169,2022-10-05,Defective,394.29,Completed
7113,42438,284,2024-07-11,Other,293.68,Approved
7114,18579,133,2023-05-15,Damaged in Transit,448.4,Pending
7115,45425,489,2023-01-18,Other,300.58,Approved
7116,6629,129,2024-04-20,Changed Mind,165.16,Completed
7117,75475,408,2022-03-17,Not As Described,633.15,Approved
7118,95705,279,2023-01-17,Not As Described,571.64,Pending
7119,94030,86,2022-04-01,Sizing Issue,96.24,Approved
7120,78925,365,2023-05-19,Changed Mind,398.73,Approved
7121,83302,66,2024-11-03,Changed Mind,572.87,Completed
7122,31833,366,2023-08-10,Defective,128.5,Completed
7123,77102,379,2022-09-06,Sizing Issue,602.6,Completed
7124,23281,423,2023-09-02,Defective,190.84,Approved
7125,63363,3,2022-10-02,Better Price Found,404.48,Approved
7126,16534,395,2023-08-25,Unknown,107.26,Approved
7127,96894,34,2022-06-08,Sizing Issue,549.15,Rejected
7128,70776,88,2023-11-25,Sizing Issue,230.92,Completed
7129,39201,470,2022-03-13,Damaged in Transit,782.83,Completed
7130,71547,375,2023-06-15,Damaged in Transit,269.48,Approved
7131,4268,269,2024-12-30,Wrong Item,467.99,Rejected
7132,46297,264,2023-11-15,Not As Described,177.15,Approved
7133,25185,52,,Wrong Item,165.7,Rejected
7134,96162,329,2022-02-07,Wrong Item,366.01,Approved
7135,63423,234,2024-02-14,Other,319.65,Completed
7136,90936,234,2023-06-14,Sizing Issue,740.44,Approved
7137,28122,374,2023-08-27,Sizing Issue,305.15,Approved
7138,71099,167,2024-05-20,Sizing Issue,52.13,Approved
7139,1712,368,2022-07-10,Unknown,664.94,Approved
7140,87459,460,2023-01-26,Damaged in Transit,245.83,Completed
7141,76743,248,2022-09-05,Sizing Issue,407.06,Pending
7142,81556,307,2023-11-07,Defective,15.56,Rejected
7143,73880,348,2024-04-07,Better Price Found,668.47,Completed
7144,34955,397,2024-08-24,Defective,789.64,Approved
7145,62802,293,2023-04-16,Other,258.73,Completed
7146,751,267,2024-09-17,Not As Described,38.57,Rejected
7147,22631,55,2023-08-25,Wrong Item,93.09,Completed
7148,147,260,2022-08-23,Other,746.68,Approved
7149,71664,390,2024-02-13,Other,385.46,Completed
7150,77515,148,2023-07-26,Wrong Item,274.97,Approved
7151,62125,117,2023-06-06,Defective,601.73,Pending
7152,18612,477,2023-07-02,Changed Mind,62.06,Approved
7153,40670,327,2024-12-06,Unknown,269.1,Approved
7154,98631,266,2024-02-27,Other,180.7,Approved
7155,84698,373,2023-04-19,Damaged in Transit,23.75,Completed
7156,84331,115,2022-06-09,Sizing Issue,118.16,Approved
7157,6295,184,2023-01-29,Defective,363.84,Approved
7158,35305,64,2022-09-25,Sizing Issue,634.98,Approved
7159,30305,382,2024-08-15,Changed Mind,243.41,Approved
7160,27437,202,2022-08-01,Other,557.57,Rejected
7161,20535,421,2023-11-04,Other,482.42,Approved
7162,35569,250,2023-10-29,Better Price Found,610.38,Pending
7163,58863,263,2022-06-16,Changed Mind,420.2,Rejected
7164,44291,7,2023-01-28,Wrong Item,236.77,Approved
7165,61571,92,2023-11-04,Unknown,727.86,Completed
7166,86908,51,,Not As Described,54.18,Completed
7167,99282,162,2022-09-20,Changed Mind,569.13,Approved
7168,26489,408,2023-01-09,Defective,677.14,Approved
7169,1586,432,2022-12-29,Unknown,150.85,Completed
7170,30524,2,2022-02-28,Better Price Found,95.36,Pending
7171,99760,311,2024-08-23,Not As Described,169.94,Rejected
7172,99748,20,2022-07-25,Changed Mind,743.62,Approved
7173,52191,73,2022-11-16,Unknown,235.49,Completed
7174,40818,211,2024-04-03,Defective,30.03,Completed
7175,59318,285,2023-06-11,Other,175.83,Approved
7176,75924,235,2022-12-20,Better Price Found,769.13,Approved
7177,93351,84,2024-08-22,Better Price Found,190.04,Approved
7178,99280,46,2024-04-02,Not As Described,43.76,Rejected
7179,39774,386,2022-09-07,Other,286.44,Pending
7180,41281,82,2022-10-26,Better Price Found,649.92,Pending
7181,97674,257,2023-12-24,Not As Described,181.36,Completed
7182,40318,88,2023-02-16,Damaged in Transit,219.76,Completed
7183,36355,231,2023-11-07,Other,614.9,Completed
7184,63020,186,2022-11-04,Wrong Item,318.73,Completed
7185,10228,415,2024-12-09,Sizing Issue,46.12,Approved
7186,9903,301,2024-05-29,Not As Described,127.94,Approved
7187,81312,200,2023-04-24,Unknown,154.75,Approved
7188,19603,88,2024-05-12,Not As Described,423.1,Rejected
7189,44226,434,2023-05-29,Changed Mind,300.28,Completed
7190,25419,339,2022-11-21,Sizing Issue,719.91,Completed
7191,80645,156,2023-07-07,Other,268.12,Approved
7192,86290,7,2022-03-19,Changed Mind,64.42,Completed
7193,64590,378,2024-12-07,Not As Described,520.87,Completed
7194,24720,110,2024-01-02,Wrong Item,82.09,Approved
7195,73992,299,2024-02-16,Better Price Found,621.59,Approved
7196,85786,478,2023-04-01,Other,796.54,Completed
7197,81885,38,2022-11-21,Defective,404.03,Approved
7198,18791,350,2024-10-26,Changed Mind,446.16,Approved
7199,90287,309,2024-01-26,Other,706.56,Completed
7200,3290,246,2024-09-19,Wrong Item,31.29,Pending
7201,72525,469,2022-06-03,Changed Mind,781.65,Approved
7202,15696,439,2024-08-26,Not As Described,191.93,Approved
7203,98104,184,2024-02-27,Better Price Found,309.52,Completed
7204,80200,451,2024-03-22,Damaged in Transit,747.06,Approved
7205,71106,432,2022-08-19,Changed Mind,321.43,Approved
7206,83272,382,2024-02-15,Damaged in Transit,350.82,Pending
7207,38765,69,2024-04-28,Better Price Found,497.35,Pending
7208,22475,457,2023-01-23,Unknown,785.82,Pending
7209,23609,44,2022-07-11,Defective,181.83,Completed
7210,84853,284,2022-10-22,Defective,545.5,Pending
7211,62367,332,2024-10-15,Better Price Found,306.65,Pending
7212,45934,140,2022-04-04,Defective,349.23,Completed
7213,59271,139,2024-01-31,Defective,381.0,Approved
7214,28579,473,2023-06-25,Defective,348.16,Approved
7215,1018,267,2023-05-02,Better Price Found,211.67,Pending
7216,99200,227,2024-09-14,Changed Mind,405.85,Pending
7217,81450,319,2024-05-09,Changed Mind,231.09,Approved
7218,44151,451,2022-07-13,Unknown,339.6,Approved
7219,28252,70,2022-11-02,Other,605.05,Approved
7221,34238,210,2024-07-07,Defective,149.23,Rejected
7222,84266,451,2023-07-15,Defective,358.28,Approved
7223,80092,27,2022-11-03,Sizing Issue,320.36,Approved
7224,85666,436,2024-11-01,Wrong Item,673.69,Pending
7225,15395,188,2023-08-10,Not As Described,25.93,Completed
7226,47341,234,2022-04-30,Changed Mind,520.66,Approved
7227,26242,242,2023-01-28,Damaged in Transit,151.75,Completed
7228,10470,47,2023-05-22,Damaged in Transit,274.32,Completed
7229,74913,12,2022-05-05,Other,645.56,Pending
7230,54211,137,2023-11-10,Damaged in Transit,259.8,Pending
7231,99907,73,2023-06-20,Sizing Issue,91.66,Pending
7232,98980,233,2022-02-04,Damaged in Transit,94.83,Completed
7233,47332,55,2024-03-15,Defective,429.9,Approved
7234,44184,422,2022-06-05,Wrong Item,637.7,Approved
7235,88336,251,2024-04-11,Defective,90.76,Approved
7236,87913,379,2024-03-08,Wrong Item,637.92,Approved
7237,80818,1,,Wrong Item,519.41,Approved
7238,34879,17,2023-07-23,Sizing Issue,505.29,Approved
7239,71188,427,2022-10-09,Unknown,288.33,Completed
7240,3544,178,2024-05-22,Not As Described,384.01,Pending
7241,80139,409,2023-07-26,Sizing Issue,662.94,Completed
7242,53885,154,2023-08-04,Better Price Found,465.3,Approved
7243,93818,422,2022-06-03,Better Price Found,67.75,Completed
7244,32053,458,2024-12-25,Not As Described,93.91,Approved
7245,33221,427,2023-02-07,Wrong Item,149.41,Completed
7246,72322,298,2023-02-11,Wrong Item,410.23,Approved
7247,41119,486,2022-02-09,Defective,185.21,Pending
7248,38775,380,2022-07-19,Defective,578.33,Completed
7249,78591,424,2024-02-03,Wrong Item,550.84,Pending
7250,3116,399,2023-05-16,Wrong Item,166.95,Pending
7251,20570,30,2022-03-19,Defective,208.78,Approved
7252,44702,412,2022-03-23,Not As Described,110.99,Completed
7253,95702,428,2024-01-30,Defective,28.62,Completed
7254,13619,181,2022-02-22,Other,250.77,Rejected
7255,35465,441,2023-10-09,Defective,255.46,Approved
7256,28107,10,2022-09-14,Changed Mind,378.0,Pending
7257,84645,222,2022-08-08,Not As Described,235.44,Approved
7258,21006,112,2024-09-15,Defective,695.68,Approved
7259,17988,408,2024-10-28,Wrong Item,683.88,Pending
7260,84826,423,2024-03-16,Other,493.25,Approved
7261,53556,217,2024-09-10,Changed Mind,156.8,Rejected
7262,8351,409,2023-07-13,Defective,398.76,Approved
7263,95124,446,2022-07-06,Better Price Found,797.13,Approved
7264,32897,236,2024-09-17,Better Price Found,513.43,Completed
7266,99173,420,2024-08-15,Defective,103.94,Completed
7267,58837,302,2022-11-06,Defective,219.92,Approved
7268,38441,124,2024-02-16,Unknown,798.59,Completed
7269,89367,472,2022-07-31,Better Price Found,483.85,Approved
7270,65766,189,2024-01-30,Wrong Item,556.8,Pending
7271,41715,441,2024-11-29,Other,384.34,Rejected
7272,55854,265,2023-10-13,Sizing Issue,572.71,Approved
7273,64808,418,2023-09-15,Sizing Issue,276.39,Approved
7274,58667,400,2022-12-04,Sizing Issue,645.9,Approved
7275,64653,58,2022-02-26,Changed Mind,231.73,Approved
7276,35020,205,2024-10-22,Damaged in Transit,353.62,Approved
7277,24628,468,2023-10-06,Changed Mind,220.54,Approved
7278,35963,320,2024-07-17,Changed Mind,49.15,Completed
7279,6647,376,2023-04-21,Changed Mind,746.72,Approved
7280,8253,425,2024-10-20,Not As Described,303.84,Pending
7281,30892,382,2024-04-12,Defective,524.42,Pending
7282,53480,443,2023-03-18,Not As Described,236.86,Pending
7283,85587,484,2023-10-12,Not As Described,581.62,Approved
7284,25713,498,2022-09-14,Better Price Found,374.18,Approved
7285,47224,371,2023-06-21,Wrong Item,10.16,Approved
7286,19539,415,2024-10-28,Other,128.05,Approved
7287,95628,289,2024-07-26,Damaged in Transit,33.43,Completed
7288,22197,85,2022-06-01,Defective,89.67,Approved
7289,12104,22,2024-07-21,Not As Described,700.96,Pending
7290,88907,234,2024-10-02,Better Price Found,106.25,Completed
7291,55840,418,2022-05-13,Defective,412.07,Approved
7292,11836,42,2022-05-25,Not As Described,538.12,Approved
7293,97138,42,2022-05-16,Damaged in Transit,422.41,Approved
7294,80144,104,2023-10-16,Wrong Item,180.96,Rejected
7295,51970,344,2023-10-01,Better Price Found,338.67,Pending
7296,18232,174,,Not As Described,72.12,Approved
7297,276,115,2022-04-24,Changed Mind,564.06,Pending
7298,26703,237,2022-08-15,Defective,215.96,Pending
7299,46016,449,2024-08-27,Sizing Issue,269.15,Approved
7300,39515,363,2022-03-14,Changed Mind,293.23,Approved
7301,74021,159,2022-02-19,Better Price Found,643.64,Approved
7302,46542,43,2023-11-16,Other,226.75,Pending
7303,20717,120,2024-09-28,Changed Mind,267.06,Approved
7304,86795,158,2022-02-07,Not As Described,533.47,Approved
7305,56678,290,2022-04-09,Other,241.89,Rejected
7306,43891,151,2023-10-05,Changed Mind,273.84,Completed
7307,58027,204,2023-06-11,Sizing Issue,412.62,Approved
7308,54549,421,2023-08-24,Unknown,260.21,Pending
7309,99811,150,2024-01-04,Sizing Issue,13.25,Approved
7310,12020,1,2022-06-02,Defective,660.71,Completed
7311,58765,241,2022-06-16,Defective,443.74,Pending
7312,24085,399,2022-12-27,Better Price Found,40.23,Completed
7313,87113,223,2023-07-08,Wrong Item,74.89,Pending
7314,28954,264,,Wrong Item,461.14,Rejected
7315,25339,296,2024-08-25,Other,437.28,Approved
7316,56644,13,2023-08-07,Other,256.25,Pending
7317,7266,156,2024-02-10,Defective,652.06,Rejected
7318,10114,100,2024-11-12,Defective,275.8,Approved
7319,22770,276,2023-02-05,Sizing Issue,400.88,Rejected
7320,62693,416,2023-02-23,Damaged in Transit,339.94,Approved
7321,5976,302,2022-04-02,Better Price Found,630.55,Approved
7322,30614,75,2024-03-23,Unknown,357.14,Completed
7323,90302,107,2022-02-18,Unknown,114.62,Pending
7324,77779,320,2024-05-27,Unknown,319.14,Completed
7325,41622,137,2024-03-18,Better Price Found,750.51,Approved
7326,3757,113,2023-06-14,Other,691.69,Approved
7327,89533,105,2023-09-03,Defective,279.18,Completed
7328,35753,349,2022-07-06,Other,488.81,Approved
7329,61497,75,2024-01-20,Changed Mind,697.45,Completed
7330,71754,492,2023-02-26,Other,469.53,Rejected
7331,76518,339,2023-11-24,Defective,409.49,Pending
7332,5356,426,2023-10-21,Defective,317.7,Approved
7333,71704,491,2022-08-01,Changed Mind,145.15,Approved
7334,20885,231,2024-10-04,Not As Described,650.92,Completed
7335,84978,198,2023-08-23,Defective,673.91,Approved
7336,26796,307,2023-05-09,Sizing Issue,403.44,Rejected
7337,11285,176,2024-07-08,Sizing Issue,537.25,Pending
7338,455,63,2023-08-25,Sizing Issue,417.68,Completed
7339,74340,387,2022-07-22,Damaged in Transit,129.07,Pending
7340,7679,129,2022-09-22,Other,489.19,Approved
7341,66048,214,2024-02-01,Wrong Item,128.81,Approved
7342,73294,87,2023-05-16,Damaged in Transit,224.42,Approved
7343,47517,495,2023-01-26,Changed Mind,418.43,Pending
7344,80410,224,2023-11-10,Not As Described,475.36,Approved
7345,90025,8,2023-06-07,Unknown,339.11,Pending
7346,49181,358,2022-05-22,Other,795.94,Completed
7347,79133,110,2023-06-08,Not As Described,224.67,Approved
7348,78206,318,2022-06-11,Changed Mind,432.08,Approved
7349,74019,21,2023-10-26,Unknown,604.01,Approved
7350,78654,241,2024-03-14,Damaged in Transit,446.69,Approved
7351,11643,288,2022-04-09,Defective,426.51,Pending
7352,37215,53,2024-11-07,Sizing Issue,733.84,Completed
7353,9488,361,2023-02-03,Damaged in Transit,563.23,Rejected
7354,77070,302,2023-11-05,Unknown,749.13,Rejected
7356,39735,88,,Other,433.16,Rejected
7357,79088,499,2022-06-06,Wrong Item,679.25,Pending
7358,64704,122,2022-08-01,Other,227.47,Pending
7359,47396,472,2023-04-08,Sizing Issue,605.59,Approved
7360,7908,269,2022-08-18,Unknown,450.04,Completed
7361,31354,149,2022-08-08,Wrong Item,238.9,Approved
7362,1585,360,2024-09-29,Other,158.08,Pending
7363,91279,37,2024-06-28,Better Price Found,702.98,Pending
7364,94165,229,2022-12-17,Unknown,182.64,Pending
7365,79765,314,2022-02-20,Better Price Found,322.76,Completed
7366,17554,459,2023-05-14,Other,151.94,Approved
7367,14872,312,2022-06-30,Wrong Item,411.51,Approved
7368,85045,470,2022-08-04,Damaged in Transit,629.15,Completed
7369,33927,271,2022-09-17,Changed Mind,317.24,Pending
7370,31961,271,2024-03-29,Defective,772.29,Approved
7371,92174,236,2024-01-08,Other,422.23,Approved
7372,88197,164,2023-06-04,Better Price Found,655.05,Pending
7373,55502,338,2023-05-06,Changed Mind,544.51,Approved
7374,46499,60,2023-06-01,Defective,303.53,Completed
7375,51233,23,2023-05-09,Other,216.67,Completed
7376,433,110,2024-01-09,Better Price Found,20.47,Completed
7377,1533,88,2023-07-11,Damaged in Transit,344.87,Approved
7378,11077,218,2024-08-08,Not As Described,330.29,Completed
7379,66778,166,2024-01-18,Sizing Issue,672.77,Approved
7380,61082,480,2023-12-07,Not As Described,294.31,Rejected
7381,88138,217,,Wrong Item,112.42,Pending
7382,69605,268,2024-09-21,Unknown,25.3,Approved
7383,80686,404,2024-06-10,Better Price Found,309.07,Completed
7384,36726,135,2022-11-03,Wrong Item,530.92,Approved
7385,52186,161,2022-12-03,Changed Mind,643.94,Approved
7386,8194,412,2022-03-26,Sizing Issue,690.2,Approved
7387,97586,415,2024-09-02,Defective,64.7,Approved
7388,48032,78,2023-06-20,Damaged in Transit,485.94,Completed
7389,87275,226,2023-12-13,Not As Described,564.41,Approved
7390,48374,93,2024-08-07,Not As Described,353.91,Pending
7391,60696,16,2023-11-08,Changed Mind,761.06,Rejected
7392,48294,342,2024-04-18,Other,272.79,Approved
7393,11376,107,2022-11-16,Better Price Found,220.21,Pending
7394,72223,60,2023-02-05,Damaged in Transit,48.18,Pending
7395,35060,221,2024-02-18,Defective,497.38,Approved
7396,98297,443,2024-06-27,Sizing Issue,237.02,Rejected
7397,75622,288,2022-08-23,Wrong Item,445.07,Approved
7398,22880,233,2023-02-10,Better Price Found,335.06,Pending
7399,64174,446,2024-08-01,Not As Described,494.9,Approved
7400,11220,494,2022-11-11,Defective,734.0,Approved
7401,82047,261,2022-10-02,Changed Mind,609.44,Approved
7402,12085,214,2023-08-12,Other,1192.18125,Approved
7403,34552,57,2022-12-25,Defective,723.76,Approved
7404,6930,145,2022-09-04,Defective,169.88,Pending
7405,26181,121,2024-05-07,Changed Mind,53.0,Approved
7406,66537,36,2024-03-02,Other,626.45,Pending
7407,526,162,2022-02-19,Other,99.39,Approved
7408,14260,320,2022-07-12,Better Price Found,789.03,Completed
7409,51205,107,2024-05-25,Not As Described,111.62,Pending
7410,44115,333,2023-12-16,Sizing Issue,698.25,Approved
7411,47390,93,2023-03-31,Sizing Issue,372.44,Approved
7412,70277,193,2024-01-01,Wrong Item,80.05,Completed
7413,76630,99,2024-08-19,Other,433.41,Approved
7414,14044,271,2022-10-24,Sizing Issue,596.03,Approved
7415,88389,111,2022-12-24,Better Price Found,499.18,Completed
7416,50862,291,2023-01-17,Sizing Issue,435.56,Approved
7417,94904,65,2023-09-10,Better Price Found,278.85,Completed
7418,78885,497,2024-07-22,Damaged in Transit,724.74,Completed
7419,20855,226,2024-03-02,Damaged in Transit,130.98,Approved
7420,82212,309,2024-03-02,Defective,340.59,Approved
7421,44998,237,2023-12-23,Defective,350.31,Approved
7422,1799,176,2024-11-14,Not As Described,263.48,Pending
7423,86557,71,2024-12-02,Changed Mind,466.96,Completed
7424,22035,279,2024-12-21,Changed Mind,212.76,Pending
7425,84991,76,2022-03-25,Defective,233.54,Approved
7426,2579,123,2023-05-09,Other,777.76,Pending
7427,93650,302,2023-10-12,Not As Described,176.25,Pending
7428,13493,397,2023-03-02,Changed Mind,202.91,Pending
7429,59707,459,2022-08-13,Better Price Found,462.56,Pending
7431,77243,88,2023-10-14,Other,789.44,Approved
7432,52065,94,2024-11-16,Wrong Item,491.29,Completed
7433,53395,214,2024-01-31,Sizing Issue,28.93,Approved
7434,97484,240,2023-01-25,Sizing Issue,654.71,Approved
7435,16899,328,2023-06-28,Changed Mind,409.28,Completed
7436,22218,102,2024-01-26,Better Price Found,750.3,Pending
7437,17013,389,2022-06-07,Sizing Issue,484.03,Completed
7438,2657,170,2024-10-06,Defective,604.16,Pending
7439,25260,188,2023-06-11,Unknown,787.11,Rejected
7440,28649,181,2022-05-29,Better Price Found,516.66,Completed
7441,50174,421,2023-08-10,Other,137.82,Approved
7442,76850,476,2024-03-22,Sizing Issue,436.1,Pending
7443,40340,488,2023-11-13,Other,544.6,Approved
7444,60305,57,2022-04-18,Better Price Found,425.76,Approved
7445,72865,497,2022-12-11,Other,38.66,Approved
7446,17509,388,2022-04-23,Defective,696.68,Pending
7447,54470,404,2023-03-05,Changed Mind,26.98,Pending
7448,27878,359,2022-02-11,Better Price Found,19.55,Rejected
7449,76369,214,2023-10-04,Sizing Issue,297.16,Approved
7450,6152,343,2023-08-19,Other,784.84,Pending
7451,62794,428,2023-09-12,Damaged in Transit,614.21,Pending
7452,29897,142,2022-03-06,Changed Mind,798.44,Approved
7453,8070,314,2023-10-18,Damaged in Transit,453.58,Rejected
7454,14712,313,2023-06-03,Sizing Issue,559.26,Pending
7455,53281,11,2022-09-11,Better Price Found,515.63,Pending
7456,92373,280,2023-04-19,Unknown,676.72,Completed
7457,86392,233,2023-06-09,Better Price Found,360.5,Approved
7458,52366,407,2024-03-20,Defective,783.7,Rejected
7459,88714,441,2023-11-22,Damaged in Transit,16.69,Approved
7460,37495,190,2023-12-24,Defective,698.84,Approved
7461,1418,83,2022-12-05,Better Price Found,327.39,Approved
7462,52415,252,2022-07-17,Changed Mind,586.37,Approved
7464,59386,470,2023-01-10,Other,460.85,Completed
7465,32144,101,2024-01-26,Wrong Item,699.66,Approved
7466,77054,309,2024-08-20,Sizing Issue,587.16,Approved
7467,475,295,2024-09-21,Wrong Item,448.74,Approved
7468,70215,404,2022-09-27,Better Price Found,185.28,Approved
7469,44273,289,2024-05-21,Wrong Item,221.03,Approved
7470,45162,455,2024-02-14,Wrong Item,371.29,Completed
7471,23560,328,2024-04-27,Not As Described,188.27,Pending
7472,44739,428,2024-01-03,Better Price Found,26.42,Completed
7473,26475,460,2023-12-13,Damaged in Transit,279.11,Approved
7474,31343,426,2023-06-12,Not As Described,215.27,Pending
7475,37319,330,2023-11-30,Wrong Item,176.09,Approved
7476,32621,497,2022-10-16,Unknown,558.65,Pending
7477,19322,256,2022-07-01,Defective,227.78,Approved
7478,34437,348,2023-01-05,Damaged in Transit,249.36,Pending
7479,32612,493,2022-02-03,Not As Described,199.35,Approved
7480,83056,25,2022-03-01,Sizing Issue,271.96,Rejected
7481,95255,144,2022-10-21,Changed Mind,539.62,Completed
7482,72273,425,2024-09-03,Other,578.68,Approved
7483,99711,222,2024-05-01,Sizing Issue,299.36,Approved
7484,37561,123,2022-10-04,Better Price Found,666.58,Completed
7485,313,387,,Better Price Found,722.61,Rejected
7486,83407,363,,Better Price Found,400.11,Approved
7487,19209,418,2023-01-10,Damaged in Transit,320.37,Approved
7488,67178,362,2024-05-13,Unknown,555.31,Completed
7489,30305,139,2023-07-29,Defective,362.65,Rejected
7490,15686,47,2022-02-02,Changed Mind,722.5,Rejected
7491,60725,104,2023-07-26,Better Price Found,718.02,Rejected
7492,91826,321,2023-09-18,Defective,101.59,Approved
7493,6476,394,2022-08-04,Unknown,466.61,Completed
7494,18208,290,2022-09-16,Damaged in Transit,109.03,Rejected
7495,41368,371,2022-09-11,Wrong Item,669.35,Approved
7496,95822,146,2024-04-03,Wrong Item,556.0,Pending
7497,87072,128,2023-06-27,Better Price Found,588.19,Approved
7498,13305,79,2024-04-01,Unknown,294.82,Pending
7499,19264,105,2024-10-26,Wrong Item,697.14,Completed
7500,78742,204,2024-10-07,Damaged in Transit,622.23,Pending
7501,99257,464,2022-03-03,Better Price Found,795.26,Approved
7502,25602,10,2024-06-22,Better Price Found,375.07,Approved
7503,52435,233,2023-10-20,Sizing Issue,743.89,Rejected
7504,39052,22,2022-05-20,Wrong Item,198.97,Approved
7505,87501,55,2022-08-26,Wrong Item,415.97,Completed
7506,42575,65,2022-03-27,Changed Mind,291.0,Approved
7507,7581,216,2024-10-05,Unknown,188.09,Pending
7508,30995,128,2023-02-19,Not As Described,750.92,Completed
7509,51583,58,2023-01-16,Better Price Found,96.48,Pending
7510,22842,409,2023-07-25,Damaged in Transit,239.78,Approved
7511,1900,333,2023-06-27,Other,685.01,Approved
7512,65899,464,2022-12-02,Changed Mind,272.91,Pending
7513,70440,246,2024-11-28,Not As Described,265.46,Completed
7514,60141,386,2024-09-11,Sizing Issue,206.72,Pending
7515,63493,379,2022-05-13,Not As Described,595.67,Approved
7516,96042,310,2023-10-10,Better Price Found,7.57,Approved
7517,93598,492,2024-06-19,Not As Described,613.9,Pending
7518,99461,481,2022-11-05,Other,194.66,Approved
7519,73808,489,2024-08-13,Sizing Issue,681.2,Pending
7520,34038,132,2022-07-06,Other,161.05,Approved
7521,49633,125,2023-10-23,Unknown,310.34,Approved
7522,28244,415,2024-12-14,Sizing Issue,624.11,Approved
7523,27492,422,2024-01-05,Better Price Found,632.86,Pending
7524,16478,69,2024-09-07,Defective,444.09,Pending
7525,44800,281,2023-05-30,Wrong Item,488.3,Approved
7526,79436,315,2024-09-02,Sizing Issue,312.28,Pending
7527,2982,43,2022-08-19,Better Price Found,127.03,Completed
7528,90076,333,2024-09-12,Better Price Found,1192.18125,Approved
7529,18474,94,,Damaged in Transit,262.19,Approved
7530,42490,216,2022-09-19,Sizing Issue,425.55,Approved
7531,82725,57,2022-04-06,Damaged in Transit,17.81,Pending
7532,22155,382,2024-12-07,Other,640.53,Completed
7533,48981,457,2024-07-19,Wrong Item,736.29,Rejected
7534,30729,455,2023-08-20,Wrong Item,635.28,Approved
7535,47059,60,2024-01-07,Sizing Issue,299.84,Approved
7536,57709,474,2024-01-13,Not As Described,423.72,Rejected
7537,9269,303,,Unknown,754.05,Approved
7538,45412,255,2024-12-03,Other,457.92,Pending
7539,3216,11,2023-08-18,Other,189.27,Completed
7540,83962,437,2024-07-06,Better Price Found,316.15,Pending
7541,70169,382,2024-07-31,Defective,143.25,Rejected
7542,66048,488,2023-12-14,Sizing Issue,76.85,Approved
7543,6118,365,2023-09-13,Better Price Found,483.04,Approved
7544,25062,219,2022-08-30,Damaged in Transit,555.9,Completed
7545,25845,359,2022-09-23,Not As Described,687.52,Pending
7546,33007,382,2024-09-03,Damaged in Transit,513.21,Pending
7547,2706,26,2022-07-08,Better Price Found,523.92,Approved
7548,66887,168,2023-01-01,Changed Mind,566.92,Rejected
7549,76080,328,2022-11-30,Better Price Found,437.82,Pending
7550,86452,352,2023-05-31,Wrong Item,238.57,Approved
7551,75268,486,2024-02-28,Other,712.07,Completed
7552,52358,392,2022-08-08,Defective,358.71,Approved
7553,37453,308,2022-06-14,Better Price Found,84.87,Approved
7554,24317,108,2023-08-30,Better Price Found,570.31,Approved
7555,6044,84,2023-07-27,Defective,760.91,Pending
7556,48864,388,2024-08-23,Defective,134.09,Approved
7557,86534,465,2022-12-11,Other,524.39,Completed
7558,78210,457,2022-12-20,Damaged in Transit,464.74,Pending
7559,21025,467,2023-06-03,Better Price Found,604.3,Approved
7560,80455,123,2022-10-18,Unknown,341.6,Approved
7561,26701,106,2023-11-13,Unknown,779.27,Approved
7562,2940,145,2022-08-22,Not As Described,776.73,Approved
7563,60931,147,2024-02-26,Damaged in Transit,93.01,Pending
7564,8667,323,2023-02-26,Defective,709.3,Pending
7565,42193,247,2024-10-18,Defective,651.58,Approved
7566,28752,76,2024-05-13,Changed Mind,110.6,Pending
7567,5173,130,2024-06-30,Better Price Found,754.09,Approved
7568,6275,430,2024-02-12,Not As Described,587.63,Approved
7569,70652,216,2024-01-10,Unknown,797.5,Completed
7570,16103,212,2023-06-23,Not As Described,668.7,Pending
7571,86235,284,2022-07-08,Not As Described,797.66,Approved
7572,41493,426,2024-04-21,Sizing Issue,126.36,Completed
7573,46985,251,2023-11-16,Sizing Issue,195.56,Approved
7574,69176,278,2024-03-17,Damaged in Transit,737.98,Approved
7575,51441,43,2023-02-13,Unknown,290.31,Completed
7576,40188,372,2022-06-10,Other,797.4,Approved
7577,23451,266,2022-07-09,Not As Described,418.56,Approved
7578,93264,282,2024-08-01,Damaged in Transit,228.48,Pending
7579,84049,307,2023-04-01,Changed Mind,593.51,Pending
7580,51996,34,2023-04-16,Sizing Issue,668.56,Pending
7581,88451,112,2023-06-25,Other,513.79,Approved
7582,30362,463,2024-04-20,Better Price Found,38.09,Approved
7583,88111,287,2024-08-27,Other,276.84,Completed
7584,80888,297,2023-10-07,Better Price Found,644.58,Approved
7585,38141,16,2022-05-27,Wrong Item,20.14,Approved
7586,97672,300,2024-12-28,Better Price Found,577.27,Approved
7587,79107,339,2023-12-07,Other,327.67,Approved
7588,8687,339,2022-04-21,Changed Mind,419.56,Approved
7589,14681,365,2024-12-12,Unknown,605.77,Pending
7590,41499,372,2022-11-06,Changed Mind,493.86,Approved
7591,76147,200,2024-03-22,Wrong Item,6.06,Pending
7592,87364,32,2022-11-02,Other,229.43,Approved
7593,79764,117,2024-11-16,Better Price Found,561.97,Approved
7594,59735,245,2024-12-13,Defective,558.56,Approved
7595,89954,261,2023-04-09,Sizing Issue,579.1,Approved
7596,68618,460,2024-04-28,Better Price Found,143.42,Approved
7597,15400,17,2024-05-28,Better Price Found,131.37,Approved
7598,70007,313,2023-11-24,Not As Described,789.26,Completed
7600,81529,249,2023-11-18,Damaged in Transit,18.28,Completed
7601,81530,342,2024-09-01,Sizing Issue,647.21,Approved
7602,46708,180,2023-05-27,Sizing Issue,606.71,Pending
7603,11816,224,2024-05-13,Better Price Found,412.98,Approved
7604,73976,299,2023-05-01,Defective,682.57,Approved
7605,75264,475,2023-06-13,Wrong Item,627.41,Completed
7606,44929,307,2023-06-07,Wrong Item,410.36,Completed
7607,10462,23,2023-07-03,Not As Described,524.53,Approved
7608,2649,444,2024-07-26,Not As Described,799.84,Approved
7609,40084,476,2023-02-23,Wrong Item,213.59,Approved
7610,88599,17,2023-10-05,Changed Mind,14.15,Completed
7611,57981,481,2023-02-25,Defective,558.12,Completed
7612,71460,378,2024-04-17,Other,569.64,Approved
7613,69206,99,2023-05-08,Other,418.36,Approved
7614,91605,74,2024-10-01,Defective,762.0,Completed
7615,77099,444,,Other,526.66,Approved
7616,82643,354,2024-05-26,Defective,743.26,Approved
7617,41526,135,2024-10-23,Changed Mind,639.09,Approved
7618,61690,340,2023-09-01,Better Price Found,216.64,Approved
7619,80274,154,2024-08-12,Changed Mind,237.91,Completed
7620,22765,200,2024-09-19,Other,721.78,Rejected
7621,70501,213,2023-08-06,Better Price Found,495.51,Approved
7622,70189,311,2023-10-08,Damaged in Transit,86.32,Pending
7623,44796,262,2024-11-27,Other,625.99,Approved
7624,24466,422,2024-03-28,Damaged in Transit,650.61,Pending
7625,67236,433,2023-02-18,Damaged in Transit,573.9,Pending
7626,39264,135,2023-06-06,Sizing Issue,744.9,Approved
7627,53537,435,2024-06-16,Not As Described,75.3,Pending
7628,96302,312,2023-03-31,Other,564.34,Approved
7629,67287,278,2022-06-16,Unknown,61.37,Completed
7630,88334,330,2022-12-27,Defective,135.93,Completed
7631,3412,261,2022-06-02,Defective,301.16,Approved
7632,67444,241,2023-05-21,Defective,29.31,Pending
7633,58933,246,2024-08-13,Sizing Issue,79.15,Completed
7634,72270,298,2023-02-26,Defective,146.34,Completed
7635,69483,189,2023-03-26,Changed Mind,688.02,Approved
7636,90321,340,2023-09-10,Damaged in Transit,609.03,Approved
7637,66430,214,2022-05-16,Better Price Found,719.59,Approved
7638,1675,306,2022-07-31,Sizing Issue,326.78,Pending
7639,3517,326,2024-05-10,Damaged in Transit,78.51,Approved
7640,44576,208,2024-08-29,Sizing Issue,709.16,Pending
7641,648,352,2022-07-22,Other,134.68,Approved
7642,9744,441,2022-07-27,Other,688.75,Approved
7643,63933,233,2022-12-29,Wrong Item,203.32,Rejected
7644,35649,237,2024-04-17,Other,308.49,Approved
7645,8017,170,2024-02-01,Not As Described,454.81,Approved
7646,98037,158,2022-08-21,Not As Described,167.07,Approved
7647,2086,57,2024-08-20,Wrong Item,527.75,Pending
7648,68281,318,2022-04-01,Sizing Issue,519.71,Approved
7649,59178,18,2023-03-11,Other,631.51,Pending
7650,90701,52,2023-02-09,Damaged in Transit,105.56,Rejected
7651,34646,154,2022-08-21,Changed Mind,419.36,Pending
7652,48637,368,2024-04-06,Defective,633.47,Approved
7653,76716,385,2023-02-19,Not As Described,760.17,Completed
7654,70063,36,2023-12-29,Better Price Found,107.62,Completed
7655,11791,362,2022-10-16,Wrong Item,272.77,Pending
7656,60797,235,2022-04-12,Better Price Found,561.09,Approved
7657,31784,339,2023-11-10,Better Price Found,408.38,Approved
7658,81890,464,2023-08-07,Damaged in Transit,537.16,Approved
7659,95153,324,2023-12-09,Changed Mind,721.64,Pending
7660,9451,150,2023-08-04,Sizing Issue,779.5,Approved
7661,32744,107,2024-12-20,Other,397.37,Approved
7662,46383,308,2022-07-21,Wrong Item,100.66,Pending
7663,44401,310,2023-08-05,Not As Described,625.2,Approved
7664,54777,17,2024-12-17,Not As Described,529.67,Approved
7665,38267,34,2022-02-10,Changed Mind,132.93,Approved
7666,8153,402,2022-11-28,Wrong Item,199.84,Approved
7667,45186,30,2023-03-24,Not As Described,18.76,Rejected
7668,45591,432,2022-05-13,Unknown,551.95,Approved
7669,86155,16,2022-03-06,Changed Mind,679.09,Pending
7670,30302,419,2024-05-26,Damaged in Transit,222.91,Approved
7671,20842,198,2022-11-11,Changed Mind,371.91,Pending
7672,3754,345,2024-12-19,Other,1192.18125,Approved
7673,99321,207,2024-09-15,Wrong Item,468.7,Approved
7674,9443,389,2022-07-10,Wrong Item,73.13,Pending
7675,53590,84,2024-03-29,Wrong Item,299.31,Pending
7676,11236,198,2022-02-04,Better Price Found,311.61,Pending
7677,80122,299,2022-08-23,Sizing Issue,492.96,Approved
7678,9434,285,2023-10-08,Defective,496.41,Pending
7679,71220,44,2022-05-25,Not As Described,516.63,Approved
7680,5451,344,2024-12-18,Changed Mind,741.82,Completed
7681,89704,157,2022-11-18,Other,758.53,Completed
7682,28050,498,2022-09-21,Changed Mind,349.52,Approved
7683,85995,138,2022-03-14,Defective,383.1,Approved
7684,22926,112,2022-07-26,Wrong Item,331.07,Rejected
7685,51583,255,2022-10-12,Other,143.23,Pending
7686,71693,216,2024-06-24,Wrong Item,592.07,Completed
7687,50019,361,2022-05-28,Unknown,443.8,Pending
7688,71334,204,2024-08-28,Not As Described,753.63,Approved
7689,19376,450,2022-10-26,Unknown,256.18,Pending
7690,61383,418,2022-08-10,Sizing Issue,300.39,Pending
7691,41944,372,2023-06-13,Sizing Issue,13.45,Approved
7692,69619,185,2023-02-02,Changed Mind,299.03,Completed
7693,56176,453,2024-09-09,Sizing Issue,653.18,Pending
7694,93043,487,2022-02-05,Sizing Issue,57.89,Approved
7695,48056,360,2022-05-01,Better Price Found,450.43,Approved
7696,88807,329,2024-10-09,Other,166.54,Approved
7697,28781,484,2024-01-04,Other,155.47,Approved
7698,10026,280,2022-12-18,Better Price Found,572.22,Pending
7699,8013,470,2022-03-31,Sizing Issue,422.82,Approved
7700,19430,127,2022-11-26,Other,143.94,Approved
7701,28805,215,2023-06-02,Better Price Found,627.35,Rejected
7702,33043,161,2023-09-17,Not As Described,74.7,Approved
7703,94923,381,2023-04-08,Wrong Item,672.88,Completed
7704,10845,8,2024-10-14,Not As Described,366.19,Pending
7705,4105,255,2024-03-01,Sizing Issue,19.96,Pending
7706,58487,255,2022-11-30,Sizing Issue,441.25,Approved
7707,79120,257,2023-10-06,Not As Described,550.59,Approved
7708,44100,182,2024-07-10,Not As Described,434.83,Approved
7709,64234,424,2022-07-01,Sizing Issue,618.75,Completed
7710,72023,147,2023-03-09,Better Price Found,459.46,Approved
7711,17986,388,2022-09-11,Not As Described,330.94,Rejected
7712,9570,45,2024-09-26,Wrong Item,158.54,Approved
7713,84143,221,2023-06-08,Not As Described,107.06,Completed
7714,19714,462,2022-05-23,Other,145.65,Pending
7715,84406,424,2023-03-12,Changed Mind,370.41,Pending
7716,41934,453,2023-02-01,Not As Described,754.03,Approved
7717,90063,22,2023-02-20,Changed Mind,278.24,Completed
7718,98245,440,2023-01-25,Defective,578.71,Approved
7719,32419,198,2024-08-17,Better Price Found,350.41,Pending
7720,34271,309,2022-06-15,Unknown,201.26,Approved
7721,13567,29,2022-07-11,Damaged in Transit,477.83,Rejected
7722,6005,168,2024-03-18,Other,252.85,Approved
7723,27033,372,2022-06-11,Changed Mind,473.86,Approved
7724,33102,4,2022-08-07,Defective,19.84,Approved
7725,96865,308,2022-12-23,Not As Described,125.18,Completed
7726,26779,339,2022-05-07,Wrong Item,239.52,Completed
7727,85000,44,2024-07-31,Not As Described,331.57,Approved
7728,42656,193,2024-10-27,Wrong Item,780.02,Rejected
7729,14467,297,2024-03-11,Sizing Issue,711.32,Pending
7730,7770,51,2022-08-10,Other,159.22,Pending
7731,53507,170,2023-01-05,Other,298.77,Approved
7732,89887,318,2024-03-01,Damaged in Transit,190.78,Pending
7733,99045,184,2022-10-03,Damaged in Transit,119.73,Approved
7734,85736,111,2024-06-24,Not As Described,650.34,Completed
7735,7794,142,2022-05-11,Wrong Item,358.64,Approved
7736,57942,463,2023-11-28,Sizing Issue,34.82,Pending
7737,424,22,2024-12-13,Unknown,19.18,Approved
7738,32663,368,2024-04-14,Changed Mind,258.62,Approved
7739,95069,441,2023-06-14,Unknown,713.11,Approved
7740,19040,470,2023-12-07,Sizing Issue,194.75,Approved
7741,65120,348,2024-02-13,Not As Described,415.43,Approved
7742,35870,73,2024-10-20,Not As Described,620.11,Pending
7743,13999,21,2023-11-23,Other,205.4,Completed
7744,93360,392,2023-08-12,Damaged in Transit,506.58,Approved
7745,8466,385,2023-05-08,Better Price Found,673.94,Approved
7746,60789,207,2024-07-23,Better Price Found,484.4,Approved
7747,10173,344,2024-06-28,Damaged in Transit,61.67,Approved
7748,1449,135,2022-09-26,Sizing Issue,616.31,Completed
7749,10681,19,2022-12-29,Changed Mind,276.7,Pending
7750,86864,203,2023-07-20,Better Price Found,78.46,Approved
7751,10978,391,2022-12-20,Better Price Found,678.89,Completed
7752,80119,437,2024-08-09,Not As Described,231.66,Completed
7753,58412,139,2024-02-22,Not As Described,41.29,Approved
7754,89661,305,2024-07-28,Other,444.13,Approved
7755,1198,221,2024-10-26,Sizing Issue,267.01,Approved
7756,96775,314,2024-10-05,Other,26.78,Pending
7757,46337,423,2023-11-03,Better Price Found,544.33,Approved
7758,75566,62,2023-01-27,Wrong Item,485.36,Completed
7759,44972,313,2023-06-27,Sizing Issue,232.07,Approved
7760,4243,232,2024-08-07,Not As Described,580.65,Pending
7761,34990,362,2024-03-19,Damaged in Transit,602.95,Approved
7762,77787,125,2023-01-14,Not As Described,433.47,Approved
7763,87856,28,2022-07-17,Wrong Item,479.61,Approved
7764,41281,194,2023-09-04,Not As Described,93.0,Approved
7765,62263,201,2024-08-26,Better Price Found,730.72,Pending
7766,94164,425,2023-01-06,Damaged in Transit,484.75,Approved
7767,48334,8,2024-10-25,Unknown,425.19,Completed
7768,10691,468,,Sizing Issue,620.03,Approved
7769,16570,481,2024-02-08,Defective,460.76,Approved
7770,43868,478,2023-12-14,Not As Described,473.13,Approved
7771,21250,459,2023-12-16,Not As Described,284.63,Rejected
7772,52426,212,2024-05-14,Wrong Item,220.2,Approved
7773,56657,81,2023-01-19,Defective,206.41,Approved
7774,85373,26,2024-05-24,Damaged in Transit,419.38,Completed
7775,3921,475,2023-01-25,Sizing Issue,411.0,Approved
7776,69827,465,,Other,302.24,Approved
7777,56682,497,2023-01-23,Other,436.97,Rejected
7778,92115,386,2022-03-03,Other,52.06,Approved
7779,68868,391,2022-06-04,Changed Mind,408.42,Approved
7780,41291,85,2023-02-21,Other,553.48,Approved
7781,53251,461,2023-06-01,Better Price Found,376.07,Pending
7782,7170,324,2024-11-22,Wrong Item,224.26,Approved
7783,14078,182,2024-07-22,Unknown,624.05,Approved
7784,6437,425,2024-01-23,Wrong Item,202.86,Pending
7785,85350,214,2022-12-09,Not As Described,382.3,Pending
7786,49914,386,2023-06-14,Sizing Issue,403.57,Rejected
7787,53858,402,2024-02-29,Sizing Issue,514.35,Approved
7788,87720,185,2023-02-28,Sizing Issue,656.73,Pending
7789,20537,139,2024-05-27,Defective,571.03,Approved
7790,27690,23,2024-11-07,Wrong Item,650.62,Pending
7791,63582,35,2024-02-08,Unknown,773.9,Approved
7792,63789,1,2024-02-08,Sizing Issue,275.86,Rejected
7793,94379,107,2024-09-22,Sizing Issue,424.74,Completed
7794,48201,31,2022-02-19,Changed Mind,75.1,Pending
7795,16812,44,2023-09-30,Sizing Issue,321.13,Approved
7796,10012,100,2024-01-01,Defective,169.73,Pending
7797,7705,201,2024-11-23,Not As Described,701.99,Pending
7798,88086,214,2024-12-26,Other,652.02,Approved
7799,36318,405,2024-02-02,Sizing Issue,649.83,Rejected
7800,51260,386,2022-09-20,Damaged in Transit,140.07,Completed
7801,65030,189,2022-07-10,Unknown,89.96,Approved
7802,5366,307,2022-06-20,Not As Described,399.98,Pending
7803,61329,326,2022-06-19,Damaged in Transit,177.92,Approved
7804,2490,170,2024-04-30,Damaged in Transit,592.77,Rejected
7805,26157,221,2022-07-06,Damaged in Transit,538.03,Completed
7806,55839,497,2022-04-19,Defective,79.75,Pending
7807,99742,130,2024-04-12,Changed Mind,279.14,Approved
7808,64990,392,2022-06-21,Changed Mind,707.66,Approved
7809,81128,118,2024-07-10,Not As Described,752.74,Approved
7810,59965,13,2024-02-11,Other,39.55,Pending
7811,51957,121,2023-06-11,Damaged in Transit,788.91,Completed
7812,34692,184,2023-06-03,Sizing Issue,167.78,Completed
7813,94766,183,2022-12-12,Defective,626.02,Approved
7814,50503,386,2022-04-17,Better Price Found,212.72,Completed
7815,19373,106,2023-05-08,Other,96.96,Pending
7816,81816,479,2023-06-16,Sizing Issue,82.9,Approved
7817,23194,251,2023-03-26,Changed Mind,490.63,Completed
7818,31406,295,2022-09-21,Better Price Found,120.93,Completed
7819,72358,319,2024-08-10,Better Price Found,563.24,Rejected
7820,85390,412,2023-06-20,Defective,89.0,Pending
7821,42109,416,2022-12-29,Defective,434.97,Approved
7822,13126,406,2024-01-13,Better Price Found,135.41,Approved
7823,24847,155,,Wrong Item,475.97,Pending
7824,8409,27,2023-03-24,Better Price Found,768.38,Approved
7825,38905,453,2023-03-15,Changed Mind,525.79,Completed
7826,90380,230,2023-05-14,Better Price Found,383.6,Approved
7827,2248,209,,Defective,229.56,Approved
7828,28477,356,2023-12-04,Changed Mind,243.67,Approved
7829,53734,202,2023-07-13,Unknown,488.46,Pending
7830,21298,242,2023-12-22,Sizing Issue,645.49,Pending
7831,30410,46,2024-05-10,Wrong Item,429.94,Approved
7832,41459,244,2022-04-02,Not As Described,552.7,Approved
7833,43800,499,2023-04-29,Wrong Item,572.38,Approved
7834,43718,319,2023-11-28,Not As Described,667.95,Approved
7835,19353,205,2022-04-04,Not As Described,736.44,Approved
7836,17908,388,2022-07-23,Better Price Found,451.08,Rejected
7837,86141,310,2022-06-01,Changed Mind,553.64,Pending
7838,52899,9,2023-06-17,Not As Described,199.98,Approved
7839,85333,153,2023-02-08,Better Price Found,471.22,Approved
7840,27279,2,2023-02-26,Not As Described,637.61,Approved
7841,21217,206,2022-11-29,Better Price Found,779.22,Approved
7842,36503,383,2024-04-29,Defective,176.21,Pending
7843,96586,282,2024-02-22,Unknown,58.04,Approved
7844,79369,498,,Unknown,707.66,Pending
7845,50523,255,2022-08-21,Wrong Item,43.08,Completed
7846,71842,123,2024-05-03,Damaged in Transit,423.99,Rejected
7847,4143,480,2022-06-04,Sizing Issue,76.07,Pending
7848,86607,206,2022-10-08,Sizing Issue,95.33,Completed
7849,10510,467,2022-10-28,Defective,465.89,Completed
7850,80987,345,2022-07-15,Damaged in Transit,367.52,Rejected
7851,91031,412,2023-04-24,Unknown,701.54,Approved
7852,89907,102,2023-11-05,Other,731.41,Approved
7853,2260,184,2022-03-18,Damaged in Transit,634.1,Approved
7854,89426,265,2022-05-14,Changed Mind,18.28,Pending
7855,26927,368,2024-11-20,Changed Mind,188.86,Approved
7856,82879,467,2024-02-03,Damaged in Transit,452.35,Approved
7857,85103,446,2022-09-23,Damaged in Transit,35.66,Approved
7858,19792,407,2022-05-10,Other,763.27,Completed
7859,31040,88,2022-05-29,Changed Mind,321.52,Pending
7860,60672,466,2023-04-12,Other,692.45,Approved
7861,28166,204,2024-10-01,Defective,31.74,Approved
7862,45451,284,2024-06-22,Unknown,77.2,Pending
7863,7334,206,2022-09-02,Not As Described,227.97,Approved
7864,46865,274,2022-11-02,Not As Described,66.7,Completed
7865,48215,239,2022-09-21,Wrong Item,796.27,Completed
7866,23113,458,2022-04-03,Other,254.29,Completed
7867,76836,214,2022-06-03,Wrong Item,247.79,Completed
7868,37079,43,2024-01-01,Changed Mind,542.36,Approved
7869,92901,377,2024-08-25,Sizing Issue,382.15,Pending
7870,16218,361,2023-08-23,Defective,672.46,Approved
7871,75828,424,2023-10-19,Wrong Item,788.97,Approved
7872,1961,441,2023-07-11,Sizing Issue,236.09,Approved
7873,69090,6,2022-06-15,Sizing Issue,196.6,Approved
7874,48916,68,2022-10-11,Defective,125.08,Approved
7875,55437,11,2022-12-14,Better Price Found,473.47,Approved
7876,28121,281,2023-01-07,Wrong Item,710.93,Approved
7877,14090,386,2024-08-17,Better Price Found,383.98,Pending
7878,22981,372,2022-07-21,Changed Mind,244.55,Approved
7879,76254,165,2024-01-08,Unknown,284.62,Approved
7880,70637,9,2024-12-05,Unknown,564.34,Pending
7881,71238,415,2022-04-28,Sizing Issue,366.93,Completed
7882,40387,54,2022-04-07,Sizing Issue,287.68,Approved
7883,34264,197,2024-10-26,Not As Described,621.76,Rejected
7884,69518,51,2022-07-30,Not As Described,646.3,Approved
7885,40334,266,2023-12-09,Sizing Issue,50.24,Approved
7886,52072,500,2024-09-28,Other,688.17,Approved
7887,55641,120,2024-09-01,Changed Mind,9.65,Pending
7888,25232,361,2023-12-28,Sizing Issue,350.17,Completed
7889,28930,422,2024-10-18,Defective,289.28,Approved
7890,84487,126,2023-11-08,Better Price Found,636.07,Pending
7891,86212,167,2024-09-02,Defective,799.49,Approved
7892,31393,320,2022-04-19,Other,723.74,Approved
7893,77575,269,2023-09-20,Sizing Issue,317.06,Approved
7894,98706,423,2024-08-17,Other,612.74,Approved
7895,68296,394,2022-05-24,Other,458.43,Approved
7896,54440,449,2024-08-17,Sizing Issue,274.83,Approved
7897,64496,445,2023-06-18,Better Price Found,683.48,Pending
7898,95694,125,2024-12-01,Wrong Item,504.47,Completed
7899,38351,120,2023-09-08,Changed Mind,599.16,Approved
7900,68560,164,2022-06-14,Not As Described,243.82,Completed
7901,19849,143,2024-01-14,Not As Described,556.9,Approved
7902,61238,450,2024-05-18,Changed Mind,617.9,Pending
7903,8581,146,2024-07-21,Not As Described,469.63,Approved
7904,99636,170,2024-04-21,Sizing Issue,289.64,Pending
7905,90447,33,2023-09-20,Defective,63.04,Pending
7906,3553,330,2024-06-08,Defective,460.66,Approved
7907,75258,57,2024-02-18,Better Price Found,356.24,Approved
7908,43274,273,2023-07-21,Damaged in Transit,503.4,Approved
7909,20438,248,2024-11-04,Wrong Item,690.29,Approved
7910,23923,181,2023-11-05,Sizing Issue,195.06,Approved
7911,41666,233,2022-09-14,Defective,741.64,Pending
7912,64513,8,2022-02-06,Sizing Issue,629.58,Pending
7913,42444,170,2022-06-08,Defective,758.12,Approved
7914,31485,419,2023-09-06,Changed Mind,592.06,Completed
7915,19943,12,2024-12-31,Changed Mind,222.81,Pending
7916,94404,471,2023-03-20,Changed Mind,136.39,Completed
7917,88753,32,2023-02-15,Damaged in Transit,352.24,Completed
7918,3185,39,2024-12-07,Other,543.14,Approved
7919,19641,150,2023-02-28,Damaged in Transit,275.25,Approved
7920,7827,269,2023-06-14,Defective,588.04,Approved
7921,90021,402,2023-06-30,Sizing Issue,514.08,Approved
7922,3621,213,2023-06-02,Sizing Issue,476.78,Approved
7923,75568,61,2024-03-02,Sizing Issue,570.58,Rejected
7924,65352,165,2023-03-24,Defective,286.05,Approved
7925,75951,203,,Sizing Issue,121.27,Approved
7926,97354,464,2022-02-13,Better Price Found,517.6,Pending
7927,52254,222,2024-08-14,Damaged in Transit,367.14,Pending
7928,93785,300,2024-11-01,Changed Mind,71.33,Completed
7929,49799,145,2023-02-22,Better Price Found,93.37,Rejected
7930,73704,421,2022-04-20,Better Price Found,246.21,Approved
7931,63116,443,2024-03-09,Other,182.74,Approved
7932,77077,76,2023-12-31,Other,445.27,Approved
7933,19278,103,2023-12-23,Unknown,662.24,Completed
7934,3159,289,2024-02-17,Not As Described,360.89,Rejected
7935,22746,227,2023-09-04,Wrong Item,290.43,Approved
7936,64116,58,2023-06-06,Changed Mind,289.02,Approved
7937,53584,474,2023-05-18,Sizing Issue,98.66,Pending
7938,27404,392,2022-04-13,Defective,775.71,Rejected
7939,60410,444,2024-09-08,Sizing Issue,348.92,Approved
7940,92457,223,2024-02-09,Sizing Issue,41.15,Approved
7941,96640,187,2022-11-19,Changed Mind,293.95,Approved
7942,32295,186,2023-10-15,Damaged in Transit,493.28,Pending
7943,16296,115,2023-07-09,Not As Described,475.25,Completed
7944,43155,174,2022-02-06,Not As Described,60.15,Pending
7945,71588,226,2022-11-28,Better Price Found,680.03,Pending
7946,78487,192,2022-02-06,Changed Mind,99.31,Completed
7947,17252,56,2023-07-28,Better Price Found,360.39,Approved
7948,7951,170,2023-02-02,Wrong Item,410.48,Rejected
7949,98405,296,2022-11-09,Better Price Found,543.24,Approved
7950,16306,298,2023-01-05,Wrong Item,531.47,Approved
7951,18121,35,2022-03-09,Not As Described,662.76,Approved
7952,55767,373,2023-04-26,Damaged in Transit,664.86,Completed
7953,19317,114,2022-10-17,Other,130.9,Approved
7954,29948,90,2022-09-04,Other,213.0,Approved
7955,33239,295,2024-04-17,Better Price Found,733.35,Approved
7956,40092,67,2023-08-29,Other,305.18,Pending
7957,34960,70,2022-04-01,Other,201.49,Approved
7958,24138,391,2024-09-15,Wrong Item,105.85,Approved
7959,64552,79,2024-10-18,Damaged in Transit,453.46,Completed
7960,96232,189,2023-02-01,Damaged in Transit,104.02,Pending
7961,8448,73,2022-09-29,Wrong Item,156.98,Completed
7962,13705,38,,Damaged in Transit,209.15,Rejected
7963,91355,472,2023-08-20,Sizing Issue,297.24,Rejected
7964,81004,170,2023-11-17,Better Price Found,725.76,Pending
7965,9803,119,2023-06-24,Changed Mind,146.79,Rejected
7966,87651,378,2023-07-31,Changed Mind,644.16,Approved
7967,43255,115,2023-01-12,Wrong Item,551.19,Rejected
7968,45286,263,2024-04-04,Not As Described,36.25,Rejected
7969,63429,102,2023-08-02,Not As Described,86.1,Completed
7970,46228,379,2023-03-04,Unknown,170.91,Approved
7971,79515,201,2024-11-27,Defective,759.18,Approved
7972,13771,89,2022-05-06,Other,609.86,Rejected
7973,16334,336,2024-09-11,Damaged in Transit,305.13,Approved
7974,48188,467,2023-07-31,Sizing Issue,482.68,Approved
7975,7288,437,2024-05-21,Wrong Item,277.72,Pending
7976,81398,40,2024-11-10,Other,474.44,Completed
7977,45890,136,2024-07-26,Sizing Issue,425.69,Pending
7978,72712,196,2024-11-18,Wrong Item,798.47,Approved
7979,34105,54,2024-11-27,Damaged in Transit,484.96,Completed
7980,80423,27,2022-09-25,Sizing Issue,769.9,Rejected
7981,4214,424,2022-12-01,Better Price Found,455.21,Approved
7982,13380,307,2023-07-06,Other,398.77,Pending
7985,34261,122,2024-06-20,Sizing Issue,614.65,Completed
7986,21684,330,2024-09-28,Not As Described,205.2,Approved
7987,3336,175,2024-04-29,Not As Described,659.8,Completed
7988,56970,330,2023-05-24,Changed Mind,111.87,Approved
7989,92012,33,2022-12-16,Defective,129.8,Pending
7990,41644,257,2022-11-18,Other,707.71,Approved
7991,18242,197,2024-02-10,Other,73.66,Completed
7992,722,258,2024-10-16,Defective,532.94,Approved
7993,79257,272,2024-12-27,Changed Mind,672.35,Completed
7994,80074,433,2023-06-04,Changed Mind,274.73,Completed
7995,84601,167,2024-02-29,Other,425.82,Approved
7996,53641,231,2023-11-06,Wrong Item,662.08,Pending
7997,24274,332,2024-04-08,Not As Described,206.41,Approved
7998,59951,106,2024-06-23,Wrong Item,103.97,Pending
7999,48876,81,2023-02-24,Damaged in Transit,612.68,Completed
8000,4338,346,2023-01-02,Changed Mind,743.52,Approved
