customer_id,last_order_date,frequency,monetary,recency,R_score,F_score,M_score,RFM_score,segment
1.0,2024-12-28,7,11269.64,3.0,3,3,3,333,Potential Loyalists
2.0,2023-03-02,7,15107.81,670.0,3,3,4,334,Loyal Customers
3.0,2024-09-03,4,8979.880000000001,119.0,3,1,2,312,Hibernating
4.0,2024-11-24,8,12993.710000000001,37.0,3,3,3,333,Potential Loyalists
5.0,2024-09-30,9,14863.98,92.0,3,4,4,344,Loyal Customers
6.0,2024-11-18,9,17825.95,43.0,3,4,4,344,Loyal Customers
7.0,2024-09-05,11,11823.539999999999,117.0,3,5,3,353,Potential Loyalists
8.0,2024-09-13,7,19271.25,109.0,3,3,4,334,Loyal Customers
9.0,2024-09-24,6,8217.98,98.0,3,2,2,322,Hibernating
10.0,2024-06-01,5,1977.6399999999999,213.0,3,1,1,311,Hibernating
11.0,2024-10-18,10,11266.17,74.0,3,5,3,353,Potential Loyalists
12.0,2024-09-29,8,9487.59,93.0,3,3,2,332,Potential Loyalists
13.0,2024-04-09,10,111647.99,266.0,3,5,5,355,Loyal Customers
14.0,2024-01-08,12,13443.23,358.0,3,5,3,353,Potential Loyalists
15.0,2024-04-10,8,22912.86,265.0,3,3,5,335,Loyal Customers
16.0,2024-12-15,9,18006.33,16.0,3,4,4,344,Loyal Customers
17.0,2024-11-02,9,7256.71,59.0,3,4,2,342,Potential Loyalists
18.0,2024-08-10,6,8471.55,143.0,3,2,2,322,Hibernating
19.0,2024-05-21,6,11896.21,224.0,3,2,3,323,Hibernating
20.0,2024-05-21,3,6642.030000000001,224.0,3,1,2,312,Hibernating
21.0,2024-12-28,9,11848.57,3.0,3,4,3,343,Potential Loyalists
22.0,2024-06-02,9,13488.1,212.0,3,4,3,343,Potential Loyalists
23.0,2024-12-12,11,213856.9,19.0,3,5,5,355,Loyal Customers
24.0,2024-11-18,7,4887.04,43.0,3,3,1,331,Potential Loyalists
25.0,2024-08-30,11,27583.09,123.0,3,5,5,355,Loyal Customers
26.0,2024-12-17,10,12724.15,14.0,3,5,3,353,Potential Loyalists
27.0,2024-09-18,5,444363.56,104.0,3,1,5,315,Promising
28.0,2024-08-28,9,9939.18,125.0,3,4,2,342,Potential Loyalists
29.0,2024-12-28,9,16264.720000000001,3.0,3,4,4,344,Loyal Customers
30.0,2024-02-22,4,4141.68,313.0,3,1,1,311,Hibernating
31.0,2024-04-04,6,14403.64,271.0,3,2,3,323,Hibernating
32.0,2024-12-11,7,18518.649999999998,20.0,3,3,4,334,Loyal Customers
33.0,2024-12-26,7,14762.48,5.0,3,3,4,334,Loyal Customers
34.0,2024-04-16,4,6492.49,259.0,3,1,1,311,Hibernating
35.0,2023-11-07,9,52230.08,420.0,3,4,5,345,Loyal Customers
36.0,2024-08-22,5,4444.85,131.0,3,1,1,311,Hibernating
37.0,2024-06-25,8,12174.89,189.0,3,3,3,333,Potential Loyalists
38.0,2024-04-03,6,10010.79,272.0,3,2,2,322,Hibernating
39.0,2024-08-09,9,10758.87,144.0,3,4,3,343,Potential Loyalists
40.0,2024-08-12,10,18184.28,141.0,3,5,4,354,Loyal Customers
41.0,2024-10-15,8,22758.12,77.0,3,3,5,335,Loyal Customers
42.0,2024-07-15,9,17773.0,169.0,3,4,4,344,Loyal Customers
43.0,2024-10-06,7,18703.51,86.0,3,3,4,334,Loyal Customers
44.0,2024-10-08,7,4860.53,84.0,3,3,1,331,Potential Loyalists
45.0,2024-09-17,10,26933.18,105.0,3,5,5,355,Loyal Customers
46.0,2024-09-25,4,9545.74,97.0,3,1,2,312,Hibernating
47.0,2024-08-12,7,3559.44,141.0,3,3,1,331,Potential Loyalists
48.0,2024-11-29,10,16310.56,32.0,3,5,4,354,Loyal Customers
49.0,2024-12-18,10,14485.54,13.0,3,5,4,354,Loyal Customers
50.0,2024-08-10,12,26933.98,143.0,3,5,5,355,Loyal Customers
51.0,2024-12-18,8,9415.55,13.0,3,3,2,332,Potential Loyalists
52.0,2024-11-21,12,14392.720000000001,40.0,3,5,3,353,Potential Loyalists
53.0,2024-08-03,5,7895.63,150.0,3,1,2,312,Hibernating
54.0,2024-11-13,9,15154.36,48.0,3,4,4,344,Loyal Customers
55.0,2024-08-21,12,14833.949999999999,132.0,3,5,4,354,Loyal Customers
56.0,2024-10-31,12,32812.01,61.0,3,5,5,355,Loyal Customers
57.0,2024-07-14,7,6632.81,170.0,3,3,2,332,Potential Loyalists
58.0,2023-12-28,6,13409.68,369.0,3,2,3,323,Hibernating
59.0,2024-09-13,5,11539.22,109.0,3,1,3,313,Hibernating
60.0,2024-10-02,9,19148.89,90.0,3,4,4,344,Loyal Customers
61.0,2024-12-14,7,6516.6,17.0,3,3,1,331,Potential Loyalists
62.0,2023-10-07,5,7316.8,451.0,3,1,2,312,Hibernating
63.0,2024-08-26,12,15307.539999999999,127.0,3,5,4,354,Loyal Customers
64.0,2024-11-24,10,17974.32,37.0,3,5,4,354,Loyal Customers
65.0,2023-11-26,9,22583.96,401.0,3,4,5,345,Loyal Customers
66.0,2024-04-23,8,6246.05,252.0,3,3,1,331,Potential Loyalists
67.0,2024-10-21,9,8668.54,71.0,3,4,2,342,Potential Loyalists
68.0,2024-10-20,12,47649.229999999996,72.0,3,5,5,355,Loyal Customers
69.0,2024-10-08,8,7556.77,84.0,3,3,2,332,Potential Loyalists
70.0,2024-07-22,7,11829.36,162.0,3,3,3,333,Potential Loyalists
71.0,2023-08-25,4,3753.62,494.0,3,1,1,311,Hibernating
72.0,2024-12-11,7,7919.9,20.0,3,3,2,332,Potential Loyalists
73.0,2024-06-30,8,7123.14,184.0,3,3,2,332,Potential Loyalists
74.0,2024-04-29,8,8715.0,246.0,3,3,2,332,Potential Loyalists
75.0,2024-10-27,10,349059.87,65.0,3,5,5,355,Loyal Customers
76.0,2024-03-16,4,12262.51,290.0,3,1,3,313,Hibernating
77.0,2024-11-02,8,10276.46,59.0,3,3,3,333,Potential Loyalists
78.0,2024-10-13,9,13548.93,79.0,3,4,3,343,Potential Loyalists
79.0,2024-12-05,8,9118.1,26.0,3,3,2,332,Potential Loyalists
80.0,2023-09-24,8,15988.78,464.0,3,3,4,334,Loyal Customers
81.0,2024-12-07,12,29405.989999999998,24.0,3,5,5,355,Loyal Customers
82.0,2024-12-27,7,8808.82,4.0,3,3,2,332,Potential Loyalists
83.0,2024-01-29,8,10201.75,337.0,3,3,2,332,Potential Loyalists
84.0,2024-12-17,7,7978.0,14.0,3,3,2,332,Potential Loyalists
85.0,2024-09-30,8,14806.920000000002,92.0,3,3,4,334,Loyal Customers
86.0,2024-12-27,8,11830.49,4.0,3,3,3,333,Potential Loyalists
87.0,2024-12-26,8,6458.42,5.0,3,3,1,331,Potential Loyalists
88.0,2024-08-16,7,5189.69,137.0,3,3,1,331,Potential Loyalists
89.0,2024-10-05,9,8254.23,87.0,3,4,2,342,Potential Loyalists
90.0,2024-05-12,8,18549.870000000003,233.0,3,3,4,334,Loyal Customers
91.0,2024-10-03,8,11140.230000000001,89.0,3,3,3,333,Potential Loyalists
92.0,2024-08-08,5,4247.89,145.0,3,1,1,311,Hibernating
93.0,2024-12-06,8,18349.19,25.0,3,3,4,334,Loyal Customers
94.0,2024-05-27,3,6401.63,218.0,3,1,1,311,Hibernating
95.0,2024-10-05,11,12902.42,87.0,3,5,3,353,Potential Loyalists
96.0,2024-12-21,5,92999.98000000001,10.0,3,1,5,315,Promising
97.0,2024-06-03,7,22624.98,211.0,3,3,5,335,Loyal Customers
98.0,2024-05-01,5,11429.66,244.0,3,1,3,313,Hibernating
99.0,2024-07-29,10,13165.74,155.0,3,5,3,353,Potential Loyalists
100.0,2024-08-30,8,14513.07,123.0,3,3,4,334,Loyal Customers
101.0,2024-08-30,7,129326.94,123.0,3,3,5,335,Loyal Customers
102.0,2024-06-09,5,6085.03,205.0,3,1,1,311,Hibernating
103.0,2024-12-24,8,8065.33,7.0,3,3,2,332,Potential Loyalists
104.0,2023-09-27,4,4861.17,461.0,3,1,1,311,Hibernating
105.0,2024-10-05,9,7681.38,87.0,3,4,2,342,Potential Loyalists
106.0,2024-07-25,8,12313.74,159.0,3,3,3,333,Potential Loyalists
107.0,2024-10-23,9,20426.079999999998,69.0,3,4,4,344,Loyal Customers
108.0,2024-05-28,9,10504.69,217.0,3,4,3,343,Potential Loyalists
109.0,2024-07-19,3,2288.89,165.0,3,1,1,311,Hibernating
110.0,2024-12-21,10,14486.84,10.0,3,5,4,354,Loyal Customers
111.0,2024-07-16,6,7602.01,168.0,3,2,2,322,Hibernating
112.0,2024-12-27,7,9105.68,4.0,3,3,2,332,Potential Loyalists
113.0,2024-12-03,10,11297.4,28.0,3,5,3,353,Potential Loyalists
114.0,2024-10-03,4,6753.92,89.0,3,1,2,312,Hibernating
115.0,2024-12-06,7,4508.1900000000005,25.0,3,3,1,331,Potential Loyalists
116.0,2024-03-22,5,4734.96,284.0,3,1,1,311,Hibernating
117.0,2024-12-21,9,19023.66,10.0,3,4,4,344,Loyal Customers
118.0,2024-05-11,8,17770.47,234.0,3,3,4,334,Loyal Customers
119.0,2024-10-27,9,19850.84,65.0,3,4,4,344,Loyal Customers
120.0,2024-11-23,6,10525.28,38.0,3,2,3,323,Hibernating
121.0,2024-10-04,6,4408.96,88.0,3,2,1,321,Hibernating
122.0,2024-08-06,8,34187.01,147.0,3,3,5,335,Loyal Customers
123.0,2024-09-08,8,10226.32,114.0,3,3,3,333,Potential Loyalists
124.0,2024-07-21,12,16827.04,163.0,3,5,4,354,Loyal Customers
125.0,2024-01-15,7,13519.279999999999,351.0,3,3,3,333,Potential Loyalists
126.0,2024-11-26,9,9178.94,35.0,3,4,2,342,Potential Loyalists
127.0,2024-12-24,8,10068.46,7.0,3,3,2,332,Potential Loyalists
128.0,2024-10-31,3,172900.59999999998,61.0,3,1,5,315,Promising
129.0,2024-04-28,8,612977.79,247.0,3,3,5,335,Loyal Customers
130.0,2024-08-17,6,1934.14,136.0,3,2,1,321,Hibernating
131.0,2024-10-13,6,12099.48,79.0,3,2,3,323,Hibernating
132.0,2023-12-05,6,14974.269999999999,392.0,3,2,4,324,Promising
133.0,2024-09-14,10,43345.52,108.0,3,5,5,355,Loyal Customers
134.0,2024-12-28,12,18883.36,3.0,3,5,4,354,Loyal Customers
135.0,2024-10-29,4,176306.37999999998,63.0,3,1,5,315,Promising
136.0,2024-10-13,14,418951.07,79.0,3,5,5,355,Loyal Customers
137.0,2024-11-25,9,10379.9,36.0,3,4,3,343,Potential Loyalists
138.0,2024-08-16,8,11727.73,137.0,3,3,3,333,Potential Loyalists
139.0,2024-10-11,4,9318.460000000001,81.0,3,1,2,312,Hibernating
140.0,2024-12-03,8,13405.75,28.0,3,3,3,333,Potential Loyalists
141.0,2024-09-06,6,12801.11,116.0,3,2,3,323,Hibernating
142.0,2024-12-26,7,9290.83,5.0,3,3,2,332,Potential Loyalists
143.0,2023-09-06,7,13956.93,482.0,3,3,3,333,Potential Loyalists
144.0,2024-06-11,8,10967.74,203.0,3,3,3,333,Potential Loyalists
145.0,2024-12-26,10,20326.93,5.0,3,5,4,354,Loyal Customers
147.0,2023-11-12,4,1729.3,415.0,3,1,1,311,Hibernating
148.0,2024-08-01,13,141089.59,152.0,3,5,5,355,Loyal Customers
149.0,2024-10-07,9,13305.98,85.0,3,4,3,343,Potential Loyalists
150.0,2023-12-10,6,10785.42,387.0,3,2,3,323,Hibernating
151.0,2024-12-15,8,6555.82,16.0,3,3,1,331,Potential Loyalists
152.0,2024-12-18,9,15585.15,13.0,3,4,4,344,Loyal Customers
153.0,2024-04-18,10,394500.30000000005,257.0,3,5,5,355,Loyal Customers
154.0,2024-09-09,10,14320.720000000001,113.0,3,5,3,353,Potential Loyalists
155.0,2024-08-15,5,3709.8,138.0,3,1,1,311,Hibernating
156.0,2024-10-13,7,9805.18,79.0,3,3,2,332,Potential Loyalists
157.0,2024-07-03,6,8859.9,181.0,3,2,2,322,Hibernating
158.0,2024-10-09,6,25104.72,83.0,3,2,5,325,Promising
159.0,2024-12-24,12,15540.279999999999,7.0,3,5,4,354,Loyal Customers
160.0,2024-09-30,7,11990.79,92.0,3,3,3,333,Potential Loyalists
161.0,2024-11-12,6,17318.45,49.0,3,2,4,324,Promising
162.0,2024-11-19,5,9308.94,42.0,3,1,2,312,Hibernating
163.0,2024-05-11,7,73230.19,234.0,3,3,5,335,Loyal Customers
164.0,2023-08-27,6,6596.63,492.0,3,2,2,322,Hibernating
165.0,2024-03-13,11,34060.47,293.0,3,5,5,355,Loyal Customers
166.0,2024-09-21,6,29952.06,101.0,3,2,5,325,Promising
167.0,2024-12-14,6,3708.2200000000003,17.0,3,2,1,321,Hibernating
168.0,2024-07-27,9,17460.09,157.0,3,4,4,344,Loyal Customers
169.0,2024-11-20,9,18166.76,41.0,3,4,4,344,Loyal Customers
170.0,2024-06-27,9,18638.46,187.0,3,4,4,344,Loyal Customers
171.0,2024-12-15,10,1015011.49,16.0,3,5,5,355,Loyal Customers
172.0,2024-11-14,7,16169.01,47.0,3,3,4,334,Loyal Customers
173.0,2024-08-06,10,189397.17,147.0,3,5,5,355,Loyal Customers
174.0,2024-12-06,12,34675.83,25.0,3,5,5,355,Loyal Customers
175.0,2024-06-07,7,6560.66,207.0,3,3,1,331,Potential Loyalists
176.0,2024-10-11,8,12053.79,81.0,3,3,3,333,Potential Loyalists
177.0,2024-10-17,3,3635.67,75.0,3,1,1,311,Hibernating
178.0,2024-11-11,8,9877.49,50.0,3,3,2,332,Potential Loyalists
179.0,2024-02-27,5,338137.74,308.0,3,1,5,315,Promising
180.0,2024-06-21,4,4443.08,193.0,3,1,1,311,Hibernating
181.0,2024-12-31,4,5270.35,0.0,3,1,1,311,Hibernating
182.0,2024-11-30,8,9910.16,31.0,3,3,2,332,Potential Loyalists
183.0,2024-12-07,5,4588.11,24.0,3,1,1,311,Hibernating
184.0,2024-12-30,5,15979.589999999998,1.0,3,1,4,314,Hibernating
185.0,2024-12-30,8,16454.72,1.0,3,3,4,334,Loyal Customers
186.0,2024-10-10,9,11625.11,82.0,3,4,3,343,Potential Loyalists
187.0,2024-11-18,6,10531.7,43.0,3,2,3,323,Hibernating
188.0,2024-12-25,6,110444.06,6.0,3,2,5,325,Promising
189.0,2024-09-12,9,15870.69,110.0,3,4,4,344,Loyal Customers
190.0,2023-12-08,5,11995.97,389.0,3,1,3,313,Hibernating
191.0,2024-10-23,3,6153.459999999999,69.0,3,1,1,311,Hibernating
192.0,2024-11-13,7,5921.2699999999995,48.0,3,3,1,331,Potential Loyalists
193.0,2024-09-09,4,7799.49,113.0,3,1,2,312,Hibernating
194.0,2024-04-29,11,16736.53,246.0,3,5,4,354,Loyal Customers
195.0,2024-10-02,12,26068.28,90.0,3,5,5,355,Loyal Customers
196.0,2024-12-29,10,28682.510000000002,2.0,3,5,5,355,Loyal Customers
197.0,2024-04-13,10,17907.63,262.0,3,5,4,354,Loyal Customers
198.0,2024-10-17,13,21303.86,75.0,3,5,4,354,Loyal Customers
199.0,2024-12-12,10,10105.55,19.0,3,5,2,352,Potential Loyalists
200.0,2024-07-19,8,29922.76,165.0,3,3,5,335,Loyal Customers
201.0,2024-02-09,5,5945.51,326.0,3,1,1,311,Hibernating
202.0,2024-12-28,6,7879.610000000001,3.0,3,2,2,322,Hibernating
203.0,2024-03-27,2,9058.29,279.0,3,1,2,312,Hibernating
204.0,2024-11-25,5,7423.7,36.0,3,1,2,312,Hibernating
205.0,2023-06-21,5,6450.54,559.0,3,1,1,311,Hibernating
206.0,2023-12-29,3,3017.2,368.0,3,1,1,311,Hibernating
207.0,2024-08-21,8,22918.67,132.0,3,3,5,335,Loyal Customers
208.0,2024-07-26,2,3157.3599999999997,158.0,3,1,1,311,Hibernating
209.0,2024-05-29,6,8726.03,216.0,3,2,2,322,Hibernating
210.0,2023-09-26,7,11527.77,462.0,3,3,3,333,Potential Loyalists
211.0,2024-09-07,9,12458.44,115.0,3,4,3,343,Potential Loyalists
212.0,2024-01-21,5,16490.71,345.0,3,1,4,314,Hibernating
213.0,2024-09-23,7,16623.809999999998,99.0,3,3,4,334,Loyal Customers
214.0,2024-10-03,8,18566.91,89.0,3,3,4,334,Loyal Customers
215.0,2024-06-09,5,10757.25,205.0,3,1,3,313,Hibernating
216.0,2024-10-16,7,23914.93,76.0,3,3,5,335,Loyal Customers
217.0,2024-10-15,10,10800.43,77.0,3,5,3,353,Potential Loyalists
218.0,2024-11-01,4,5717.55,60.0,3,1,1,311,Hibernating
219.0,2024-11-20,9,9655.4,41.0,3,4,2,342,Potential Loyalists
220.0,2023-09-05,5,10000.65,483.0,3,1,2,312,Hibernating
221.0,2024-12-12,6,516862.62,19.0,3,2,5,325,Promising
222.0,2024-03-08,4,7550.76,298.0,3,1,2,312,Hibernating
223.0,2024-04-26,5,6758.0,249.0,3,1,2,312,Hibernating
224.0,2024-07-17,2,4547.19,167.0,3,1,1,311,Hibernating
225.0,2024-09-25,13,23795.98,97.0,3,5,5,355,Loyal Customers
226.0,2024-11-18,8,32205.23,43.0,3,3,5,335,Loyal Customers
227.0,2024-02-16,9,15674.08,319.0,3,4,4,344,Loyal Customers
228.0,2024-11-23,6,14868.8,38.0,3,2,4,324,Promising
229.0,2024-08-31,8,6635.73,122.0,3,3,2,332,Potential Loyalists
230.0,2024-11-12,10,7410.22,49.0,3,5,2,352,Potential Loyalists
231.0,2024-12-23,11,32918.31,8.0,3,5,5,355,Loyal Customers
232.0,2024-08-12,5,5694.91,141.0,3,1,1,311,Hibernating
233.0,2024-08-17,5,311230.18,136.0,3,1,5,315,Promising
234.0,2024-09-17,8,5747.36,105.0,3,3,1,331,Potential Loyalists
235.0,2024-07-24,5,8161.150000000001,160.0,3,1,2,312,Hibernating
236.0,2022-10-08,4,8084.75,815.0,3,1,2,312,Hibernating
237.0,2023-05-05,3,4856.51,606.0,3,1,1,311,Hibernating
238.0,2024-07-10,10,18412.27,174.0,3,5,4,354,Loyal Customers
239.0,2024-07-09,7,13365.689999999999,175.0,3,3,3,333,Potential Loyalists
240.0,2024-12-07,8,9324.06,24.0,3,3,2,332,Potential Loyalists
241.0,2024-04-06,10,520262.26999999996,269.0,3,5,5,355,Loyal Customers
242.0,2023-08-30,2,2244.93,489.0,3,1,1,311,Hibernating
243.0,2024-09-27,8,25756.56,95.0,3,3,5,335,Loyal Customers
244.0,2024-09-04,10,19895.64,118.0,3,5,4,354,Loyal Customers
245.0,2024-10-10,7,208594.99,82.0,3,3,5,335,Loyal Customers
246.0,2024-09-20,9,7159.08,102.0,3,4,2,342,Potential Loyalists
247.0,2024-04-04,6,11573.210000000001,271.0,3,2,3,323,Hibernating
248.0,2024-09-15,9,21404.29,107.0,3,4,4,344,Loyal Customers
249.0,2024-08-26,6,11660.26,127.0,3,2,3,323,Hibernating
250.0,2024-10-10,8,25089.63,82.0,3,3,5,335,Loyal Customers
251.0,2024-10-14,8,35783.37,78.0,3,3,5,335,Loyal Customers
252.0,2024-07-02,11,20987.32,182.0,3,5,4,354,Loyal Customers
253.0,2024-04-19,7,7644.92,256.0,3,3,2,332,Potential Loyalists
254.0,2024-07-09,7,11408.62,175.0,3,3,3,333,Potential Loyalists
255.0,2024-12-06,8,15773.42,25.0,3,3,4,334,Loyal Customers
256.0,2024-10-28,9,14855.25,64.0,3,4,4,344,Loyal Customers
257.0,2024-12-13,6,9109.03,18.0,3,2,2,322,Hibernating
258.0,2024-09-10,2,282.28999999999996,112.0,3,1,1,311,Hibernating
259.0,2024-10-29,11,13385.44,63.0,3,5,3,353,Potential Loyalists
260.0,2024-09-15,8,18311.44,107.0,3,3,4,334,Loyal Customers
261.0,2024-03-03,5,7912.48,303.0,3,1,2,312,Hibernating
262.0,2024-10-01,4,6770.5,91.0,3,1,2,312,Hibernating
263.0,2024-05-19,9,10466.95,226.0,3,4,3,343,Potential Loyalists
264.0,2024-06-09,5,9028.99,205.0,3,1,2,312,Hibernating
265.0,2024-12-19,12,19308.99,12.0,3,5,4,354,Loyal Customers
266.0,2024-03-13,3,2454.27,293.0,3,1,1,311,Hibernating
267.0,2024-12-25,8,15210.05,6.0,3,3,4,334,Loyal Customers
268.0,2024-05-16,4,7844.1900000000005,229.0,3,1,2,312,Hibernating
269.0,2024-11-03,6,4946.38,58.0,3,2,1,321,Hibernating
270.0,2024-07-24,8,8171.1900000000005,160.0,3,3,2,332,Potential Loyalists
271.0,2024-10-09,6,404081.62,83.0,3,2,5,325,Promising
272.0,2024-12-01,7,181186.13999999998,30.0,3,3,5,335,Loyal Customers
273.0,2024-10-08,4,2614.48,84.0,3,1,1,311,Hibernating
274.0,2024-12-23,5,369845.45,8.0,3,1,5,315,Promising
275.0,2023-06-12,7,191111.52,568.0,3,3,5,335,Loyal Customers
276.0,2024-09-08,16,35004.1,114.0,3,5,5,355,Loyal Customers
277.0,2024-11-20,8,12942.3,41.0,3,3,3,333,Potential Loyalists
278.0,2024-08-28,8,12318.04,125.0,3,3,3,333,Potential Loyalists
279.0,2024-11-06,15,19724.18,55.0,3,5,4,354,Loyal Customers
280.0,2024-10-19,4,24828.98,73.0,3,1,5,315,Promising
281.0,2024-02-26,7,2482.99,309.0,3,3,1,331,Potential Loyalists
282.0,2024-08-05,6,20360.44,148.0,3,2,4,324,Promising
283.0,2024-09-10,9,23148.6,112.0,3,4,5,345,Loyal Customers
284.0,2024-11-15,5,3098.58,46.0,3,1,1,311,Hibernating
285.0,2024-10-27,7,12920.67,65.0,3,3,3,333,Potential Loyalists
286.0,2024-12-17,4,5621.3099999999995,14.0,3,1,1,311,Hibernating
287.0,2024-10-14,12,16623.01,78.0,3,5,4,354,Loyal Customers
288.0,2024-09-24,6,9676.11,98.0,3,2,2,322,Hibernating
289.0,2023-06-12,5,4588.94,568.0,3,1,1,311,Hibernating
290.0,2024-05-06,7,6536.82,239.0,3,3,1,331,Potential Loyalists
291.0,2024-12-06,5,380742.72,25.0,3,1,5,315,Promising
292.0,2024-06-09,3,3308.66,205.0,3,1,1,311,Hibernating
293.0,2024-03-28,5,12461.119999999999,278.0,3,1,3,313,Hibernating
294.0,2024-08-24,7,11333.81,129.0,3,3,3,333,Potential Loyalists
295.0,2024-10-28,5,20553.86,64.0,3,1,4,314,Hibernating
296.0,2024-12-10,6,7734.179999999999,21.0,3,2,2,322,Hibernating
297.0,2024-10-07,6,144505.90000000002,85.0,3,2,5,325,Promising
298.0,2023-06-26,4,6709.64,554.0,3,1,2,312,Hibernating
299.0,2024-10-03,8,5726.51,89.0,3,3,1,331,Potential Loyalists
300.0,2024-04-14,10,17976.63,261.0,3,5,4,354,Loyal Customers
301.0,2024-11-02,10,18025.37,59.0,3,5,4,354,Loyal Customers
302.0,2024-07-17,8,7582.67,167.0,3,3,2,332,Potential Loyalists
303.0,2024-12-02,7,202594.81,29.0,3,3,5,335,Loyal Customers
304.0,2024-10-03,9,16681.3,89.0,3,4,4,344,Loyal Customers
305.0,2024-09-19,7,21892.39,103.0,3,3,4,334,Loyal Customers
306.0,2024-12-23,10,12922.3,8.0,3,5,3,353,Potential Loyalists
307.0,2024-12-19,9,511821.69,12.0,3,4,5,345,Loyal Customers
308.0,2023-07-23,3,6381.42,527.0,3,1,1,311,Hibernating
309.0,2024-11-20,8,11142.83,41.0,3,3,3,333,Potential Loyalists
310.0,2024-09-25,4,484.95,97.0,3,1,1,311,Hibernating
311.0,2024-07-05,7,11024.99,179.0,3,3,3,333,Potential Loyalists
312.0,2024-10-07,8,6997.31,85.0,3,3,2,332,Potential Loyalists
313.0,2024-11-10,13,162803.55000000002,51.0,3,5,5,355,Loyal Customers
314.0,2024-07-26,4,6872.13,158.0,3,1,2,312,Hibernating
315.0,2024-02-23,5,20099.41,312.0,3,1,4,314,Hibernating
316.0,2023-11-09,2,1163.02,418.0,3,1,1,311,Hibernating
317.0,2022-10-23,1,118.55000000000001,800.0,3,1,1,311,Hibernating
318.0,2024-06-23,6,2843.2,191.0,3,2,1,321,Hibernating
319.0,2024-02-24,4,6726.06,311.0,3,1,2,312,Hibernating
320.0,2024-06-22,4,9686.49,192.0,3,1,2,312,Hibernating
321.0,2024-10-19,8,9266.79,73.0,3,3,2,332,Potential Loyalists
322.0,2024-09-02,10,447127.03,120.0,3,5,5,355,Loyal Customers
323.0,2024-01-07,1,5528.97,359.0,3,1,1,311,Hibernating
324.0,2024-11-06,10,11505.8,55.0,3,5,3,353,Potential Loyalists
325.0,2024-09-28,7,8195.53,94.0,3,3,2,332,Potential Loyalists
326.0,2024-11-17,8,13652.16,44.0,3,3,3,333,Potential Loyalists
327.0,2024-07-23,9,14356.98,161.0,3,4,3,343,Potential Loyalists
328.0,2024-12-31,7,14203.56,0.0,3,3,3,333,Potential Loyalists
329.0,2024-07-05,5,15058.09,179.0,3,1,4,314,Hibernating
330.0,2024-04-01,10,29119.72,274.0,3,5,5,355,Loyal Customers
331.0,2023-09-27,4,6180.65,461.0,3,1,1,311,Hibernating
332.0,2024-06-29,5,6315.570000000001,185.0,3,1,1,311,Hibernating
333.0,2024-11-26,5,3866.87,35.0,3,1,1,311,Hibernating
334.0,2024-12-02,11,505399.9,29.0,3,5,5,355,Loyal Customers
335.0,2024-12-05,7,9689.710000000001,26.0,3,3,2,332,Potential Loyalists
336.0,2024-12-15,9,13668.87,16.0,3,4,3,343,Potential Loyalists
337.0,2024-07-25,6,7107.89,159.0,3,2,2,322,Hibernating
338.0,2024-02-18,8,12307.65,317.0,3,3,3,333,Potential Loyalists
339.0,2024-08-03,6,4759.55,150.0,3,2,1,321,Hibernating
340.0,2024-03-14,11,26471.09,292.0,3,5,5,355,Loyal Customers
341.0,2024-10-22,10,16386.91,70.0,3,5,4,354,Loyal Customers
342.0,2024-08-22,7,5406.92,131.0,3,3,1,331,Potential Loyalists
343.0,2024-06-09,7,14924.210000000001,205.0,3,3,4,334,Loyal Customers
344.0,2024-09-01,7,18901.76,121.0,3,3,4,334,Loyal Customers
345.0,2024-05-28,4,4570.25,217.0,3,1,1,311,Hibernating
346.0,2024-02-29,4,3735.3599999999997,306.0,3,1,1,311,Hibernating
347.0,2024-03-08,4,4980.63,298.0,3,1,1,311,Hibernating
348.0,2024-08-15,9,13217.08,138.0,3,4,3,343,Potential Loyalists
349.0,2024-09-04,3,1346.01,118.0,3,1,1,311,Hibernating
350.0,2024-05-07,9,16730.940000000002,238.0,3,4,4,344,Loyal Customers
351.0,2024-08-27,15,166525.09,126.0,3,5,5,355,Loyal Customers
352.0,2024-12-25,11,20634.94,6.0,3,5,4,354,Loyal Customers
353.0,2024-07-06,6,13375.89,178.0,3,2,3,323,Hibernating
354.0,2024-12-23,12,16376.87,8.0,3,5,4,354,Loyal Customers
355.0,2024-10-20,5,5176.5,72.0,3,1,1,311,Hibernating
356.0,2023-04-30,6,21326.68,611.0,3,2,4,324,Promising
357.0,2023-08-27,5,4783.9,492.0,3,1,1,311,Hibernating
358.0,2024-11-19,7,8615.0,42.0,3,3,2,332,Potential Loyalists
359.0,2024-10-25,7,113173.72999999998,67.0,3,3,5,335,Loyal Customers
360.0,2024-12-21,8,15469.49,10.0,3,3,4,334,Loyal Customers
361.0,2024-07-15,8,26701.23,169.0,3,3,5,335,Loyal Customers
362.0,2024-03-31,6,2545.86,275.0,3,2,1,321,Hibernating
363.0,2024-01-03,4,5315.849999999999,363.0,3,1,1,311,Hibernating
364.0,2024-12-13,6,10198.689999999999,18.0,3,2,2,322,Hibernating
365.0,2024-12-11,8,12543.15,20.0,3,3,3,333,Potential Loyalists
366.0,2024-08-24,7,7490.13,129.0,3,3,2,332,Potential Loyalists
367.0,2024-07-19,4,9566.56,165.0,3,1,2,312,Hibernating
368.0,2024-11-17,4,5144.77,44.0,3,1,1,311,Hibernating
369.0,2024-11-11,8,9511.23,50.0,3,3,2,332,Potential Loyalists
370.0,2023-07-23,4,21468.68,527.0,3,1,4,314,Hibernating
371.0,2024-09-07,8,16465.54,115.0,3,3,4,334,Loyal Customers
372.0,2024-12-01,8,7765.2300000000005,30.0,3,3,2,332,Potential Loyalists
373.0,2024-11-02,9,15251.03,59.0,3,4,4,344,Loyal Customers
374.0,2024-07-31,5,7191.67,153.0,3,1,2,312,Hibernating
375.0,2024-11-09,4,3547.79,52.0,3,1,1,311,Hibernating
376.0,2024-05-10,7,10706.58,235.0,3,3,3,333,Potential Loyalists
377.0,2024-08-17,3,2819.17,136.0,3,1,1,311,Hibernating
378.0,2024-11-23,5,4500.36,38.0,3,1,1,311,Hibernating
379.0,2024-10-29,9,8330.210000000001,63.0,3,4,2,342,Potential Loyalists
380.0,2024-09-26,4,8678.81,96.0,3,1,2,312,Hibernating
381.0,2024-07-19,5,3810.85,165.0,3,1,1,311,Hibernating
382.0,2024-09-29,6,173940.74,93.0,3,2,5,325,Promising
383.0,2024-09-19,6,9870.11,103.0,3,2,2,322,Hibernating
384.0,2024-06-03,5,3754.46,211.0,3,1,1,311,Hibernating
385.0,2024-12-27,9,14844.07,4.0,3,4,4,344,Loyal Customers
386.0,2024-04-07,9,174741.18,268.0,3,4,5,345,Loyal Customers
387.0,2023-12-20,4,10431.56,377.0,3,1,3,313,Hibernating
388.0,2024-10-24,10,14699.02,68.0,3,5,4,354,Loyal Customers
389.0,2024-07-10,5,5844.21,174.0,3,1,1,311,Hibernating
390.0,2024-11-23,5,11946.27,38.0,3,1,3,313,Hibernating
391.0,2024-10-03,6,9300.93,89.0,3,2,2,322,Hibernating
392.0,2024-05-25,7,3786.66,220.0,3,3,1,331,Potential Loyalists
393.0,2024-12-01,5,14891.089999999998,30.0,3,1,4,314,Hibernating
394.0,2024-12-06,6,7361.33,25.0,3,2,2,322,Hibernating
395.0,2024-11-02,6,7973.59,59.0,3,2,2,322,Hibernating
396.0,2024-03-06,7,17720.31,300.0,3,3,4,334,Loyal Customers
397.0,2024-10-15,6,7769.7,77.0,3,2,2,322,Hibernating
398.0,2024-11-24,11,20435.87,37.0,3,5,4,354,Loyal Customers
399.0,2024-04-06,5,10302.880000000001,269.0,3,1,3,313,Hibernating
400.0,2024-10-10,10,46749.67,82.0,3,5,5,355,Loyal Customers
401.0,2024-12-05,5,4734.26,26.0,3,1,1,311,Hibernating
402.0,2024-07-09,7,10311.93,175.0,3,3,3,333,Potential Loyalists
403.0,2024-05-23,9,6704.55,222.0,3,4,2,342,Potential Loyalists
404.0,2024-10-01,9,11893.25,91.0,3,4,3,343,Potential Loyalists
405.0,2023-11-15,5,7511.9400000000005,412.0,3,1,2,312,Hibernating
406.0,2024-07-20,13,30994.89,164.0,3,5,5,355,Loyal Customers
407.0,2024-06-06,4,3034.3599999999997,208.0,3,1,1,311,Hibernating
408.0,2023-11-20,5,6356.110000000001,407.0,3,1,1,311,Hibernating
409.0,2024-12-12,5,5394.0,19.0,3,1,1,311,Hibernating
410.0,2023-08-15,7,29126.8,504.0,3,3,5,335,Loyal Customers
411.0,2024-10-24,12,14526.5,68.0,3,5,4,354,Loyal Customers
412.0,2024-10-22,9,25134.7,70.0,3,4,5,345,Loyal Customers
413.0,2024-11-24,7,25200.95,37.0,3,3,5,335,Loyal Customers
414.0,2024-06-18,8,12489.55,196.0,3,3,3,333,Potential Loyalists
415.0,2024-09-07,7,6800.21,115.0,3,3,2,332,Potential Loyalists
416.0,2024-08-15,9,15829.41,138.0,3,4,4,344,Loyal Customers
417.0,2024-12-06,4,5452.67,25.0,3,1,1,311,Hibernating
418.0,2024-12-30,4,4309.71,1.0,3,1,1,311,Hibernating
419.0,2024-12-29,7,61233.44,2.0,3,3,5,335,Loyal Customers
420.0,2024-08-21,5,5161.41,132.0,3,1,1,311,Hibernating
421.0,2024-02-09,5,8204.48,326.0,3,1,2,312,Hibernating
422.0,2024-12-17,7,6403.86,14.0,3,3,1,331,Potential Loyalists
423.0,2024-12-01,16,52867.579999999994,30.0,3,5,5,355,Loyal Customers
424.0,2024-11-04,9,10406.92,57.0,3,4,3,343,Potential Loyalists
425.0,2023-07-10,5,5556.26,540.0,3,1,1,311,Hibernating
426.0,2024-11-13,9,22564.86,48.0,3,4,5,345,Loyal Customers
427.0,2024-11-16,12,134355.29,45.0,3,5,5,355,Loyal Customers
428.0,2024-05-11,8,51059.969999999994,234.0,3,3,5,335,Loyal Customers
429.0,2023-10-25,4,17492.32,433.0,3,1,4,314,Hibernating
430.0,2024-12-17,5,9836.71,14.0,3,1,2,312,Hibernating
431.0,2024-07-12,6,4372.44,172.0,3,2,1,321,Hibernating
432.0,2024-11-13,8,19443.9,48.0,3,3,4,334,Loyal Customers
433.0,2024-11-15,9,13484.84,46.0,3,4,3,343,Potential Loyalists
434.0,2024-09-06,7,6032.67,116.0,3,3,1,331,Potential Loyalists
435.0,2024-10-08,11,14543.42,84.0,3,5,4,354,Loyal Customers
436.0,2024-10-07,7,32731.999999999996,85.0,3,3,5,335,Loyal Customers
437.0,2024-09-21,11,14117.28,101.0,3,5,3,353,Potential Loyalists
438.0,2024-08-04,7,15876.619999999999,149.0,3,3,4,334,Loyal Customers
439.0,2024-02-19,7,17878.6,316.0,3,3,4,334,Loyal Customers
440.0,2024-10-16,9,17914.27,76.0,3,4,4,344,Loyal Customers
441.0,2024-07-19,9,13229.67,165.0,3,4,3,343,Potential Loyalists
442.0,2024-12-16,8,412839.96,15.0,3,3,5,335,Loyal Customers
443.0,2024-10-14,5,5147.39,78.0,3,1,1,311,Hibernating
444.0,2024-09-06,4,10413.81,116.0,3,1,3,313,Hibernating
445.0,2024-05-15,10,19427.81,230.0,3,5,4,354,Loyal Customers
446.0,2024-07-10,7,7594.9,174.0,3,3,2,332,Potential Loyalists
447.0,2023-12-11,4,4669.4,386.0,3,1,1,311,Hibernating
448.0,2024-11-24,12,15550.95,37.0,3,5,4,354,Loyal Customers
449.0,2024-11-15,8,12889.73,46.0,3,3,3,333,Potential Loyalists
450.0,2024-05-20,9,19594.18,225.0,3,4,4,344,Loyal Customers
451.0,2024-11-28,9,23777.41,33.0,3,4,5,345,Loyal Customers
452.0,2024-09-26,9,14568.93,96.0,3,4,4,344,Loyal Customers
453.0,2024-09-13,8,18412.37,109.0,3,3,4,334,Loyal Customers
454.0,2024-12-11,6,19535.16,20.0,3,2,4,324,Promising
455.0,2024-09-27,7,5444.71,95.0,3,3,1,331,Potential Loyalists
456.0,2024-04-26,7,14938.1,249.0,3,3,4,334,Loyal Customers
457.0,2024-11-21,7,7689.24,40.0,3,3,2,332,Potential Loyalists
458.0,2024-10-07,7,7066.9,85.0,3,3,2,332,Potential Loyalists
459.0,2024-02-11,12,13947.51,324.0,3,5,3,353,Potential Loyalists
460.0,2024-08-29,8,31306.21,124.0,3,3,5,335,Loyal Customers
461.0,2024-03-28,6,4808.42,278.0,3,2,1,321,Hibernating
462.0,2024-08-25,5,19278.3,128.0,3,1,4,314,Hibernating
463.0,2024-12-02,12,12799.78,29.0,3,5,3,353,Potential Loyalists
464.0,2024-06-13,6,149050.13,201.0,3,2,5,325,Promising
465.0,2024-11-20,10,17370.45,41.0,3,5,4,354,Loyal Customers
466.0,2023-03-02,2,438.51,670.0,3,1,1,311,Hibernating
467.0,2024-11-21,8,9778.35,40.0,3,3,2,332,Potential Loyalists
468.0,2024-08-20,10,23292.03,133.0,3,5,5,355,Loyal Customers
469.0,2024-03-12,5,7711.81,294.0,3,1,2,312,Hibernating
470.0,2024-08-23,5,4398.24,130.0,3,1,1,311,Hibernating
471.0,2024-08-12,10,16052.26,141.0,3,5,4,354,Loyal Customers
472.0,2023-10-06,5,4656.19,452.0,3,1,1,311,Hibernating
473.0,2024-06-29,7,1377774.2000000002,185.0,3,3,5,335,Loyal Customers
474.0,2024-10-02,11,24064.38,90.0,3,5,5,355,Loyal Customers
475.0,2024-12-17,11,16066.470000000001,14.0,3,5,4,354,Loyal Customers
476.0,2023-01-30,3,10325.38,701.0,3,1,3,313,Hibernating
477.0,2024-01-16,7,10582.42,350.0,3,3,3,333,Potential Loyalists
478.0,2024-10-31,7,5768.6900000000005,61.0,3,3,1,331,Potential Loyalists
479.0,2024-03-12,8,5314.65,294.0,3,3,1,331,Potential Loyalists
480.0,2024-11-08,8,9543.44,53.0,3,3,2,332,Potential Loyalists
481.0,2024-09-05,7,9304.24,117.0,3,3,2,332,Potential Loyalists
482.0,2024-05-23,4,6116.38,222.0,3,1,1,311,Hibernating
483.0,2023-12-09,4,3157.73,388.0,3,1,1,311,Hibernating
484.0,2024-07-17,6,9432.52,167.0,3,2,2,322,Hibernating
485.0,2024-09-21,4,9019.85,101.0,3,1,2,312,Hibernating
486.0,2024-07-22,6,21591.37,162.0,3,2,4,324,Promising
487.0,2024-05-03,8,606816.96,242.0,3,3,5,335,Loyal Customers
488.0,2024-10-20,7,18391.81,72.0,3,3,4,334,Loyal Customers
489.0,2023-11-28,10,13938.55,399.0,3,5,3,353,Potential Loyalists
490.0,2024-07-26,8,14331.2,158.0,3,3,3,333,Potential Loyalists
491.0,2024-07-20,10,17956.68,164.0,3,5,4,354,Loyal Customers
492.0,2024-11-25,8,12925.220000000001,36.0,3,3,3,333,Potential Loyalists
493.0,2024-11-06,4,3661.9800000000005,55.0,3,1,1,311,Hibernating
494.0,2023-01-30,6,18747.8,701.0,3,2,4,324,Promising
495.0,2024-12-01,10,220081.25,30.0,3,5,5,355,Loyal Customers
496.0,2024-06-02,3,2572.83,212.0,3,1,1,311,Hibernating
497.0,2024-12-26,12,34756.56,5.0,3,5,5,355,Loyal Customers
498.0,2024-11-12,6,14746.130000000001,49.0,3,2,4,324,Promising
499.0,2024-12-08,10,16148.65,23.0,3,5,4,354,Loyal Customers
500.0,2024-12-05,11,40308.16,26.0,3,5,5,355,Loyal Customers
501.0,2024-02-21,4,3766.87,314.0,3,1,1,311,Hibernating
502.0,2023-08-06,5,2528.65,513.0,3,1,1,311,Hibernating
503.0,2024-04-27,3,6553.679999999999,248.0,3,1,1,311,Hibernating
504.0,2024-03-04,5,10922.23,302.0,3,1,3,313,Hibernating
505.0,2024-11-18,4,3301.81,43.0,3,1,1,311,Hibernating
506.0,2024-06-15,4,10954.01,199.0,3,1,3,313,Hibernating
507.0,2024-11-30,7,175339.43,31.0,3,3,5,335,Loyal Customers
508.0,2024-11-12,9,18817.03,49.0,3,4,4,344,Loyal Customers
509.0,2024-12-16,6,20342.03,15.0,3,2,4,324,Promising
510.0,2024-12-14,6,7975.1,17.0,3,2,2,322,Hibernating
511.0,2024-12-20,5,7153.3,11.0,3,1,2,312,Hibernating
512.0,2024-12-16,9,12033.91,15.0,3,4,3,343,Potential Loyalists
513.0,2024-11-05,7,6189.01,56.0,3,3,1,331,Potential Loyalists
514.0,2023-08-12,5,6096.969999999999,507.0,3,1,1,311,Hibernating
515.0,2024-03-18,5,11882.410000000002,288.0,3,1,3,313,Hibernating
516.0,2024-12-13,8,12535.65,18.0,3,3,3,333,Potential Loyalists
517.0,2024-03-03,1,746.18,303.0,3,1,1,311,Hibernating
518.0,2024-11-27,7,18205.71,34.0,3,3,4,334,Loyal Customers
519.0,2024-12-20,4,3724.63,11.0,3,1,1,311,Hibernating
520.0,2024-09-19,8,10275.57,103.0,3,3,3,333,Potential Loyalists
521.0,2024-12-27,13,20018.59,4.0,3,5,4,354,Loyal Customers
522.0,2024-06-22,9,26978.2,192.0,3,4,5,345,Loyal Customers
523.0,2024-08-20,9,13719.4,133.0,3,4,3,343,Potential Loyalists
524.0,2024-08-27,8,17748.81,126.0,3,3,4,334,Loyal Customers
525.0,2024-11-04,9,10279.96,57.0,3,4,3,343,Potential Loyalists
526.0,2024-11-12,10,20946.81,49.0,3,5,4,354,Loyal Customers
527.0,2024-12-21,6,4940.88,10.0,3,2,1,321,Hibernating
528.0,2024-09-09,6,9757.62,113.0,3,2,2,322,Hibernating
529.0,2024-12-27,6,10412.27,4.0,3,2,3,323,Hibernating
530.0,2024-12-28,7,9303.58,3.0,3,3,2,332,Potential Loyalists
531.0,2024-10-20,14,22366.27,72.0,3,5,5,355,Loyal Customers
532.0,2024-07-05,11,20154.17,179.0,3,5,4,354,Loyal Customers
533.0,2024-08-04,6,215526.33,149.0,3,2,5,325,Promising
534.0,2024-08-06,4,1938.24,147.0,3,1,1,311,Hibernating
535.0,2024-08-26,3,1725.6799999999998,127.0,3,1,1,311,Hibernating
536.0,2024-12-20,6,8090.85,11.0,3,2,2,322,Hibernating
537.0,2024-11-14,12,19002.71,47.0,3,5,4,354,Loyal Customers
538.0,2023-02-25,4,22201.64,675.0,3,1,5,315,Promising
539.0,2023-12-18,4,9001.8,379.0,3,1,2,312,Hibernating
540.0,2024-05-09,7,9716.09,236.0,3,3,2,332,Potential Loyalists
541.0,2024-12-17,7,8882.98,14.0,3,3,2,332,Potential Loyalists
542.0,2024-10-23,8,25218.25,69.0,3,3,5,335,Loyal Customers
543.0,2024-08-13,8,22141.93,140.0,3,3,5,335,Loyal Customers
544.0,2024-11-17,7,8202.98,44.0,3,3,2,332,Potential Loyalists
545.0,2024-08-05,12,257166.27,148.0,3,5,5,355,Loyal Customers
546.0,2024-11-08,9,150018.78,53.0,3,4,5,345,Loyal Customers
547.0,2024-08-08,5,287447.67,145.0,3,1,5,315,Promising
548.0,2024-11-22,9,15754.34,39.0,3,4,4,344,Loyal Customers
549.0,2024-12-24,5,6557.0,7.0,3,1,1,311,Hibernating
550.0,2024-01-20,4,12632.960000000001,346.0,3,1,3,313,Hibernating
551.0,2024-12-19,7,18023.91,12.0,3,3,4,334,Loyal Customers
552.0,2024-06-16,5,8395.14,198.0,3,1,2,312,Hibernating
553.0,2024-11-19,7,7088.86,42.0,3,3,2,332,Potential Loyalists
554.0,2024-08-14,9,18567.59,139.0,3,4,4,344,Loyal Customers
555.0,2024-04-25,7,406821.13,250.0,3,3,5,335,Loyal Customers
556.0,2024-08-09,7,6110.49,144.0,3,3,1,331,Potential Loyalists
557.0,2024-09-16,6,21678.85,106.0,3,2,4,324,Promising
558.0,2024-08-16,9,426188.43999999994,137.0,3,4,5,345,Loyal Customers
559.0,2024-12-30,8,13149.7,1.0,3,3,3,333,Potential Loyalists
560.0,2023-08-19,1,1852.21,500.0,3,1,1,311,Hibernating
561.0,2024-12-23,7,4092.92,8.0,3,3,1,331,Potential Loyalists
562.0,2024-11-18,11,150917.25,43.0,3,5,5,355,Loyal Customers
563.0,2024-10-05,8,10150.33,87.0,3,3,2,332,Potential Loyalists
564.0,2024-09-07,6,6673.47,115.0,3,2,2,322,Hibernating
565.0,2024-11-26,9,12208.68,35.0,3,4,3,343,Potential Loyalists
566.0,2024-08-16,5,5839.15,137.0,3,1,1,311,Hibernating
567.0,2024-11-25,8,800143.23,36.0,3,3,5,335,Loyal Customers
568.0,2024-11-24,15,29207.01,37.0,3,5,5,355,Loyal Customers
569.0,2024-06-08,6,6178.74,206.0,3,2,1,321,Hibernating
570.0,2024-02-16,5,3550.2799999999997,319.0,3,1,1,311,Hibernating
571.0,2024-04-09,7,63215.76,266.0,3,3,5,335,Loyal Customers
572.0,2024-05-18,6,25618.77,227.0,3,2,5,325,Promising
573.0,2023-06-23,6,9552.06,557.0,3,2,2,322,Hibernating
574.0,2024-12-09,12,53017.9,22.0,3,5,5,355,Loyal Customers
575.0,2024-10-27,9,13696.55,65.0,3,4,3,343,Potential Loyalists
576.0,2024-10-02,7,18038.14,90.0,3,3,4,334,Loyal Customers
577.0,2024-03-14,10,809088.22,292.0,3,5,5,355,Loyal Customers
578.0,2024-09-18,9,14189.82,104.0,3,4,3,343,Potential Loyalists
579.0,2023-11-24,6,512409.01,403.0,3,2,5,325,Promising
580.0,2023-12-03,3,7834.139999999999,394.0,3,1,2,312,Hibernating
581.0,2024-10-16,6,5929.93,76.0,3,2,1,321,Hibernating
582.0,2024-08-15,9,6777.62,138.0,3,4,2,342,Potential Loyalists
583.0,2024-10-01,8,22807.21,91.0,3,3,5,335,Loyal Customers
584.0,2023-09-20,5,12851.210000000001,468.0,3,1,3,313,Hibernating
585.0,2024-11-05,5,4495.349999999999,56.0,3,1,1,311,Hibernating
586.0,2024-07-20,7,8446.11,164.0,3,3,2,332,Potential Loyalists
587.0,2024-12-27,7,12508.599999999999,4.0,3,3,3,333,Potential Loyalists
588.0,2024-11-02,9,14350.43,59.0,3,4,3,343,Potential Loyalists
589.0,2024-12-10,7,8827.07,21.0,3,3,2,332,Potential Loyalists
590.0,2024-04-03,4,4159.17,272.0,3,1,1,311,Hibernating
591.0,2024-06-03,6,263502.94,211.0,3,2,5,325,Promising
592.0,2024-12-25,4,4933.72,6.0,3,1,1,311,Hibernating
593.0,2024-11-03,7,11622.51,58.0,3,3,3,333,Potential Loyalists
594.0,2024-02-05,4,6201.86,330.0,3,1,1,311,Hibernating
595.0,2024-11-05,10,11964.4,56.0,3,5,3,353,Potential Loyalists
596.0,2024-11-16,6,7707.34,45.0,3,2,2,322,Hibernating
597.0,2024-11-20,3,6092.79,41.0,3,1,1,311,Hibernating
598.0,2024-06-10,7,11292.92,204.0,3,3,3,333,Potential Loyalists
599.0,2024-06-26,4,9422.85,188.0,3,1,2,312,Hibernating
600.0,2024-12-29,8,332447.19,2.0,3,3,5,335,Loyal Customers
601.0,2024-10-06,3,2183.3,86.0,3,1,1,311,Hibernating
602.0,2024-12-07,9,20256.44,24.0,3,4,4,344,Loyal Customers
603.0,2024-12-07,7,12392.58,24.0,3,3,3,333,Potential Loyalists
604.0,2024-11-30,6,4541.7699999999995,31.0,3,2,1,321,Hibernating
605.0,2024-09-10,8,14708.11,112.0,3,3,4,334,Loyal Customers
606.0,2024-12-26,11,26668.84,5.0,3,5,5,355,Loyal Customers
607.0,2024-11-04,9,15606.64,57.0,3,4,4,344,Loyal Customers
608.0,2024-12-09,8,8866.27,22.0,3,3,2,332,Potential Loyalists
609.0,2024-08-07,8,12125.449999999999,146.0,3,3,3,333,Potential Loyalists
610.0,2024-12-13,7,141848.71999999997,18.0,3,3,5,335,Loyal Customers
611.0,2024-12-24,9,17410.45,7.0,3,4,4,344,Loyal Customers
612.0,2024-11-26,7,142824.05000000002,35.0,3,3,5,335,Loyal Customers
613.0,2024-12-08,9,10004.730000000001,23.0,3,4,2,342,Potential Loyalists
614.0,2024-10-22,5,6036.13,70.0,3,1,1,311,Hibernating
615.0,2024-10-12,5,2885.79,80.0,3,1,1,311,Hibernating
616.0,2024-05-07,9,10011.960000000001,238.0,3,4,2,342,Potential Loyalists
617.0,2024-11-11,8,9306.460000000001,50.0,3,3,2,332,Potential Loyalists
618.0,2024-11-04,7,21592.95,57.0,3,3,4,334,Loyal Customers
619.0,2024-03-07,6,19947.48,299.0,3,2,4,324,Promising
620.0,2024-10-22,8,17564.81,70.0,3,3,4,334,Loyal Customers
621.0,2024-04-21,11,36473.46,254.0,3,5,5,355,Loyal Customers
622.0,2023-12-13,2,1094.47,384.0,3,1,1,311,Hibernating
623.0,2024-01-02,4,6463.24,364.0,3,1,1,311,Hibernating
624.0,2024-09-20,8,21338.309999999998,102.0,3,3,4,334,Loyal Customers
626.0,2024-11-24,9,13384.95,37.0,3,4,3,343,Potential Loyalists
627.0,2024-10-15,6,9350.31,77.0,3,2,2,322,Hibernating
628.0,2024-12-02,10,7252.49,29.0,3,5,2,352,Potential Loyalists
629.0,2024-11-05,11,22952.65,56.0,3,5,5,355,Loyal Customers
630.0,2023-12-27,9,344644.89999999997,370.0,3,4,5,345,Loyal Customers
631.0,2023-07-24,6,22056.52,526.0,3,2,4,324,Promising
632.0,2024-10-03,11,16069.69,89.0,3,5,4,354,Loyal Customers
633.0,2024-07-23,9,11149.72,161.0,3,4,3,343,Potential Loyalists
634.0,2024-10-18,6,8598.93,74.0,3,2,2,322,Hibernating
635.0,2024-11-22,10,16633.059999999998,39.0,3,5,4,354,Loyal Customers
636.0,2024-10-14,10,11168.779999999999,78.0,3,5,3,353,Potential Loyalists
637.0,2024-12-19,12,15688.06,12.0,3,5,4,354,Loyal Customers
638.0,2024-10-02,6,9835.53,90.0,3,2,2,322,Hibernating
639.0,2024-08-15,5,3071.23,138.0,3,1,1,311,Hibernating
640.0,2024-08-01,3,4727.0199999999995,152.0,3,1,1,311,Hibernating
641.0,2024-07-28,8,21487.09,156.0,3,3,4,334,Loyal Customers
642.0,2024-11-08,13,17497.13,53.0,3,5,4,354,Loyal Customers
643.0,2024-09-18,10,13083.3,104.0,3,5,3,353,Potential Loyalists
644.0,2024-10-21,10,49862.590000000004,71.0,3,5,5,355,Loyal Customers
645.0,2024-09-17,7,11800.189999999999,105.0,3,3,3,333,Potential Loyalists
646.0,2024-06-16,4,10651.45,198.0,3,1,3,313,Hibernating
647.0,2023-10-29,5,4612.99,429.0,3,1,1,311,Hibernating
648.0,2024-10-03,10,1017833.45,89.0,3,5,5,355,Loyal Customers
649.0,2024-10-14,5,7792.39,78.0,3,1,2,312,Hibernating
650.0,2024-10-17,6,5128.91,75.0,3,2,1,321,Hibernating
651.0,2024-02-26,4,2194.06,309.0,3,1,1,311,Hibernating
652.0,2024-12-30,8,12759.8,1.0,3,3,3,333,Potential Loyalists
653.0,2024-09-10,9,21059.83,112.0,3,4,4,344,Loyal Customers
654.0,2024-12-23,7,3766.81,8.0,3,3,1,331,Potential Loyalists
655.0,2024-04-14,7,8862.38,261.0,3,3,2,332,Potential Loyalists
656.0,2024-08-14,9,22260.03,139.0,3,4,5,345,Loyal Customers
657.0,2024-11-05,9,6895.24,56.0,3,4,2,342,Potential Loyalists
658.0,2024-07-05,7,10711.14,179.0,3,3,3,333,Potential Loyalists
659.0,2023-11-16,4,9646.01,411.0,3,1,2,312,Hibernating
660.0,2024-10-01,5,5757.67,91.0,3,1,1,311,Hibernating
661.0,2024-11-20,9,16516.81,41.0,3,4,4,344,Loyal Customers
662.0,2024-10-31,8,10418.68,61.0,3,3,3,333,Potential Loyalists
663.0,2024-12-16,9,5459.23,15.0,3,4,1,341,Potential Loyalists
664.0,2024-12-06,9,23085.89,25.0,3,4,5,345,Loyal Customers
665.0,2024-11-25,5,1436.08,36.0,3,1,1,311,Hibernating
666.0,2024-08-14,7,11913.56,139.0,3,3,3,333,Potential Loyalists
667.0,2024-04-07,7,9720.01,268.0,3,3,2,332,Potential Loyalists
668.0,2024-11-15,13,416079.27,46.0,3,5,5,355,Loyal Customers
669.0,2024-10-06,7,23108.14,86.0,3,3,5,335,Loyal Customers
670.0,2024-10-12,11,10756.28,80.0,3,5,3,353,Potential Loyalists
671.0,2024-06-06,4,7031.5,208.0,3,1,2,312,Hibernating
672.0,2024-06-27,11,17011.31,187.0,3,5,4,354,Loyal Customers
673.0,2024-05-02,6,14367.36,243.0,3,2,3,323,Hibernating
674.0,2024-09-12,7,11646.97,110.0,3,3,3,333,Potential Loyalists
675.0,2024-12-10,13,23386.14,21.0,3,5,5,355,Loyal Customers
676.0,2023-07-23,3,203108.93,527.0,3,1,5,315,Promising
677.0,2024-11-21,9,13218.75,40.0,3,4,3,343,Potential Loyalists
678.0,2024-09-11,4,13267.57,111.0,3,1,3,313,Hibernating
679.0,2024-11-09,10,27615.63,52.0,3,5,5,355,Loyal Customers
680.0,2024-08-30,6,9579.380000000001,123.0,3,2,2,322,Hibernating
681.0,2024-10-12,9,26479.76,80.0,3,4,5,345,Loyal Customers
682.0,2024-09-26,9,11941.76,96.0,3,4,3,343,Potential Loyalists
683.0,2024-10-21,5,6882.93,71.0,3,1,2,312,Hibernating
684.0,2024-06-13,12,18968.27,201.0,3,5,4,354,Loyal Customers
685.0,2024-11-28,6,7011.73,33.0,3,2,2,322,Hibernating
686.0,2024-09-10,8,21006.370000000003,112.0,3,3,4,334,Loyal Customers
687.0,2024-12-25,6,4303.1,6.0,3,2,1,321,Hibernating
688.0,2024-07-10,12,20691.34,174.0,3,5,4,354,Loyal Customers
689.0,2024-12-09,5,2838.0299999999997,22.0,3,1,1,311,Hibernating
690.0,2024-07-08,8,14566.87,176.0,3,3,4,334,Loyal Customers
691.0,2024-05-04,7,16306.2,241.0,3,3,4,334,Loyal Customers
692.0,2024-09-06,7,8030.67,116.0,3,3,2,332,Potential Loyalists
693.0,2024-02-26,9,16149.64,309.0,3,4,4,344,Loyal Customers
694.0,2024-12-18,11,22568.23,13.0,3,5,5,355,Loyal Customers
695.0,2024-07-08,6,20651.32,176.0,3,2,4,324,Promising
696.0,2024-10-08,7,7896.96,84.0,3,3,2,332,Potential Loyalists
697.0,2024-09-23,4,8320.65,99.0,3,1,2,312,Hibernating
698.0,2024-05-20,11,349899.47000000003,225.0,3,5,5,355,Loyal Customers
699.0,2024-08-13,8,13780.24,140.0,3,3,3,333,Potential Loyalists
700.0,2022-03-05,2,2826.58,1032.0,3,1,1,311,Hibernating
701.0,2024-12-04,10,11965.47,27.0,3,5,3,353,Potential Loyalists
702.0,2024-10-18,9,176176.27,74.0,3,4,5,345,Loyal Customers
703.0,2024-11-06,7,13400.24,55.0,3,3,3,333,Potential Loyalists
704.0,2024-12-21,7,9428.39,10.0,3,3,2,332,Potential Loyalists
705.0,2024-06-24,2,3788.28,190.0,3,1,1,311,Hibernating
706.0,2024-11-26,6,15613.39,35.0,3,2,4,324,Promising
707.0,2024-10-23,6,11901.63,69.0,3,2,3,323,Hibernating
708.0,2024-12-08,7,13084.13,23.0,3,3,3,333,Potential Loyalists
709.0,2024-11-12,5,35444.9,49.0,3,1,5,315,Promising
710.0,2024-09-26,7,6279.11,96.0,3,3,1,331,Potential Loyalists
711.0,2024-10-09,8,73588.43000000001,83.0,3,3,5,335,Loyal Customers
712.0,2024-05-15,12,20138.11,230.0,3,5,4,354,Loyal Customers
713.0,2024-10-11,4,3345.17,81.0,3,1,1,311,Hibernating
714.0,2024-11-23,6,17001.44,38.0,3,2,4,324,Promising
715.0,2024-10-10,8,8226.0,82.0,3,3,2,332,Potential Loyalists
716.0,2024-10-06,9,8961.73,86.0,3,4,2,342,Potential Loyalists
717.0,2024-11-25,9,791638.8400000001,36.0,3,4,5,345,Loyal Customers
718.0,2024-06-11,11,23097.28,203.0,3,5,5,355,Loyal Customers
719.0,2024-11-20,6,7375.67,41.0,3,2,2,322,Hibernating
720.0,2024-12-05,8,11158.369999999999,26.0,3,3,3,333,Potential Loyalists
721.0,2024-12-21,6,344802.10000000003,10.0,3,2,5,325,Promising
722.0,2024-11-13,7,8781.41,48.0,3,3,2,332,Potential Loyalists
723.0,2024-10-18,7,16398.7,74.0,3,3,4,334,Loyal Customers
724.0,2024-07-08,4,2180.12,176.0,3,1,1,311,Hibernating
725.0,2024-12-08,8,13320.07,23.0,3,3,3,333,Potential Loyalists
726.0,2024-12-19,7,13060.01,12.0,3,3,3,333,Potential Loyalists
727.0,2024-08-07,11,25664.75,146.0,3,5,5,355,Loyal Customers
728.0,2024-07-09,8,43625.590000000004,175.0,3,3,5,335,Loyal Customers
729.0,2024-04-15,8,265700.77,260.0,3,3,5,335,Loyal Customers
730.0,2024-07-04,6,12104.119999999999,180.0,3,2,3,323,Hibernating
731.0,2024-11-14,9,10332.02,47.0,3,4,3,343,Potential Loyalists
732.0,2024-07-07,7,12530.09,177.0,3,3,3,333,Potential Loyalists
733.0,2024-12-21,15,29366.69,10.0,3,5,5,355,Loyal Customers
734.0,2024-07-27,4,1097.46,157.0,3,1,1,311,Hibernating
735.0,2024-12-07,9,7813.47,24.0,3,4,2,342,Potential Loyalists
736.0,2024-04-27,7,11104.21,248.0,3,3,3,333,Potential Loyalists
737.0,2023-07-18,8,27085.02,532.0,3,3,5,335,Loyal Customers
738.0,2024-12-06,13,16392.920000000002,25.0,3,5,4,354,Loyal Customers
739.0,2024-03-20,7,10971.02,286.0,3,3,3,333,Potential Loyalists
740.0,2024-12-11,3,4345.44,20.0,3,1,1,311,Hibernating
741.0,2024-10-21,6,5534.09,71.0,3,2,1,321,Hibernating
742.0,2023-12-30,6,9496.16,367.0,3,2,2,322,Hibernating
743.0,2024-09-29,3,20140.09,93.0,3,1,4,314,Hibernating
744.0,2024-10-20,9,15245.220000000001,72.0,3,4,4,344,Loyal Customers
745.0,2023-05-11,7,9623.09,600.0,3,3,2,332,Potential Loyalists
746.0,2024-08-07,5,7680.349999999999,146.0,3,1,2,312,Hibernating
747.0,2024-09-27,5,3486.41,95.0,3,1,1,311,Hibernating
748.0,2024-12-01,12,21884.45,30.0,3,5,4,354,Loyal Customers
749.0,2024-03-10,4,1964.0800000000002,296.0,3,1,1,311,Hibernating
750.0,2024-05-05,6,12020.31,240.0,3,2,3,323,Hibernating
751.0,2024-12-21,8,18168.35,10.0,3,3,4,334,Loyal Customers
752.0,2024-12-24,8,13682.720000000001,7.0,3,3,3,333,Potential Loyalists
753.0,2024-03-09,6,20145.44,297.0,3,2,4,324,Promising
754.0,2024-05-08,7,17942.71,237.0,3,3,4,334,Loyal Customers
755.0,2024-06-30,7,9009.5,184.0,3,3,2,332,Potential Loyalists
756.0,2024-08-14,4,1958.54,139.0,3,1,1,311,Hibernating
757.0,2024-05-27,13,17341.600000000002,218.0,3,5,4,354,Loyal Customers
758.0,2024-04-28,3,1086.05,247.0,3,1,1,311,Hibernating
759.0,2024-12-03,9,9284.27,28.0,3,4,2,342,Potential Loyalists
760.0,2024-04-15,8,552646.32,260.0,3,3,5,335,Loyal Customers
761.0,2024-11-21,7,346470.01,40.0,3,3,5,335,Loyal Customers
762.0,2023-10-03,4,4768.51,455.0,3,1,1,311,Hibernating
763.0,2024-12-21,6,1008000.14,10.0,3,2,5,325,Promising
764.0,2024-09-09,5,20715.6,113.0,3,1,4,314,Hibernating
765.0,2024-12-17,5,6208.2300000000005,14.0,3,1,1,311,Hibernating
766.0,2024-04-11,3,2127.39,264.0,3,1,1,311,Hibernating
767.0,2024-03-13,5,5387.72,293.0,3,1,1,311,Hibernating
768.0,2024-06-24,6,9905.289999999999,190.0,3,2,2,322,Hibernating
769.0,2024-04-12,6,5408.95,263.0,3,2,1,321,Hibernating
770.0,2023-11-18,5,22513.22,409.0,3,1,5,315,Promising
771.0,2024-12-28,11,12908.62,3.0,3,5,3,353,Potential Loyalists
772.0,2024-03-07,7,8177.23,299.0,3,3,2,332,Potential Loyalists
773.0,2024-10-08,5,10372.59,84.0,3,1,3,313,Hibernating
774.0,2024-08-16,10,12494.68,137.0,3,5,3,353,Potential Loyalists
775.0,2024-10-21,9,20818.39,71.0,3,4,4,344,Loyal Customers
776.0,2024-12-21,13,27462.98,10.0,3,5,5,355,Loyal Customers
777.0,2024-05-02,9,37418.53,243.0,3,4,5,345,Loyal Customers
778.0,2024-08-24,2,4023.8399999999997,129.0,3,1,1,311,Hibernating
779.0,2024-10-11,9,16019.35,81.0,3,4,4,344,Loyal Customers
780.0,2024-10-02,11,29514.05,90.0,3,5,5,355,Loyal Customers
781.0,2024-07-13,6,16374.58,171.0,3,2,4,324,Promising
782.0,2024-02-17,4,8778.39,318.0,3,1,2,312,Hibernating
783.0,2024-03-24,5,17182.88,282.0,3,1,4,314,Hibernating
784.0,2024-12-13,10,15757.52,18.0,3,5,4,354,Loyal Customers
785.0,2024-11-12,7,9757.86,49.0,3,3,2,332,Potential Loyalists
786.0,2024-03-11,7,11365.74,295.0,3,3,3,333,Potential Loyalists
787.0,2024-05-25,9,11535.060000000001,220.0,3,4,3,343,Potential Loyalists
788.0,2024-12-23,6,5802.76,8.0,3,2,1,321,Hibernating
789.0,2024-11-02,4,5010.7,59.0,3,1,1,311,Hibernating
790.0,2024-09-23,9,11144.91,99.0,3,4,3,343,Potential Loyalists
791.0,2024-12-02,9,415489.14,29.0,3,4,5,345,Loyal Customers
792.0,2024-06-22,6,11619.06,192.0,3,2,3,323,Hibernating
793.0,2024-06-27,10,10674.4,187.0,3,5,3,353,Potential Loyalists
794.0,2024-10-27,7,16346.79,65.0,3,3,4,334,Loyal Customers
795.0,2024-07-27,8,6762.41,157.0,3,3,2,332,Potential Loyalists
796.0,2024-12-15,8,5824.7,16.0,3,3,1,331,Potential Loyalists
797.0,2024-11-02,12,201919.1,59.0,3,5,5,355,Loyal Customers
798.0,2024-12-22,17,17042.32,9.0,3,5,4,354,Loyal Customers
799.0,2024-06-06,8,9510.48,208.0,3,3,2,332,Potential Loyalists
800.0,2022-11-27,1,925.29,765.0,3,1,1,311,Hibernating
801.0,2024-12-04,8,11657.14,27.0,3,3,3,333,Potential Loyalists
802.0,2024-09-06,9,19218.04,116.0,3,4,4,344,Loyal Customers
803.0,2024-07-09,4,13319.990000000002,175.0,3,1,3,313,Hibernating
804.0,2024-05-11,3,167896.01,234.0,3,1,5,315,Promising
805.0,2024-06-03,10,16452.99,211.0,3,5,4,354,Loyal Customers
806.0,2024-08-14,6,611141.41,139.0,3,2,5,325,Promising
807.0,2024-12-30,9,13610.9,1.0,3,4,3,343,Potential Loyalists
808.0,2024-10-16,7,5109.07,76.0,3,3,1,331,Potential Loyalists
809.0,2024-03-20,6,14408.61,286.0,3,2,3,323,Hibernating
810.0,2024-12-05,6,6042.97,26.0,3,2,1,321,Hibernating
811.0,2024-10-06,7,7755.45,86.0,3,3,2,332,Potential Loyalists
812.0,2024-02-09,7,7664.2,326.0,3,3,2,332,Potential Loyalists
813.0,2024-10-01,8,7793.9,91.0,3,3,2,332,Potential Loyalists
814.0,2024-12-15,7,18077.56,16.0,3,3,4,334,Loyal Customers
815.0,2024-09-28,7,8844.31,94.0,3,3,2,332,Potential Loyalists
816.0,2024-03-04,10,13099.41,302.0,3,5,3,353,Potential Loyalists
817.0,2024-12-06,7,816567.04,25.0,3,3,5,335,Loyal Customers
818.0,2024-10-10,8,22011.64,82.0,3,3,4,334,Loyal Customers
819.0,2024-07-08,7,3277.79,176.0,3,3,1,331,Potential Loyalists
820.0,2024-10-28,5,7007.2,64.0,3,1,2,312,Hibernating
821.0,2023-11-08,5,7785.210000000001,419.0,3,1,2,312,Hibernating
822.0,2024-09-15,5,5417.0599999999995,107.0,3,1,1,311,Hibernating
823.0,2024-11-27,6,11586.44,34.0,3,2,3,323,Hibernating
824.0,2024-05-26,5,6984.86,219.0,3,1,2,312,Hibernating
825.0,2024-05-16,8,8597.4,229.0,3,3,2,332,Potential Loyalists
826.0,2023-06-05,8,8172.45,575.0,3,3,2,332,Potential Loyalists
827.0,2024-10-13,13,14342.36,79.0,3,5,3,353,Potential Loyalists
828.0,2024-11-04,4,9657.48,57.0,3,1,2,312,Hibernating
829.0,2024-06-16,6,8621.88,198.0,3,2,2,322,Hibernating
830.0,2024-12-07,5,5209.46,24.0,3,1,1,311,Hibernating
831.0,2023-10-21,4,173333.24000000002,437.0,3,1,5,315,Promising
832.0,2024-11-04,8,3065.7999999999997,57.0,3,3,1,331,Potential Loyalists
833.0,2024-07-20,4,8449.25,164.0,3,1,2,312,Hibernating
834.0,2023-09-25,5,13566.990000000002,463.0,3,1,3,313,Hibernating
835.0,2024-06-07,7,9614.44,207.0,3,3,2,332,Potential Loyalists
836.0,2024-08-23,13,823068.73,130.0,3,5,5,355,Loyal Customers
837.0,2024-08-05,5,7338.43,148.0,3,1,2,312,Hibernating
838.0,2024-10-27,8,14981.939999999999,65.0,3,3,4,334,Loyal Customers
839.0,2024-09-29,13,22104.98,93.0,3,5,5,355,Loyal Customers
840.0,2024-07-05,7,5453.79,179.0,3,3,1,331,Potential Loyalists
841.0,2024-10-30,8,6550.32,62.0,3,3,1,331,Potential Loyalists
842.0,2024-08-28,8,9944.45,125.0,3,3,2,332,Potential Loyalists
843.0,2024-07-15,10,14887.630000000001,169.0,3,5,4,354,Loyal Customers
844.0,2024-08-18,7,13188.22,135.0,3,3,3,333,Potential Loyalists
845.0,2023-10-04,6,7549.43,454.0,3,2,2,322,Hibernating
846.0,2023-08-15,4,9621.52,504.0,3,1,2,312,Hibernating
847.0,2024-01-11,4,8262.23,355.0,3,1,2,312,Hibernating
848.0,2024-05-22,10,8446.15,223.0,3,5,2,352,Potential Loyalists
849.0,2024-10-26,10,13323.960000000001,66.0,3,5,3,353,Potential Loyalists
850.0,2024-11-12,10,16401.06,49.0,3,5,4,354,Loyal Customers
851.0,2024-04-22,9,18639.94,253.0,3,4,4,344,Loyal Customers
852.0,2024-08-12,6,8396.89,141.0,3,2,2,322,Hibernating
853.0,2024-06-08,9,13302.59,206.0,3,4,3,343,Potential Loyalists
854.0,2024-05-24,9,508083.6,221.0,3,4,5,345,Loyal Customers
855.0,2024-10-29,7,29123.69,63.0,3,3,5,335,Loyal Customers
856.0,2024-05-25,4,337532.83,220.0,3,1,5,315,Promising
857.0,2024-11-09,7,19907.68,52.0,3,3,4,334,Loyal Customers
858.0,2024-05-20,6,344904.51999999996,225.0,3,2,5,325,Promising
859.0,2024-08-13,4,2830.91,140.0,3,1,1,311,Hibernating
860.0,2024-12-30,10,16479.0,1.0,3,5,4,354,Loyal Customers
861.0,2024-09-06,10,23549.05,116.0,3,5,5,355,Loyal Customers
862.0,2023-11-17,4,2388.46,410.0,3,1,1,311,Hibernating
863.0,2024-08-08,9,11327.94,145.0,3,4,3,343,Potential Loyalists
864.0,2024-06-09,10,14439.49,205.0,3,5,4,354,Loyal Customers
865.0,2024-08-09,8,18989.79,144.0,3,3,4,334,Loyal Customers
866.0,2022-04-12,3,15543.630000000001,994.0,3,1,4,314,Hibernating
867.0,2024-10-04,6,13373.710000000001,88.0,3,2,3,323,Hibernating
868.0,2024-06-29,7,7022.91,185.0,3,3,2,332,Potential Loyalists
869.0,2024-07-21,11,14367.26,163.0,3,5,3,353,Potential Loyalists
870.0,2024-12-28,5,7074.070000000001,3.0,3,1,2,312,Hibernating
871.0,2024-11-06,6,7602.18,55.0,3,2,2,322,Hibernating
872.0,2023-03-14,4,7759.530000000001,658.0,3,1,2,312,Hibernating
873.0,2024-07-28,8,227883.40000000002,156.0,3,3,5,335,Loyal Customers
874.0,2024-11-17,9,18467.35,44.0,3,4,4,344,Loyal Customers
875.0,2024-03-09,10,31641.53,297.0,3,5,5,355,Loyal Customers
876.0,2024-12-24,4,10606.95,7.0,3,1,3,313,Hibernating
877.0,2024-12-11,7,14050.22,20.0,3,3,3,333,Potential Loyalists
878.0,2024-09-26,8,24022.61,96.0,3,3,5,335,Loyal Customers
879.0,2024-10-14,9,14800.380000000001,78.0,3,4,4,344,Loyal Customers
880.0,2024-12-13,11,18315.78,18.0,3,5,4,354,Loyal Customers
881.0,2024-10-01,9,25533.649999999998,91.0,3,4,5,345,Loyal Customers
882.0,2023-10-19,4,8350.34,439.0,3,1,2,312,Hibernating
883.0,2024-03-19,8,21921.61,287.0,3,3,4,334,Loyal Customers
884.0,2024-10-29,9,9593.26,63.0,3,4,2,342,Potential Loyalists
885.0,2024-07-26,7,5438.2699999999995,158.0,3,3,1,331,Potential Loyalists
886.0,2024-07-22,11,43727.1,162.0,3,5,5,355,Loyal Customers
887.0,2023-08-01,7,13806.32,518.0,3,3,3,333,Potential Loyalists
888.0,2023-08-14,5,5268.89,505.0,3,1,1,311,Hibernating
889.0,2024-07-12,11,21616.65,172.0,3,5,4,354,Loyal Customers
890.0,2024-07-18,9,18085.25,166.0,3,4,4,344,Loyal Customers
891.0,2024-05-02,6,6537.21,243.0,3,2,1,321,Hibernating
892.0,2024-12-18,4,6329.389999999999,13.0,3,1,1,311,Hibernating
893.0,2024-09-24,9,1199835.8,98.0,3,4,5,345,Loyal Customers
894.0,2024-11-07,6,134458.36,54.0,3,2,5,325,Promising
895.0,2024-06-17,8,15795.19,197.0,3,3,4,334,Loyal Customers
896.0,2024-04-24,2,1257.8899999999999,251.0,3,1,1,311,Hibernating
897.0,2024-08-02,5,6005.74,151.0,3,1,1,311,Hibernating
898.0,2024-11-12,8,6206.92,49.0,3,3,1,331,Potential Loyalists
899.0,2024-10-01,8,14513.55,91.0,3,3,4,334,Loyal Customers
900.0,2024-11-15,9,11880.74,46.0,3,4,3,343,Potential Loyalists
901.0,2024-11-04,6,2880.8999999999996,57.0,3,2,1,321,Hibernating
902.0,2023-01-18,10,10458.31,713.0,3,5,3,353,Potential Loyalists
903.0,2024-09-23,8,13450.43,99.0,3,3,3,333,Potential Loyalists
904.0,2024-12-19,7,809776.01,12.0,3,3,5,335,Loyal Customers
905.0,2024-10-22,11,15104.09,70.0,3,5,4,354,Loyal Customers
906.0,2024-11-15,4,41764.51,46.0,3,1,5,315,Promising
907.0,2024-06-21,8,11204.26,193.0,3,3,3,333,Potential Loyalists
908.0,2024-08-07,6,5656.650000000001,146.0,3,2,1,321,Hibernating
909.0,2024-11-28,6,5035.66,33.0,3,2,1,321,Hibernating
910.0,2024-10-18,7,17334.09,74.0,3,3,4,334,Loyal Customers
911.0,2023-11-20,4,13347.17,407.0,3,1,3,313,Hibernating
912.0,2024-12-10,9,22428.79,21.0,3,4,5,345,Loyal Customers
913.0,2023-10-18,5,509359.87,440.0,3,1,5,315,Promising
914.0,2024-06-19,10,614294.85,195.0,3,5,5,355,Loyal Customers
915.0,2024-12-04,6,11577.47,27.0,3,2,3,323,Hibernating
916.0,2024-12-12,9,19989.13,19.0,3,4,4,344,Loyal Customers
917.0,2023-11-27,3,4540.86,400.0,3,1,1,311,Hibernating
918.0,2024-07-12,8,6387.91,172.0,3,3,1,331,Potential Loyalists
919.0,2024-10-03,11,27164.63,89.0,3,5,5,355,Loyal Customers
920.0,2024-05-06,6,9216.06,239.0,3,2,2,322,Hibernating
921.0,2024-12-06,10,14955.1,25.0,3,5,4,354,Loyal Customers
922.0,2023-11-02,8,24638.54,425.0,3,3,5,335,Loyal Customers
923.0,2024-11-05,7,18209.18,56.0,3,3,4,334,Loyal Customers
924.0,2024-09-24,8,364825.76,98.0,3,3,5,335,Loyal Customers
925.0,2023-08-15,4,5942.4,504.0,3,1,1,311,Hibernating
926.0,2024-11-29,7,8407.83,32.0,3,3,2,332,Potential Loyalists
927.0,2024-11-30,6,14764.28,31.0,3,2,4,324,Promising
928.0,2023-11-11,4,2306.28,416.0,3,1,1,311,Hibernating
929.0,2024-12-20,14,29803.82,11.0,3,5,5,355,Loyal Customers
930.0,2024-12-24,6,27812.480000000003,7.0,3,2,5,325,Promising
931.0,2024-06-19,7,14760.07,195.0,3,3,4,334,Loyal Customers
932.0,2023-08-01,6,5643.93,518.0,3,2,1,321,Hibernating
933.0,2024-09-10,12,17790.079999999998,112.0,3,5,4,354,Loyal Customers
934.0,2024-12-17,9,12059.93,14.0,3,4,3,343,Potential Loyalists
935.0,2024-02-01,7,20700.21,334.0,3,3,4,334,Loyal Customers
936.0,2024-05-31,7,8763.49,214.0,3,3,2,332,Potential Loyalists
937.0,2024-11-21,4,6107.37,40.0,3,1,1,311,Hibernating
938.0,2024-08-23,4,8018.4,130.0,3,1,2,312,Hibernating
939.0,2024-10-27,13,14143.210000000001,65.0,3,5,3,353,Potential Loyalists
940.0,2024-07-20,10,22477.23,164.0,3,5,5,355,Loyal Customers
941.0,2023-01-31,1,397.08,700.0,3,1,1,311,Hibernating
942.0,2023-06-08,3,6773.2300000000005,572.0,3,1,2,312,Hibernating
943.0,2024-11-22,7,8918.78,39.0,3,3,2,332,Potential Loyalists
944.0,2024-12-11,5,15516.47,20.0,3,1,4,314,Hibernating
945.0,2024-07-22,7,198701.7,162.0,3,3,5,335,Loyal Customers
946.0,2024-09-30,9,31060.27,92.0,3,4,5,345,Loyal Customers
947.0,2024-11-01,9,20095.41,60.0,3,4,4,344,Loyal Customers
948.0,2024-09-07,12,26844.35,115.0,3,5,5,355,Loyal Customers
949.0,2024-10-25,8,10781.05,67.0,3,3,3,333,Potential Loyalists
950.0,2024-05-11,5,15330.54,234.0,3,1,4,314,Hibernating
951.0,2024-12-05,10,16825.73,26.0,3,5,4,354,Loyal Customers
952.0,2024-12-30,6,5151.57,1.0,3,2,1,321,Hibernating
953.0,2024-09-30,9,38804.36,92.0,3,4,5,345,Loyal Customers
954.0,2023-05-19,3,4596.6,592.0,3,1,1,311,Hibernating
955.0,2024-11-17,13,329032.57,44.0,3,5,5,355,Loyal Customers
956.0,2024-11-15,10,13948.81,46.0,3,5,3,353,Potential Loyalists
957.0,2023-12-31,9,21643.08,366.0,3,4,4,344,Loyal Customers
958.0,2024-04-06,11,14475.98,269.0,3,5,4,354,Loyal Customers
959.0,2023-10-03,7,178469.83000000002,455.0,3,3,5,335,Loyal Customers
960.0,2024-12-14,14,20306.739999999998,17.0,3,5,4,354,Loyal Customers
961.0,2024-08-01,3,6500.09,152.0,3,1,1,311,Hibernating
962.0,2024-11-01,7,10946.23,60.0,3,3,3,333,Potential Loyalists
963.0,2024-10-25,10,7078.05,67.0,3,5,2,352,Potential Loyalists
964.0,2024-10-05,10,23526.489999999998,87.0,3,5,5,355,Loyal Customers
965.0,2024-12-11,7,4634.0599999999995,20.0,3,3,1,331,Potential Loyalists
966.0,2024-06-29,9,8279.84,185.0,3,4,2,342,Potential Loyalists
967.0,2024-11-14,10,24219.93,47.0,3,5,5,355,Loyal Customers
968.0,2024-07-03,8,11899.42,181.0,3,3,3,333,Potential Loyalists
969.0,2024-10-07,13,16045.23,85.0,3,5,4,354,Loyal Customers
970.0,2024-12-04,13,18123.41,27.0,3,5,4,354,Loyal Customers
971.0,2024-12-02,14,12288.35,29.0,3,5,3,353,Potential Loyalists
972.0,2024-12-13,9,18074.920000000002,18.0,3,4,4,344,Loyal Customers
973.0,2024-11-19,7,20737.079999999998,42.0,3,3,4,334,Loyal Customers
974.0,2024-10-28,4,2864.81,64.0,3,1,1,311,Hibernating
975.0,2024-03-24,7,22210.46,282.0,3,3,5,335,Loyal Customers
976.0,2024-11-09,10,15642.89,52.0,3,5,4,354,Loyal Customers
977.0,2024-01-04,10,13460.77,362.0,3,5,3,353,Potential Loyalists
978.0,2024-01-17,12,14144.98,349.0,3,5,3,353,Potential Loyalists
979.0,2024-10-04,10,45750.48,88.0,3,5,5,355,Loyal Customers
980.0,2024-05-18,6,50363.85,227.0,3,2,5,325,Promising
981.0,2024-10-10,10,16892.96,82.0,3,5,4,354,Loyal Customers
982.0,2024-10-25,10,11361.83,67.0,3,5,3,353,Potential Loyalists
983.0,2024-05-12,6,8248.54,233.0,3,2,2,322,Hibernating
984.0,2024-06-10,6,3599.4,204.0,3,2,1,321,Hibernating
985.0,2024-08-12,10,18879.94,141.0,3,5,4,354,Loyal Customers
986.0,2024-03-25,7,13956.02,281.0,3,3,3,333,Potential Loyalists
987.0,2024-10-29,5,563674.65,63.0,3,1,5,315,Promising
988.0,2024-12-31,10,9914.18,0.0,3,5,2,352,Potential Loyalists
989.0,2024-12-09,12,13783.86,22.0,3,5,3,353,Potential Loyalists
990.0,2024-10-31,4,3690.06,61.0,3,1,1,311,Hibernating
991.0,2024-04-28,8,15650.33,247.0,3,3,4,334,Loyal Customers
992.0,2024-12-20,5,3265.91,11.0,3,1,1,311,Hibernating
993.0,2024-03-30,6,12633.92,276.0,3,2,3,323,Hibernating
994.0,2023-12-13,2,2028.23,384.0,3,1,1,311,Hibernating
995.0,2024-06-14,7,8854.84,200.0,3,3,2,332,Potential Loyalists
996.0,2024-12-09,8,895591.3200000001,22.0,3,3,5,335,Loyal Customers
997.0,2022-08-12,2,5858.55,872.0,3,1,1,311,Hibernating
998.0,2024-07-21,10,10178.71,163.0,3,5,2,352,Potential Loyalists
999.0,2024-10-14,6,25574.23,78.0,3,2,5,325,Promising
1000.0,2024-09-20,6,5265.93,102.0,3,2,1,321,Hibernating
1001.0,2024-03-12,4,4687.7699999999995,294.0,3,1,1,311,Hibernating
1002.0,2024-08-12,6,5171.55,141.0,3,2,1,321,Hibernating
1003.0,2024-11-11,9,11520.01,50.0,3,4,3,343,Potential Loyalists
1004.0,2024-12-05,6,12810.76,26.0,3,2,3,323,Hibernating
1005.0,2024-12-01,9,16112.12,30.0,3,4,4,344,Loyal Customers
1006.0,2024-03-14,7,10626.6,292.0,3,3,3,333,Potential Loyalists
1007.0,2024-11-21,10,9294.4,40.0,3,5,2,352,Potential Loyalists
1008.0,2023-10-09,4,10020.96,449.0,3,1,2,312,Hibernating
1009.0,2024-11-07,9,38639.45,54.0,3,4,5,345,Loyal Customers
1010.0,2024-06-23,7,10843.72,191.0,3,3,3,333,Potential Loyalists
1011.0,2024-09-15,5,3065.04,107.0,3,1,1,311,Hibernating
1012.0,2024-12-17,10,22566.63,14.0,3,5,5,355,Loyal Customers
1013.0,2024-04-20,7,10790.21,255.0,3,3,3,333,Potential Loyalists
1014.0,2024-07-27,6,9313.619999999999,157.0,3,2,2,322,Hibernating
1015.0,2024-08-15,8,9965.94,138.0,3,3,2,332,Potential Loyalists
1016.0,2024-09-07,12,19283.21,115.0,3,5,4,354,Loyal Customers
1017.0,2024-12-08,4,2107.85,23.0,3,1,1,311,Hibernating
1018.0,2024-10-19,7,9659.210000000001,73.0,3,3,2,332,Potential Loyalists
1019.0,2024-12-18,8,10028.06,13.0,3,3,2,332,Potential Loyalists
1020.0,2024-01-26,4,8386.16,340.0,3,1,2,312,Hibernating
1021.0,2024-11-27,9,7706.88,34.0,3,4,2,342,Potential Loyalists
1022.0,2024-11-29,12,11136.61,32.0,3,5,3,353,Potential Loyalists
1023.0,2024-11-16,8,11521.61,45.0,3,3,3,333,Potential Loyalists
1024.0,2024-11-29,12,179284.97,32.0,3,5,5,355,Loyal Customers
1025.0,2024-09-08,6,6036.93,114.0,3,2,1,321,Hibernating
1026.0,2024-06-13,11,21261.0,201.0,3,5,4,354,Loyal Customers
1027.0,2024-12-31,6,3493.35,0.0,3,2,1,321,Hibernating
1028.0,2024-08-24,7,17192.46,129.0,3,3,4,334,Loyal Customers
1029.0,2023-05-05,3,1445.8600000000001,606.0,3,1,1,311,Hibernating
1030.0,2024-09-22,9,8146.51,100.0,3,4,2,342,Potential Loyalists
1031.0,2024-09-14,10,12764.529999999999,108.0,3,5,3,353,Potential Loyalists
1032.0,2024-12-14,13,15322.64,17.0,3,5,4,354,Loyal Customers
1033.0,2024-11-11,8,13828.68,50.0,3,3,3,333,Potential Loyalists
1034.0,2022-06-10,2,580.23,935.0,3,1,1,311,Hibernating
1035.0,2024-10-05,5,7188.44,87.0,3,1,2,312,Hibernating
1036.0,2024-07-12,8,13622.51,172.0,3,3,3,333,Potential Loyalists
1037.0,2024-08-27,6,8106.68,126.0,3,2,2,322,Hibernating
1038.0,2024-11-07,10,14787.08,54.0,3,5,4,354,Loyal Customers
1039.0,2024-05-13,9,19723.05,232.0,3,4,4,344,Loyal Customers
1040.0,2024-08-26,3,5014.66,127.0,3,1,1,311,Hibernating
1041.0,2024-09-29,5,4523.01,93.0,3,1,1,311,Hibernating
1042.0,2022-06-27,1,1569.52,918.0,3,1,1,311,Hibernating
1043.0,2024-07-09,8,6361.03,175.0,3,3,1,331,Potential Loyalists
1044.0,2024-08-26,5,12397.47,127.0,3,1,3,313,Hibernating
1045.0,2024-12-20,12,697468.47,11.0,3,5,5,355,Loyal Customers
1046.0,2024-11-19,6,379405.39999999997,42.0,3,2,5,325,Promising
1047.0,2024-10-24,9,12762.47,68.0,3,4,3,343,Potential Loyalists
1048.0,2024-08-07,6,5008.95,146.0,3,2,1,321,Hibernating
1049.0,2024-06-04,5,4192.6900000000005,210.0,3,1,1,311,Hibernating
1050.0,2024-10-11,9,18742.9,81.0,3,4,4,344,Loyal Customers
1051.0,2024-10-11,10,9317.79,81.0,3,5,2,352,Potential Loyalists
1052.0,2024-09-20,13,249950.89,102.0,3,5,5,355,Loyal Customers
1053.0,2024-11-05,8,10182.8,56.0,3,3,2,332,Potential Loyalists
1054.0,2024-12-16,12,24821.93,15.0,3,5,5,355,Loyal Customers
1055.0,2024-10-11,7,11787.72,81.0,3,3,3,333,Potential Loyalists
1056.0,2023-11-13,1,2386.42,414.0,3,1,1,311,Hibernating
1057.0,2024-07-10,5,6375.1,174.0,3,1,1,311,Hibernating
1058.0,2024-07-07,10,16484.49,177.0,3,5,4,354,Loyal Customers
1059.0,2024-11-19,4,2982.2599999999998,42.0,3,1,1,311,Hibernating
1060.0,2024-11-22,12,137739.72999999998,39.0,3,5,5,355,Loyal Customers
1061.0,2024-10-25,8,19718.68,67.0,3,3,4,334,Loyal Customers
1062.0,2024-12-03,9,4163.87,28.0,3,4,1,341,Potential Loyalists
1063.0,2024-09-14,10,7907.95,108.0,3,5,2,352,Potential Loyalists
1064.0,2024-08-11,8,11900.5,142.0,3,3,3,333,Potential Loyalists
1065.0,2024-02-21,5,5783.01,314.0,3,1,1,311,Hibernating
1066.0,2024-12-25,7,7650.3099999999995,6.0,3,3,2,332,Potential Loyalists
1067.0,2024-05-27,4,1159.6100000000001,218.0,3,1,1,311,Hibernating
1068.0,2024-12-19,13,29429.6,12.0,3,5,5,355,Loyal Customers
1069.0,2024-01-02,3,7880.2,364.0,3,1,2,312,Hibernating
1070.0,2024-12-20,5,4524.3,11.0,3,1,1,311,Hibernating
1071.0,2024-12-25,9,26679.65,6.0,3,4,5,345,Loyal Customers
1072.0,2024-12-12,12,173992.27000000002,19.0,3,5,5,355,Loyal Customers
1073.0,2024-12-17,5,9002.16,14.0,3,1,2,312,Hibernating
1074.0,2023-09-24,3,1481.08,464.0,3,1,1,311,Hibernating
1075.0,2024-10-11,8,8695.460000000001,81.0,3,3,2,332,Potential Loyalists
1076.0,2024-06-13,6,9670.83,201.0,3,2,2,322,Hibernating
1077.0,2024-06-26,8,8608.91,188.0,3,3,2,332,Potential Loyalists
1078.0,2024-11-10,8,9305.22,51.0,3,3,2,332,Potential Loyalists
1079.0,2023-01-18,3,11068.86,713.0,3,1,3,313,Hibernating
1080.0,2024-11-16,9,15803.96,45.0,3,4,4,344,Loyal Customers
1081.0,2024-05-01,4,5040.04,244.0,3,1,1,311,Hibernating
1082.0,2024-08-31,6,8782.38,122.0,3,2,2,322,Hibernating
1083.0,2024-10-12,7,10807.73,80.0,3,3,3,333,Potential Loyalists
1084.0,2024-11-06,6,51173.3,55.0,3,2,5,325,Promising
1085.0,2024-11-09,7,20767.34,52.0,3,3,4,334,Loyal Customers
1086.0,2024-10-25,6,10531.51,67.0,3,2,3,323,Hibernating
1087.0,2024-10-02,9,17342.01,90.0,3,4,4,344,Loyal Customers
1088.0,2024-01-01,4,6115.75,365.0,3,1,1,311,Hibernating
1089.0,2024-12-22,8,18017.52,9.0,3,3,4,334,Loyal Customers
1090.0,2023-06-20,3,3015.29,560.0,3,1,1,311,Hibernating
1091.0,2024-11-12,9,14902.11,49.0,3,4,4,344,Loyal Customers
1092.0,2024-11-10,12,8989.83,51.0,3,5,2,352,Potential Loyalists
1093.0,2024-12-21,13,28699.46,10.0,3,5,5,355,Loyal Customers
1094.0,2024-11-09,14,25345.92,52.0,3,5,5,355,Loyal Customers
1095.0,2024-09-28,8,9551.11,94.0,3,3,2,332,Potential Loyalists
1096.0,2023-11-05,5,14223.24,422.0,3,1,3,313,Hibernating
1097.0,2024-10-26,7,7577.5599999999995,66.0,3,3,2,332,Potential Loyalists
1098.0,2024-12-04,7,14363.16,27.0,3,3,3,333,Potential Loyalists
1099.0,2024-11-14,2,2409.03,47.0,3,1,1,311,Hibernating
1100.0,2024-09-30,11,853520.1799999999,92.0,3,5,5,355,Loyal Customers
1101.0,2024-12-04,11,46812.46,27.0,3,5,5,355,Loyal Customers
1102.0,2024-08-02,8,20081.48,151.0,3,3,4,334,Loyal Customers
1103.0,2024-12-03,5,45395.01,28.0,3,1,5,315,Promising
1104.0,2024-12-01,5,5122.18,30.0,3,1,1,311,Hibernating
1105.0,2024-12-18,4,6527.88,13.0,3,1,1,311,Hibernating
1106.0,2023-05-19,8,15462.69,592.0,3,3,4,334,Loyal Customers
1107.0,2024-10-13,6,17969.8,79.0,3,2,4,324,Promising
1108.0,2024-10-14,6,80941.18000000001,78.0,3,2,5,325,Promising
1109.0,2024-12-06,7,10900.02,25.0,3,3,3,333,Potential Loyalists
1110.0,2024-09-15,8,14771.86,107.0,3,3,4,334,Loyal Customers
1111.0,2023-10-30,4,6053.06,428.0,3,1,1,311,Hibernating
1112.0,2024-12-03,8,15436.869999999999,28.0,3,3,4,334,Loyal Customers
1113.0,2024-09-16,4,8860.189999999999,106.0,3,1,2,312,Hibernating
1114.0,2022-09-15,1,301.97999999999996,838.0,3,1,1,311,Hibernating
1115.0,2024-01-12,7,7190.34,354.0,3,3,2,332,Potential Loyalists
1116.0,2024-12-22,5,7236.719999999999,9.0,3,1,2,312,Hibernating
1117.0,2024-10-27,5,160337.08,65.0,3,1,5,315,Promising
1118.0,2024-08-18,7,6558.45,135.0,3,3,1,331,Potential Loyalists
1119.0,2024-02-09,4,2725.6800000000003,326.0,3,1,1,311,Hibernating
1120.0,2024-11-15,9,3533.96,46.0,3,4,1,341,Potential Loyalists
1121.0,2024-12-18,8,9752.83,13.0,3,3,2,332,Potential Loyalists
1122.0,2024-07-19,5,1228.77,165.0,3,1,1,311,Hibernating
1123.0,2024-11-16,7,5779.45,45.0,3,3,1,331,Potential Loyalists
1124.0,2024-11-14,7,170616.63999999998,47.0,3,3,5,335,Loyal Customers
1125.0,2024-02-12,6,15664.07,323.0,3,2,4,324,Promising
1126.0,2024-10-09,5,4810.28,83.0,3,1,1,311,Hibernating
1127.0,2024-09-16,6,9268.92,106.0,3,2,2,322,Hibernating
1128.0,2024-07-18,9,11695.59,166.0,3,4,3,343,Potential Loyalists
1129.0,2024-12-03,7,14511.51,28.0,3,3,4,334,Loyal Customers
1130.0,2024-04-18,5,9487.5,257.0,3,1,2,312,Hibernating
1131.0,2024-11-22,7,7138.73,39.0,3,3,2,332,Potential Loyalists
1132.0,2024-12-26,9,13368.41,5.0,3,4,3,343,Potential Loyalists
1133.0,2024-11-30,8,5128.88,31.0,3,3,1,331,Potential Loyalists
1134.0,2024-11-09,5,8533.57,52.0,3,1,2,312,Hibernating
1135.0,2024-10-17,10,15472.73,75.0,3,5,4,354,Loyal Customers
1136.0,2024-12-16,6,14730.61,15.0,3,2,4,324,Promising
1137.0,2024-11-13,8,12437.34,48.0,3,3,3,333,Potential Loyalists
1138.0,2024-11-02,9,26512.760000000002,59.0,3,4,5,345,Loyal Customers
1139.0,2024-07-03,5,15597.8,181.0,3,1,4,314,Hibernating
1140.0,2024-12-18,5,8433.199999999999,13.0,3,1,2,312,Hibernating
1141.0,2024-01-23,7,12019.29,343.0,3,3,3,333,Potential Loyalists
1142.0,2024-12-12,6,13107.18,19.0,3,2,3,323,Hibernating
1143.0,2024-09-16,4,7565.76,106.0,3,1,2,312,Hibernating
1144.0,2024-07-10,6,8088.25,174.0,3,2,2,322,Hibernating
1145.0,2023-11-04,5,6290.51,423.0,3,1,1,311,Hibernating
1146.0,2024-12-26,10,19236.46,5.0,3,5,4,354,Loyal Customers
1147.0,2024-10-18,8,53943.729999999996,74.0,3,3,5,335,Loyal Customers
1148.0,2024-10-25,10,13826.01,67.0,3,5,3,353,Potential Loyalists
1149.0,2024-12-01,6,66031.17,30.0,3,2,5,325,Promising
1150.0,2024-12-11,9,14292.02,20.0,3,4,3,343,Potential Loyalists
1151.0,2024-04-13,1,4470.83,262.0,3,1,1,311,Hibernating
1152.0,2024-11-14,10,15708.07,47.0,3,5,4,354,Loyal Customers
1153.0,2024-06-20,10,21890.07,194.0,3,5,4,354,Loyal Customers
1154.0,2024-10-04,9,19193.57,88.0,3,4,4,344,Loyal Customers
1155.0,2024-09-07,5,11053.8,115.0,3,1,3,313,Hibernating
1156.0,2024-10-31,14,22457.69,61.0,3,5,5,355,Loyal Customers
1157.0,2024-09-10,9,9468.54,112.0,3,4,2,342,Potential Loyalists
1158.0,2023-11-28,7,139565.34,399.0,3,3,5,335,Loyal Customers
1159.0,2024-07-20,5,11259.02,164.0,3,1,3,313,Hibernating
1160.0,2024-10-22,10,17144.0,70.0,3,5,4,354,Loyal Customers
1161.0,2024-08-06,9,25237.0,147.0,3,4,5,345,Loyal Customers
1162.0,2024-11-26,6,4374.29,35.0,3,2,1,321,Hibernating
1163.0,2024-09-28,12,8327.33,94.0,3,5,2,352,Potential Loyalists
1164.0,2024-10-21,3,3900.69,71.0,3,1,1,311,Hibernating
1165.0,2024-11-26,3,123199.35,35.0,3,1,5,315,Promising
1166.0,2024-12-03,6,5341.6,28.0,3,2,1,321,Hibernating
1167.0,2024-05-29,5,13708.61,216.0,3,1,3,313,Hibernating
1168.0,2024-07-09,7,6350.61,175.0,3,3,1,331,Potential Loyalists
1169.0,2024-02-27,4,8190.48,308.0,3,1,2,312,Hibernating
1170.0,2024-07-16,9,220129.97,168.0,3,4,5,345,Loyal Customers
1171.0,2024-12-01,8,10861.93,30.0,3,3,3,333,Potential Loyalists
1172.0,2024-07-29,7,10421.05,155.0,3,3,3,333,Potential Loyalists
1173.0,2024-02-22,10,27244.8,313.0,3,5,5,355,Loyal Customers
1174.0,2024-11-30,5,3698.38,31.0,3,1,1,311,Hibernating
1175.0,2024-01-03,11,15205.73,363.0,3,5,4,354,Loyal Customers
1176.0,2024-10-30,5,13419.79,62.0,3,1,3,313,Hibernating
1177.0,2024-12-23,10,11895.43,8.0,3,5,3,353,Potential Loyalists
1178.0,2024-09-16,12,605393.01,106.0,3,5,5,355,Loyal Customers
1179.0,2023-08-19,5,10557.42,500.0,3,1,3,313,Hibernating
1180.0,2024-09-28,7,11026.79,94.0,3,3,3,333,Potential Loyalists
1181.0,2024-12-02,8,9883.77,29.0,3,3,2,332,Potential Loyalists
1182.0,2024-10-30,3,3886.85,62.0,3,1,1,311,Hibernating
1183.0,2024-11-17,8,12748.51,44.0,3,3,3,333,Potential Loyalists
1184.0,2023-12-23,2,2794.84,374.0,3,1,1,311,Hibernating
1185.0,2024-04-07,5,13318.61,268.0,3,1,3,313,Hibernating
1186.0,2024-07-19,6,17373.7,165.0,3,2,4,324,Promising
1187.0,2024-12-03,5,7255.549999999999,28.0,3,1,2,312,Hibernating
1188.0,2024-07-25,2,3511.92,159.0,3,1,1,311,Hibernating
1189.0,2024-07-30,12,25294.1,154.0,3,5,5,355,Loyal Customers
1190.0,2024-06-16,10,19039.57,198.0,3,5,4,354,Loyal Customers
1191.0,2024-11-10,7,10451.6,51.0,3,3,3,333,Potential Loyalists
1192.0,2024-09-06,5,3360.48,116.0,3,1,1,311,Hibernating
1193.0,2024-09-27,5,7760.07,95.0,3,1,2,312,Hibernating
1194.0,2024-10-10,8,15676.779999999999,82.0,3,3,4,334,Loyal Customers
1195.0,2023-09-28,6,8853.89,460.0,3,2,2,322,Hibernating
1196.0,2024-06-15,8,10431.44,199.0,3,3,3,333,Potential Loyalists
1197.0,2024-04-12,15,30474.09,263.0,3,5,5,355,Loyal Customers
1198.0,2024-04-13,7,6514.74,262.0,3,3,1,331,Potential Loyalists
1199.0,2024-03-28,7,8801.14,278.0,3,3,2,332,Potential Loyalists
1200.0,2024-11-07,10,14048.15,54.0,3,5,3,353,Potential Loyalists
1201.0,2024-12-19,8,25704.76,12.0,3,3,5,335,Loyal Customers
1202.0,2024-12-26,10,19251.82,5.0,3,5,4,354,Loyal Customers
1203.0,2024-10-30,10,13032.83,62.0,3,5,3,353,Potential Loyalists
1204.0,2024-08-06,10,9559.61,147.0,3,5,2,352,Potential Loyalists
1205.0,2024-12-19,6,12824.01,12.0,3,2,3,323,Hibernating
1206.0,2024-12-19,8,11049.03,12.0,3,3,3,333,Potential Loyalists
1207.0,2024-05-21,7,10728.82,224.0,3,3,3,333,Potential Loyalists
1208.0,2024-12-18,9,6580.570000000001,13.0,3,4,1,341,Potential Loyalists
1209.0,2024-04-18,6,6315.75,257.0,3,2,1,321,Hibernating
1210.0,2024-10-09,10,18999.63,83.0,3,5,4,354,Loyal Customers
1211.0,2024-08-26,5,14555.84,127.0,3,1,4,314,Hibernating
1212.0,2024-05-31,2,2617.6,214.0,3,1,1,311,Hibernating
1213.0,2024-06-20,9,9401.81,194.0,3,4,2,342,Potential Loyalists
1214.0,2024-12-19,7,222265.44999999998,12.0,3,3,5,335,Loyal Customers
1215.0,2024-10-07,7,15391.87,85.0,3,3,4,334,Loyal Customers
1216.0,2024-11-25,5,10783.92,36.0,3,1,3,313,Hibernating
1217.0,2024-09-03,4,2270.75,119.0,3,1,1,311,Hibernating
1218.0,2024-11-26,8,19299.329999999998,35.0,3,3,4,334,Loyal Customers
1219.0,2024-08-14,8,13217.029999999999,139.0,3,3,3,333,Potential Loyalists
1220.0,2024-11-30,4,695.7,31.0,3,1,1,311,Hibernating
1221.0,2024-12-01,10,13284.74,30.0,3,5,3,353,Potential Loyalists
1222.0,2024-08-30,8,372642.8,123.0,3,3,5,335,Loyal Customers
1223.0,2024-10-28,6,7650.12,64.0,3,2,2,322,Hibernating
1224.0,2023-12-01,8,18322.96,396.0,3,3,4,334,Loyal Customers
1225.0,2024-10-18,7,6119.54,74.0,3,3,1,331,Potential Loyalists
1226.0,2024-12-09,8,8744.779999999999,22.0,3,3,2,332,Potential Loyalists
1227.0,2024-10-16,8,11756.07,76.0,3,3,3,333,Potential Loyalists
1228.0,2023-11-25,5,9916.2,402.0,3,1,2,312,Hibernating
1229.0,2024-11-13,7,7230.799999999999,48.0,3,3,2,332,Potential Loyalists
1230.0,2024-12-27,12,348396.11999999994,4.0,3,5,5,355,Loyal Customers
1231.0,2024-11-22,6,8310.76,39.0,3,2,2,322,Hibernating
1232.0,2024-11-06,7,28209.2,55.0,3,3,5,335,Loyal Customers
1233.0,2024-11-04,9,17925.23,57.0,3,4,4,344,Loyal Customers
1234.0,2024-06-07,5,7384.400000000001,207.0,3,1,2,312,Hibernating
1235.0,2024-12-20,6,15856.87,11.0,3,2,4,324,Promising
1236.0,2024-12-13,13,21069.2,18.0,3,5,4,354,Loyal Customers
1237.0,2024-09-16,3,10727.53,106.0,3,1,3,313,Hibernating
1238.0,2024-12-26,10,19968.08,5.0,3,5,4,354,Loyal Customers
1239.0,2024-12-01,10,20993.77,30.0,3,5,4,354,Loyal Customers
1240.0,2024-10-17,7,9185.56,75.0,3,3,2,332,Potential Loyalists
1241.0,2022-06-07,1,184.25,938.0,3,1,1,311,Hibernating
1242.0,2024-06-27,11,182755.17,187.0,3,5,5,355,Loyal Customers
1243.0,2023-04-05,6,6598.82,636.0,3,2,2,322,Hibernating
1244.0,2024-11-09,10,14856.33,52.0,3,5,4,354,Loyal Customers
1245.0,2024-11-11,7,12530.13,50.0,3,3,3,333,Potential Loyalists
1246.0,2024-07-24,7,9188.74,160.0,3,3,2,332,Potential Loyalists
1247.0,2024-08-16,7,6802.41,137.0,3,3,2,332,Potential Loyalists
1248.0,2024-09-12,10,11559.75,110.0,3,5,3,353,Potential Loyalists
1249.0,2024-11-23,10,23657.91,38.0,3,5,5,355,Loyal Customers
1250.0,2024-12-31,9,7704.0,0.0,3,4,2,342,Potential Loyalists
1251.0,2024-12-25,8,11797.96,6.0,3,3,3,333,Potential Loyalists
1252.0,2024-09-30,5,2543.4500000000003,92.0,3,1,1,311,Hibernating
1253.0,2024-05-27,10,16835.16,218.0,3,5,4,354,Loyal Customers
1254.0,2024-11-20,6,8649.35,41.0,3,2,2,322,Hibernating
1255.0,2024-08-30,9,16261.93,123.0,3,4,4,344,Loyal Customers
1256.0,2024-10-26,10,13167.32,66.0,3,5,3,353,Potential Loyalists
1257.0,2024-12-09,8,13569.41,22.0,3,3,3,333,Potential Loyalists
1258.0,2024-08-15,9,11428.17,138.0,3,4,3,343,Potential Loyalists
1259.0,2024-01-02,3,6030.4800000000005,364.0,3,1,1,311,Hibernating
1260.0,2024-01-23,6,7604.03,343.0,3,2,2,322,Hibernating
1261.0,2024-07-13,6,17506.649999999998,171.0,3,2,4,324,Promising
1262.0,2024-10-25,10,19161.61,67.0,3,5,4,354,Loyal Customers
1263.0,2024-05-02,3,1930.62,243.0,3,1,1,311,Hibernating
1264.0,2024-08-12,6,26784.43,141.0,3,2,5,325,Promising
1265.0,2024-09-23,5,6677.39,99.0,3,1,2,312,Hibernating
1266.0,2024-09-20,5,4980.05,102.0,3,1,1,311,Hibernating
1267.0,2024-12-15,11,16707.09,16.0,3,5,4,354,Loyal Customers
1268.0,2024-06-18,4,5569.2300000000005,196.0,3,1,1,311,Hibernating
1269.0,2024-03-27,6,28289.89,279.0,3,2,5,325,Promising
1270.0,2024-12-28,8,7429.099999999999,3.0,3,3,2,332,Potential Loyalists
1271.0,2024-09-04,8,19135.93,118.0,3,3,4,334,Loyal Customers
1272.0,2024-09-30,12,16116.62,92.0,3,5,4,354,Loyal Customers
1273.0,2024-11-30,14,26786.93,31.0,3,5,5,355,Loyal Customers
1274.0,2024-10-16,3,5232.51,76.0,3,1,1,311,Hibernating
1275.0,2024-12-28,4,6719.27,3.0,3,1,2,312,Hibernating
1276.0,2024-08-11,8,175662.36000000002,142.0,3,3,5,335,Loyal Customers
1277.0,2024-09-04,8,488844.30000000005,118.0,3,3,5,335,Loyal Customers
1278.0,2024-11-20,6,3850.63,41.0,3,2,1,321,Hibernating
1279.0,2024-11-16,8,13509.05,45.0,3,3,3,333,Potential Loyalists
1280.0,2024-12-28,6,23199.0,3.0,3,2,5,325,Promising
1281.0,2024-09-27,9,12607.25,95.0,3,4,3,343,Potential Loyalists
1282.0,2024-11-11,2,3562.14,50.0,3,1,1,311,Hibernating
1283.0,2023-08-13,6,11015.93,506.0,3,2,3,323,Hibernating
1284.0,2024-11-24,7,6301.03,37.0,3,3,1,331,Potential Loyalists
1285.0,2024-12-16,7,9809.32,15.0,3,3,2,332,Potential Loyalists
1286.0,2024-07-23,4,5014.52,161.0,3,1,1,311,Hibernating
1287.0,2024-09-26,8,10595.68,96.0,3,3,3,333,Potential Loyalists
1288.0,2023-04-10,5,5858.45,631.0,3,1,1,311,Hibernating
1289.0,2024-12-17,8,26153.940000000002,14.0,3,3,5,335,Loyal Customers
1290.0,2024-10-19,6,4361.61,73.0,3,2,1,321,Hibernating
1291.0,2024-06-01,8,13228.119999999999,213.0,3,3,3,333,Potential Loyalists
1292.0,2024-10-30,7,209152.25,62.0,3,3,5,335,Loyal Customers
1293.0,2024-07-13,6,10787.859999999999,171.0,3,2,3,323,Hibernating
1294.0,2024-08-23,8,13091.25,130.0,3,3,3,333,Potential Loyalists
1295.0,2024-12-30,8,13879.29,1.0,3,3,3,333,Potential Loyalists
1296.0,2024-06-23,3,6200.0599999999995,191.0,3,1,1,311,Hibernating
1297.0,2024-04-04,5,8541.52,271.0,3,1,2,312,Hibernating
1298.0,2024-04-03,4,6071.17,272.0,3,1,1,311,Hibernating
1299.0,2024-08-18,6,9843.07,135.0,3,2,2,322,Hibernating
1300.0,2024-10-30,4,7934.29,62.0,3,1,2,312,Hibernating
1301.0,2024-11-22,8,17144.81,39.0,3,3,4,334,Loyal Customers
1302.0,2024-09-07,6,7846.2699999999995,115.0,3,2,2,322,Hibernating
1303.0,2024-11-08,8,12782.83,53.0,3,3,3,333,Potential Loyalists
1304.0,2024-02-11,4,7394.8,324.0,3,1,2,312,Hibernating
1305.0,2024-11-24,4,276157.70999999996,37.0,3,1,5,315,Promising
1306.0,2024-07-23,5,11312.7,161.0,3,1,3,313,Hibernating
1307.0,2024-10-22,10,18255.77,70.0,3,5,4,354,Loyal Customers
1308.0,2024-08-26,7,6407.89,127.0,3,3,1,331,Potential Loyalists
1309.0,2024-12-27,7,10654.63,4.0,3,3,3,333,Potential Loyalists
1310.0,2024-12-16,10,8308.75,15.0,3,5,2,352,Potential Loyalists
1311.0,2023-02-09,7,11448.31,691.0,3,3,3,333,Potential Loyalists
1312.0,2023-01-10,3,2674.22,721.0,3,1,1,311,Hibernating
1313.0,2024-06-22,2,756.21,192.0,3,1,1,311,Hibernating
1314.0,2024-10-10,6,9791.1,82.0,3,2,2,322,Hibernating
1315.0,2024-12-20,8,23171.13,11.0,3,3,5,335,Loyal Customers
1316.0,2023-01-15,4,12223.44,716.0,3,1,3,313,Hibernating
1317.0,2024-12-18,8,9238.03,13.0,3,3,2,332,Potential Loyalists
1318.0,2024-12-09,4,1491.64,22.0,3,1,1,311,Hibernating
1319.0,2024-08-18,9,9802.29,135.0,3,4,2,342,Potential Loyalists
1320.0,2024-11-13,5,6120.8,48.0,3,1,1,311,Hibernating
1321.0,2024-10-21,7,8673.46,71.0,3,3,2,332,Potential Loyalists
1322.0,2024-08-30,5,4842.52,123.0,3,1,1,311,Hibernating
1323.0,2024-11-15,6,5384.5199999999995,46.0,3,2,1,321,Hibernating
1324.0,2024-04-19,5,4512.8099999999995,256.0,3,1,1,311,Hibernating
1325.0,2024-12-27,14,22326.65,4.0,3,5,5,355,Loyal Customers
1326.0,2024-12-02,8,18872.03,29.0,3,3,4,334,Loyal Customers
1327.0,2024-10-22,8,12286.95,70.0,3,3,3,333,Potential Loyalists
1328.0,2024-01-14,4,5918.71,352.0,3,1,1,311,Hibernating
1329.0,2024-01-19,9,16323.429999999998,347.0,3,4,4,344,Loyal Customers
1330.0,2024-12-11,10,22993.45,20.0,3,5,5,355,Loyal Customers
1331.0,2024-10-12,7,20309.82,80.0,3,3,4,334,Loyal Customers
1332.0,2024-12-26,6,6817.91,5.0,3,2,2,322,Hibernating
1333.0,2024-10-05,6,8384.48,87.0,3,2,2,322,Hibernating
1334.0,2024-08-29,8,12517.79,124.0,3,3,3,333,Potential Loyalists
1335.0,2024-12-16,14,12117.68,15.0,3,5,3,353,Potential Loyalists
1336.0,2024-09-06,11,26617.91,116.0,3,5,5,355,Loyal Customers
1337.0,2024-02-09,7,10445.61,326.0,3,3,3,333,Potential Loyalists
1338.0,2024-05-26,5,10579.08,219.0,3,1,3,313,Hibernating
1339.0,2024-11-16,6,18119.53,45.0,3,2,4,324,Promising
1340.0,2024-11-07,16,23810.440000000002,54.0,3,5,5,355,Loyal Customers
1341.0,2024-12-05,14,20810.0,26.0,3,5,4,354,Loyal Customers
1342.0,2024-08-12,7,5806.599999999999,141.0,3,3,1,331,Potential Loyalists
1343.0,2024-11-15,4,7103.34,46.0,3,1,2,312,Hibernating
1344.0,2024-12-06,5,3566.05,25.0,3,1,1,311,Hibernating
1345.0,2024-07-26,3,4528.39,158.0,3,1,1,311,Hibernating
1346.0,2024-08-15,9,9556.89,138.0,3,4,2,342,Potential Loyalists
1347.0,2024-11-26,13,472560.38,35.0,3,5,5,355,Loyal Customers
1348.0,2024-08-30,7,7635.339999999999,123.0,3,3,2,332,Potential Loyalists
1349.0,2024-08-22,6,378218.76999999996,131.0,3,2,5,325,Promising
1350.0,2024-10-06,8,16599.38,86.0,3,3,4,334,Loyal Customers
1351.0,2024-11-18,12,24740.1,43.0,3,5,5,355,Loyal Customers
1352.0,2024-10-17,5,146270.79,75.0,3,1,5,315,Promising
1353.0,2023-09-28,3,5536.96,460.0,3,1,1,311,Hibernating
1354.0,2024-03-05,6,5756.25,301.0,3,2,1,321,Hibernating
1355.0,2024-10-22,11,161865.22999999998,70.0,3,5,5,355,Loyal Customers
1356.0,2024-11-11,5,341395.89,50.0,3,1,5,315,Promising
1357.0,2024-07-22,14,39956.54,162.0,3,5,5,355,Loyal Customers
1358.0,2024-12-04,9,18711.76,27.0,3,4,4,344,Loyal Customers
1359.0,2024-08-17,7,10843.3,136.0,3,3,3,333,Potential Loyalists
1360.0,2024-08-27,9,22508.95,126.0,3,4,5,345,Loyal Customers
1361.0,2024-11-16,7,7211.34,45.0,3,3,2,332,Potential Loyalists
1362.0,2024-07-21,3,5598.41,163.0,3,1,1,311,Hibernating
1363.0,2024-07-08,8,11010.69,176.0,3,3,3,333,Potential Loyalists
1364.0,2023-12-25,5,18258.43,372.0,3,1,4,314,Hibernating
1365.0,2024-11-25,10,11879.63,36.0,3,5,3,353,Potential Loyalists
1366.0,2024-01-10,6,8390.35,356.0,3,2,2,322,Hibernating
1367.0,2024-11-29,9,10890.71,32.0,3,4,3,343,Potential Loyalists
1368.0,2024-09-09,7,70354.35,113.0,3,3,5,335,Loyal Customers
1369.0,2024-07-24,6,13193.47,160.0,3,2,3,323,Hibernating
1370.0,2024-01-26,7,14001.71,340.0,3,3,3,333,Potential Loyalists
1371.0,2024-10-28,11,23817.16,64.0,3,5,5,355,Loyal Customers
1372.0,2024-07-10,5,9673.95,174.0,3,1,2,312,Hibernating
1373.0,2024-04-11,3,9123.98,264.0,3,1,2,312,Hibernating
1374.0,2024-05-05,5,24106.879999999997,240.0,3,1,5,315,Promising
1375.0,2024-11-03,7,8539.75,58.0,3,3,2,332,Potential Loyalists
1376.0,2024-07-10,5,14985.630000000001,174.0,3,1,4,314,Hibernating
1377.0,2024-10-16,4,14187.78,76.0,3,1,3,313,Hibernating
1378.0,2024-11-20,5,1262.85,41.0,3,1,1,311,Hibernating
1379.0,2024-11-09,13,29671.0,52.0,3,5,5,355,Loyal Customers
1380.0,2024-02-14,8,6552.1900000000005,321.0,3,3,1,331,Potential Loyalists
1381.0,2024-12-06,5,4156.99,25.0,3,1,1,311,Hibernating
1382.0,2023-12-15,5,4626.31,382.0,3,1,1,311,Hibernating
1383.0,2024-12-26,3,4055.0299999999997,5.0,3,1,1,311,Hibernating
1384.0,2024-11-13,9,12036.09,48.0,3,4,3,343,Potential Loyalists
1385.0,2024-01-28,6,8323.880000000001,338.0,3,2,2,322,Hibernating
1386.0,2024-12-02,6,10188.5,29.0,3,2,2,322,Hibernating
1387.0,2024-06-24,6,18531.1,190.0,3,2,4,324,Promising
1388.0,2024-12-01,6,11979.810000000001,30.0,3,2,3,323,Hibernating
1389.0,2024-11-27,5,5586.62,34.0,3,1,1,311,Hibernating
1390.0,2024-12-27,12,11487.37,4.0,3,5,3,353,Potential Loyalists
1391.0,2024-05-27,10,20326.99,218.0,3,5,4,354,Loyal Customers
1392.0,2024-06-14,9,10791.23,200.0,3,4,3,343,Potential Loyalists
1393.0,2024-12-20,3,3153.95,11.0,3,1,1,311,Hibernating
1394.0,2024-10-09,6,7070.65,83.0,3,2,2,322,Hibernating
1395.0,2024-10-11,10,17057.15,81.0,3,5,4,354,Loyal Customers
1396.0,2024-12-06,10,13218.27,25.0,3,5,3,353,Potential Loyalists
1397.0,2024-12-26,6,3169.53,5.0,3,2,1,321,Hibernating
1398.0,2024-02-09,7,14392.27,326.0,3,3,3,333,Potential Loyalists
1399.0,2024-07-24,9,148024.73,160.0,3,4,5,345,Loyal Customers
1400.0,2024-11-03,6,6792.5599999999995,58.0,3,2,2,322,Hibernating
1401.0,2024-03-13,7,7581.19,293.0,3,3,2,332,Potential Loyalists
1402.0,2024-09-10,8,16447.95,112.0,3,3,4,334,Loyal Customers
1403.0,2024-10-31,9,343517.87999999995,61.0,3,4,5,345,Loyal Customers
1404.0,2024-01-14,3,4859.74,352.0,3,1,1,311,Hibernating
1405.0,2024-09-09,5,4194.28,113.0,3,1,1,311,Hibernating
1406.0,2024-10-19,8,25435.64,73.0,3,3,5,335,Loyal Customers
1407.0,2024-09-13,8,10980.44,109.0,3,3,3,333,Potential Loyalists
1408.0,2024-01-20,6,5115.85,346.0,3,2,1,321,Hibernating
1409.0,2024-10-27,14,36004.28,65.0,3,5,5,355,Loyal Customers
1410.0,2024-11-26,9,17630.07,35.0,3,4,4,344,Loyal Customers
1411.0,2024-07-09,4,6915.41,175.0,3,1,2,312,Hibernating
1412.0,2024-02-05,7,174118.53,330.0,3,3,5,335,Loyal Customers
1413.0,2024-12-05,8,14739.02,26.0,3,3,4,334,Loyal Customers
1414.0,2024-08-28,6,11149.61,125.0,3,2,3,323,Hibernating
1415.0,2024-05-15,9,15381.529999999999,230.0,3,4,4,344,Loyal Customers
1416.0,2024-11-05,2,3753.55,56.0,3,1,1,311,Hibernating
1417.0,2024-08-14,6,4719.27,139.0,3,2,1,321,Hibernating
1418.0,2024-03-10,9,13666.23,296.0,3,4,3,343,Potential Loyalists
1419.0,2024-12-18,8,14508.35,13.0,3,3,4,334,Loyal Customers
1420.0,2024-11-23,6,4787.65,38.0,3,2,1,321,Hibernating
1421.0,2024-08-18,9,9495.789999999999,135.0,3,4,2,342,Potential Loyalists
1422.0,2024-12-10,6,12768.0,21.0,3,2,3,323,Hibernating
1423.0,2024-12-21,6,18523.05,10.0,3,2,4,324,Promising
1424.0,2023-10-11,6,8971.7,447.0,3,2,2,322,Hibernating
1425.0,2024-11-21,11,23159.19,40.0,3,5,5,355,Loyal Customers
1426.0,2024-03-04,4,8654.93,302.0,3,1,2,312,Hibernating
1427.0,2024-11-17,7,14194.66,44.0,3,3,3,333,Potential Loyalists
1428.0,2024-05-21,7,7517.1,224.0,3,3,2,332,Potential Loyalists
1429.0,2024-07-24,3,3390.51,160.0,3,1,1,311,Hibernating
1430.0,2024-12-22,8,26204.5,9.0,3,3,5,335,Loyal Customers
1431.0,2024-03-03,5,5008.61,303.0,3,1,1,311,Hibernating
1432.0,2024-11-07,8,5829.91,54.0,3,3,1,331,Potential Loyalists
1433.0,2024-06-27,12,7866.719999999999,187.0,3,5,2,352,Potential Loyalists
1434.0,2024-01-18,6,62761.270000000004,348.0,3,2,5,325,Promising
1435.0,2024-10-06,6,7616.53,86.0,3,2,2,322,Hibernating
1436.0,2024-07-03,6,4728.26,181.0,3,2,1,321,Hibernating
1437.0,2024-04-22,7,5457.07,253.0,3,3,1,331,Potential Loyalists
1438.0,2024-08-21,12,8384.88,132.0,3,5,2,352,Potential Loyalists
1439.0,2024-11-30,12,570460.96,31.0,3,5,5,355,Loyal Customers
1440.0,2024-09-29,9,14645.550000000001,93.0,3,4,4,344,Loyal Customers
1441.0,2023-10-31,4,5843.74,427.0,3,1,1,311,Hibernating
1442.0,2024-07-01,8,210250.89,183.0,3,3,5,335,Loyal Customers
1443.0,2024-10-02,8,12419.75,90.0,3,3,3,333,Potential Loyalists
1444.0,2024-06-17,3,3268.17,197.0,3,1,1,311,Hibernating
1445.0,2024-02-15,6,19186.260000000002,320.0,3,2,4,324,Promising
1446.0,2024-03-19,2,7778.489999999999,287.0,3,1,2,312,Hibernating
1447.0,2024-08-23,6,167231.46,130.0,3,2,5,325,Promising
1448.0,2024-09-26,5,5569.13,96.0,3,1,1,311,Hibernating
1449.0,2024-09-26,2,8865.56,96.0,3,1,2,312,Hibernating
1450.0,2024-12-25,7,11190.18,6.0,3,3,3,333,Potential Loyalists
1451.0,2024-11-18,8,12286.1,43.0,3,3,3,333,Potential Loyalists
1452.0,2024-12-15,7,10762.65,16.0,3,3,3,333,Potential Loyalists
1453.0,2024-11-23,6,12158.289999999999,38.0,3,2,3,323,Hibernating
1454.0,2024-08-12,7,23185.079999999998,141.0,3,3,5,335,Loyal Customers
1455.0,2024-11-05,9,22642.46,56.0,3,4,5,345,Loyal Customers
1456.0,2024-12-29,5,5986.28,2.0,3,1,1,311,Hibernating
1457.0,2024-10-14,11,11773.77,78.0,3,5,3,353,Potential Loyalists
1458.0,2024-04-22,6,3171.7200000000003,253.0,3,2,1,321,Hibernating
1459.0,2024-04-17,7,15837.199999999999,258.0,3,3,4,334,Loyal Customers
1460.0,2024-12-03,4,6470.6900000000005,28.0,3,1,1,311,Hibernating
1461.0,2024-11-01,6,9908.119999999999,60.0,3,2,2,322,Hibernating
1462.0,2024-11-20,8,29542.49,41.0,3,3,5,335,Loyal Customers
1463.0,2024-11-27,14,34750.57,34.0,3,5,5,355,Loyal Customers
1464.0,2023-03-09,6,8545.949999999999,663.0,3,2,2,322,Hibernating
1465.0,2024-10-02,13,813960.64,90.0,3,5,5,355,Loyal Customers
1466.0,2024-11-28,11,19660.32,33.0,3,5,4,354,Loyal Customers
1467.0,2024-05-21,6,16145.78,224.0,3,2,4,324,Promising
1468.0,2024-11-07,5,14507.17,54.0,3,1,4,314,Hibernating
1469.0,2024-09-22,7,7637.21,100.0,3,3,2,332,Potential Loyalists
1470.0,2024-07-26,5,6297.37,158.0,3,1,1,311,Hibernating
1471.0,2024-10-07,11,49959.68,85.0,3,5,5,355,Loyal Customers
1472.0,2024-07-18,4,8749.49,166.0,3,1,2,312,Hibernating
1473.0,2024-09-09,11,821200.7100000001,113.0,3,5,5,355,Loyal Customers
1474.0,2024-12-31,7,15124.009999999998,0.0,3,3,4,334,Loyal Customers
1475.0,2024-12-31,2,3921.92,0.0,3,1,1,311,Hibernating
1476.0,2024-11-02,9,22396.21,59.0,3,4,5,345,Loyal Customers
1477.0,2024-10-25,9,23692.170000000002,67.0,3,4,5,345,Loyal Customers
1478.0,2022-11-16,5,3390.64,776.0,3,1,1,311,Hibernating
1479.0,2024-11-07,7,14723.65,54.0,3,3,4,334,Loyal Customers
1480.0,2024-12-09,5,6045.78,22.0,3,1,1,311,Hibernating
1481.0,2024-11-23,10,18932.63,38.0,3,5,4,354,Loyal Customers
1482.0,2024-11-20,5,14451.46,41.0,3,1,4,314,Hibernating
1483.0,2024-12-20,9,410931.65,11.0,3,4,5,345,Loyal Customers
1484.0,2024-09-17,8,22610.37,105.0,3,3,5,335,Loyal Customers
1485.0,2024-12-04,13,615949.3999999999,27.0,3,5,5,355,Loyal Customers
1486.0,2024-04-10,5,8907.18,265.0,3,1,2,312,Hibernating
1487.0,2024-11-02,6,17807.739999999998,59.0,3,2,4,324,Promising
1488.0,2024-05-21,2,4867.150000000001,224.0,3,1,1,311,Hibernating
1489.0,2023-12-18,3,6529.37,379.0,3,1,1,311,Hibernating
1490.0,2024-06-14,10,19749.08,200.0,3,5,4,354,Loyal Customers
1491.0,2024-10-20,5,3769.56,72.0,3,1,1,311,Hibernating
1492.0,2024-08-04,5,8195.1,149.0,3,1,2,312,Hibernating
1493.0,2024-02-03,7,13725.47,332.0,3,3,3,333,Potential Loyalists
1494.0,2024-11-28,5,9328.89,33.0,3,1,2,312,Hibernating
1495.0,2024-12-25,6,9828.38,6.0,3,2,2,322,Hibernating
1496.0,2024-06-25,5,10016.7,189.0,3,1,2,312,Hibernating
1497.0,2024-12-01,8,47581.89,30.0,3,3,5,335,Loyal Customers
1498.0,2024-07-27,8,12324.62,157.0,3,3,3,333,Potential Loyalists
1499.0,2024-06-02,7,14361.82,212.0,3,3,3,333,Potential Loyalists
1500.0,2024-07-07,9,20285.82,177.0,3,4,4,344,Loyal Customers
1501.0,2024-07-07,8,16269.71,177.0,3,3,4,334,Loyal Customers
1502.0,2024-12-31,7,9362.64,0.0,3,3,2,332,Potential Loyalists
1503.0,2024-10-16,4,14692.64,76.0,3,1,4,314,Hibernating
1504.0,2024-06-02,12,228582.34,212.0,3,5,5,355,Loyal Customers
1505.0,2024-09-02,11,11407.43,120.0,3,5,3,353,Potential Loyalists
1506.0,2024-11-17,6,283116.02999999997,44.0,3,2,5,325,Promising
1507.0,2024-10-16,9,183195.33999999997,76.0,3,4,5,345,Loyal Customers
1508.0,2024-07-09,7,6836.06,175.0,3,3,2,332,Potential Loyalists
1509.0,2024-04-27,6,10154.09,248.0,3,2,2,322,Hibernating
1510.0,2024-09-01,6,15765.89,121.0,3,2,4,324,Promising
1511.0,2024-07-17,6,30868.54,167.0,3,2,5,325,Promising
1512.0,2024-10-09,5,10702.59,83.0,3,1,3,313,Hibernating
1513.0,2023-12-31,6,204535.86000000002,366.0,3,2,5,325,Promising
1514.0,2024-05-14,7,9507.130000000001,231.0,3,3,2,332,Potential Loyalists
1515.0,2024-12-29,9,14629.28,2.0,3,4,4,344,Loyal Customers
1516.0,2024-06-14,7,4177.4,200.0,3,3,1,331,Potential Loyalists
1517.0,2024-09-10,8,8729.11,112.0,3,3,2,332,Potential Loyalists
1518.0,2024-10-02,5,5081.37,90.0,3,1,1,311,Hibernating
1519.0,2024-11-09,8,11386.28,52.0,3,3,3,333,Potential Loyalists
1520.0,2024-11-20,3,3545.0699999999997,41.0,3,1,1,311,Hibernating
1521.0,2024-12-17,10,149977.78999999998,14.0,3,5,5,355,Loyal Customers
1522.0,2024-06-27,9,17835.54,187.0,3,4,4,344,Loyal Customers
1523.0,2024-05-01,4,616002.47,244.0,3,1,5,315,Promising
1524.0,2024-09-18,8,24034.11,104.0,3,3,5,335,Loyal Customers
1525.0,2024-06-20,10,17935.35,194.0,3,5,4,354,Loyal Customers
1526.0,2024-09-05,8,687109.65,117.0,3,3,5,335,Loyal Customers
1527.0,2024-12-16,11,18831.63,15.0,3,5,4,354,Loyal Customers
1528.0,2024-12-21,5,13057.73,10.0,3,1,3,313,Hibernating
1529.0,2024-08-02,5,6686.64,151.0,3,1,2,312,Hibernating
1530.0,2024-07-01,7,21883.02,183.0,3,3,4,334,Loyal Customers
1531.0,2024-06-10,4,5783.74,204.0,3,1,1,311,Hibernating
1532.0,2024-12-11,6,5623.07,20.0,3,2,1,321,Hibernating
1533.0,2024-10-22,5,6572.49,70.0,3,1,1,311,Hibernating
1534.0,2024-12-06,4,9087.14,25.0,3,1,2,312,Hibernating
1535.0,2023-12-07,5,7905.26,390.0,3,1,2,312,Hibernating
1536.0,2024-08-18,6,7681.97,135.0,3,2,2,322,Hibernating
1537.0,2024-08-07,8,13506.710000000001,146.0,3,3,3,333,Potential Loyalists
1538.0,2024-12-29,9,12402.23,2.0,3,4,3,343,Potential Loyalists
1539.0,2024-09-21,6,13013.06,101.0,3,2,3,323,Hibernating
1540.0,2023-07-09,2,2101.26,541.0,3,1,1,311,Hibernating
1541.0,2023-11-03,2,1097.25,424.0,3,1,1,311,Hibernating
1542.0,2024-12-11,7,8121.030000000001,20.0,3,3,2,332,Potential Loyalists
1543.0,2024-09-16,5,3437.3799999999997,106.0,3,1,1,311,Hibernating
1544.0,2024-04-24,8,11751.28,251.0,3,3,3,333,Potential Loyalists
1545.0,2024-01-19,7,13922.27,347.0,3,3,3,333,Potential Loyalists
1546.0,2024-09-07,7,6918.49,115.0,3,3,2,332,Potential Loyalists
1547.0,2024-11-12,5,15261.449999999999,49.0,3,1,4,314,Hibernating
1548.0,2024-01-01,5,9938.81,365.0,3,1,2,312,Hibernating
1549.0,2024-12-28,10,13791.38,3.0,3,5,3,353,Potential Loyalists
1550.0,2024-02-21,6,279530.58,314.0,3,2,5,325,Promising
1551.0,2024-04-11,3,9467.2,264.0,3,1,2,312,Hibernating
1552.0,2024-05-12,9,13534.4,233.0,3,4,3,343,Potential Loyalists
1553.0,2024-08-29,8,14328.17,124.0,3,3,3,333,Potential Loyalists
1554.0,2024-03-31,7,22503.92,275.0,3,3,5,335,Loyal Customers
1555.0,2024-09-19,6,12253.76,103.0,3,2,3,323,Hibernating
1556.0,2024-06-18,6,5937.24,196.0,3,2,1,321,Hibernating
1557.0,2024-03-27,6,11025.04,279.0,3,2,3,323,Hibernating
1558.0,2024-11-10,7,4741.72,51.0,3,3,1,331,Potential Loyalists
1559.0,2024-07-22,10,10564.58,162.0,3,5,3,353,Potential Loyalists
1560.0,2024-09-09,11,209003.59,113.0,3,5,5,355,Loyal Customers
1561.0,2024-12-04,4,4382.14,27.0,3,1,1,311,Hibernating
1562.0,2024-10-13,8,6234.02,79.0,3,3,1,331,Potential Loyalists
1563.0,2024-06-15,5,7254.01,199.0,3,1,2,312,Hibernating
1564.0,2024-04-17,5,4507.85,258.0,3,1,1,311,Hibernating
1565.0,2024-11-02,8,13488.779999999999,59.0,3,3,3,333,Potential Loyalists
1566.0,2024-08-28,8,870780.8400000001,125.0,3,3,5,335,Loyal Customers
1567.0,2024-12-01,7,2807.77,30.0,3,3,1,331,Potential Loyalists
1568.0,2023-11-05,7,8410.4,422.0,3,3,2,332,Potential Loyalists
1569.0,2024-10-19,7,12345.76,73.0,3,3,3,333,Potential Loyalists
1570.0,2024-09-03,7,7711.78,119.0,3,3,2,332,Potential Loyalists
1571.0,2024-03-10,10,25227.67,296.0,3,5,5,355,Loyal Customers
1572.0,2024-10-01,6,16941.82,91.0,3,2,4,324,Promising
1573.0,2024-08-18,5,9276.76,135.0,3,1,2,312,Hibernating
1574.0,2024-10-02,8,26510.62,90.0,3,3,5,335,Loyal Customers
1575.0,2024-05-28,3,8633.35,217.0,3,1,2,312,Hibernating
1576.0,2024-12-03,7,11024.02,28.0,3,3,3,333,Potential Loyalists
1577.0,2023-07-18,4,4357.44,532.0,3,1,1,311,Hibernating
1578.0,2024-08-10,8,12621.99,143.0,3,3,3,333,Potential Loyalists
1579.0,2024-12-16,8,18900.91,15.0,3,3,4,334,Loyal Customers
1580.0,2024-12-23,11,22001.46,8.0,3,5,4,354,Loyal Customers
1581.0,2024-05-06,7,23479.940000000002,239.0,3,3,5,335,Loyal Customers
1582.0,2024-03-14,5,12752.539999999999,292.0,3,1,3,313,Hibernating
1583.0,2024-11-13,9,9921.71,48.0,3,4,2,342,Potential Loyalists
1584.0,2024-09-27,8,9001.59,95.0,3,3,2,332,Potential Loyalists
1585.0,2024-08-09,8,4601.93,144.0,3,3,1,331,Potential Loyalists
1586.0,2022-11-09,2,3193.74,783.0,3,1,1,311,Hibernating
1587.0,2024-05-07,6,9736.26,238.0,3,2,2,322,Hibernating
1588.0,2024-08-27,18,350338.14999999997,126.0,3,5,5,355,Loyal Customers
1589.0,2024-10-22,7,13964.4,70.0,3,3,3,333,Potential Loyalists
1590.0,2024-07-19,7,23169.7,165.0,3,3,5,335,Loyal Customers
1591.0,2024-05-03,7,16224.839999999998,242.0,3,3,4,334,Loyal Customers
1592.0,2024-02-06,14,35331.63,329.0,3,5,5,355,Loyal Customers
1593.0,2024-10-08,8,10837.27,84.0,3,3,3,333,Potential Loyalists
1594.0,2024-07-31,5,5418.54,153.0,3,1,1,311,Hibernating
1595.0,2024-05-04,6,6043.9400000000005,241.0,3,2,1,321,Hibernating
1596.0,2024-03-29,4,6441.73,277.0,3,1,1,311,Hibernating
1597.0,2023-07-06,4,6621.53,544.0,3,1,2,312,Hibernating
1598.0,2024-09-30,8,9140.26,92.0,3,3,2,332,Potential Loyalists
1599.0,2023-11-17,5,10377.03,410.0,3,1,3,313,Hibernating
1600.0,2024-10-21,9,13807.41,71.0,3,4,3,343,Potential Loyalists
1601.0,2024-12-20,14,24690.93,11.0,3,5,5,355,Loyal Customers
1602.0,2024-08-27,9,9155.779999999999,126.0,3,4,2,342,Potential Loyalists
1603.0,2024-06-07,3,2705.13,207.0,3,1,1,311,Hibernating
1604.0,2024-04-17,5,8070.83,258.0,3,1,2,312,Hibernating
1605.0,2024-12-17,6,6932.66,14.0,3,2,2,322,Hibernating
1606.0,2024-11-04,8,12446.220000000001,57.0,3,3,3,333,Potential Loyalists
1607.0,2024-06-01,7,26060.94,213.0,3,3,5,335,Loyal Customers
1608.0,2024-06-01,9,18132.18,213.0,3,4,4,344,Loyal Customers
1609.0,2024-12-23,8,21003.39,8.0,3,3,4,334,Loyal Customers
1610.0,2024-12-04,6,5966.95,27.0,3,2,1,321,Hibernating
1611.0,2024-11-26,13,20112.01,35.0,3,5,4,354,Loyal Customers
1612.0,2024-04-18,8,212080.17,257.0,3,3,5,335,Loyal Customers
1613.0,2023-10-23,5,7112.150000000001,435.0,3,1,2,312,Hibernating
1614.0,2024-11-07,7,13325.82,54.0,3,3,3,333,Potential Loyalists
1615.0,2024-12-11,8,20975.079999999998,20.0,3,3,4,334,Loyal Customers
1616.0,2024-07-08,9,10403.95,176.0,3,4,3,343,Potential Loyalists
1617.0,2024-04-03,6,20981.170000000002,272.0,3,2,4,324,Promising
1618.0,2024-10-09,8,26831.739999999998,83.0,3,3,5,335,Loyal Customers
1619.0,2024-12-27,6,4084.91,4.0,3,2,1,321,Hibernating
1620.0,2024-06-14,7,12443.16,200.0,3,3,3,333,Potential Loyalists
1621.0,2024-10-08,14,26573.78,84.0,3,5,5,355,Loyal Customers
1622.0,2024-07-13,7,13659.130000000001,171.0,3,3,3,333,Potential Loyalists
1623.0,2024-02-26,6,8862.92,309.0,3,2,2,322,Hibernating
1624.0,2024-10-14,6,5763.49,78.0,3,2,1,321,Hibernating
1625.0,2024-10-20,15,23911.14,72.0,3,5,5,355,Loyal Customers
1626.0,2024-12-01,6,5207.07,30.0,3,2,1,321,Hibernating
1627.0,2024-06-11,4,1613.3899999999999,203.0,3,1,1,311,Hibernating
1628.0,2024-12-11,9,11984.41,20.0,3,4,3,343,Potential Loyalists
1629.0,2024-07-10,5,2854.25,174.0,3,1,1,311,Hibernating
1630.0,2024-12-18,5,8079.849999999999,13.0,3,1,2,312,Hibernating
1631.0,2024-02-16,6,13051.130000000001,319.0,3,2,3,323,Hibernating
1632.0,2024-04-27,6,3957.71,248.0,3,2,1,321,Hibernating
1633.0,2024-04-04,4,10870.73,271.0,3,1,3,313,Hibernating
1634.0,2024-11-03,7,14940.660000000002,58.0,3,3,4,334,Loyal Customers
1635.0,2024-10-15,10,14581.21,77.0,3,5,4,354,Loyal Customers
1636.0,2024-11-22,4,156686.3,39.0,3,1,5,315,Promising
1637.0,2024-11-19,8,8224.09,42.0,3,3,2,332,Potential Loyalists
1638.0,2024-12-29,11,17110.420000000002,2.0,3,5,4,354,Loyal Customers
1639.0,2024-07-13,12,20501.440000000002,171.0,3,5,4,354,Loyal Customers
1640.0,2024-07-16,5,691525.15,168.0,3,1,5,315,Promising
1641.0,2024-07-22,5,10435.039999999999,162.0,3,1,3,313,Hibernating
1642.0,2024-05-30,11,35858.34,215.0,3,5,5,355,Loyal Customers
1643.0,2023-11-11,6,19013.21,416.0,3,2,4,324,Promising
1644.0,2024-11-28,9,356884.91000000003,33.0,3,4,5,345,Loyal Customers
1645.0,2023-10-12,5,9062.6,446.0,3,1,2,312,Hibernating
1646.0,2024-12-19,14,25007.02,12.0,3,5,5,355,Loyal Customers
1647.0,2024-12-29,6,5043.69,2.0,3,2,1,321,Hibernating
1648.0,2024-09-05,3,37950.310000000005,117.0,3,1,5,315,Promising
1649.0,2023-03-11,2,1059.46,661.0,3,1,1,311,Hibernating
1650.0,2024-11-11,6,6678.0,50.0,3,2,2,322,Hibernating
1651.0,2022-10-05,4,5285.21,818.0,3,1,1,311,Hibernating
1652.0,2024-12-12,6,10964.57,19.0,3,2,3,323,Hibernating
1653.0,2024-10-31,8,83026.18,61.0,3,3,5,335,Loyal Customers
1654.0,2024-10-12,7,12847.68,80.0,3,3,3,333,Potential Loyalists
1655.0,2023-10-06,5,10479.689999999999,452.0,3,1,3,313,Hibernating
1656.0,2024-11-17,9,23116.77,44.0,3,4,5,345,Loyal Customers
1657.0,2024-10-16,9,7971.1,76.0,3,4,2,342,Potential Loyalists
1658.0,2024-06-06,9,18357.29,208.0,3,4,4,344,Loyal Customers
1659.0,2024-06-22,7,5103.46,192.0,3,3,1,331,Potential Loyalists
1660.0,2024-12-26,11,14623.23,5.0,3,5,4,354,Loyal Customers
1661.0,2024-12-13,6,188783.78,18.0,3,2,5,325,Promising
1662.0,2024-12-15,8,16083.449999999999,16.0,3,3,4,334,Loyal Customers
1663.0,2024-08-11,6,8273.38,142.0,3,2,2,322,Hibernating
1664.0,2023-09-02,5,6411.8099999999995,486.0,3,1,1,311,Hibernating
1665.0,2024-01-19,9,17606.68,347.0,3,4,4,344,Loyal Customers
1666.0,2024-09-11,4,943.79,111.0,3,1,1,311,Hibernating
1667.0,2024-08-12,7,8186.14,141.0,3,3,2,332,Potential Loyalists
1668.0,2024-12-23,12,710379.76,8.0,3,5,5,355,Loyal Customers
1669.0,2024-09-22,10,10980.76,100.0,3,5,3,353,Potential Loyalists
1670.0,2024-09-11,5,10122.69,111.0,3,1,2,312,Hibernating
1671.0,2024-12-17,8,14848.720000000001,14.0,3,3,4,334,Loyal Customers
1672.0,2024-12-07,4,6169.67,24.0,3,1,1,311,Hibernating
1673.0,2024-09-08,3,15227.02,114.0,3,1,4,314,Hibernating
1674.0,2024-11-13,6,10152.46,48.0,3,2,2,322,Hibernating
1675.0,2024-09-23,7,8737.880000000001,99.0,3,3,2,332,Potential Loyalists
1676.0,2024-05-16,6,13461.8,229.0,3,2,3,323,Hibernating
1677.0,2024-07-29,7,9892.94,155.0,3,3,2,332,Potential Loyalists
1678.0,2024-09-22,8,441549.22,100.0,3,3,5,335,Loyal Customers
1679.0,2024-08-06,7,14847.78,147.0,3,3,4,334,Loyal Customers
1680.0,2024-07-16,9,19042.85,168.0,3,4,4,344,Loyal Customers
1681.0,2024-12-13,9,9300.539999999999,18.0,3,4,2,342,Potential Loyalists
1682.0,2024-10-06,5,7428.3,86.0,3,1,2,312,Hibernating
1683.0,2024-08-16,4,2430.09,137.0,3,1,1,311,Hibernating
1684.0,2023-07-10,3,4714.46,540.0,3,1,1,311,Hibernating
1685.0,2023-08-19,6,9869.57,500.0,3,2,2,322,Hibernating
1686.0,2024-10-29,3,2756.31,63.0,3,1,1,311,Hibernating
1687.0,2024-08-15,5,8820.86,138.0,3,1,2,312,Hibernating
1688.0,2024-09-18,9,20579.22,104.0,3,4,4,344,Loyal Customers
1689.0,2024-12-26,10,18119.48,5.0,3,5,4,354,Loyal Customers
1690.0,2024-09-03,6,18351.94,119.0,3,2,4,324,Promising
1691.0,2024-08-06,9,13866.939999999999,147.0,3,4,3,343,Potential Loyalists
1692.0,2024-11-12,6,9953.380000000001,49.0,3,2,2,322,Hibernating
1693.0,2023-11-19,8,8441.22,408.0,3,3,2,332,Potential Loyalists
1694.0,2024-10-31,8,11420.75,61.0,3,3,3,333,Potential Loyalists
1695.0,2024-05-23,7,258172.19999999998,222.0,3,3,5,335,Loyal Customers
1696.0,2024-10-29,12,19911.43,63.0,3,5,4,354,Loyal Customers
1697.0,2024-03-26,8,11518.21,280.0,3,3,3,333,Potential Loyalists
1698.0,2024-09-14,11,33297.37,108.0,3,5,5,355,Loyal Customers
1699.0,2024-08-21,6,8105.23,132.0,3,2,2,322,Hibernating
1700.0,2024-06-24,5,7916.06,190.0,3,1,2,312,Hibernating
1701.0,2024-10-05,9,8571.68,87.0,3,4,2,342,Potential Loyalists
1702.0,2023-11-18,2,680.0,409.0,3,1,1,311,Hibernating
1703.0,2024-11-23,9,23507.62,38.0,3,4,5,345,Loyal Customers
1704.0,2024-09-09,4,3509.46,113.0,3,1,1,311,Hibernating
1705.0,2024-05-03,4,12630.37,242.0,3,1,3,313,Hibernating
1706.0,2024-06-11,3,1674.6,203.0,3,1,1,311,Hibernating
1707.0,2023-09-15,3,5478.23,473.0,3,1,1,311,Hibernating
1708.0,2023-08-13,7,22763.59,506.0,3,3,5,335,Loyal Customers
1709.0,2024-08-02,8,17478.15,151.0,3,3,4,334,Loyal Customers
1710.0,2024-09-22,11,26367.899999999998,100.0,3,5,5,355,Loyal Customers
1711.0,2024-09-03,12,21247.2,119.0,3,5,4,354,Loyal Customers
1712.0,2024-09-24,5,25009.54,98.0,3,1,5,315,Promising
1713.0,2024-03-16,6,435133.41,290.0,3,2,5,325,Promising
1714.0,2024-11-28,11,34685.96,33.0,3,5,5,355,Loyal Customers
1715.0,2024-03-12,8,412398.79,294.0,3,3,5,335,Loyal Customers
1716.0,2024-03-17,5,11208.88,289.0,3,1,3,313,Hibernating
1717.0,2024-12-05,8,7867.18,26.0,3,3,2,332,Potential Loyalists
1718.0,2024-12-17,8,8598.72,14.0,3,3,2,332,Potential Loyalists
1719.0,2024-12-29,6,5251.97,2.0,3,2,1,321,Hibernating
1720.0,2024-04-16,6,7474.21,259.0,3,2,2,322,Hibernating
1721.0,2024-09-18,9,5872.96,104.0,3,4,1,341,Potential Loyalists
1722.0,2024-09-07,7,15308.66,115.0,3,3,4,334,Loyal Customers
1723.0,2024-11-07,8,185422.25,54.0,3,3,5,335,Loyal Customers
1724.0,2024-12-20,12,20569.61,11.0,3,5,4,354,Loyal Customers
1725.0,2024-05-30,10,36997.71,215.0,3,5,5,355,Loyal Customers
1726.0,2024-08-22,8,10409.41,131.0,3,3,3,333,Potential Loyalists
1727.0,2024-11-16,5,4712.5,45.0,3,1,1,311,Hibernating
1728.0,2024-11-17,4,11302.9,44.0,3,1,3,313,Hibernating
1729.0,2024-09-21,9,9018.99,101.0,3,4,2,342,Potential Loyalists
1730.0,2024-12-19,11,10624.43,12.0,3,5,3,353,Potential Loyalists
1731.0,2024-10-10,10,12394.92,82.0,3,5,3,353,Potential Loyalists
1732.0,2024-10-11,9,7129.06,81.0,3,4,2,342,Potential Loyalists
1733.0,2024-05-10,7,8254.39,235.0,3,3,2,332,Potential Loyalists
1734.0,2024-11-12,7,8449.380000000001,49.0,3,3,2,332,Potential Loyalists
1735.0,2024-07-31,4,4334.85,153.0,3,1,1,311,Hibernating
1736.0,2024-10-09,8,17814.41,83.0,3,3,4,334,Loyal Customers
1737.0,2024-12-17,7,1270156.67,14.0,3,3,5,335,Loyal Customers
1738.0,2024-11-09,9,27125.48,52.0,3,4,5,345,Loyal Customers
1739.0,2024-04-10,8,7381.87,265.0,3,3,2,332,Potential Loyalists
1740.0,2024-05-31,5,4070.82,214.0,3,1,1,311,Hibernating
1741.0,2023-11-20,3,4314.46,407.0,3,1,1,311,Hibernating
1742.0,2024-07-14,5,5759.32,170.0,3,1,1,311,Hibernating
1743.0,2024-11-04,8,10604.88,57.0,3,3,3,333,Potential Loyalists
1744.0,2023-10-18,8,8716.300000000001,440.0,3,3,2,332,Potential Loyalists
1745.0,2023-10-22,5,8128.61,436.0,3,1,2,312,Hibernating
1746.0,2024-05-15,6,8747.49,230.0,3,2,2,322,Hibernating
1747.0,2024-04-11,6,5845.099999999999,264.0,3,2,1,321,Hibernating
1748.0,2024-12-27,5,6434.08,4.0,3,1,1,311,Hibernating
1749.0,2024-11-20,10,10499.94,41.0,3,5,3,353,Potential Loyalists
1750.0,2024-08-16,11,26549.02,137.0,3,5,5,355,Loyal Customers
1751.0,2024-07-14,6,17909.59,170.0,3,2,4,324,Promising
1752.0,2024-05-20,6,127236.66,225.0,3,2,5,325,Promising
1753.0,2024-04-17,8,25801.57,258.0,3,3,5,335,Loyal Customers
1754.0,2024-05-30,4,3346.76,215.0,3,1,1,311,Hibernating
1755.0,2024-09-28,10,1215194.44,94.0,3,5,5,355,Loyal Customers
1756.0,2024-12-25,8,15605.31,6.0,3,3,4,334,Loyal Customers
1757.0,2024-10-14,9,17007.55,78.0,3,4,4,344,Loyal Customers
1758.0,2024-11-07,10,19670.86,54.0,3,5,4,354,Loyal Customers
1759.0,2024-06-27,6,10317.76,187.0,3,2,3,323,Hibernating
1760.0,2023-12-25,4,8241.75,372.0,3,1,2,312,Hibernating
1761.0,2024-05-24,7,7949.06,221.0,3,3,2,332,Potential Loyalists
1762.0,2024-09-06,7,5319.09,116.0,3,3,1,331,Potential Loyalists
1763.0,2024-12-14,7,782227.04,17.0,3,3,5,335,Loyal Customers
1764.0,2024-12-14,8,7901.51,17.0,3,3,2,332,Potential Loyalists
1765.0,2024-10-24,11,14878.75,68.0,3,5,4,354,Loyal Customers
1766.0,2024-10-01,10,19535.03,91.0,3,5,4,354,Loyal Customers
1767.0,2023-12-21,4,2225.2799999999997,376.0,3,1,1,311,Hibernating
1768.0,2024-11-30,6,10300.97,31.0,3,2,3,323,Hibernating
1769.0,2022-11-18,2,3187.12,774.0,3,1,1,311,Hibernating
1770.0,2024-08-23,4,7257.04,130.0,3,1,2,312,Hibernating
1771.0,2023-06-12,6,391539.57,568.0,3,2,5,325,Promising
1772.0,2024-10-13,11,33214.97,79.0,3,5,5,355,Loyal Customers
1773.0,2024-06-20,10,13096.6,194.0,3,5,3,353,Potential Loyalists
1774.0,2024-07-10,7,6540.64,174.0,3,3,1,331,Potential Loyalists
1775.0,2024-05-10,7,20727.79,235.0,3,3,4,334,Loyal Customers
1776.0,2024-09-10,3,5269.110000000001,112.0,3,1,1,311,Hibernating
1777.0,2023-11-09,3,873.0799999999999,418.0,3,1,1,311,Hibernating
1779.0,2024-09-05,5,3585.42,117.0,3,1,1,311,Hibernating
1780.0,2024-06-27,8,12690.960000000001,187.0,3,3,3,333,Potential Loyalists
1781.0,2024-04-27,4,6632.28,248.0,3,1,2,312,Hibernating
1782.0,2024-11-19,5,5279.14,42.0,3,1,1,311,Hibernating
1783.0,2024-12-13,8,7717.38,18.0,3,3,2,332,Potential Loyalists
1784.0,2024-11-09,10,14660.84,52.0,3,5,4,354,Loyal Customers
1785.0,2024-04-11,5,6027.94,264.0,3,1,1,311,Hibernating
1786.0,2023-07-01,7,11619.99,549.0,3,3,3,333,Potential Loyalists
1787.0,2024-09-23,8,7352.58,99.0,3,3,2,332,Potential Loyalists
1788.0,2024-11-06,15,25167.62,55.0,3,5,5,355,Loyal Customers
1789.0,2024-08-29,7,8015.09,124.0,3,3,2,332,Potential Loyalists
1790.0,2024-12-19,8,1007889.7899999999,12.0,3,3,5,335,Loyal Customers
1791.0,2024-11-16,3,3498.35,45.0,3,1,1,311,Hibernating
1792.0,2024-10-28,13,20219.81,64.0,3,5,4,354,Loyal Customers
1793.0,2023-02-02,3,12631.650000000001,698.0,3,1,3,313,Hibernating
1794.0,2024-12-22,10,28031.24,9.0,3,5,5,355,Loyal Customers
1795.0,2024-08-01,12,773718.9700000001,152.0,3,5,5,355,Loyal Customers
1796.0,2024-07-18,6,7184.47,166.0,3,2,2,322,Hibernating
1797.0,2024-12-29,15,20536.26,2.0,3,5,4,354,Loyal Customers
1798.0,2023-12-20,5,2691.41,377.0,3,1,1,311,Hibernating
1799.0,2024-12-13,13,739186.77,18.0,3,5,5,355,Loyal Customers
1800.0,2022-12-31,2,1504.17,731.0,3,1,1,311,Hibernating
1801.0,2024-02-13,8,9202.62,322.0,3,3,2,332,Potential Loyalists
1802.0,2024-11-16,14,42633.3,45.0,3,5,5,355,Loyal Customers
1803.0,2024-04-14,7,14762.18,261.0,3,3,4,334,Loyal Customers
1804.0,2024-08-30,9,22923.71,123.0,3,4,5,345,Loyal Customers
1805.0,2023-09-30,2,2839.9700000000003,458.0,3,1,1,311,Hibernating
1806.0,2024-07-17,8,38051.939999999995,167.0,3,3,5,335,Loyal Customers
1807.0,2024-09-21,10,35426.09,101.0,3,5,5,355,Loyal Customers
1808.0,2024-01-31,10,189600.49000000002,335.0,3,5,5,355,Loyal Customers
1809.0,2024-04-28,5,4450.89,247.0,3,1,1,311,Hibernating
1810.0,2024-06-18,7,12365.61,196.0,3,3,3,333,Potential Loyalists
1811.0,2024-12-22,7,22627.44,9.0,3,3,5,335,Loyal Customers
1812.0,2024-08-18,5,8601.94,135.0,3,1,2,312,Hibernating
1813.0,2024-02-23,7,6443.23,312.0,3,3,1,331,Potential Loyalists
1814.0,2023-09-10,1,2815.94,478.0,3,1,1,311,Hibernating
1815.0,2024-07-29,10,179996.30000000002,155.0,3,5,5,355,Loyal Customers
1816.0,2024-06-23,4,4745.84,191.0,3,1,1,311,Hibernating
1817.0,2024-03-23,5,13774.24,283.0,3,1,3,313,Hibernating
1818.0,2024-12-29,10,8145.23,2.0,3,5,2,352,Potential Loyalists
1819.0,2024-04-21,8,11337.8,254.0,3,3,3,333,Potential Loyalists
1820.0,2024-04-27,5,9890.869999999999,248.0,3,1,2,312,Hibernating
1821.0,2024-08-28,7,7224.13,125.0,3,3,2,332,Potential Loyalists
1822.0,2024-12-03,6,13487.03,28.0,3,2,3,323,Hibernating
1823.0,2024-11-18,7,5719.49,43.0,3,3,1,331,Potential Loyalists
1824.0,2024-04-29,7,19004.31,246.0,3,3,4,334,Loyal Customers
1825.0,2024-10-30,6,10636.18,62.0,3,2,3,323,Hibernating
1826.0,2024-11-12,9,284603.85,49.0,3,4,5,345,Loyal Customers
1827.0,2024-06-30,10,27729.059999999998,184.0,3,5,5,355,Loyal Customers
1828.0,2024-08-15,7,5591.65,138.0,3,3,1,331,Potential Loyalists
1829.0,2024-09-16,8,21199.02,106.0,3,3,4,334,Loyal Customers
1830.0,2023-09-21,6,6752.42,467.0,3,2,2,322,Hibernating
1831.0,2024-09-21,7,5231.96,101.0,3,3,1,331,Potential Loyalists
1832.0,2024-12-14,9,5775.56,17.0,3,4,1,341,Potential Loyalists
1833.0,2024-06-18,4,6164.21,196.0,3,1,1,311,Hibernating
1834.0,2024-09-09,6,11936.05,113.0,3,2,3,323,Hibernating
1835.0,2024-11-08,12,9271.470000000001,53.0,3,5,2,352,Potential Loyalists
1836.0,2024-04-04,9,16839.26,271.0,3,4,4,344,Loyal Customers
1837.0,2023-11-18,2,1765.1399999999999,409.0,3,1,1,311,Hibernating
1838.0,2024-09-05,9,10075.76,117.0,3,4,2,342,Potential Loyalists
1839.0,2024-11-20,6,6160.52,41.0,3,2,1,321,Hibernating
1840.0,2024-11-04,2,902.5899999999999,57.0,3,1,1,311,Hibernating
1841.0,2024-07-14,6,16815.24,170.0,3,2,4,324,Promising
1842.0,2024-10-04,5,3867.98,88.0,3,1,1,311,Hibernating
1843.0,2024-09-09,7,9208.44,113.0,3,3,2,332,Potential Loyalists
1844.0,2024-03-20,9,15239.07,286.0,3,4,4,344,Loyal Customers
1845.0,2024-11-11,8,27924.95,50.0,3,3,5,335,Loyal Customers
1846.0,2024-10-14,10,20069.37,78.0,3,5,4,354,Loyal Customers
1847.0,2024-10-05,7,11179.76,87.0,3,3,3,333,Potential Loyalists
1848.0,2024-09-30,11,28795.25,92.0,3,5,5,355,Loyal Customers
1849.0,2024-11-07,6,19735.14,54.0,3,2,4,324,Promising
1850.0,2024-09-19,9,19049.14,103.0,3,4,4,344,Loyal Customers
1851.0,2024-04-14,10,19391.78,261.0,3,5,4,354,Loyal Customers
1852.0,2023-11-12,5,20045.350000000002,415.0,3,1,4,314,Hibernating
1853.0,2024-11-28,12,24029.15,33.0,3,5,5,355,Loyal Customers
1854.0,2024-09-25,8,7662.92,97.0,3,3,2,332,Potential Loyalists
1855.0,2024-11-13,6,6467.7,48.0,3,2,1,321,Hibernating
1856.0,2024-07-07,6,5442.62,177.0,3,2,1,321,Hibernating
1857.0,2024-12-22,12,26847.26,9.0,3,5,5,355,Loyal Customers
1858.0,2023-12-05,6,10085.77,392.0,3,2,2,322,Hibernating
1859.0,2024-12-01,9,18548.09,30.0,3,4,4,344,Loyal Customers
1860.0,2024-12-09,8,13958.65,22.0,3,3,3,333,Potential Loyalists
1861.0,2024-01-10,6,11852.66,356.0,3,2,3,323,Hibernating
1862.0,2024-03-10,8,13726.31,296.0,3,3,3,333,Potential Loyalists
1863.0,2024-01-02,10,11233.58,364.0,3,5,3,353,Potential Loyalists
1864.0,2024-11-29,11,124053.35,32.0,3,5,5,355,Loyal Customers
1865.0,2024-12-20,9,15102.24,11.0,3,4,4,344,Loyal Customers
1866.0,2024-09-03,8,51897.8,119.0,3,3,5,335,Loyal Customers
1867.0,2024-12-31,7,12037.92,0.0,3,3,3,333,Potential Loyalists
1868.0,2024-12-31,11,809207.2700000001,0.0,3,5,5,355,Loyal Customers
1869.0,2024-11-12,3,5534.53,49.0,3,1,1,311,Hibernating
1870.0,2024-07-26,12,19397.87,158.0,3,5,4,354,Loyal Customers
1871.0,2024-03-24,5,3568.92,282.0,3,1,1,311,Hibernating
1872.0,2024-10-08,4,7340.47,84.0,3,1,2,312,Hibernating
1873.0,2024-11-13,5,4272.0,48.0,3,1,1,311,Hibernating
1874.0,2024-10-18,7,16475.62,74.0,3,3,4,334,Loyal Customers
1875.0,2024-09-08,5,9759.9,114.0,3,1,2,312,Hibernating
1876.0,2024-12-02,12,23475.48,29.0,3,5,5,355,Loyal Customers
1877.0,2023-12-30,9,24035.7,367.0,3,4,5,345,Loyal Customers
1878.0,2024-07-02,15,19402.06,182.0,3,5,4,354,Loyal Customers
1879.0,2024-01-12,4,251642.3,354.0,3,1,5,315,Promising
1880.0,2024-04-08,8,7422.280000000001,267.0,3,3,2,332,Potential Loyalists
1881.0,2024-12-02,7,10620.74,29.0,3,3,3,333,Potential Loyalists
1882.0,2024-12-01,8,16944.37,30.0,3,3,4,334,Loyal Customers
1883.0,2024-12-02,12,22836.86,29.0,3,5,5,355,Loyal Customers
1884.0,2024-11-05,6,9634.11,56.0,3,2,2,322,Hibernating
1885.0,2024-12-27,12,13605.71,4.0,3,5,3,353,Potential Loyalists
1886.0,2023-12-26,5,18544.32,371.0,3,1,4,314,Hibernating
1887.0,2024-02-22,4,18799.54,313.0,3,1,4,314,Hibernating
1888.0,2024-12-21,9,8517.699999999999,10.0,3,4,2,342,Potential Loyalists
1889.0,2024-09-04,10,61492.490000000005,118.0,3,5,5,355,Loyal Customers
1890.0,2024-10-22,2,5846.41,70.0,3,1,1,311,Hibernating
1891.0,2024-09-09,10,19824.2,113.0,3,5,4,354,Loyal Customers
1892.0,2023-12-26,8,8235.07,371.0,3,3,2,332,Potential Loyalists
1893.0,2024-03-05,7,235973.69999999998,301.0,3,3,5,335,Loyal Customers
1894.0,2024-04-05,9,6407.01,270.0,3,4,1,341,Potential Loyalists
1895.0,2024-08-26,8,184174.68,127.0,3,3,5,335,Loyal Customers
1896.0,2024-12-10,10,135259.8,21.0,3,5,5,355,Loyal Customers
1897.0,2024-09-22,9,8705.62,100.0,3,4,2,342,Potential Loyalists
1898.0,2024-07-07,8,891947.6100000001,177.0,3,3,5,335,Loyal Customers
1899.0,2024-01-14,7,9575.300000000001,352.0,3,3,2,332,Potential Loyalists
1900.0,2024-06-23,12,28331.46,191.0,3,5,5,355,Loyal Customers
1901.0,2024-11-09,5,12107.58,52.0,3,1,3,313,Hibernating
1902.0,2024-09-20,6,21886.84,102.0,3,2,4,324,Promising
1903.0,2024-11-20,5,9423.199999999999,41.0,3,1,2,312,Hibernating
1904.0,2024-10-29,8,11145.52,63.0,3,3,3,333,Potential Loyalists
1905.0,2024-11-16,5,5905.7699999999995,45.0,3,1,1,311,Hibernating
1906.0,2024-05-03,9,15474.31,242.0,3,4,4,344,Loyal Customers
1907.0,2024-11-25,7,13865.14,36.0,3,3,3,333,Potential Loyalists
1908.0,2024-09-29,6,7719.62,93.0,3,2,2,322,Hibernating
1909.0,2024-10-13,8,11618.18,79.0,3,3,3,333,Potential Loyalists
1910.0,2024-12-13,8,13198.63,18.0,3,3,3,333,Potential Loyalists
1911.0,2024-10-27,4,1110.3200000000002,65.0,3,1,1,311,Hibernating
1912.0,2024-09-14,7,12406.23,108.0,3,3,3,333,Potential Loyalists
1913.0,2024-09-10,7,15934.359999999999,112.0,3,3,4,334,Loyal Customers
1914.0,2024-12-22,8,15655.75,9.0,3,3,4,334,Loyal Customers
1915.0,2024-11-11,11,14391.98,50.0,3,5,3,353,Potential Loyalists
1916.0,2024-08-08,8,6497.4800000000005,145.0,3,3,1,331,Potential Loyalists
1917.0,2024-12-19,7,23356.96,12.0,3,3,5,335,Loyal Customers
1918.0,2024-07-19,6,19538.82,165.0,3,2,4,324,Promising
1919.0,2024-12-18,12,15247.73,13.0,3,5,4,354,Loyal Customers
1920.0,2024-12-29,3,5527.02,2.0,3,1,1,311,Hibernating
1921.0,2024-02-19,4,3119.0,316.0,3,1,1,311,Hibernating
1922.0,2024-10-05,7,16010.83,87.0,3,3,4,334,Loyal Customers
1923.0,2023-06-15,1,591.69,565.0,3,1,1,311,Hibernating
1924.0,2024-10-07,11,14916.53,85.0,3,5,4,354,Loyal Customers
1925.0,2024-10-03,8,22163.75,89.0,3,3,5,335,Loyal Customers
1926.0,2024-09-14,8,17405.69,108.0,3,3,4,334,Loyal Customers
1927.0,2023-06-24,4,6242.91,556.0,3,1,1,311,Hibernating
1928.0,2024-12-06,7,7648.48,25.0,3,3,2,332,Potential Loyalists
1929.0,2024-12-17,5,5754.650000000001,14.0,3,1,1,311,Hibernating
1930.0,2024-04-16,8,6283.46,259.0,3,3,1,331,Potential Loyalists
1931.0,2022-12-05,5,2972.57,757.0,3,1,1,311,Hibernating
1932.0,2024-12-01,13,14414.72,30.0,3,5,3,353,Potential Loyalists
1933.0,2024-06-15,3,4359.41,199.0,3,1,1,311,Hibernating
1934.0,2024-07-19,5,10824.93,165.0,3,1,3,313,Hibernating
1935.0,2024-09-02,3,1012705.08,120.0,3,1,5,315,Promising
1936.0,2024-12-08,11,12847.35,23.0,3,5,3,353,Potential Loyalists
1937.0,2024-07-09,9,6849.9,175.0,3,4,2,342,Potential Loyalists
1938.0,2024-12-12,13,850615.3999999999,19.0,3,5,5,355,Loyal Customers
1939.0,2024-11-01,9,10026.65,60.0,3,4,2,342,Potential Loyalists
1940.0,2023-08-19,7,7781.620000000001,500.0,3,3,2,332,Potential Loyalists
1941.0,2023-09-28,7,9316.94,460.0,3,3,2,332,Potential Loyalists
1942.0,2024-05-20,5,18854.21,225.0,3,1,4,314,Hibernating
1943.0,2024-08-06,6,5768.01,147.0,3,2,1,321,Hibernating
1944.0,2024-03-18,11,27053.81,288.0,3,5,5,355,Loyal Customers
1945.0,2024-11-28,6,5239.56,33.0,3,2,1,321,Hibernating
1946.0,2024-08-03,3,4942.13,150.0,3,1,1,311,Hibernating
1947.0,2024-04-10,11,15813.25,265.0,3,5,4,354,Loyal Customers
1948.0,2024-08-08,11,92313.68,145.0,3,5,5,355,Loyal Customers
1949.0,2024-04-25,10,685724.0800000001,250.0,3,5,5,355,Loyal Customers
1950.0,2024-07-28,6,174594.87,156.0,3,2,5,325,Promising
1951.0,2023-05-28,7,5596.12,583.0,3,3,1,331,Potential Loyalists
1952.0,2024-05-24,6,6807.2,221.0,3,2,2,322,Hibernating
1953.0,2024-11-20,11,354544.42000000004,41.0,3,5,5,355,Loyal Customers
1954.0,2024-11-17,9,56674.34,44.0,3,4,5,345,Loyal Customers
1955.0,2024-10-20,8,4878.54,72.0,3,3,1,331,Potential Loyalists
1956.0,2024-09-19,7,30601.899999999998,103.0,3,3,5,335,Loyal Customers
1957.0,2024-07-29,7,595654.18,155.0,3,3,5,335,Loyal Customers
1958.0,2024-11-17,10,11479.539999999999,44.0,3,5,3,353,Potential Loyalists
1959.0,2023-03-30,6,11216.21,642.0,3,2,3,323,Hibernating
1960.0,2024-10-10,8,7107.55,82.0,3,3,2,332,Potential Loyalists
1961.0,2024-03-21,1,399.11,285.0,3,1,1,311,Hibernating
1962.0,2024-03-27,3,11312.6,279.0,3,1,3,313,Hibernating
1963.0,2024-10-29,5,8852.59,63.0,3,1,2,312,Hibernating
1964.0,2024-04-22,11,21768.2,253.0,3,5,4,354,Loyal Customers
1965.0,2024-08-26,5,3921.7000000000003,127.0,3,1,1,311,Hibernating
1966.0,2024-07-13,9,19634.69,171.0,3,4,4,344,Loyal Customers
1967.0,2023-08-09,6,11587.93,510.0,3,2,3,323,Hibernating
1968.0,2024-12-22,8,23581.16,9.0,3,3,5,335,Loyal Customers
1969.0,2024-07-28,10,13166.95,156.0,3,5,3,353,Potential Loyalists
1970.0,2024-02-22,5,8958.57,313.0,3,1,2,312,Hibernating
1971.0,2024-08-25,10,20892.82,128.0,3,5,4,354,Loyal Customers
1972.0,2024-10-13,6,16735.43,79.0,3,2,4,324,Promising
1973.0,2024-11-24,7,10570.369999999999,37.0,3,3,3,333,Potential Loyalists
1974.0,2024-01-12,5,5595.650000000001,354.0,3,1,1,311,Hibernating
1975.0,2023-11-08,12,15711.09,419.0,3,5,4,354,Loyal Customers
1976.0,2024-12-05,7,9916.460000000001,26.0,3,3,2,332,Potential Loyalists
1977.0,2024-12-14,7,13855.72,17.0,3,3,3,333,Potential Loyalists
1978.0,2023-10-23,8,10746.24,435.0,3,3,3,333,Potential Loyalists
1979.0,2024-04-06,6,16477.22,269.0,3,2,4,324,Promising
1980.0,2024-10-04,10,31638.56,88.0,3,5,5,355,Loyal Customers
1981.0,2024-12-31,5,6705.31,0.0,3,1,2,312,Hibernating
1982.0,2024-10-21,5,6318.74,71.0,3,1,1,311,Hibernating
1983.0,2024-07-03,11,10006.07,181.0,3,5,2,352,Potential Loyalists
1984.0,2024-02-07,8,47805.17,328.0,3,3,5,335,Loyal Customers
1985.0,2024-12-18,5,13723.26,13.0,3,1,3,313,Hibernating
1986.0,2024-04-27,5,5765.22,248.0,3,1,1,311,Hibernating
1987.0,2023-10-28,8,150936.93000000002,430.0,3,3,5,335,Loyal Customers
1988.0,2023-12-25,7,11141.65,372.0,3,3,3,333,Potential Loyalists
1989.0,2024-08-22,6,404991.08,131.0,3,2,5,325,Promising
1990.0,2024-11-22,7,9843.17,39.0,3,3,2,332,Potential Loyalists
1991.0,2024-04-17,9,14898.380000000001,258.0,3,4,4,344,Loyal Customers
1992.0,2022-08-25,7,6638.389999999999,859.0,3,3,2,332,Potential Loyalists
1993.0,2024-12-30,9,12937.74,1.0,3,4,3,343,Potential Loyalists
1994.0,2024-08-16,6,5567.05,137.0,3,2,1,321,Hibernating
1995.0,2024-06-10,9,15824.15,204.0,3,4,4,344,Loyal Customers
1996.0,2024-09-17,6,12771.24,105.0,3,2,3,323,Hibernating
1997.0,2024-07-28,7,14877.08,156.0,3,3,4,334,Loyal Customers
1998.0,2024-06-23,10,14311.19,191.0,3,5,3,353,Potential Loyalists
1999.0,2024-02-21,6,10413.34,314.0,3,2,3,323,Hibernating
2000.0,2024-04-06,6,4476.22,269.0,3,2,1,321,Hibernating
2001.0,2023-06-23,6,415146.95,557.0,3,2,5,325,Promising
2002.0,2024-06-24,6,8547.89,190.0,3,2,2,322,Hibernating
2003.0,2024-07-27,12,12696.35,157.0,3,5,3,353,Potential Loyalists
2004.0,2023-07-28,5,6472.25,522.0,3,1,1,311,Hibernating
2005.0,2024-03-05,7,346941.5,301.0,3,3,5,335,Loyal Customers
2006.0,2024-12-26,9,20499.24,5.0,3,4,4,344,Loyal Customers
2007.0,2024-12-06,7,14624.18,25.0,3,3,4,334,Loyal Customers
2008.0,2024-04-15,5,8143.94,260.0,3,1,2,312,Hibernating
2009.0,2024-08-17,7,11423.96,136.0,3,3,3,333,Potential Loyalists
2010.0,2024-06-08,6,8590.86,206.0,3,2,2,322,Hibernating
2011.0,2024-11-21,8,28217.04,40.0,3,3,5,335,Loyal Customers
2012.0,2022-06-16,1,2353.35,929.0,3,1,1,311,Hibernating
2013.0,2024-12-21,6,35723.92,10.0,3,2,5,325,Promising
2014.0,2024-05-21,3,506.90999999999997,224.0,3,1,1,311,Hibernating
2015.0,2024-12-04,11,21848.15,27.0,3,5,4,354,Loyal Customers
2016.0,2024-09-02,8,302476.70999999996,120.0,3,3,5,335,Loyal Customers
2017.0,2024-08-26,8,14868.789999999999,127.0,3,3,4,334,Loyal Customers
2018.0,2024-11-26,12,46319.369999999995,35.0,3,5,5,355,Loyal Customers
2019.0,2024-09-19,9,14436.09,103.0,3,4,4,344,Loyal Customers
2020.0,2024-12-19,3,7930.929999999999,12.0,3,1,2,312,Hibernating
2021.0,2024-07-14,6,9822.77,170.0,3,2,2,322,Hibernating
2022.0,2024-04-16,5,19251.58,259.0,3,1,4,314,Hibernating
2023.0,2024-01-31,7,8751.02,335.0,3,3,2,332,Potential Loyalists
2024.0,2024-07-05,5,10887.09,179.0,3,1,3,313,Hibernating
2025.0,2024-11-12,14,65381.950000000004,49.0,3,5,5,355,Loyal Customers
2026.0,2024-04-22,8,10592.4,253.0,3,3,3,333,Potential Loyalists
2027.0,2024-01-21,5,5663.6,345.0,3,1,1,311,Hibernating
2028.0,2024-07-02,7,10464.33,182.0,3,3,3,333,Potential Loyalists
2029.0,2024-06-01,9,12315.71,213.0,3,4,3,343,Potential Loyalists
2030.0,2024-04-26,7,10466.05,249.0,3,3,3,333,Potential Loyalists
2031.0,2024-09-04,9,1211085.94,118.0,3,4,5,345,Loyal Customers
2032.0,2024-12-20,5,66683.17,11.0,3,1,5,315,Promising
2033.0,2024-05-28,9,8670.13,217.0,3,4,2,342,Potential Loyalists
2034.0,2024-09-09,10,20629.219999999998,113.0,3,5,4,354,Loyal Customers
2035.0,2024-11-15,7,11138.75,46.0,3,3,3,333,Potential Loyalists
2036.0,2024-05-21,5,6437.6,224.0,3,1,1,311,Hibernating
2037.0,2024-05-25,11,18657.66,220.0,3,5,4,354,Loyal Customers
2038.0,2024-11-22,6,9131.52,39.0,3,2,2,322,Hibernating
2039.0,2024-05-16,5,6292.35,229.0,3,1,1,311,Hibernating
2040.0,2024-08-27,12,20744.18,126.0,3,5,4,354,Loyal Customers
2041.0,2024-02-29,6,4137.38,306.0,3,2,1,321,Hibernating
2042.0,2024-08-30,8,8421.51,123.0,3,3,2,332,Potential Loyalists
2043.0,2024-03-10,9,9636.789999999999,296.0,3,4,2,342,Potential Loyalists
2044.0,2024-11-07,8,6702.31,54.0,3,3,2,332,Potential Loyalists
2045.0,2024-07-16,8,5739.51,168.0,3,3,1,331,Potential Loyalists
2046.0,2024-12-09,5,168143.97,22.0,3,1,5,315,Promising
2047.0,2024-03-04,7,26952.04,302.0,3,3,5,335,Loyal Customers
2048.0,2024-09-25,9,11526.08,97.0,3,4,3,343,Potential Loyalists
2049.0,2024-09-09,8,6474.35,113.0,3,3,1,331,Potential Loyalists
2050.0,2024-12-02,13,12585.34,29.0,3,5,3,353,Potential Loyalists
2051.0,2024-10-23,7,11424.52,69.0,3,3,3,333,Potential Loyalists
2052.0,2024-12-25,5,7761.12,6.0,3,1,2,312,Hibernating
2053.0,2024-02-23,3,2966.87,312.0,3,1,1,311,Hibernating
2054.0,2024-04-21,5,5730.51,254.0,3,1,1,311,Hibernating
2055.0,2024-10-20,8,14265.97,72.0,3,3,3,333,Potential Loyalists
2056.0,2024-09-01,8,9592.84,121.0,3,3,2,332,Potential Loyalists
2057.0,2024-11-27,7,18819.57,34.0,3,3,4,334,Loyal Customers
2058.0,2024-03-28,5,5934.400000000001,278.0,3,1,1,311,Hibernating
2059.0,2024-07-27,8,5794.29,157.0,3,3,1,331,Potential Loyalists
2060.0,2024-09-11,12,350484.29,111.0,3,5,5,355,Loyal Customers
2061.0,2024-10-10,11,20372.43,82.0,3,5,4,354,Loyal Customers
2062.0,2024-12-30,5,8817.26,1.0,3,1,2,312,Hibernating
2063.0,2024-12-05,7,10645.05,26.0,3,3,3,333,Potential Loyalists
2064.0,2024-06-17,10,18932.05,197.0,3,5,4,354,Loyal Customers
2065.0,2024-04-28,5,10520.04,247.0,3,1,3,313,Hibernating
2066.0,2024-12-30,16,187654.88,1.0,3,5,5,355,Loyal Customers
2067.0,2024-09-13,4,10161.46,109.0,3,1,2,312,Hibernating
2068.0,2023-09-17,7,25485.06,471.0,3,3,5,335,Loyal Customers
2069.0,2024-05-23,8,2994.73,222.0,3,3,1,331,Potential Loyalists
2070.0,2023-09-11,3,7232.9,477.0,3,1,2,312,Hibernating
2071.0,2024-07-31,9,7996.78,153.0,3,4,2,342,Potential Loyalists
2072.0,2024-07-28,12,11914.31,156.0,3,5,3,353,Potential Loyalists
2073.0,2024-11-20,4,6588.08,41.0,3,1,1,311,Hibernating
2074.0,2024-10-11,9,6841.5,81.0,3,4,2,342,Potential Loyalists
2075.0,2024-05-04,5,10036.39,241.0,3,1,2,312,Hibernating
2076.0,2024-12-24,9,14740.16,7.0,3,4,4,344,Loyal Customers
2077.0,2024-12-28,6,6878.05,3.0,3,2,2,322,Hibernating
2078.0,2024-04-13,5,17335.94,262.0,3,1,4,314,Hibernating
2079.0,2024-10-18,5,20272.42,74.0,3,1,4,314,Hibernating
2080.0,2024-05-27,6,2117.7,218.0,3,2,1,321,Hibernating
2081.0,2024-06-21,6,19201.75,193.0,3,2,4,324,Promising
2082.0,2024-11-03,8,16612.14,58.0,3,3,4,334,Loyal Customers
2083.0,2024-12-07,10,23148.53,24.0,3,5,5,355,Loyal Customers
2084.0,2024-10-11,7,13620.22,81.0,3,3,3,333,Potential Loyalists
2085.0,2024-03-24,7,11022.52,282.0,3,3,3,333,Potential Loyalists
2086.0,2024-03-09,6,9760.88,297.0,3,2,2,322,Hibernating
2087.0,2024-11-17,12,19305.1,44.0,3,5,4,354,Loyal Customers
2088.0,2024-03-04,7,427157.70999999996,302.0,3,3,5,335,Loyal Customers
2089.0,2024-08-04,8,44872.11,149.0,3,3,5,335,Loyal Customers
2090.0,2024-10-09,4,5907.700000000001,83.0,3,1,1,311,Hibernating
2091.0,2024-02-15,4,4456.37,320.0,3,1,1,311,Hibernating
2092.0,2024-07-12,6,9243.960000000001,172.0,3,2,2,322,Hibernating
2093.0,2024-05-12,4,2507.0,233.0,3,1,1,311,Hibernating
2094.0,2024-12-15,7,2256.3199999999997,16.0,3,3,1,331,Potential Loyalists
2095.0,2024-09-02,7,16556.11,120.0,3,3,4,334,Loyal Customers
2096.0,2022-06-10,2,1249.8,935.0,3,1,1,311,Hibernating
2097.0,2023-08-09,6,10508.61,510.0,3,2,3,323,Hibernating
2098.0,2023-04-23,4,1254.1699999999998,618.0,3,1,1,311,Hibernating
2099.0,2024-06-04,5,5385.01,210.0,3,1,1,311,Hibernating
2100.0,2024-12-22,5,9301.88,9.0,3,1,2,312,Hibernating
2101.0,2024-01-25,3,50023.42,341.0,3,1,5,315,Promising
2102.0,2024-05-11,4,9891.44,234.0,3,1,2,312,Hibernating
2103.0,2024-10-02,7,7592.09,90.0,3,3,2,332,Potential Loyalists
2104.0,2024-05-03,9,12434.91,242.0,3,4,3,343,Potential Loyalists
2105.0,2024-10-13,7,6815.8099999999995,79.0,3,3,2,332,Potential Loyalists
2106.0,2024-08-29,8,328335.94,124.0,3,3,5,335,Loyal Customers
2107.0,2024-12-02,10,19949.43,29.0,3,5,4,354,Loyal Customers
2108.0,2024-11-03,7,26199.56,58.0,3,3,5,335,Loyal Customers
2109.0,2024-09-23,11,24781.46,99.0,3,5,5,355,Loyal Customers
2110.0,2024-10-21,4,10859.49,71.0,3,1,3,313,Hibernating
2111.0,2024-11-20,9,8079.27,41.0,3,4,2,342,Potential Loyalists
2112.0,2024-03-27,3,8283.46,279.0,3,1,2,312,Hibernating
2113.0,2024-01-18,6,8820.22,348.0,3,2,2,322,Hibernating
2114.0,2024-04-14,8,11866.01,261.0,3,3,3,333,Potential Loyalists
2115.0,2024-09-25,10,14989.51,97.0,3,5,4,354,Loyal Customers
2116.0,2024-08-24,9,72854.93,129.0,3,4,5,345,Loyal Customers
2117.0,2024-09-09,12,178758.25999999998,113.0,3,5,5,355,Loyal Customers
2118.0,2024-11-02,7,134351.53,59.0,3,3,5,335,Loyal Customers
2119.0,2024-10-30,9,9422.84,62.0,3,4,2,342,Potential Loyalists
2120.0,2024-10-13,7,5763.73,79.0,3,3,1,331,Potential Loyalists
2121.0,2024-08-06,6,590102.0099999999,147.0,3,2,5,325,Promising
2122.0,2024-02-24,8,12595.5,311.0,3,3,3,333,Potential Loyalists
2123.0,2024-10-20,12,6445.849999999999,72.0,3,5,1,351,Potential Loyalists
2124.0,2024-09-27,6,5101.09,95.0,3,2,1,321,Hibernating
2125.0,2024-09-24,4,5803.92,98.0,3,1,1,311,Hibernating
2126.0,2024-11-28,7,8944.58,33.0,3,3,2,332,Potential Loyalists
2127.0,2024-07-15,6,7946.54,169.0,3,2,2,322,Hibernating
2128.0,2024-07-18,6,17635.58,166.0,3,2,4,324,Promising
2129.0,2024-12-22,12,18464.84,9.0,3,5,4,354,Loyal Customers
2130.0,2024-03-12,6,187543.88,294.0,3,2,5,325,Promising
2131.0,2024-12-20,8,407783.1,11.0,3,3,5,335,Loyal Customers
2132.0,2024-10-22,6,15003.95,70.0,3,2,4,324,Promising
2133.0,2023-08-27,2,678.04,492.0,3,1,1,311,Hibernating
2134.0,2024-05-11,2,6410.799999999999,234.0,3,1,1,311,Hibernating
2135.0,2023-09-22,3,8644.11,466.0,3,1,2,312,Hibernating
2136.0,2024-06-27,8,13354.18,187.0,3,3,3,333,Potential Loyalists
2137.0,2024-10-24,9,8831.77,68.0,3,4,2,342,Potential Loyalists
2138.0,2024-03-01,4,5681.33,305.0,3,1,1,311,Hibernating
2139.0,2024-05-11,8,4567.33,234.0,3,3,1,331,Potential Loyalists
2140.0,2024-09-17,6,12701.279999999999,105.0,3,2,3,323,Hibernating
2141.0,2024-12-27,6,7474.530000000001,4.0,3,2,2,322,Hibernating
2142.0,2023-07-29,7,118928.06,521.0,3,3,5,335,Loyal Customers
2143.0,2023-10-30,6,11669.41,428.0,3,2,3,323,Hibernating
2144.0,2024-09-08,10,179002.05,114.0,3,5,5,355,Loyal Customers
2145.0,2024-02-29,7,5188.95,306.0,3,3,1,331,Potential Loyalists
2146.0,2024-04-18,4,6764.450000000001,257.0,3,1,2,312,Hibernating
2147.0,2024-10-31,4,6835.2699999999995,61.0,3,1,2,312,Hibernating
2148.0,2024-10-19,11,27332.4,73.0,3,5,5,355,Loyal Customers
2149.0,2024-10-14,6,15274.07,78.0,3,2,4,324,Promising
2150.0,2024-10-24,14,22768.39,68.0,3,5,5,355,Loyal Customers
2151.0,2024-03-28,4,5568.06,278.0,3,1,1,311,Hibernating
2152.0,2024-11-23,6,4271.88,38.0,3,2,1,321,Hibernating
2153.0,2024-08-26,8,17716.16,127.0,3,3,4,334,Loyal Customers
2154.0,2024-08-08,7,16773.329999999998,145.0,3,3,4,334,Loyal Customers
2155.0,2024-10-22,8,13465.46,70.0,3,3,3,333,Potential Loyalists
2156.0,2024-07-23,10,28365.34,161.0,3,5,5,355,Loyal Customers
2157.0,2024-12-24,8,7016.86,7.0,3,3,2,332,Potential Loyalists
2158.0,2024-07-30,8,7407.25,154.0,3,3,2,332,Potential Loyalists
2159.0,2024-05-16,9,24087.44,229.0,3,4,5,345,Loyal Customers
2160.0,2024-10-04,7,6295.24,88.0,3,3,1,331,Potential Loyalists
2161.0,2024-09-06,5,207045.84,116.0,3,1,5,315,Promising
2162.0,2024-10-21,7,12722.67,71.0,3,3,3,333,Potential Loyalists
2163.0,2024-08-30,6,7638.46,123.0,3,2,2,322,Hibernating
2164.0,2024-10-16,4,675528.28,76.0,3,1,5,315,Promising
2165.0,2024-10-25,6,203078.34,67.0,3,2,5,325,Promising
2166.0,2024-05-08,5,7077.69,237.0,3,1,2,312,Hibernating
2167.0,2024-05-25,3,2508.0499999999997,220.0,3,1,1,311,Hibernating
2168.0,2024-01-10,4,3988.31,356.0,3,1,1,311,Hibernating
2169.0,2024-02-17,5,13965.42,318.0,3,1,3,313,Hibernating
2170.0,2024-05-25,3,10196.09,220.0,3,1,2,312,Hibernating
2171.0,2024-09-05,9,18465.86,117.0,3,4,4,344,Loyal Customers
2172.0,2024-08-18,8,12135.73,135.0,3,3,3,333,Potential Loyalists
2173.0,2024-06-11,6,7951.16,203.0,3,2,2,322,Hibernating
2174.0,2024-12-13,12,17600.1,18.0,3,5,4,354,Loyal Customers
2175.0,2024-09-23,12,184837.31,99.0,3,5,5,355,Loyal Customers
2176.0,2024-12-31,10,148951.81,0.0,3,5,5,355,Loyal Customers
2177.0,2024-10-02,6,10707.789999999999,90.0,3,2,3,323,Hibernating
2178.0,2024-01-02,3,2118.32,364.0,3,1,1,311,Hibernating
2179.0,2024-10-21,8,607628.57,71.0,3,3,5,335,Loyal Customers
2180.0,2024-09-22,9,21769.61,100.0,3,4,4,344,Loyal Customers
2181.0,2024-12-29,7,6153.47,2.0,3,3,1,331,Potential Loyalists
2182.0,2024-08-07,9,10927.15,146.0,3,4,3,343,Potential Loyalists
2183.0,2024-07-05,11,11280.84,179.0,3,5,3,353,Potential Loyalists
2184.0,2024-09-19,5,5898.99,103.0,3,1,1,311,Hibernating
2185.0,2024-06-29,5,10300.3,185.0,3,1,3,313,Hibernating
2186.0,2024-11-27,1,1264.21,34.0,3,1,1,311,Hibernating
2187.0,2023-12-14,7,9396.92,383.0,3,3,2,332,Potential Loyalists
2188.0,2024-07-21,9,15883.53,163.0,3,4,4,344,Loyal Customers
2189.0,2024-10-12,13,9524.2,80.0,3,5,2,352,Potential Loyalists
2190.0,2024-07-01,6,6645.77,183.0,3,2,2,322,Hibernating
2191.0,2024-08-06,3,2791.6,147.0,3,1,1,311,Hibernating
2192.0,2024-07-09,11,348121.56,175.0,3,5,5,355,Loyal Customers
2193.0,2024-12-11,11,26077.73,20.0,3,5,5,355,Loyal Customers
2194.0,2024-03-03,7,9377.14,303.0,3,3,2,332,Potential Loyalists
2195.0,2024-10-03,8,7248.900000000001,89.0,3,3,2,332,Potential Loyalists
2196.0,2024-09-03,12,44829.84,119.0,3,5,5,355,Loyal Customers
2197.0,2024-12-01,7,9290.19,30.0,3,3,2,332,Potential Loyalists
2198.0,2022-07-30,2,1604.57,885.0,3,1,1,311,Hibernating
2199.0,2024-12-31,11,18989.76,0.0,3,5,4,354,Loyal Customers
2200.0,2022-12-09,2,11263.23,753.0,3,1,3,313,Hibernating
2201.0,2024-08-30,6,5231.38,123.0,3,2,1,321,Hibernating
2202.0,2024-11-04,10,12598.33,57.0,3,5,3,353,Potential Loyalists
2203.0,2024-11-02,8,14564.29,59.0,3,3,4,334,Loyal Customers
2204.0,2024-05-19,3,4049.02,226.0,3,1,1,311,Hibernating
2205.0,2024-09-04,7,6639.24,118.0,3,3,2,332,Potential Loyalists
2206.0,2024-12-07,7,11371.81,24.0,3,3,3,333,Potential Loyalists
2207.0,2024-06-20,6,9396.25,194.0,3,2,2,322,Hibernating
2208.0,2024-10-01,14,22313.1,91.0,3,5,5,355,Loyal Customers
2209.0,2024-10-08,4,3519.46,84.0,3,1,1,311,Hibernating
2210.0,2024-09-11,8,13462.18,111.0,3,3,3,333,Potential Loyalists
2211.0,2024-07-01,13,23577.59,183.0,3,5,5,355,Loyal Customers
2212.0,2024-07-22,6,9517.23,162.0,3,2,2,322,Hibernating
2213.0,2023-12-07,10,17771.98,390.0,3,5,4,354,Loyal Customers
2214.0,2024-06-09,9,26446.04,205.0,3,4,5,345,Loyal Customers
2215.0,2024-02-05,8,11154.82,330.0,3,3,3,333,Potential Loyalists
2216.0,2024-04-03,8,6259.59,272.0,3,3,1,331,Potential Loyalists
2217.0,2024-10-27,8,10664.12,65.0,3,3,3,333,Potential Loyalists
2218.0,2023-05-21,6,13697.73,590.0,3,2,3,323,Hibernating
2219.0,2024-12-20,9,18635.12,11.0,3,4,4,344,Loyal Customers
2220.0,2022-07-30,3,4074.58,885.0,3,1,1,311,Hibernating
2221.0,2024-12-12,7,12874.869999999999,19.0,3,3,3,333,Potential Loyalists
2222.0,2024-07-12,8,9528.91,172.0,3,3,2,332,Potential Loyalists
2223.0,2024-12-14,5,11575.160000000002,17.0,3,1,3,313,Hibernating
2224.0,2024-12-12,5,13303.7,19.0,3,1,3,313,Hibernating
2225.0,2024-11-14,11,25271.92,47.0,3,5,5,355,Loyal Customers
2226.0,2024-09-29,12,28079.36,93.0,3,5,5,355,Loyal Customers
2227.0,2024-10-25,9,16440.18,67.0,3,4,4,344,Loyal Customers
2228.0,2024-05-14,4,11604.07,231.0,3,1,3,313,Hibernating
2229.0,2024-12-24,10,22941.52,7.0,3,5,5,355,Loyal Customers
2230.0,2024-11-01,10,414930.85,60.0,3,5,5,355,Loyal Customers
2231.0,2024-02-12,6,5802.71,323.0,3,2,1,321,Hibernating
2232.0,2024-10-11,8,432692.71,81.0,3,3,5,335,Loyal Customers
2233.0,2024-12-18,9,12008.58,13.0,3,4,3,343,Potential Loyalists
2234.0,2024-03-04,5,7971.63,302.0,3,1,2,312,Hibernating
2235.0,2024-08-30,8,16431.19,123.0,3,3,4,334,Loyal Customers
2236.0,2024-11-02,6,7552.8,59.0,3,2,2,322,Hibernating
2237.0,2024-12-03,8,23209.010000000002,28.0,3,3,5,335,Loyal Customers
2238.0,2024-12-31,5,16585.63,0.0,3,1,4,314,Hibernating
2239.0,2024-12-02,9,33195.32,29.0,3,4,5,345,Loyal Customers
2240.0,2024-06-11,9,24255.52,203.0,3,4,5,345,Loyal Customers
2241.0,2024-02-08,5,10860.19,327.0,3,1,3,313,Hibernating
2242.0,2024-03-17,7,39153.78,289.0,3,3,5,335,Loyal Customers
2243.0,2024-10-17,12,13816.21,75.0,3,5,3,353,Potential Loyalists
2244.0,2024-09-03,9,20097.92,119.0,3,4,4,344,Loyal Customers
2245.0,2024-11-06,6,6128.15,55.0,3,2,1,321,Hibernating
2246.0,2024-07-09,12,43088.36,175.0,3,5,5,355,Loyal Customers
2247.0,2024-10-09,11,999668.88,83.0,3,5,5,355,Loyal Customers
2248.0,2024-07-01,9,10907.960000000001,183.0,3,4,3,343,Potential Loyalists
2249.0,2024-12-03,13,221326.78999999998,28.0,3,5,5,355,Loyal Customers
2250.0,2023-09-09,4,11671.2,479.0,3,1,3,313,Hibernating
2251.0,2024-12-03,5,10928.1,28.0,3,1,3,313,Hibernating
2252.0,2024-08-26,4,11606.619999999999,127.0,3,1,3,313,Hibernating
2253.0,2024-12-15,9,14783.49,16.0,3,4,4,344,Loyal Customers
2254.0,2024-11-19,5,12050.4,42.0,3,1,3,313,Hibernating
2255.0,2024-11-04,7,22277.34,57.0,3,3,5,335,Loyal Customers
2256.0,2024-05-07,6,7866.37,238.0,3,2,2,322,Hibernating
2257.0,2024-12-06,11,16461.92,25.0,3,5,4,354,Loyal Customers
2258.0,2024-12-14,7,6261.05,17.0,3,3,1,331,Potential Loyalists
2260.0,2024-12-28,6,9482.11,3.0,3,2,2,322,Hibernating
2261.0,2024-12-09,10,774081.26,22.0,3,5,5,355,Loyal Customers
2262.0,2024-12-13,11,17049.84,18.0,3,5,4,354,Loyal Customers
2263.0,2024-12-27,7,7899.95,4.0,3,3,2,332,Potential Loyalists
2264.0,2024-12-14,7,15097.11,17.0,3,3,4,334,Loyal Customers
2265.0,2024-05-02,8,18001.01,243.0,3,3,4,334,Loyal Customers
2266.0,2024-11-19,7,22472.94,42.0,3,3,5,335,Loyal Customers
2267.0,2024-11-30,13,33224.14,31.0,3,5,5,355,Loyal Customers
2268.0,2023-07-21,1,1598.7499999999998,529.0,3,1,1,311,Hibernating
2269.0,2024-02-11,7,6739.35,324.0,3,3,2,332,Potential Loyalists
2270.0,2024-09-19,6,348661.52,103.0,3,2,5,325,Promising
2271.0,2024-11-27,14,13163.64,34.0,3,5,3,353,Potential Loyalists
2272.0,2024-07-28,9,7687.74,156.0,3,4,2,342,Potential Loyalists
2273.0,2024-12-07,7,21444.89,24.0,3,3,4,334,Loyal Customers
2274.0,2022-11-26,4,5906.83,766.0,3,1,1,311,Hibernating
2275.0,2024-03-25,6,6064.01,281.0,3,2,1,321,Hibernating
2276.0,2024-07-26,5,6991.71,158.0,3,1,2,312,Hibernating
2277.0,2024-06-18,8,11676.71,196.0,3,3,3,333,Potential Loyalists
2278.0,2024-11-26,9,17649.75,35.0,3,4,4,344,Loyal Customers
2279.0,2024-07-20,5,4863.22,164.0,3,1,1,311,Hibernating
2280.0,2024-08-08,9,9214.2,145.0,3,4,2,342,Potential Loyalists
2281.0,2024-12-18,9,10400.74,13.0,3,4,3,343,Potential Loyalists
2282.0,2024-05-07,10,10338.83,238.0,3,5,3,353,Potential Loyalists
2283.0,2024-07-21,8,14683.65,163.0,3,3,4,334,Loyal Customers
2284.0,2024-12-19,7,3644.96,12.0,3,3,1,331,Potential Loyalists
2285.0,2024-10-07,9,23625.11,85.0,3,4,5,345,Loyal Customers
2286.0,2024-12-22,8,81733.06,9.0,3,3,5,335,Loyal Customers
2287.0,2024-02-24,5,7263.2,311.0,3,1,2,312,Hibernating
2288.0,2022-09-03,5,9083.78,850.0,3,1,2,312,Hibernating
2289.0,2024-07-14,6,13190.44,170.0,3,2,3,323,Hibernating
2290.0,2024-06-12,7,10748.68,202.0,3,3,3,333,Potential Loyalists
2291.0,2023-06-12,2,2464.1,568.0,3,1,1,311,Hibernating
2292.0,2023-03-23,2,1210.24,649.0,3,1,1,311,Hibernating
2293.0,2024-11-26,3,1907.29,35.0,3,1,1,311,Hibernating
2294.0,2024-05-23,10,10758.8,222.0,3,5,3,353,Potential Loyalists
2295.0,2024-08-25,3,2992.69,128.0,3,1,1,311,Hibernating
2296.0,2024-12-23,6,7214.29,8.0,3,2,2,322,Hibernating
2297.0,2024-08-23,6,9619.99,130.0,3,2,2,322,Hibernating
2298.0,2023-10-21,4,7049.84,437.0,3,1,2,312,Hibernating
2299.0,2024-12-16,9,13593.939999999999,15.0,3,4,3,343,Potential Loyalists
2300.0,2023-07-29,4,6332.37,521.0,3,1,1,311,Hibernating
2301.0,2024-08-06,5,6245.47,147.0,3,1,1,311,Hibernating
2302.0,2024-03-31,7,7850.61,275.0,3,3,2,332,Potential Loyalists
2303.0,2024-04-22,11,11392.91,253.0,3,5,3,353,Potential Loyalists
2304.0,2024-12-16,10,18434.48,15.0,3,5,4,354,Loyal Customers
2305.0,2024-05-22,9,15392.14,223.0,3,4,4,344,Loyal Customers
2306.0,2024-04-25,7,14181.41,250.0,3,3,3,333,Potential Loyalists
2307.0,2024-07-24,9,13357.37,160.0,3,4,3,343,Potential Loyalists
2308.0,2024-11-19,7,730462.8600000001,42.0,3,3,5,335,Loyal Customers
2309.0,2024-11-18,7,8995.55,43.0,3,3,2,332,Potential Loyalists
2310.0,2024-12-01,15,21441.54,30.0,3,5,4,354,Loyal Customers
2311.0,2022-06-08,3,5596.88,937.0,3,1,1,311,Hibernating
2312.0,2024-08-30,4,10828.58,123.0,3,1,3,313,Hibernating
2313.0,2024-05-02,6,7863.02,243.0,3,2,2,322,Hibernating
2314.0,2024-11-25,7,9575.54,36.0,3,3,2,332,Potential Loyalists
2315.0,2024-12-29,10,31765.25,2.0,3,5,5,355,Loyal Customers
2316.0,2024-09-23,9,17753.93,99.0,3,4,4,344,Loyal Customers
2317.0,2024-10-16,7,15113.08,76.0,3,3,4,334,Loyal Customers
2318.0,2024-10-12,5,15845.66,80.0,3,1,4,314,Hibernating
2319.0,2024-06-21,9,113893.8,193.0,3,4,5,345,Loyal Customers
2320.0,2024-08-29,8,11134.15,124.0,3,3,3,333,Potential Loyalists
2321.0,2024-09-27,10,15525.67,95.0,3,5,4,354,Loyal Customers
2322.0,2024-12-28,9,22060.03,3.0,3,4,4,344,Loyal Customers
2323.0,2024-11-27,6,19982.99,34.0,3,2,4,324,Promising
2324.0,2024-10-17,7,11777.279999999999,75.0,3,3,3,333,Potential Loyalists
2325.0,2023-10-24,8,15595.54,434.0,3,3,4,334,Loyal Customers
2326.0,2024-04-07,4,5992.0,268.0,3,1,1,311,Hibernating
2327.0,2024-12-21,9,13692.53,10.0,3,4,3,343,Potential Loyalists
2328.0,2024-10-07,11,27111.22,85.0,3,5,5,355,Loyal Customers
2329.0,2024-09-29,14,20044.48,93.0,3,5,4,354,Loyal Customers
2330.0,2023-02-17,8,9087.300000000001,683.0,3,3,2,332,Potential Loyalists
2331.0,2023-09-06,7,18873.07,482.0,3,3,4,334,Loyal Customers
2332.0,2023-08-07,6,14395.460000000001,512.0,3,2,3,323,Hibernating
2333.0,2024-12-18,9,8354.29,13.0,3,4,2,342,Potential Loyalists
2334.0,2024-01-17,7,9763.619999999999,349.0,3,3,2,332,Potential Loyalists
2335.0,2024-12-11,12,22538.12,20.0,3,5,5,355,Loyal Customers
2336.0,2024-11-25,5,9700.92,36.0,3,1,2,312,Hibernating
2337.0,2024-12-27,8,17650.93,4.0,3,3,4,334,Loyal Customers
2338.0,2024-12-27,11,42796.590000000004,4.0,3,5,5,355,Loyal Customers
2339.0,2024-08-20,5,13010.05,133.0,3,1,3,313,Hibernating
2340.0,2024-03-21,3,5331.39,285.0,3,1,1,311,Hibernating
2341.0,2024-07-16,7,15634.349999999999,168.0,3,3,4,334,Loyal Customers
2342.0,2024-08-19,3,5995.5599999999995,134.0,3,1,1,311,Hibernating
2343.0,2024-10-12,5,4567.91,80.0,3,1,1,311,Hibernating
2344.0,2024-05-21,4,8055.54,224.0,3,1,2,312,Hibernating
2345.0,2022-11-16,1,2902.45,776.0,3,1,1,311,Hibernating
2346.0,2024-04-02,5,10562.24,273.0,3,1,3,313,Hibernating
2347.0,2024-11-06,4,11367.98,55.0,3,1,3,313,Hibernating
2348.0,2024-09-06,8,184720.09,116.0,3,3,5,335,Loyal Customers
2349.0,2024-10-27,4,2788.83,65.0,3,1,1,311,Hibernating
2350.0,2024-11-30,7,8574.56,31.0,3,3,2,332,Potential Loyalists
2351.0,2024-05-02,3,2530.02,243.0,3,1,1,311,Hibernating
2352.0,2023-12-04,4,7479.45,393.0,3,1,2,312,Hibernating
2353.0,2024-12-11,8,17686.59,20.0,3,3,4,334,Loyal Customers
2354.0,2024-12-17,8,9776.66,14.0,3,3,2,332,Potential Loyalists
2355.0,2024-10-06,8,12932.92,86.0,3,3,3,333,Potential Loyalists
2356.0,2024-08-23,7,7824.75,130.0,3,3,2,332,Potential Loyalists
2357.0,2024-11-28,10,582699.44,33.0,3,5,5,355,Loyal Customers
2358.0,2024-09-22,6,6484.37,100.0,3,2,1,321,Hibernating
2359.0,2024-07-04,3,4651.31,180.0,3,1,1,311,Hibernating
2360.0,2024-10-30,8,61488.68,62.0,3,3,5,335,Loyal Customers
2361.0,2023-12-23,4,11054.13,374.0,3,1,3,313,Hibernating
2362.0,2023-09-29,7,4649.07,459.0,3,3,1,331,Potential Loyalists
2363.0,2024-12-15,7,9656.380000000001,16.0,3,3,2,332,Potential Loyalists
2364.0,2024-08-23,14,37445.630000000005,130.0,3,5,5,355,Loyal Customers
2365.0,2024-11-05,10,7355.09,56.0,3,5,2,352,Potential Loyalists
2366.0,2024-11-15,4,1739.4099999999999,46.0,3,1,1,311,Hibernating
2367.0,2024-11-11,6,187428.97000000003,50.0,3,2,5,325,Promising
2368.0,2024-11-30,9,7749.379999999999,31.0,3,4,2,342,Potential Loyalists
2369.0,2024-11-17,5,20321.84,44.0,3,1,4,314,Hibernating
2370.0,2024-03-19,5,5619.370000000001,287.0,3,1,1,311,Hibernating
2371.0,2024-06-30,4,5865.01,184.0,3,1,1,311,Hibernating
2372.0,2024-12-15,10,20726.829999999998,16.0,3,5,4,354,Loyal Customers
2373.0,2022-12-20,4,7908.8099999999995,742.0,3,1,2,312,Hibernating
2374.0,2024-02-25,5,13873.18,310.0,3,1,3,313,Hibernating
2375.0,2024-11-26,7,343013.44999999995,35.0,3,3,5,335,Loyal Customers
2376.0,2024-07-19,5,5490.9400000000005,165.0,3,1,1,311,Hibernating
2377.0,2024-07-25,9,212101.51,159.0,3,4,5,345,Loyal Customers
2378.0,2024-10-09,9,11897.27,83.0,3,4,3,343,Potential Loyalists
2379.0,2024-03-30,4,6963.049999999999,276.0,3,1,2,312,Hibernating
2380.0,2024-04-01,4,5813.76,274.0,3,1,1,311,Hibernating
2381.0,2023-11-03,5,4311.31,424.0,3,1,1,311,Hibernating
2382.0,2023-10-05,6,12171.07,453.0,3,2,3,323,Hibernating
2383.0,2024-03-15,6,10864.52,291.0,3,2,3,323,Hibernating
2384.0,2024-12-15,7,9484.51,16.0,3,3,2,332,Potential Loyalists
2385.0,2024-12-04,2,422.77,27.0,3,1,1,311,Hibernating
2386.0,2024-12-06,12,21157.72,25.0,3,5,4,354,Loyal Customers
2387.0,2024-01-10,11,8548.6,356.0,3,5,2,352,Potential Loyalists
2388.0,2023-08-16,7,12936.23,503.0,3,3,3,333,Potential Loyalists
2389.0,2024-12-02,11,36656.24,29.0,3,5,5,355,Loyal Customers
2390.0,2024-10-10,10,16260.880000000001,82.0,3,5,4,354,Loyal Customers
2391.0,2024-08-25,13,14237.39,128.0,3,5,3,353,Potential Loyalists
2392.0,2024-10-08,9,17641.93,84.0,3,4,4,344,Loyal Customers
2393.0,2024-06-28,5,9378.529999999999,186.0,3,1,2,312,Hibernating
2394.0,2024-09-26,8,11007.05,96.0,3,3,3,333,Potential Loyalists
2395.0,2022-10-16,1,4173.68,807.0,3,1,1,311,Hibernating
2396.0,2024-12-25,6,14005.99,6.0,3,2,3,323,Hibernating
2397.0,2024-06-12,7,23279.89,202.0,3,3,5,335,Loyal Customers
2398.0,2023-11-11,7,213978.84,416.0,3,3,5,335,Loyal Customers
2399.0,2024-11-04,5,207062.28,57.0,3,1,5,315,Promising
2400.0,2024-11-11,7,113274.56000000001,50.0,3,3,5,335,Loyal Customers
2401.0,2024-12-08,4,4458.65,23.0,3,1,1,311,Hibernating
2402.0,2024-05-10,6,10133.12,235.0,3,2,2,322,Hibernating
2403.0,2024-12-26,5,13427.1,5.0,3,1,3,313,Hibernating
2404.0,2024-12-06,7,19820.2,25.0,3,3,4,334,Loyal Customers
2405.0,2023-10-05,7,18055.76,453.0,3,3,4,334,Loyal Customers
2406.0,2024-01-25,6,17727.59,341.0,3,2,4,324,Promising
2407.0,2024-11-07,10,9744.369999999999,54.0,3,5,2,352,Potential Loyalists
2408.0,2024-02-04,1,2225.2,331.0,3,1,1,311,Hibernating
2409.0,2024-11-14,10,24251.5,47.0,3,5,5,355,Loyal Customers
2410.0,2024-04-22,4,10614.31,253.0,3,1,3,313,Hibernating
2411.0,2024-10-25,10,15547.710000000001,67.0,3,5,4,354,Loyal Customers
2412.0,2024-12-08,7,6539.08,23.0,3,3,1,331,Potential Loyalists
2413.0,2024-12-23,7,16365.81,8.0,3,3,4,334,Loyal Customers
2414.0,2024-11-01,14,24109.82,60.0,3,5,5,355,Loyal Customers
2415.0,2024-12-15,10,23626.86,16.0,3,5,5,355,Loyal Customers
2416.0,2024-10-30,8,20477.35,62.0,3,3,4,334,Loyal Customers
2417.0,2024-10-09,5,3333.3199999999997,83.0,3,1,1,311,Hibernating
2418.0,2024-07-30,5,677502.9500000001,154.0,3,1,5,315,Promising
2419.0,2023-09-19,5,9035.53,469.0,3,1,2,312,Hibernating
2420.0,2024-06-17,4,5016.07,197.0,3,1,1,311,Hibernating
2421.0,2023-04-20,6,16137.549999999997,621.0,3,2,4,324,Promising
2422.0,2024-04-04,5,8742.57,271.0,3,1,2,312,Hibernating
2423.0,2023-11-30,8,16433.3,397.0,3,3,4,334,Loyal Customers
2424.0,2024-11-13,8,11686.59,48.0,3,3,3,333,Potential Loyalists
2425.0,2024-11-09,11,52322.41,52.0,3,5,5,355,Loyal Customers
2426.0,2024-09-04,4,6483.599999999999,118.0,3,1,1,311,Hibernating
2427.0,2024-08-09,6,5423.16,144.0,3,2,1,321,Hibernating
2428.0,2024-05-03,6,12131.17,242.0,3,2,3,323,Hibernating
2429.0,2024-11-10,6,9187.32,51.0,3,2,2,322,Hibernating
2430.0,2024-11-27,9,14479.49,34.0,3,4,4,344,Loyal Customers
2431.0,2024-04-15,6,699286.39,260.0,3,2,5,325,Promising
2432.0,2023-10-09,6,25785.260000000002,449.0,3,2,5,325,Promising
2433.0,2024-03-09,7,11268.21,297.0,3,3,3,333,Potential Loyalists
2434.0,2024-10-29,4,4911.59,63.0,3,1,1,311,Hibernating
2435.0,2024-11-17,6,6689.08,44.0,3,2,2,322,Hibernating
2436.0,2024-10-12,11,16652.77,80.0,3,5,4,354,Loyal Customers
2437.0,2024-07-30,9,17359.47,154.0,3,4,4,344,Loyal Customers
2438.0,2024-10-16,7,5875.76,76.0,3,3,1,331,Potential Loyalists
2439.0,2024-12-28,10,14870.26,3.0,3,5,4,354,Loyal Customers
2440.0,2024-12-12,11,17603.96,19.0,3,5,4,354,Loyal Customers
2441.0,2024-06-26,10,14105.31,188.0,3,5,3,353,Potential Loyalists
2442.0,2024-07-16,9,10190.42,168.0,3,4,2,342,Potential Loyalists
2443.0,2024-11-08,8,64622.98,53.0,3,3,5,335,Loyal Customers
2444.0,2024-09-07,5,7657.52,115.0,3,1,2,312,Hibernating
2445.0,2024-03-19,9,9925.21,287.0,3,4,2,342,Potential Loyalists
2446.0,2024-03-06,5,1958.48,300.0,3,1,1,311,Hibernating
2447.0,2024-11-24,9,10219.41,37.0,3,4,3,343,Potential Loyalists
2448.0,2023-12-23,8,198232.11,374.0,3,3,5,335,Loyal Customers
2449.0,2024-11-16,6,20329.87,45.0,3,2,4,324,Promising
2450.0,2024-11-23,13,189101.22,38.0,3,5,5,355,Loyal Customers
2451.0,2024-11-07,8,13539.94,54.0,3,3,3,333,Potential Loyalists
2452.0,2024-08-11,7,11526.25,142.0,3,3,3,333,Potential Loyalists
2453.0,2024-12-31,9,16126.24,0.0,3,4,4,344,Loyal Customers
2454.0,2024-03-20,5,9552.8,286.0,3,1,2,312,Hibernating
2455.0,2024-12-19,7,7012.59,12.0,3,3,2,332,Potential Loyalists
2456.0,2024-12-29,10,10228.08,2.0,3,5,3,353,Potential Loyalists
2457.0,2024-11-12,10,18934.48,49.0,3,5,4,354,Loyal Customers
2458.0,2023-09-27,6,183769.74,461.0,3,2,5,325,Promising
2459.0,2024-02-04,6,12824.9,331.0,3,2,3,323,Hibernating
2460.0,2024-11-04,6,14968.08,57.0,3,2,4,324,Promising
2461.0,2024-12-28,12,15933.03,3.0,3,5,4,354,Loyal Customers
2462.0,2024-12-19,8,7322.5,12.0,3,3,2,332,Potential Loyalists
2463.0,2024-09-05,9,11261.0,117.0,3,4,3,343,Potential Loyalists
2464.0,2023-02-10,6,20532.48,690.0,3,2,4,324,Promising
2465.0,2024-04-04,6,171450.7,271.0,3,2,5,325,Promising
2466.0,2024-02-18,3,1557.6100000000001,317.0,3,1,1,311,Hibernating
2467.0,2024-04-08,4,1345.75,267.0,3,1,1,311,Hibernating
2468.0,2024-12-09,7,16271.33,22.0,3,3,4,334,Loyal Customers
2469.0,2024-11-18,10,10119.67,43.0,3,5,2,352,Potential Loyalists
2470.0,2024-11-29,8,4228.14,32.0,3,3,1,331,Potential Loyalists
2471.0,2024-08-08,11,18850.399999999998,145.0,3,5,4,354,Loyal Customers
2472.0,2024-07-25,7,4855.7699999999995,159.0,3,3,1,331,Potential Loyalists
2473.0,2024-02-21,3,4811.76,314.0,3,1,1,311,Hibernating
2474.0,2024-12-03,9,11770.84,28.0,3,4,3,343,Potential Loyalists
2475.0,2024-09-12,5,4880.2300000000005,110.0,3,1,1,311,Hibernating
2476.0,2024-11-23,8,22685.7,38.0,3,3,5,335,Loyal Customers
2477.0,2024-07-20,4,2717.77,164.0,3,1,1,311,Hibernating
2478.0,2024-12-28,13,16702.35,3.0,3,5,4,354,Loyal Customers
2479.0,2024-09-07,11,26495.489999999998,115.0,3,5,5,355,Loyal Customers
2480.0,2024-09-06,7,13480.38,116.0,3,3,3,333,Potential Loyalists
2481.0,2024-11-24,11,11712.55,37.0,3,5,3,353,Potential Loyalists
2482.0,2024-05-10,7,844577.4400000001,235.0,3,3,5,335,Loyal Customers
2483.0,2024-12-09,12,30987.78,22.0,3,5,5,355,Loyal Customers
2484.0,2024-06-15,7,30882.79,199.0,3,3,5,335,Loyal Customers
2485.0,2024-06-03,9,19747.05,211.0,3,4,4,344,Loyal Customers
2486.0,2024-09-29,6,8939.24,93.0,3,2,2,322,Hibernating
2487.0,2023-06-08,4,44214.35,572.0,3,1,5,315,Promising
2488.0,2024-12-24,8,15268.619999999999,7.0,3,3,4,334,Loyal Customers
2489.0,2024-11-26,10,11760.93,35.0,3,5,3,353,Potential Loyalists
2490.0,2024-05-19,7,10956.5,226.0,3,3,3,333,Potential Loyalists
2491.0,2024-08-10,5,15477.18,143.0,3,1,4,314,Hibernating
2492.0,2024-10-30,9,17368.02,62.0,3,4,4,344,Loyal Customers
2493.0,2024-11-01,7,7070.14,60.0,3,3,2,332,Potential Loyalists
2494.0,2024-12-13,14,190263.06,18.0,3,5,5,355,Loyal Customers
2495.0,2024-02-19,8,13222.05,316.0,3,3,3,333,Potential Loyalists
2496.0,2024-05-23,7,47122.409999999996,222.0,3,3,5,335,Loyal Customers
2497.0,2024-12-31,5,3328.52,0.0,3,1,1,311,Hibernating
2498.0,2024-08-23,6,6440.13,130.0,3,2,1,321,Hibernating
2499.0,2024-03-13,2,3344.44,293.0,3,1,1,311,Hibernating
2500.0,2024-11-07,9,24308.07,54.0,3,4,5,345,Loyal Customers
2501.0,2024-02-11,4,4775.39,324.0,3,1,1,311,Hibernating
2502.0,2024-08-03,11,31603.35,150.0,3,5,5,355,Loyal Customers
2503.0,2024-11-10,6,11680.970000000001,51.0,3,2,3,323,Hibernating
2504.0,2023-03-20,6,8278.43,652.0,3,2,2,322,Hibernating
2505.0,2024-12-26,8,182332.22,5.0,3,3,5,335,Loyal Customers
2506.0,2024-08-19,5,9483.42,134.0,3,1,2,312,Hibernating
2507.0,2024-10-12,6,14647.77,80.0,3,2,4,324,Promising
2508.0,2024-05-17,5,9448.65,228.0,3,1,2,312,Hibernating
2509.0,2024-08-08,5,204369.03,145.0,3,1,5,315,Promising
2510.0,2024-09-20,8,35562.630000000005,102.0,3,3,5,335,Loyal Customers
2511.0,2023-08-09,9,16290.359999999999,510.0,3,4,4,344,Loyal Customers
2512.0,2024-11-28,8,7993.47,33.0,3,3,2,332,Potential Loyalists
2513.0,2024-11-28,10,13068.71,33.0,3,5,3,353,Potential Loyalists
2514.0,2024-05-30,8,96362.08,215.0,3,3,5,335,Loyal Customers
2515.0,2024-09-01,12,14489.79,121.0,3,5,4,354,Loyal Customers
2516.0,2024-07-19,6,6003.83,165.0,3,2,1,321,Hibernating
2517.0,2023-10-03,9,14283.59,455.0,3,4,3,343,Potential Loyalists
2518.0,2024-10-07,1,1281.22,85.0,3,1,1,311,Hibernating
2519.0,2024-11-14,9,12056.73,47.0,3,4,3,343,Potential Loyalists
2520.0,2024-07-21,5,15991.75,163.0,3,1,4,314,Hibernating
2521.0,2024-12-24,10,28853.87,7.0,3,5,5,355,Loyal Customers
2522.0,2024-03-28,5,8885.05,278.0,3,1,2,312,Hibernating
2523.0,2024-04-27,8,22884.18,248.0,3,3,5,335,Loyal Customers
2524.0,2024-04-20,7,9225.22,255.0,3,3,2,332,Potential Loyalists
2525.0,2024-01-24,7,12405.66,342.0,3,3,3,333,Potential Loyalists
2526.0,2024-12-12,11,15260.5,19.0,3,5,4,354,Loyal Customers
2527.0,2024-12-21,8,25592.78,10.0,3,3,5,335,Loyal Customers
2528.0,2024-03-10,7,8785.39,296.0,3,3,2,332,Potential Loyalists
2529.0,2024-12-28,5,3969.64,3.0,3,1,1,311,Hibernating
2530.0,2024-08-13,6,8047.47,140.0,3,2,2,322,Hibernating
2531.0,2024-10-22,6,12714.23,70.0,3,2,3,323,Hibernating
2532.0,2024-04-06,7,14348.57,269.0,3,3,3,333,Potential Loyalists
2533.0,2024-06-18,11,16180.33,196.0,3,5,4,354,Loyal Customers
2534.0,2024-07-21,10,33637.97,163.0,3,5,5,355,Loyal Customers
2535.0,2024-08-28,6,7141.25,125.0,3,2,2,322,Hibernating
2536.0,2024-12-20,4,12001.43,11.0,3,1,3,313,Hibernating
2537.0,2024-11-10,5,8355.91,51.0,3,1,2,312,Hibernating
2538.0,2024-11-02,10,23307.41,59.0,3,5,5,355,Loyal Customers
2539.0,2024-05-03,3,1941.98,242.0,3,1,1,311,Hibernating
2540.0,2024-11-20,8,20027.18,41.0,3,3,4,334,Loyal Customers
2541.0,2024-07-13,6,9549.03,171.0,3,2,2,322,Hibernating
2542.0,2024-06-10,6,14424.289999999999,204.0,3,2,3,323,Hibernating
2543.0,2024-12-30,9,14995.529999999999,1.0,3,4,4,344,Loyal Customers
2544.0,2024-04-22,5,13408.560000000001,253.0,3,1,3,313,Hibernating
2545.0,2023-12-12,4,13514.03,385.0,3,1,3,313,Hibernating
2546.0,2024-09-26,9,18627.89,96.0,3,4,4,344,Loyal Customers
2547.0,2024-12-20,11,5969.73,11.0,3,5,1,351,Potential Loyalists
2548.0,2024-08-15,9,801689.1599999999,138.0,3,4,5,345,Loyal Customers
2549.0,2024-10-09,10,33953.53,83.0,3,5,5,355,Loyal Customers
2550.0,2024-11-22,7,28087.339999999997,39.0,3,3,5,335,Loyal Customers
2551.0,2024-10-23,4,8937.43,69.0,3,1,2,312,Hibernating
2552.0,2024-10-31,7,10897.73,61.0,3,3,3,333,Potential Loyalists
2553.0,2024-03-29,4,3722.16,277.0,3,1,1,311,Hibernating
2554.0,2024-12-08,13,73591.2,23.0,3,5,5,355,Loyal Customers
2555.0,2024-12-02,9,40063.99,29.0,3,4,5,345,Loyal Customers
2556.0,2023-09-22,2,6001.56,466.0,3,1,1,311,Hibernating
2557.0,2024-07-03,4,6441.879999999999,181.0,3,1,1,311,Hibernating
2558.0,2024-09-29,9,15425.43,93.0,3,4,4,344,Loyal Customers
2559.0,2024-10-25,9,14535.94,67.0,3,4,4,344,Loyal Customers
2560.0,2024-02-15,5,17732.37,320.0,3,1,4,314,Hibernating
2561.0,2024-08-29,6,7703.89,124.0,3,2,2,322,Hibernating
2562.0,2024-08-22,4,8264.01,131.0,3,1,2,312,Hibernating
2563.0,2024-09-21,7,9394.95,101.0,3,3,2,332,Potential Loyalists
2564.0,2024-05-05,6,9304.49,240.0,3,2,2,322,Hibernating
2565.0,2024-11-13,6,7096.61,48.0,3,2,2,322,Hibernating
2566.0,2024-11-08,6,4532.02,53.0,3,2,1,321,Hibernating
2567.0,2024-12-01,14,30409.74,30.0,3,5,5,355,Loyal Customers
2568.0,2024-05-24,7,11384.85,221.0,3,3,3,333,Potential Loyalists
2569.0,2024-09-12,9,19465.83,110.0,3,4,4,344,Loyal Customers
2570.0,2024-07-22,5,14734.07,162.0,3,1,4,314,Hibernating
2571.0,2024-09-30,12,9270.68,92.0,3,5,2,352,Potential Loyalists
2572.0,2024-12-30,7,9356.28,1.0,3,3,2,332,Potential Loyalists
2573.0,2023-07-08,3,9553.82,542.0,3,1,2,312,Hibernating
2574.0,2024-09-07,8,4791.28,115.0,3,3,1,331,Potential Loyalists
2575.0,2024-08-30,4,21506.55,123.0,3,1,4,314,Hibernating
2576.0,2024-10-28,6,11018.84,64.0,3,2,3,323,Hibernating
2577.0,2024-10-06,10,228156.27,86.0,3,5,5,355,Loyal Customers
2578.0,2024-10-24,14,21337.63,68.0,3,5,4,354,Loyal Customers
2579.0,2024-02-21,11,29235.66,314.0,3,5,5,355,Loyal Customers
2580.0,2024-12-04,4,15610.61,27.0,3,1,4,314,Hibernating
2581.0,2024-12-08,10,34889.54,23.0,3,5,5,355,Loyal Customers
2582.0,2024-12-23,4,5540.4800000000005,8.0,3,1,1,311,Hibernating
2583.0,2023-06-16,1,1080.25,564.0,3,1,1,311,Hibernating
2584.0,2023-05-04,4,1140468.5699999998,607.0,3,1,5,315,Promising
2585.0,2023-12-28,5,11185.82,369.0,3,1,3,313,Hibernating
2586.0,2024-07-15,9,1007236.08,169.0,3,4,5,345,Loyal Customers
2587.0,2024-11-15,7,4157.52,46.0,3,3,1,331,Potential Loyalists
2588.0,2024-12-10,6,7949.28,21.0,3,2,2,322,Hibernating
2589.0,2024-11-12,9,19601.91,49.0,3,4,4,344,Loyal Customers
2590.0,2024-06-05,3,6336.6,209.0,3,1,1,311,Hibernating
2591.0,2024-09-21,11,804210.52,101.0,3,5,5,355,Loyal Customers
2592.0,2024-11-07,12,10952.85,54.0,3,5,3,353,Potential Loyalists
2593.0,2023-11-30,8,23268.04,397.0,3,3,5,335,Loyal Customers
2594.0,2024-11-29,9,18430.83,32.0,3,4,4,344,Loyal Customers
2595.0,2024-11-04,7,16034.16,57.0,3,3,4,334,Loyal Customers
2596.0,2024-09-23,3,5844.3,99.0,3,1,1,311,Hibernating
2597.0,2024-12-30,8,10739.37,1.0,3,3,3,333,Potential Loyalists
2598.0,2024-10-07,9,6607.91,85.0,3,4,2,342,Potential Loyalists
2599.0,2024-05-14,10,15977.79,231.0,3,5,4,354,Loyal Customers
2600.0,2024-12-23,8,12952.710000000001,8.0,3,3,3,333,Potential Loyalists
2601.0,2023-12-27,10,10281.29,370.0,3,5,3,353,Potential Loyalists
2602.0,2024-12-19,10,11577.44,12.0,3,5,3,353,Potential Loyalists
2603.0,2024-11-23,10,14649.28,38.0,3,5,4,354,Loyal Customers
2604.0,2022-11-18,1,1050.86,774.0,3,1,1,311,Hibernating
2605.0,2024-12-31,6,7650.05,0.0,3,2,2,322,Hibernating
2606.0,2024-10-03,11,8924.22,89.0,3,5,2,352,Potential Loyalists
2607.0,2024-09-06,5,7360.5,116.0,3,1,2,312,Hibernating
2608.0,2024-10-18,6,10909.0,74.0,3,2,3,323,Hibernating
2609.0,2024-10-11,6,5237.38,81.0,3,2,1,321,Hibernating
2610.0,2024-06-02,8,13868.37,212.0,3,3,3,333,Potential Loyalists
2611.0,2024-10-20,10,32225.030000000002,72.0,3,5,5,355,Loyal Customers
2612.0,2024-12-12,8,26107.91,19.0,3,3,5,335,Loyal Customers
2613.0,2024-06-13,8,9463.99,201.0,3,3,2,332,Potential Loyalists
2614.0,2024-05-19,7,28262.7,226.0,3,3,5,335,Loyal Customers
2615.0,2024-12-06,7,6607.099999999999,25.0,3,3,2,332,Potential Loyalists
2616.0,2024-12-09,12,20196.96,22.0,3,5,4,354,Loyal Customers
2617.0,2024-12-20,6,15659.06,11.0,3,2,4,324,Promising
2618.0,2023-11-16,6,12824.72,411.0,3,2,3,323,Hibernating
2619.0,2024-01-11,10,15696.75,355.0,3,5,4,354,Loyal Customers
2620.0,2024-09-01,7,5755.24,121.0,3,3,1,331,Potential Loyalists
2621.0,2024-11-11,11,12284.4,50.0,3,5,3,353,Potential Loyalists
2622.0,2024-10-22,7,16722.57,70.0,3,3,4,334,Loyal Customers
2623.0,2024-08-26,5,6426.17,127.0,3,1,1,311,Hibernating
2624.0,2024-07-31,9,19840.100000000002,153.0,3,4,4,344,Loyal Customers
2625.0,2024-02-16,7,220001.85,319.0,3,3,5,335,Loyal Customers
2626.0,2024-12-19,13,26619.11,12.0,3,5,5,355,Loyal Customers
2627.0,2024-08-25,9,8584.050000000001,128.0,3,4,2,342,Potential Loyalists
2628.0,2024-10-14,5,9612.7,78.0,3,1,2,312,Hibernating
2629.0,2024-09-18,5,9210.9,104.0,3,1,2,312,Hibernating
2630.0,2024-10-12,8,15161.07,80.0,3,3,4,334,Loyal Customers
2631.0,2024-03-24,7,15555.04,282.0,3,3,4,334,Loyal Customers
2632.0,2024-10-12,5,13541.43,80.0,3,1,3,313,Hibernating
2633.0,2024-10-01,4,8173.75,91.0,3,1,2,312,Hibernating
2634.0,2024-05-11,5,9084.51,234.0,3,1,2,312,Hibernating
2635.0,2024-09-17,7,10480.02,105.0,3,3,3,333,Potential Loyalists
2636.0,2024-10-08,6,15103.84,84.0,3,2,4,324,Promising
2637.0,2024-07-09,10,611978.76,175.0,3,5,5,355,Loyal Customers
2638.0,2024-05-19,6,11937.25,226.0,3,2,3,323,Hibernating
2639.0,2024-10-12,7,4113.0,80.0,3,3,1,331,Potential Loyalists
2640.0,2024-07-17,9,12738.539999999999,167.0,3,4,3,343,Potential Loyalists
2641.0,2024-08-23,9,16791.53,130.0,3,4,4,344,Loyal Customers
2642.0,2024-09-24,6,8103.95,98.0,3,2,2,322,Hibernating
2643.0,2024-11-22,5,7295.45,39.0,3,1,2,312,Hibernating
2644.0,2024-10-25,17,31207.21,67.0,3,5,5,355,Loyal Customers
2645.0,2024-02-29,7,10621.73,306.0,3,3,3,333,Potential Loyalists
2646.0,2024-02-26,6,8248.4,309.0,3,2,2,322,Hibernating
2647.0,2024-12-13,10,11969.279999999999,18.0,3,5,3,353,Potential Loyalists
2648.0,2024-11-20,7,20751.14,41.0,3,3,4,334,Loyal Customers
2649.0,2024-11-27,10,224875.47,34.0,3,5,5,355,Loyal Customers
2650.0,2024-09-05,6,10489.18,117.0,3,2,3,323,Hibernating
2651.0,2024-10-04,13,259861.31,88.0,3,5,5,355,Loyal Customers
2652.0,2024-12-18,11,22808.41,13.0,3,5,5,355,Loyal Customers
2653.0,2023-12-31,6,35381.96,366.0,3,2,5,325,Promising
2654.0,2024-12-18,5,3882.73,13.0,3,1,1,311,Hibernating
2655.0,2024-10-05,9,16227.3,87.0,3,4,4,344,Loyal Customers
2656.0,2022-04-12,1,181.24,994.0,3,1,1,311,Hibernating
2657.0,2024-10-04,6,16095.35,88.0,3,2,4,324,Promising
2658.0,2024-10-23,12,14624.93,69.0,3,5,4,354,Loyal Customers
2659.0,2024-12-04,7,342969.63,27.0,3,3,5,335,Loyal Customers
2660.0,2024-07-30,5,16023.93,154.0,3,1,4,314,Hibernating
2661.0,2023-10-26,4,3399.96,432.0,3,1,1,311,Hibernating
2662.0,2024-11-17,7,9736.14,44.0,3,3,2,332,Potential Loyalists
2663.0,2024-11-20,8,21002.84,41.0,3,3,4,334,Loyal Customers
2664.0,2024-03-14,10,131969.63999999998,292.0,3,5,5,355,Loyal Customers
2665.0,2024-11-02,14,17017.3,59.0,3,5,4,354,Loyal Customers
2666.0,2024-07-29,13,19568.280000000002,155.0,3,5,4,354,Loyal Customers
2667.0,2024-11-30,7,12120.38,31.0,3,3,3,333,Potential Loyalists
2668.0,2024-05-11,5,15539.29,234.0,3,1,4,314,Hibernating
2669.0,2024-12-30,7,18156.57,1.0,3,3,4,334,Loyal Customers
2670.0,2024-09-25,7,11615.33,97.0,3,3,3,333,Potential Loyalists
2671.0,2023-10-09,6,7353.83,449.0,3,2,2,322,Hibernating
2672.0,2024-12-07,5,8388.63,24.0,3,1,2,312,Hibernating
2673.0,2024-12-06,9,25189.77,25.0,3,4,5,345,Loyal Customers
2674.0,2024-11-21,8,20802.88,40.0,3,3,4,334,Loyal Customers
2675.0,2024-11-29,13,25386.16,32.0,3,5,5,355,Loyal Customers
2676.0,2024-03-03,5,6569.85,303.0,3,1,1,311,Hibernating
2677.0,2024-03-22,6,7027.049999999999,284.0,3,2,2,322,Hibernating
2678.0,2024-12-24,10,25237.94,7.0,3,5,5,355,Loyal Customers
2679.0,2024-10-17,9,10895.18,75.0,3,4,3,343,Potential Loyalists
2680.0,2024-11-27,6,6323.84,34.0,3,2,1,321,Hibernating
2681.0,2023-10-06,2,7696.68,452.0,3,1,2,312,Hibernating
2682.0,2024-08-08,6,12600.49,145.0,3,2,3,323,Hibernating
2683.0,2023-12-21,10,23170.29,376.0,3,5,5,355,Loyal Customers
2684.0,2024-12-03,13,15911.050000000001,28.0,3,5,4,354,Loyal Customers
2685.0,2024-12-22,8,6103.37,9.0,3,3,1,331,Potential Loyalists
2686.0,2024-12-01,12,25986.13,30.0,3,5,5,355,Loyal Customers
2687.0,2024-04-14,4,21986.539999999997,261.0,3,1,4,314,Hibernating
2688.0,2024-11-22,9,11692.25,39.0,3,4,3,343,Potential Loyalists
2689.0,2024-05-20,5,16999.93,225.0,3,1,4,314,Hibernating
2690.0,2023-11-30,5,4514.99,397.0,3,1,1,311,Hibernating
2691.0,2024-09-12,7,416143.86,110.0,3,3,5,335,Loyal Customers
2692.0,2024-09-21,6,10916.8,101.0,3,2,3,323,Hibernating
2693.0,2023-11-24,4,10925.52,403.0,3,1,3,313,Hibernating
2694.0,2024-05-20,9,14652.27,225.0,3,4,4,344,Loyal Customers
2695.0,2024-05-16,4,8021.900000000001,229.0,3,1,2,312,Hibernating
2696.0,2024-01-12,6,9864.6,354.0,3,2,2,322,Hibernating
2697.0,2024-12-05,3,2187.51,26.0,3,1,1,311,Hibernating
2698.0,2024-07-04,6,9638.69,180.0,3,2,2,322,Hibernating
2699.0,2024-11-15,7,4199.17,46.0,3,3,1,331,Potential Loyalists
2700.0,2024-09-02,5,2387.31,120.0,3,1,1,311,Hibernating
2701.0,2024-05-08,7,8733.27,237.0,3,3,2,332,Potential Loyalists
2702.0,2024-02-07,5,33671.83,328.0,3,1,5,315,Promising
2703.0,2023-12-25,5,2883.94,372.0,3,1,1,311,Hibernating
2704.0,2024-12-15,5,5463.82,16.0,3,1,1,311,Hibernating
2705.0,2024-05-06,3,7008.73,239.0,3,1,2,312,Hibernating
2706.0,2024-02-18,5,2423.95,317.0,3,1,1,311,Hibernating
2707.0,2024-10-03,9,13854.849999999999,89.0,3,4,3,343,Potential Loyalists
2708.0,2024-10-10,4,4036.95,82.0,3,1,1,311,Hibernating
2709.0,2024-08-16,7,9521.94,137.0,3,3,2,332,Potential Loyalists
2710.0,2024-12-12,6,10955.82,19.0,3,2,3,323,Hibernating
2711.0,2024-10-24,10,19277.41,68.0,3,5,4,354,Loyal Customers
2712.0,2024-06-08,8,12399.24,206.0,3,3,3,333,Potential Loyalists
2713.0,2024-10-11,7,8874.23,81.0,3,3,2,332,Potential Loyalists
2714.0,2024-08-31,10,7390.78,122.0,3,5,2,352,Potential Loyalists
2715.0,2024-11-10,8,14527.1,51.0,3,3,4,334,Loyal Customers
2716.0,2024-12-29,12,19848.62,2.0,3,5,4,354,Loyal Customers
2717.0,2024-11-21,3,5340.88,40.0,3,1,1,311,Hibernating
2718.0,2022-11-19,4,5132.82,773.0,3,1,1,311,Hibernating
2719.0,2024-12-30,11,611926.73,1.0,3,5,5,355,Loyal Customers
2720.0,2024-08-15,11,15608.65,138.0,3,5,4,354,Loyal Customers
2721.0,2024-01-21,4,9426.76,345.0,3,1,2,312,Hibernating
2722.0,2024-07-09,7,9417.61,175.0,3,3,2,332,Potential Loyalists
2724.0,2024-02-10,9,33875.72,325.0,3,4,5,345,Loyal Customers
2725.0,2024-03-31,5,4489.32,275.0,3,1,1,311,Hibernating
2726.0,2024-02-06,5,4923.59,329.0,3,1,1,311,Hibernating
2727.0,2024-11-04,7,16986.3,57.0,3,3,4,334,Loyal Customers
2728.0,2024-04-28,6,7406.3,247.0,3,2,2,322,Hibernating
2729.0,2024-05-13,6,13347.76,232.0,3,2,3,323,Hibernating
2730.0,2024-02-04,6,17968.02,331.0,3,2,4,324,Promising
2731.0,2024-11-28,6,8635.56,33.0,3,2,2,322,Hibernating
2732.0,2024-09-05,3,11772.970000000001,117.0,3,1,3,313,Hibernating
2733.0,2024-12-16,5,6241.650000000001,15.0,3,1,1,311,Hibernating
2734.0,2024-11-14,8,8863.81,47.0,3,3,2,332,Potential Loyalists
2735.0,2022-09-01,3,1690.43,852.0,3,1,1,311,Hibernating
2736.0,2024-06-21,5,59847.35,193.0,3,1,5,315,Promising
2737.0,2024-08-09,6,6957.53,144.0,3,2,2,322,Hibernating
2738.0,2024-12-19,10,19080.57,12.0,3,5,4,354,Loyal Customers
2739.0,2024-09-17,7,15365.23,105.0,3,3,4,334,Loyal Customers
2740.0,2024-05-19,7,23394.56,226.0,3,3,5,335,Loyal Customers
2741.0,2024-03-19,7,15950.79,287.0,3,3,4,334,Loyal Customers
2742.0,2024-09-17,4,5495.24,105.0,3,1,1,311,Hibernating
2743.0,2024-11-29,2,2531.35,32.0,3,1,1,311,Hibernating
2744.0,2024-11-29,9,21881.75,32.0,3,4,4,344,Loyal Customers
2745.0,2024-09-06,7,13065.98,116.0,3,3,3,333,Potential Loyalists
2746.0,2024-08-12,5,9796.36,141.0,3,1,2,312,Hibernating
2747.0,2024-08-29,11,20791.01,124.0,3,5,4,354,Loyal Customers
2748.0,2024-12-23,12,32121.7,8.0,3,5,5,355,Loyal Customers
2749.0,2024-12-25,7,9866.33,6.0,3,3,2,332,Potential Loyalists
2750.0,2024-10-20,14,19338.43,72.0,3,5,4,354,Loyal Customers
2751.0,2024-12-14,7,23662.52,17.0,3,3,5,335,Loyal Customers
2752.0,2024-04-10,2,796908.37,265.0,3,1,5,315,Promising
2753.0,2024-12-02,8,17875.53,29.0,3,3,4,334,Loyal Customers
2754.0,2024-12-01,7,7990.45,30.0,3,3,2,332,Potential Loyalists
2755.0,2024-10-18,5,10810.2,74.0,3,1,3,313,Hibernating
2756.0,2024-12-14,9,12369.74,17.0,3,4,3,343,Potential Loyalists
2757.0,2024-12-16,5,4659.41,15.0,3,1,1,311,Hibernating
2758.0,2023-07-03,4,4511.99,547.0,3,1,1,311,Hibernating
2759.0,2022-01-04,1,503162.04,1092.0,3,1,5,315,Promising
2760.0,2024-10-10,3,4028.22,82.0,3,1,1,311,Hibernating
2761.0,2024-06-22,11,18972.94,192.0,3,5,4,354,Loyal Customers
2762.0,2024-02-12,4,4862.5,323.0,3,1,1,311,Hibernating
2763.0,2024-12-31,8,299629.5,0.0,3,3,5,335,Loyal Customers
2764.0,2024-12-23,3,11109.82,8.0,3,1,3,313,Hibernating
2765.0,2024-06-30,2,48377.259999999995,184.0,3,1,5,315,Promising
2766.0,2024-07-02,10,21825.81,182.0,3,5,4,354,Loyal Customers
2767.0,2024-10-12,10,5218.63,80.0,3,5,1,351,Potential Loyalists
2768.0,2024-03-08,4,4985.39,298.0,3,1,1,311,Hibernating
2769.0,2024-07-19,6,3498.7,165.0,3,2,1,321,Hibernating
2770.0,2024-09-09,5,8669.91,113.0,3,1,2,312,Hibernating
2771.0,2024-11-20,11,22863.29,41.0,3,5,5,355,Loyal Customers
2772.0,2024-10-28,6,12646.31,64.0,3,2,3,323,Hibernating
2773.0,2023-10-26,3,1275.93,432.0,3,1,1,311,Hibernating
2774.0,2024-03-29,2,1453.9299999999998,277.0,3,1,1,311,Hibernating
2775.0,2024-11-17,9,10211.6,44.0,3,4,2,342,Potential Loyalists
2776.0,2024-02-24,5,11786.28,311.0,3,1,3,313,Hibernating
2777.0,2024-09-03,7,10741.34,119.0,3,3,3,333,Potential Loyalists
2778.0,2024-08-25,5,7821.929999999999,128.0,3,1,2,312,Hibernating
2779.0,2024-07-19,11,11718.25,165.0,3,5,3,353,Potential Loyalists
2780.0,2024-10-30,4,9851.65,62.0,3,1,2,312,Hibernating
2781.0,2024-12-28,10,15537.42,3.0,3,5,4,354,Loyal Customers
2782.0,2024-10-28,2,9441.27,64.0,3,1,2,312,Hibernating
2783.0,2024-11-28,9,44721.6,33.0,3,4,5,345,Loyal Customers
2784.0,2024-10-16,10,34425.3,76.0,3,5,5,355,Loyal Customers
2785.0,2024-07-09,8,11588.35,175.0,3,3,3,333,Potential Loyalists
2786.0,2024-12-04,13,22303.61,27.0,3,5,5,355,Loyal Customers
2787.0,2024-11-26,2,47052.89,35.0,3,1,5,315,Promising
2788.0,2024-09-01,7,6993.86,121.0,3,3,2,332,Potential Loyalists
2789.0,2023-08-15,5,12210.810000000001,504.0,3,1,3,313,Hibernating
2790.0,2024-12-06,10,10921.56,25.0,3,5,3,353,Potential Loyalists
2791.0,2023-12-29,5,3507.88,368.0,3,1,1,311,Hibernating
2792.0,2023-11-04,5,6667.37,423.0,3,1,2,312,Hibernating
2793.0,2024-02-13,3,5265.9800000000005,322.0,3,1,1,311,Hibernating
2794.0,2024-05-10,9,22688.91,235.0,3,4,5,345,Loyal Customers
2795.0,2023-10-23,8,11823.68,435.0,3,3,3,333,Potential Loyalists
2796.0,2024-07-29,4,16843.82,155.0,3,1,4,314,Hibernating
2797.0,2024-05-18,10,423036.5,227.0,3,5,5,355,Loyal Customers
2798.0,2024-03-24,6,10557.33,282.0,3,2,3,323,Hibernating
2799.0,2024-06-21,3,3575.8,193.0,3,1,1,311,Hibernating
2800.0,2024-11-19,13,25004.2,42.0,3,5,5,355,Loyal Customers
2801.0,2024-03-14,6,7746.65,292.0,3,2,2,322,Hibernating
2802.0,2024-07-19,4,7766.070000000001,165.0,3,1,2,312,Hibernating
2803.0,2024-02-27,7,3904.5,308.0,3,3,1,331,Potential Loyalists
2804.0,2024-11-08,9,802413.34,53.0,3,4,5,345,Loyal Customers
2805.0,2024-12-08,8,15340.980000000001,23.0,3,3,4,334,Loyal Customers
2806.0,2024-10-31,14,22236.19,61.0,3,5,5,355,Loyal Customers
2807.0,2023-12-28,8,6874.67,369.0,3,3,2,332,Potential Loyalists
2808.0,2024-07-15,10,10614.91,169.0,3,5,3,353,Potential Loyalists
2809.0,2024-01-29,7,6073.5199999999995,337.0,3,3,1,331,Potential Loyalists
2810.0,2024-12-13,6,3540.16,18.0,3,2,1,321,Hibernating
2811.0,2023-09-29,8,19020.93,459.0,3,3,4,334,Loyal Customers
2812.0,2024-12-15,13,16436.37,16.0,3,5,4,354,Loyal Customers
2813.0,2024-05-11,5,7464.19,234.0,3,1,2,312,Hibernating
2814.0,2024-10-24,7,17518.2,68.0,3,3,4,334,Loyal Customers
2815.0,2024-03-15,8,12498.64,291.0,3,3,3,333,Potential Loyalists
2816.0,2024-11-06,9,10551.08,55.0,3,4,3,343,Potential Loyalists
2817.0,2024-10-13,7,8864.31,79.0,3,3,2,332,Potential Loyalists
2818.0,2024-07-08,7,11235.17,176.0,3,3,3,333,Potential Loyalists
2819.0,2024-11-14,9,20474.600000000002,47.0,3,4,4,344,Loyal Customers
2820.0,2024-12-30,12,44018.16,1.0,3,5,5,355,Loyal Customers
2821.0,2024-09-03,4,339267.25,119.0,3,1,5,315,Promising
2822.0,2023-11-05,5,8956.33,422.0,3,1,2,312,Hibernating
2823.0,2024-11-01,10,7004.15,60.0,3,5,2,352,Potential Loyalists
2824.0,2024-12-26,8,12022.37,5.0,3,3,3,333,Potential Loyalists
2825.0,2024-12-04,6,13448.17,27.0,3,2,3,323,Hibernating
2826.0,2024-11-28,9,14655.95,33.0,3,4,4,344,Loyal Customers
2827.0,2024-12-14,12,31539.510000000002,17.0,3,5,5,355,Loyal Customers
2828.0,2024-09-03,4,5660.63,119.0,3,1,1,311,Hibernating
2829.0,2024-03-01,8,30966.14,305.0,3,3,5,335,Loyal Customers
2830.0,2024-07-25,5,313654.92,159.0,3,1,5,315,Promising
2831.0,2024-04-26,6,11796.25,249.0,3,2,3,323,Hibernating
2832.0,2024-11-28,8,288062.22000000003,33.0,3,3,5,335,Loyal Customers
2833.0,2024-12-09,6,6519.2300000000005,22.0,3,2,1,321,Hibernating
2834.0,2024-07-04,7,208359.58000000002,180.0,3,3,5,335,Loyal Customers
2835.0,2024-11-25,10,8844.56,36.0,3,5,2,352,Potential Loyalists
2836.0,2024-06-12,6,15964.09,202.0,3,2,4,324,Promising
2837.0,2024-07-27,7,6896.459999999999,157.0,3,3,2,332,Potential Loyalists
2838.0,2024-09-29,8,26458.7,93.0,3,3,5,335,Loyal Customers
2839.0,2024-05-07,4,3664.07,238.0,3,1,1,311,Hibernating
2840.0,2024-12-08,6,7085.73,23.0,3,2,2,322,Hibernating
2841.0,2024-11-18,7,14748.25,43.0,3,3,4,334,Loyal Customers
2842.0,2024-10-27,6,3400.69,65.0,3,2,1,321,Hibernating
2843.0,2024-09-19,5,13443.9,103.0,3,1,3,313,Hibernating
2844.0,2024-09-02,9,12997.33,120.0,3,4,3,343,Potential Loyalists
2845.0,2024-09-05,13,18052.6,117.0,3,5,4,354,Loyal Customers
2846.0,2024-12-18,11,626440.29,13.0,3,5,5,355,Loyal Customers
2847.0,2023-04-30,4,6303.84,611.0,3,1,1,311,Hibernating
2848.0,2024-08-14,6,8468.12,139.0,3,2,2,322,Hibernating
2849.0,2024-11-08,4,12074.91,53.0,3,1,3,313,Hibernating
2850.0,2023-01-14,3,4301.5199999999995,717.0,3,1,1,311,Hibernating
2851.0,2024-12-20,9,15624.49,11.0,3,4,4,344,Loyal Customers
2852.0,2024-08-17,8,167901.97000000003,136.0,3,3,5,335,Loyal Customers
2853.0,2024-06-19,5,5961.389999999999,195.0,3,1,1,311,Hibernating
2854.0,2024-06-27,7,12826.39,187.0,3,3,3,333,Potential Loyalists
2855.0,2024-11-23,8,79694.66,38.0,3,3,5,335,Loyal Customers
2856.0,2024-10-05,3,3592.5,87.0,3,1,1,311,Hibernating
2857.0,2024-03-17,9,187932.85,289.0,3,4,5,345,Loyal Customers
2858.0,2024-05-15,8,14570.37,230.0,3,3,4,334,Loyal Customers
2859.0,2024-05-22,8,10532.1,223.0,3,3,3,333,Potential Loyalists
2860.0,2024-08-16,5,9587.01,137.0,3,1,2,312,Hibernating
2861.0,2023-10-11,6,10666.3,447.0,3,2,3,323,Hibernating
2862.0,2024-10-22,10,17739.23,70.0,3,5,4,354,Loyal Customers
2863.0,2024-08-11,13,14683.97,142.0,3,5,4,354,Loyal Customers
2864.0,2024-12-02,9,6859.52,29.0,3,4,2,342,Potential Loyalists
2865.0,2024-09-29,12,24261.68,93.0,3,5,5,355,Loyal Customers
2866.0,2024-06-15,10,15666.49,199.0,3,5,4,354,Loyal Customers
2867.0,2024-07-12,6,8113.18,172.0,3,2,2,322,Hibernating
2868.0,2024-02-19,6,330583.30000000005,316.0,3,2,5,325,Promising
2869.0,2024-12-05,10,15045.92,26.0,3,5,4,354,Loyal Customers
2870.0,2023-12-29,8,350164.27999999997,368.0,3,3,5,335,Loyal Customers
2871.0,2024-07-02,7,6892.01,182.0,3,3,2,332,Potential Loyalists
2872.0,2024-10-13,9,24147.79,79.0,3,4,5,345,Loyal Customers
2873.0,2024-09-30,5,5517.099999999999,92.0,3,1,1,311,Hibernating
2874.0,2024-06-12,7,6483.8,202.0,3,3,1,331,Potential Loyalists
2875.0,2024-04-27,10,30518.8,248.0,3,5,5,355,Loyal Customers
2876.0,2024-11-16,8,515197.55000000005,45.0,3,3,5,335,Loyal Customers
2877.0,2024-07-15,6,9317.86,169.0,3,2,2,322,Hibernating
2878.0,2024-11-19,10,35271.65,42.0,3,5,5,355,Loyal Customers
2879.0,2024-10-06,7,13606.26,86.0,3,3,3,333,Potential Loyalists
2880.0,2024-10-18,19,33003.61,74.0,3,5,5,355,Loyal Customers
2881.0,2024-07-22,6,34008.3,162.0,3,2,5,325,Promising
2882.0,2024-12-10,6,25127.16,21.0,3,2,5,325,Promising
2883.0,2023-09-14,7,8543.01,474.0,3,3,2,332,Potential Loyalists
2884.0,2024-09-10,9,9641.41,112.0,3,4,2,342,Potential Loyalists
2885.0,2024-07-26,8,6714.18,158.0,3,3,2,332,Potential Loyalists
2886.0,2024-04-28,2,1414.3899999999999,247.0,3,1,1,311,Hibernating
2887.0,2024-05-27,4,12962.34,218.0,3,1,3,313,Hibernating
2888.0,2023-10-04,8,10053.16,454.0,3,3,2,332,Potential Loyalists
2889.0,2024-11-05,7,8923.07,56.0,3,3,2,332,Potential Loyalists
2890.0,2024-11-28,5,15982.27,33.0,3,1,4,314,Hibernating
2891.0,2024-06-21,8,5292.25,193.0,3,3,1,331,Potential Loyalists
2892.0,2024-08-06,10,30226.21,147.0,3,5,5,355,Loyal Customers
2893.0,2024-10-28,6,11639.210000000001,64.0,3,2,3,323,Hibernating
2894.0,2022-11-13,3,6002.24,779.0,3,1,1,311,Hibernating
2895.0,2024-09-07,5,7715.2300000000005,115.0,3,1,2,312,Hibernating
2896.0,2023-09-28,5,26876.71,460.0,3,1,5,315,Promising
2897.0,2024-11-18,9,157043.44,43.0,3,4,5,345,Loyal Customers
2898.0,2024-07-27,7,170263.03,157.0,3,3,5,335,Loyal Customers
2899.0,2024-03-13,4,4480.46,293.0,3,1,1,311,Hibernating
2900.0,2024-10-03,7,4279.8099999999995,89.0,3,3,1,331,Potential Loyalists
2901.0,2024-07-12,6,11153.9,172.0,3,2,3,323,Hibernating
2902.0,2024-10-06,6,2658.3599999999997,86.0,3,2,1,321,Hibernating
2903.0,2024-10-08,9,15461.779999999999,84.0,3,4,4,344,Loyal Customers
2904.0,2024-05-17,6,11088.94,228.0,3,2,3,323,Hibernating
2905.0,2024-10-12,7,9955.119999999999,80.0,3,3,2,332,Potential Loyalists
2906.0,2024-12-22,8,14156.61,9.0,3,3,3,333,Potential Loyalists
2907.0,2024-07-14,5,3046.38,170.0,3,1,1,311,Hibernating
2908.0,2024-09-07,3,3752.15,115.0,3,1,1,311,Hibernating
2909.0,2024-11-25,8,13547.869999999999,36.0,3,3,3,333,Potential Loyalists
2910.0,2024-07-15,6,5134.15,169.0,3,2,1,321,Hibernating
2911.0,2024-06-14,8,9424.0,200.0,3,3,2,332,Potential Loyalists
2912.0,2024-11-13,4,8309.119999999999,48.0,3,1,2,312,Hibernating
2913.0,2024-08-04,6,14265.62,149.0,3,2,3,323,Hibernating
2914.0,2024-12-22,7,9357.28,9.0,3,3,2,332,Potential Loyalists
2915.0,2024-11-30,4,6464.820000000001,31.0,3,1,1,311,Hibernating
2916.0,2024-09-28,10,12450.710000000001,94.0,3,5,3,353,Potential Loyalists
2917.0,2024-12-17,7,15036.69,14.0,3,3,4,334,Loyal Customers
2918.0,2024-11-24,8,9331.039999999999,37.0,3,3,2,332,Potential Loyalists
2919.0,2024-11-23,12,15271.0,38.0,3,5,4,354,Loyal Customers
2920.0,2024-05-19,11,12301.380000000001,226.0,3,5,3,353,Potential Loyalists
2921.0,2024-11-23,4,3613.6,38.0,3,1,1,311,Hibernating
2922.0,2024-07-03,11,614566.27,181.0,3,5,5,355,Loyal Customers
2923.0,2024-09-13,5,10674.46,109.0,3,1,3,313,Hibernating
2924.0,2024-08-22,3,8720.7,131.0,3,1,2,312,Hibernating
2925.0,2024-09-06,3,7505.01,116.0,3,1,2,312,Hibernating
2926.0,2024-07-22,3,1743.1499999999999,162.0,3,1,1,311,Hibernating
2927.0,2024-10-05,3,15355.37,87.0,3,1,4,314,Hibernating
2928.0,2024-10-11,7,13512.26,81.0,3,3,3,333,Potential Loyalists
2929.0,2024-07-02,6,801925.22,182.0,3,2,5,325,Promising
2930.0,2024-07-01,6,6006.82,183.0,3,2,1,321,Hibernating
2931.0,2024-05-27,7,16986.95,218.0,3,3,4,334,Loyal Customers
2932.0,2024-08-02,13,10224.289999999999,151.0,3,5,3,353,Potential Loyalists
2933.0,2024-11-18,8,22533.57,43.0,3,3,5,335,Loyal Customers
2934.0,2024-11-27,8,9998.14,34.0,3,3,2,332,Potential Loyalists
2935.0,2024-09-30,6,8812.369999999999,92.0,3,2,2,322,Hibernating
2936.0,2024-04-24,6,11656.31,251.0,3,2,3,323,Hibernating
2937.0,2024-04-20,6,7790.929999999999,255.0,3,2,2,322,Hibernating
2938.0,2024-01-24,5,9776.27,342.0,3,1,2,312,Hibernating
2939.0,2024-11-04,7,6143.16,57.0,3,3,1,331,Potential Loyalists
2940.0,2024-07-09,5,10334.05,175.0,3,1,3,313,Hibernating
2941.0,2024-11-14,4,7291.97,47.0,3,1,2,312,Hibernating
2942.0,2024-12-02,12,18142.27,29.0,3,5,4,354,Loyal Customers
2943.0,2024-09-20,6,9475.93,102.0,3,2,2,322,Hibernating
2944.0,2024-11-17,9,68344.34,44.0,3,4,5,345,Loyal Customers
2945.0,2024-08-02,5,8357.58,151.0,3,1,2,312,Hibernating
2946.0,2024-06-16,10,35526.53,198.0,3,5,5,355,Loyal Customers
2947.0,2024-11-24,9,26953.77,37.0,3,4,5,345,Loyal Customers
2948.0,2024-09-12,11,15279.96,110.0,3,5,4,354,Loyal Customers
2949.0,2024-09-02,7,18572.24,120.0,3,3,4,334,Loyal Customers
2950.0,2024-11-17,2,4392.4800000000005,44.0,3,1,1,311,Hibernating
2951.0,2024-08-18,10,17050.36,135.0,3,5,4,354,Loyal Customers
2952.0,2024-06-30,10,13208.71,184.0,3,5,3,353,Potential Loyalists
2953.0,2024-12-19,8,186895.55000000002,12.0,3,3,5,335,Loyal Customers
2954.0,2024-10-10,5,8314.34,82.0,3,1,2,312,Hibernating
2955.0,2024-12-16,4,5078.03,15.0,3,1,1,311,Hibernating
2956.0,2024-12-28,7,354990.6099999999,3.0,3,3,5,335,Loyal Customers
2957.0,2022-09-28,2,5614.349999999999,825.0,3,1,1,311,Hibernating
2958.0,2024-04-21,10,14147.01,254.0,3,5,3,353,Potential Loyalists
2959.0,2024-04-02,13,21435.36,273.0,3,5,4,354,Loyal Customers
2960.0,2024-12-03,5,15567.84,28.0,3,1,4,314,Hibernating
2961.0,2024-12-26,17,37055.33,5.0,3,5,5,355,Loyal Customers
2962.0,2024-06-19,7,13945.04,195.0,3,3,3,333,Potential Loyalists
2963.0,2024-10-30,10,17273.54,62.0,3,5,4,354,Loyal Customers
2964.0,2024-11-30,7,12121.02,31.0,3,3,3,333,Potential Loyalists
2965.0,2024-10-14,13,24648.31,78.0,3,5,5,355,Loyal Customers
2966.0,2024-12-30,10,18238.370000000003,1.0,3,5,4,354,Loyal Customers
2967.0,2024-07-03,6,11565.26,181.0,3,2,3,323,Hibernating
2968.0,2024-11-04,10,46644.16,57.0,3,5,5,355,Loyal Customers
2969.0,2024-12-23,8,7207.99,8.0,3,3,2,332,Potential Loyalists
2970.0,2024-08-12,6,12974.46,141.0,3,2,3,323,Hibernating
2971.0,2024-11-07,10,18427.82,54.0,3,5,4,354,Loyal Customers
2972.0,2024-11-08,14,23706.72,53.0,3,5,5,355,Loyal Customers
2973.0,2024-11-04,12,21369.34,57.0,3,5,4,354,Loyal Customers
2974.0,2024-11-30,15,54784.74,31.0,3,5,5,355,Loyal Customers
2975.0,2024-11-13,8,14615.66,48.0,3,3,4,334,Loyal Customers
2976.0,2024-09-09,4,2609.65,113.0,3,1,1,311,Hibernating
2977.0,2024-10-30,10,13831.24,62.0,3,5,3,353,Potential Loyalists
2978.0,2024-04-28,8,340791.48,247.0,3,3,5,335,Loyal Customers
2979.0,2024-08-18,8,15351.49,135.0,3,3,4,334,Loyal Customers
2980.0,2024-08-04,6,9981.64,149.0,3,2,2,322,Hibernating
2981.0,2024-12-23,5,3487.61,8.0,3,1,1,311,Hibernating
2982.0,2024-07-13,5,4219.75,171.0,3,1,1,311,Hibernating
2983.0,2024-07-14,7,135639.6,170.0,3,3,5,335,Loyal Customers
2984.0,2024-06-23,4,8028.54,191.0,3,1,2,312,Hibernating
2985.0,2024-11-24,10,10022.61,37.0,3,5,2,352,Potential Loyalists
2986.0,2024-10-26,16,29156.09,66.0,3,5,5,355,Loyal Customers
2987.0,2024-12-22,7,6277.9,9.0,3,3,1,331,Potential Loyalists
2988.0,2023-09-29,3,13371.56,459.0,3,1,3,313,Hibernating
2989.0,2024-11-21,9,354250.6,40.0,3,4,5,345,Loyal Customers
2990.0,2024-10-15,6,5984.28,77.0,3,2,1,321,Hibernating
2991.0,2024-04-19,7,10019.84,256.0,3,3,2,332,Potential Loyalists
2992.0,2024-12-01,12,1004074.22,30.0,3,5,5,355,Loyal Customers
2993.0,2024-09-23,6,5630.89,99.0,3,2,1,321,Hibernating
2994.0,2024-12-08,9,26719.77,23.0,3,4,5,345,Loyal Customers
2995.0,2024-01-28,5,4337.9400000000005,338.0,3,1,1,311,Hibernating
2996.0,2024-06-07,7,386432.93,207.0,3,3,5,335,Loyal Customers
2997.0,2024-12-18,12,18130.5,13.0,3,5,4,354,Loyal Customers
2998.0,2024-12-20,6,17576.31,11.0,3,2,4,324,Promising
2999.0,2024-07-11,6,18131.34,173.0,3,2,4,324,Promising
3000.0,2024-10-26,6,8025.59,66.0,3,2,2,322,Hibernating
3001.0,2024-08-25,5,8159.28,128.0,3,1,2,312,Hibernating
3002.0,2024-12-03,8,11154.460000000001,28.0,3,3,3,333,Potential Loyalists
3003.0,2024-12-14,9,20794.03,17.0,3,4,4,344,Loyal Customers
3004.0,2023-07-02,8,9609.36,548.0,3,3,2,332,Potential Loyalists
3005.0,2024-11-29,9,31291.81,32.0,3,4,5,345,Loyal Customers
3006.0,2024-08-18,7,13705.06,135.0,3,3,3,333,Potential Loyalists
3007.0,2024-12-06,12,19626.92,25.0,3,5,4,354,Loyal Customers
3008.0,2024-06-04,5,3674.69,210.0,3,1,1,311,Hibernating
3009.0,2024-10-16,11,41502.32,76.0,3,5,5,355,Loyal Customers
3010.0,2024-12-27,8,5426.91,4.0,3,3,1,331,Potential Loyalists
3011.0,2024-12-24,4,9654.81,7.0,3,1,2,312,Hibernating
3012.0,2024-08-18,6,8466.810000000001,135.0,3,2,2,322,Hibernating
3013.0,2024-12-28,8,17860.309999999998,3.0,3,3,4,334,Loyal Customers
3014.0,2024-12-04,6,6747.75,27.0,3,2,2,322,Hibernating
3015.0,2024-12-04,6,15790.210000000001,27.0,3,2,4,324,Promising
3016.0,2023-12-09,12,206119.81,388.0,3,5,5,355,Loyal Customers
3017.0,2024-10-31,5,15424.55,61.0,3,1,4,314,Hibernating
3018.0,2024-05-30,4,4584.85,215.0,3,1,1,311,Hibernating
3019.0,2024-05-24,5,4878.01,221.0,3,1,1,311,Hibernating
3020.0,2024-10-04,8,17505.6,88.0,3,3,4,334,Loyal Customers
3021.0,2024-06-03,6,7116.31,211.0,3,2,2,322,Hibernating
3022.0,2024-09-02,10,12806.109999999999,120.0,3,5,3,353,Potential Loyalists
3023.0,2024-04-06,5,11236.83,269.0,3,1,3,313,Hibernating
3024.0,2024-10-28,6,9596.83,64.0,3,2,2,322,Hibernating
3025.0,2024-09-05,6,1197351.1800000002,117.0,3,2,5,325,Promising
3026.0,2024-08-31,5,7139.46,122.0,3,1,2,312,Hibernating
3027.0,2024-08-20,5,4432.8,133.0,3,1,1,311,Hibernating
3028.0,2024-12-24,8,17279.33,7.0,3,3,4,334,Loyal Customers
3029.0,2024-12-29,7,18729.359999999997,2.0,3,3,4,334,Loyal Customers
3030.0,2024-11-21,9,15189.300000000001,40.0,3,4,4,344,Loyal Customers
3031.0,2024-09-12,9,12857.0,110.0,3,4,3,343,Potential Loyalists
3032.0,2024-12-29,6,12221.27,2.0,3,2,3,323,Hibernating
3033.0,2024-09-01,3,4631.16,121.0,3,1,1,311,Hibernating
3034.0,2023-11-18,8,11698.83,409.0,3,3,3,333,Potential Loyalists
3035.0,2024-11-17,5,9511.83,44.0,3,1,2,312,Hibernating
3036.0,2024-01-03,4,7777.93,363.0,3,1,2,312,Hibernating
3037.0,2024-10-24,8,14973.470000000001,68.0,3,3,4,334,Loyal Customers
3038.0,2024-11-10,6,7367.15,51.0,3,2,2,322,Hibernating
3039.0,2022-01-10,2,8928.87,1086.0,3,1,2,312,Hibernating
3040.0,2024-02-11,7,11436.869999999999,324.0,3,3,3,333,Potential Loyalists
3041.0,2024-04-06,4,6691.5199999999995,269.0,3,1,2,312,Hibernating
3042.0,2024-02-10,5,4341.85,325.0,3,1,1,311,Hibernating
3043.0,2024-11-20,7,5552.55,41.0,3,3,1,331,Potential Loyalists
3044.0,2024-06-08,6,15142.81,206.0,3,2,4,324,Promising
3045.0,2024-09-14,7,4841.66,108.0,3,3,1,331,Potential Loyalists
3046.0,2024-08-16,7,15719.03,137.0,3,3,4,334,Loyal Customers
3047.0,2024-10-06,4,4360.49,86.0,3,1,1,311,Hibernating
3048.0,2024-11-15,7,3979.8,46.0,3,3,1,331,Potential Loyalists
3049.0,2024-01-21,7,22282.8,345.0,3,3,5,335,Loyal Customers
3050.0,2024-12-23,9,25651.69,8.0,3,4,5,345,Loyal Customers
3051.0,2023-10-08,8,6327.98,450.0,3,3,1,331,Potential Loyalists
3052.0,2024-01-03,4,13642.65,363.0,3,1,3,313,Hibernating
3053.0,2024-09-24,7,10517.1,98.0,3,3,3,333,Potential Loyalists
3054.0,2024-11-17,8,10034.75,44.0,3,3,2,332,Potential Loyalists
3055.0,2024-11-08,7,10383.72,53.0,3,3,3,333,Potential Loyalists
3056.0,2024-07-20,6,12047.12,164.0,3,2,3,323,Hibernating
3057.0,2024-12-27,7,6288.83,4.0,3,3,1,331,Potential Loyalists
3058.0,2022-09-04,3,6167.65,849.0,3,1,1,311,Hibernating
3059.0,2024-11-25,7,25406.09,36.0,3,3,5,335,Loyal Customers
3060.0,2024-11-09,8,11763.369999999999,52.0,3,3,3,333,Potential Loyalists
3061.0,2024-11-26,3,2564.29,35.0,3,1,1,311,Hibernating
3062.0,2024-09-25,11,12101.88,97.0,3,5,3,353,Potential Loyalists
3063.0,2024-11-09,8,11815.81,52.0,3,3,3,333,Potential Loyalists
3064.0,2024-08-23,7,6987.21,130.0,3,3,2,332,Potential Loyalists
3065.0,2024-10-03,7,9587.460000000001,89.0,3,3,2,332,Potential Loyalists
3066.0,2024-09-08,7,13957.77,114.0,3,3,3,333,Potential Loyalists
3067.0,2024-10-04,10,24977.11,88.0,3,5,5,355,Loyal Customers
3068.0,2024-04-28,4,6225.59,247.0,3,1,1,311,Hibernating
3069.0,2024-06-01,10,12779.83,213.0,3,5,3,353,Potential Loyalists
3070.0,2024-10-06,11,8907.8,86.0,3,5,2,352,Potential Loyalists
3071.0,2024-01-06,5,6476.79,360.0,3,1,1,311,Hibernating
3072.0,2024-08-31,10,513114.29,122.0,3,5,5,355,Loyal Customers
3073.0,2024-08-28,12,15084.630000000001,125.0,3,5,4,354,Loyal Customers
3074.0,2024-12-25,9,7463.599999999999,6.0,3,4,2,342,Potential Loyalists
3075.0,2024-11-26,6,17207.54,35.0,3,2,4,324,Promising
3076.0,2024-12-07,5,4035.98,24.0,3,1,1,311,Hibernating
3077.0,2023-12-10,10,496325.4199999999,387.0,3,5,5,355,Loyal Customers
3078.0,2024-12-26,9,14259.8,5.0,3,4,3,343,Potential Loyalists
3079.0,2024-11-30,6,9233.39,31.0,3,2,2,322,Hibernating
3080.0,2024-11-15,8,12448.36,46.0,3,3,3,333,Potential Loyalists
3081.0,2024-05-18,7,5608.22,227.0,3,3,1,331,Potential Loyalists
3082.0,2023-08-29,2,2994.16,490.0,3,1,1,311,Hibernating
3083.0,2024-12-10,8,19777.56,21.0,3,3,4,334,Loyal Customers
3084.0,2023-10-24,6,4099.67,434.0,3,2,1,321,Hibernating
3085.0,2024-08-24,6,10134.59,129.0,3,2,2,322,Hibernating
3086.0,2024-12-09,15,26291.73,22.0,3,5,5,355,Loyal Customers
3087.0,2024-12-23,11,220218.26,8.0,3,5,5,355,Loyal Customers
3088.0,2024-11-04,3,16853.920000000002,57.0,3,1,4,314,Hibernating
3089.0,2024-11-16,6,5737.04,45.0,3,2,1,321,Hibernating
3090.0,2024-11-16,3,3071.63,45.0,3,1,1,311,Hibernating
3091.0,2024-04-19,7,16332.04,256.0,3,3,4,334,Loyal Customers
3092.0,2023-08-25,5,6124.43,494.0,3,1,1,311,Hibernating
3093.0,2024-10-30,12,24305.34,62.0,3,5,5,355,Loyal Customers
3094.0,2024-12-04,17,32712.27,27.0,3,5,5,355,Loyal Customers
3095.0,2024-11-26,7,12635.210000000001,35.0,3,3,3,333,Potential Loyalists
3096.0,2023-11-18,7,23641.21,409.0,3,3,5,335,Loyal Customers
3097.0,2024-09-09,11,17592.45,113.0,3,5,4,354,Loyal Customers
3098.0,2024-08-23,4,1893.75,130.0,3,1,1,311,Hibernating
3099.0,2024-10-03,9,21771.14,89.0,3,4,4,344,Loyal Customers
3100.0,2024-12-27,5,6841.219999999999,4.0,3,1,2,312,Hibernating
3101.0,2023-11-30,6,6297.1,397.0,3,2,1,321,Hibernating
3102.0,2024-11-12,9,12872.88,49.0,3,4,3,343,Potential Loyalists
3103.0,2024-09-24,9,28338.34,98.0,3,4,5,345,Loyal Customers
3104.0,2024-09-28,10,9942.04,94.0,3,5,2,352,Potential Loyalists
3105.0,2024-03-02,4,5156.91,304.0,3,1,1,311,Hibernating
3106.0,2024-12-31,6,11166.07,0.0,3,2,3,323,Hibernating
3107.0,2024-03-31,8,18559.02,275.0,3,3,4,334,Loyal Customers
3108.0,2024-12-15,11,13536.38,16.0,3,5,3,353,Potential Loyalists
3109.0,2024-07-11,10,14175.48,173.0,3,5,3,353,Potential Loyalists
3110.0,2022-11-23,3,4870.37,769.0,3,1,1,311,Hibernating
3111.0,2024-10-10,6,9424.1,82.0,3,2,2,322,Hibernating
3112.0,2024-10-08,5,13082.73,84.0,3,1,3,313,Hibernating
3113.0,2024-10-12,6,202839.72,80.0,3,2,5,325,Promising
3114.0,2024-03-10,10,19300.66,296.0,3,5,4,354,Loyal Customers
3115.0,2024-07-01,7,8292.49,183.0,3,3,2,332,Potential Loyalists
3116.0,2024-11-12,8,28808.9,49.0,3,3,5,335,Loyal Customers
3117.0,2024-09-12,4,10185.23,110.0,3,1,2,312,Hibernating
3118.0,2024-11-04,9,346570.1,57.0,3,4,5,345,Loyal Customers
3119.0,2024-08-26,5,7451.67,127.0,3,1,2,312,Hibernating
3120.0,2023-11-10,10,18241.93,417.0,3,5,4,354,Loyal Customers
3121.0,2024-12-19,8,12209.19,12.0,3,3,3,333,Potential Loyalists
3122.0,2024-12-04,10,13974.6,27.0,3,5,3,353,Potential Loyalists
3123.0,2024-12-05,9,9894.63,26.0,3,4,2,342,Potential Loyalists
3124.0,2024-12-28,8,12038.75,3.0,3,3,3,333,Potential Loyalists
3125.0,2024-06-18,9,10198.73,196.0,3,4,2,342,Potential Loyalists
3126.0,2022-06-10,1,506.01,935.0,3,1,1,311,Hibernating
3127.0,2023-05-24,4,6687.87,587.0,3,1,2,312,Hibernating
3128.0,2024-10-22,10,17296.98,70.0,3,5,4,354,Loyal Customers
3129.0,2024-03-09,5,15416.54,297.0,3,1,4,314,Hibernating
3130.0,2024-12-10,11,29868.71,21.0,3,5,5,355,Loyal Customers
3131.0,2024-10-24,2,2481.39,68.0,3,1,1,311,Hibernating
3132.0,2024-09-23,7,54817.64,99.0,3,3,5,335,Loyal Customers
3133.0,2024-08-01,9,12501.36,152.0,3,4,3,343,Potential Loyalists
3134.0,2024-03-08,5,6703.67,298.0,3,1,2,312,Hibernating
3135.0,2024-09-10,9,65000.08,112.0,3,4,5,345,Loyal Customers
3136.0,2024-09-15,3,2677.17,107.0,3,1,1,311,Hibernating
3137.0,2024-08-16,7,14032.58,137.0,3,3,3,333,Potential Loyalists
3138.0,2024-11-16,5,14403.48,45.0,3,1,3,313,Hibernating
3139.0,2024-06-07,7,14152.310000000001,207.0,3,3,3,333,Potential Loyalists
3140.0,2024-11-02,8,13865.58,59.0,3,3,3,333,Potential Loyalists
3141.0,2024-08-20,6,5476.14,133.0,3,2,1,321,Hibernating
3142.0,2024-06-12,9,10177.25,202.0,3,4,2,342,Potential Loyalists
3143.0,2024-09-23,7,14053.539999999999,99.0,3,3,3,333,Potential Loyalists
3144.0,2024-11-10,6,14756.880000000001,51.0,3,2,4,324,Promising
3145.0,2023-10-09,3,5585.63,449.0,3,1,1,311,Hibernating
3146.0,2024-12-20,4,6714.23,11.0,3,1,2,312,Hibernating
3147.0,2024-11-08,6,6233.23,53.0,3,2,1,321,Hibernating
3148.0,2024-05-19,7,16059.369999999999,226.0,3,3,4,334,Loyal Customers
3149.0,2024-03-25,3,1974.25,281.0,3,1,1,311,Hibernating
3150.0,2024-10-08,6,8451.52,84.0,3,2,2,322,Hibernating
3151.0,2024-10-23,4,9662.25,69.0,3,1,2,312,Hibernating
3152.0,2024-05-14,6,9039.51,231.0,3,2,2,322,Hibernating
3153.0,2024-11-22,7,19309.67,39.0,3,3,4,334,Loyal Customers
3154.0,2024-04-04,7,7892.93,271.0,3,3,2,332,Potential Loyalists
3155.0,2024-10-31,8,5819.83,61.0,3,3,1,331,Potential Loyalists
3156.0,2024-08-05,4,5907.63,148.0,3,1,1,311,Hibernating
3157.0,2024-11-22,4,5026.99,39.0,3,1,1,311,Hibernating
3158.0,2024-12-12,11,14724.03,19.0,3,5,4,354,Loyal Customers
3159.0,2024-12-31,10,21609.07,0.0,3,5,4,354,Loyal Customers
3160.0,2024-12-25,4,4103.48,6.0,3,1,1,311,Hibernating
3161.0,2024-12-20,13,24011.16,11.0,3,5,5,355,Loyal Customers
3162.0,2024-10-26,9,354096.77,66.0,3,4,5,345,Loyal Customers
3163.0,2024-06-08,11,216214.88,206.0,3,5,5,355,Loyal Customers
3164.0,2024-07-24,10,16004.35,160.0,3,5,4,354,Loyal Customers
3165.0,2024-12-23,8,46658.22,8.0,3,3,5,335,Loyal Customers
3166.0,2024-02-22,7,8889.96,313.0,3,3,2,332,Potential Loyalists
3167.0,2024-06-12,9,23436.93,202.0,3,4,5,345,Loyal Customers
3168.0,2024-12-22,6,11347.26,9.0,3,2,3,323,Hibernating
3169.0,2024-12-08,10,28185.649999999998,23.0,3,5,5,355,Loyal Customers
3170.0,2023-10-06,5,6232.43,452.0,3,1,1,311,Hibernating
3171.0,2023-07-29,3,1335.1599999999999,521.0,3,1,1,311,Hibernating
3172.0,2024-11-06,9,16297.98,55.0,3,4,4,344,Loyal Customers
3173.0,2024-11-30,7,3624.34,31.0,3,3,1,331,Potential Loyalists
3174.0,2023-05-11,5,5575.03,600.0,3,1,1,311,Hibernating
3175.0,2024-07-27,6,6111.78,157.0,3,2,1,321,Hibernating
3176.0,2024-08-14,7,2595.26,139.0,3,3,1,331,Potential Loyalists
3177.0,2024-10-28,5,5725.44,64.0,3,1,1,311,Hibernating
3178.0,2024-06-30,8,8985.37,184.0,3,3,2,332,Potential Loyalists
3179.0,2024-05-20,7,9389.82,225.0,3,3,2,332,Potential Loyalists
3180.0,2024-12-16,12,9910.91,15.0,3,5,2,352,Potential Loyalists
3181.0,2024-11-16,7,9046.12,45.0,3,3,2,332,Potential Loyalists
3182.0,2024-09-02,8,10163.0,120.0,3,3,2,332,Potential Loyalists
3183.0,2024-11-12,9,43085.35,49.0,3,4,5,345,Loyal Customers
3184.0,2024-09-29,6,8774.36,93.0,3,2,2,322,Hibernating
3185.0,2024-05-27,6,12740.63,218.0,3,2,3,323,Hibernating
3186.0,2024-10-21,8,11426.58,71.0,3,3,3,333,Potential Loyalists
3187.0,2024-11-08,7,11962.9,53.0,3,3,3,333,Potential Loyalists
3188.0,2024-08-26,6,5828.01,127.0,3,2,1,321,Hibernating
3189.0,2024-12-30,8,9423.75,1.0,3,3,2,332,Potential Loyalists
3190.0,2024-09-26,13,14073.41,96.0,3,5,3,353,Potential Loyalists
3191.0,2024-12-16,9,20029.87,15.0,3,4,4,344,Loyal Customers
3192.0,2024-07-06,5,15547.76,178.0,3,1,4,314,Hibernating
3193.0,2024-03-06,8,19946.39,300.0,3,3,4,334,Loyal Customers
3194.0,2024-12-09,3,5800.08,22.0,3,1,1,311,Hibernating
3195.0,2024-04-27,2,15470.62,248.0,3,1,4,314,Hibernating
3196.0,2024-08-18,8,18827.7,135.0,3,3,4,334,Loyal Customers
3197.0,2024-11-16,6,1104503.38,45.0,3,2,5,325,Promising
3198.0,2024-06-07,4,169413.58000000002,207.0,3,1,5,315,Promising
3199.0,2024-12-30,4,15305.21,1.0,3,1,4,314,Hibernating
3200.0,2024-10-07,9,14861.59,85.0,3,4,4,344,Loyal Customers
3201.0,2024-01-21,7,11885.77,345.0,3,3,3,333,Potential Loyalists
3202.0,2024-08-12,7,5442.15,141.0,3,3,1,331,Potential Loyalists
3203.0,2024-10-16,3,15832.189999999999,76.0,3,1,4,314,Hibernating
3204.0,2024-08-02,6,4384.96,151.0,3,2,1,321,Hibernating
3205.0,2024-07-07,5,6765.860000000001,177.0,3,1,2,312,Hibernating
3206.0,2024-03-18,4,4687.2,288.0,3,1,1,311,Hibernating
3207.0,2023-11-08,4,5974.63,419.0,3,1,1,311,Hibernating
3208.0,2024-12-18,6,8398.27,13.0,3,2,2,322,Hibernating
3209.0,2024-05-01,9,13125.75,244.0,3,4,3,343,Potential Loyalists
3210.0,2024-12-30,7,17306.41,1.0,3,3,4,334,Loyal Customers
3211.0,2024-11-22,11,16398.64,39.0,3,5,4,354,Loyal Customers
3212.0,2024-10-14,3,3103.55,78.0,3,1,1,311,Hibernating
3213.0,2024-12-22,14,54950.43,9.0,3,5,5,355,Loyal Customers
3214.0,2024-12-09,5,4107.77,22.0,3,1,1,311,Hibernating
3215.0,2024-10-31,7,192048.1,61.0,3,3,5,335,Loyal Customers
3216.0,2024-12-29,11,14356.14,2.0,3,5,3,353,Potential Loyalists
3217.0,2024-10-21,6,12267.82,71.0,3,2,3,323,Hibernating
3218.0,2024-08-15,9,6111.72,138.0,3,4,1,341,Potential Loyalists
3219.0,2023-09-01,6,10158.960000000001,487.0,3,2,2,322,Hibernating
3220.0,2024-11-26,6,3594.92,35.0,3,2,1,321,Hibernating
3221.0,2024-11-17,10,13596.42,44.0,3,5,3,353,Potential Loyalists
3222.0,2024-12-29,8,13363.58,2.0,3,3,3,333,Potential Loyalists
3223.0,2024-12-20,11,26957.16,11.0,3,5,5,355,Loyal Customers
3224.0,2024-07-29,6,9170.57,155.0,3,2,2,322,Hibernating
3225.0,2024-10-01,7,10035.529999999999,91.0,3,3,2,332,Potential Loyalists
3226.0,2024-10-03,4,5584.29,89.0,3,1,1,311,Hibernating
3227.0,2024-04-30,12,15600.73,245.0,3,5,4,354,Loyal Customers
3228.0,2024-11-21,4,7458.49,40.0,3,1,2,312,Hibernating
3229.0,2024-10-24,10,14082.62,68.0,3,5,3,353,Potential Loyalists
3230.0,2024-09-18,12,12140.97,104.0,3,5,3,353,Potential Loyalists
3231.0,2024-12-25,4,3680.93,6.0,3,1,1,311,Hibernating
3232.0,2024-09-06,7,12793.69,116.0,3,3,3,333,Potential Loyalists
3233.0,2024-09-16,4,4693.7,106.0,3,1,1,311,Hibernating
3234.0,2024-12-07,5,11337.82,24.0,3,1,3,313,Hibernating
3235.0,2024-09-06,8,13021.68,116.0,3,3,3,333,Potential Loyalists
3236.0,2024-08-09,5,7966.76,144.0,3,1,2,312,Hibernating
3237.0,2024-06-09,6,12397.67,205.0,3,2,3,323,Hibernating
3238.0,2024-08-23,9,16656.809999999998,130.0,3,4,4,344,Loyal Customers
3239.0,2024-12-05,8,15168.91,26.0,3,3,4,334,Loyal Customers
3240.0,2024-06-28,5,5628.76,186.0,3,1,1,311,Hibernating
3241.0,2024-09-24,11,351239.72000000003,98.0,3,5,5,355,Loyal Customers
3242.0,2024-11-24,6,18927.13,37.0,3,2,4,324,Promising
3243.0,2024-06-19,6,8375.74,195.0,3,2,2,322,Hibernating
3244.0,2024-10-20,10,21625.79,72.0,3,5,4,354,Loyal Customers
3245.0,2024-10-30,4,6742.51,62.0,3,1,2,312,Hibernating
3246.0,2024-12-22,12,33241.22,9.0,3,5,5,355,Loyal Customers
3247.0,2024-12-01,6,10375.53,30.0,3,2,3,323,Hibernating
3248.0,2024-08-29,5,8443.369999999999,124.0,3,1,2,312,Hibernating
3249.0,2024-08-22,10,24740.24,131.0,3,5,5,355,Loyal Customers
3250.0,2024-07-05,6,4095.65,179.0,3,2,1,321,Hibernating
3251.0,2024-04-27,7,11569.51,248.0,3,3,3,333,Potential Loyalists
3252.0,2024-12-02,5,12413.939999999999,29.0,3,1,3,313,Hibernating
3253.0,2024-12-05,5,5846.82,26.0,3,1,1,311,Hibernating
3254.0,2024-09-15,7,15154.03,107.0,3,3,4,334,Loyal Customers
3255.0,2024-09-23,6,10030.28,99.0,3,2,2,322,Hibernating
3256.0,2024-08-13,9,22643.21,140.0,3,4,5,345,Loyal Customers
3257.0,2024-03-19,8,13872.7,287.0,3,3,3,333,Potential Loyalists
3258.0,2024-09-24,6,2751.42,98.0,3,2,1,321,Hibernating
3259.0,2024-07-24,11,12333.43,160.0,3,5,3,353,Potential Loyalists
3260.0,2023-11-21,4,2733.2000000000003,406.0,3,1,1,311,Hibernating
3261.0,2024-08-15,5,9053.039999999999,138.0,3,1,2,312,Hibernating
3262.0,2023-09-17,2,1661.5300000000002,471.0,3,1,1,311,Hibernating
3263.0,2024-11-30,5,6886.240000000001,31.0,3,1,2,312,Hibernating
3264.0,2024-09-08,7,16845.63,114.0,3,3,4,334,Loyal Customers
3265.0,2024-10-23,6,20675.45,69.0,3,2,4,324,Promising
3266.0,2024-10-04,13,954810.87,88.0,3,5,5,355,Loyal Customers
3267.0,2024-07-01,8,72917.51,183.0,3,3,5,335,Loyal Customers
3268.0,2024-06-28,9,8629.03,186.0,3,4,2,342,Potential Loyalists
3269.0,2024-12-22,8,14891.53,9.0,3,3,4,334,Loyal Customers
3270.0,2024-06-06,10,17210.05,208.0,3,5,4,354,Loyal Customers
3271.0,2024-12-16,12,21995.56,15.0,3,5,4,354,Loyal Customers
3272.0,2024-09-14,8,9969.07,108.0,3,3,2,332,Potential Loyalists
3273.0,2024-09-11,11,182763.05,111.0,3,5,5,355,Loyal Customers
3274.0,2024-06-08,13,618360.87,206.0,3,5,5,355,Loyal Customers
3275.0,2024-06-14,3,5346.94,200.0,3,1,1,311,Hibernating
3276.0,2024-06-15,4,15047.580000000002,199.0,3,1,4,314,Hibernating
3277.0,2024-04-27,10,6757.86,248.0,3,5,2,352,Potential Loyalists
3278.0,2023-06-02,3,7023.860000000001,578.0,3,1,2,312,Hibernating
3279.0,2024-07-15,3,8400.8,169.0,3,1,2,312,Hibernating
3280.0,2024-11-14,8,19431.31,47.0,3,3,4,334,Loyal Customers
3281.0,2024-05-11,8,19224.55,234.0,3,3,4,334,Loyal Customers
3282.0,2024-07-24,6,10550.73,160.0,3,2,3,323,Hibernating
3283.0,2024-06-18,10,27286.99,196.0,3,5,5,355,Loyal Customers
3284.0,2024-09-19,10,16725.79,103.0,3,5,4,354,Loyal Customers
3285.0,2024-11-09,8,4835.28,52.0,3,3,1,331,Potential Loyalists
3286.0,2024-10-03,6,7233.75,89.0,3,2,2,322,Hibernating
3287.0,2024-07-13,6,203861.19,171.0,3,2,5,325,Promising
3288.0,2024-10-23,11,12584.25,69.0,3,5,3,353,Potential Loyalists
3289.0,2024-12-30,6,6525.13,1.0,3,2,1,321,Hibernating
3290.0,2023-12-22,6,10049.39,375.0,3,2,2,322,Hibernating
3291.0,2024-11-05,7,22889.93,56.0,3,3,5,335,Loyal Customers
3292.0,2024-05-27,8,6221.86,218.0,3,3,1,331,Potential Loyalists
3293.0,2023-12-16,8,11977.59,381.0,3,3,3,333,Potential Loyalists
3294.0,2024-08-07,8,10700.75,146.0,3,3,3,333,Potential Loyalists
3295.0,2024-11-08,11,12649.33,53.0,3,5,3,353,Potential Loyalists
3296.0,2024-11-22,7,8294.08,39.0,3,3,2,332,Potential Loyalists
3297.0,2024-08-24,8,9481.66,129.0,3,3,2,332,Potential Loyalists
3298.0,2024-11-14,4,15589.59,47.0,3,1,4,314,Hibernating
3299.0,2024-06-28,2,4467.2,186.0,3,1,1,311,Hibernating
3300.0,2024-07-29,5,13101.99,155.0,3,1,3,313,Hibernating
3301.0,2023-10-31,6,4318.28,427.0,3,2,1,321,Hibernating
3302.0,2024-09-03,13,26975.77,119.0,3,5,5,355,Loyal Customers
3303.0,2024-05-10,5,16305.789999999999,235.0,3,1,4,314,Hibernating
3304.0,2024-04-20,8,11155.98,255.0,3,3,3,333,Potential Loyalists
3305.0,2024-11-25,5,2838.04,36.0,3,1,1,311,Hibernating
3306.0,2024-08-23,9,22365.73,130.0,3,4,5,345,Loyal Customers
3307.0,2024-12-25,10,57727.299999999996,6.0,3,5,5,355,Loyal Customers
3308.0,2024-12-03,6,11088.17,28.0,3,2,3,323,Hibernating
3309.0,2024-11-20,11,25673.94,41.0,3,5,5,355,Loyal Customers
3310.0,2024-12-10,10,17030.4,21.0,3,5,4,354,Loyal Customers
3311.0,2024-09-01,9,16724.77,121.0,3,4,4,344,Loyal Customers
3312.0,2024-08-28,4,5377.2,125.0,3,1,1,311,Hibernating
3313.0,2024-12-24,5,14597.26,7.0,3,1,4,314,Hibernating
3314.0,2024-01-10,6,14083.67,356.0,3,2,3,323,Hibernating
3315.0,2024-01-20,7,11105.7,346.0,3,3,3,333,Potential Loyalists
3316.0,2024-09-29,13,30258.68,93.0,3,5,5,355,Loyal Customers
3317.0,2024-04-10,10,12564.210000000001,265.0,3,5,3,353,Potential Loyalists
3318.0,2024-10-27,9,18289.64,65.0,3,4,4,344,Loyal Customers
3319.0,2024-11-30,11,24385.4,31.0,3,5,5,355,Loyal Customers
3320.0,2024-01-25,9,15110.65,341.0,3,4,4,344,Loyal Customers
3321.0,2024-10-10,10,12074.369999999999,82.0,3,5,3,353,Potential Loyalists
3322.0,2024-12-21,7,8710.18,10.0,3,3,2,332,Potential Loyalists
3323.0,2024-12-18,9,20499.83,13.0,3,4,4,344,Loyal Customers
3324.0,2024-12-29,10,8792.24,2.0,3,5,2,352,Potential Loyalists
3325.0,2023-10-20,7,9264.18,438.0,3,3,2,332,Potential Loyalists
3326.0,2023-08-18,3,4448.549999999999,501.0,3,1,1,311,Hibernating
3327.0,2024-08-24,12,10705.880000000001,129.0,3,5,3,353,Potential Loyalists
3328.0,2024-12-25,11,144291.49,6.0,3,5,5,355,Loyal Customers
3329.0,2024-05-26,6,12763.1,219.0,3,2,3,323,Hibernating
3330.0,2024-10-23,7,14935.48,69.0,3,3,4,334,Loyal Customers
3331.0,2024-05-31,10,17680.31,214.0,3,5,4,354,Loyal Customers
3332.0,2023-12-09,2,2047.06,388.0,3,1,1,311,Hibernating
3333.0,2024-08-29,9,14184.61,124.0,3,4,3,343,Potential Loyalists
3334.0,2024-03-06,7,9907.6,300.0,3,3,2,332,Potential Loyalists
3335.0,2024-12-30,13,16413.420000000002,1.0,3,5,4,354,Loyal Customers
3336.0,2024-12-08,7,260344.22999999998,23.0,3,3,5,335,Loyal Customers
3337.0,2024-06-13,11,46325.92,201.0,3,5,5,355,Loyal Customers
3338.0,2024-05-26,8,12161.1,219.0,3,3,3,333,Potential Loyalists
3339.0,2023-05-04,1,493.04,607.0,3,1,1,311,Hibernating
3340.0,2024-08-15,10,21517.85,138.0,3,5,4,354,Loyal Customers
3341.0,2024-11-03,7,7775.04,58.0,3,3,2,332,Potential Loyalists
3342.0,2024-07-06,7,14170.23,178.0,3,3,3,333,Potential Loyalists
3343.0,2024-09-19,8,15156.359999999999,103.0,3,3,4,334,Loyal Customers
3344.0,2024-09-29,10,19755.7,93.0,3,5,4,354,Loyal Customers
3345.0,2024-08-07,6,6161.78,146.0,3,2,1,321,Hibernating
3346.0,2024-06-03,5,4172.85,211.0,3,1,1,311,Hibernating
3347.0,2024-11-09,7,8115.09,52.0,3,3,2,332,Potential Loyalists
3348.0,2024-06-06,6,1529.05,208.0,3,2,1,321,Hibernating
3349.0,2024-11-01,8,8693.980000000001,60.0,3,3,2,332,Potential Loyalists
3350.0,2023-11-16,7,4105.96,411.0,3,3,1,331,Potential Loyalists
3351.0,2024-12-29,4,3717.63,2.0,3,1,1,311,Hibernating
3352.0,2024-06-08,7,12325.99,206.0,3,3,3,333,Potential Loyalists
3353.0,2024-06-21,7,4843.71,193.0,3,3,1,331,Potential Loyalists
3354.0,2024-10-15,5,6960.96,77.0,3,1,2,312,Hibernating
3355.0,2024-10-13,11,13472.26,79.0,3,5,3,353,Potential Loyalists
3356.0,2024-04-15,8,33786.24,260.0,3,3,5,335,Loyal Customers
3357.0,2024-12-09,9,24962.04,22.0,3,4,5,345,Loyal Customers
3358.0,2024-12-22,12,215527.23,9.0,3,5,5,355,Loyal Customers
3359.0,2024-09-18,8,11937.33,104.0,3,3,3,333,Potential Loyalists
3360.0,2024-02-21,9,8253.49,314.0,3,4,2,342,Potential Loyalists
3361.0,2024-11-07,7,12544.91,54.0,3,3,3,333,Potential Loyalists
3362.0,2023-10-19,5,4048.67,439.0,3,1,1,311,Hibernating
3363.0,2024-11-17,9,7595.19,44.0,3,4,2,342,Potential Loyalists
3364.0,2024-12-22,7,11544.28,9.0,3,3,3,333,Potential Loyalists
3365.0,2023-11-11,10,5512.35,416.0,3,5,1,351,Potential Loyalists
3366.0,2023-10-30,5,1612.6399999999999,428.0,3,1,1,311,Hibernating
3367.0,2024-07-14,11,21152.64,170.0,3,5,4,354,Loyal Customers
3368.0,2024-12-07,8,12075.59,24.0,3,3,3,333,Potential Loyalists
3369.0,2024-05-28,9,19627.739999999998,217.0,3,4,4,344,Loyal Customers
3370.0,2024-12-02,7,11710.01,29.0,3,3,3,333,Potential Loyalists
3371.0,2024-12-05,10,12640.57,26.0,3,5,3,353,Potential Loyalists
3372.0,2024-02-09,6,6400.15,326.0,3,2,1,321,Hibernating
3373.0,2024-11-08,7,12790.17,53.0,3,3,3,333,Potential Loyalists
3374.0,2024-10-14,6,6855.379999999999,78.0,3,2,2,322,Hibernating
3375.0,2024-12-24,8,14324.08,7.0,3,3,3,333,Potential Loyalists
3376.0,2024-10-13,7,8528.99,79.0,3,3,2,332,Potential Loyalists
3377.0,2024-05-07,9,57061.18,238.0,3,4,5,345,Loyal Customers
3378.0,2024-01-19,5,20148.79,347.0,3,1,4,314,Hibernating
3379.0,2024-08-23,10,26721.420000000002,130.0,3,5,5,355,Loyal Customers
3380.0,2024-09-22,13,21142.33,100.0,3,5,4,354,Loyal Customers
3381.0,2024-06-15,7,19204.16,199.0,3,3,4,334,Loyal Customers
3382.0,2024-06-10,6,24362.45,204.0,3,2,5,325,Promising
3383.0,2024-03-03,7,11128.52,303.0,3,3,3,333,Potential Loyalists
3384.0,2024-02-22,6,7339.94,313.0,3,2,2,322,Hibernating
3385.0,2024-10-10,7,21974.87,82.0,3,3,4,334,Loyal Customers
3386.0,2024-09-24,7,10110.94,98.0,3,3,2,332,Potential Loyalists
3387.0,2023-01-21,6,19526.399999999998,710.0,3,2,4,324,Promising
3388.0,2023-11-26,5,139371.75,401.0,3,1,5,315,Promising
3389.0,2024-07-28,11,19942.0,156.0,3,5,4,354,Loyal Customers
3390.0,2024-10-10,6,7604.46,82.0,3,2,2,322,Hibernating
3391.0,2024-12-26,7,11571.64,5.0,3,3,3,333,Potential Loyalists
3392.0,2024-07-05,10,19682.98,179.0,3,5,4,354,Loyal Customers
3393.0,2024-05-02,3,7148.719999999999,243.0,3,1,2,312,Hibernating
3394.0,2023-10-04,6,9042.52,454.0,3,2,2,322,Hibernating
3395.0,2024-09-28,11,18407.26,94.0,3,5,4,354,Loyal Customers
3396.0,2024-11-02,5,12446.76,59.0,3,1,3,313,Hibernating
3397.0,2024-04-04,6,19870.72,271.0,3,2,4,324,Promising
3398.0,2024-10-08,4,4515.679999999999,84.0,3,1,1,311,Hibernating
3399.0,2024-07-27,6,6878.65,157.0,3,2,2,322,Hibernating
3400.0,2024-06-30,7,61337.77,184.0,3,3,5,335,Loyal Customers
3401.0,2024-11-15,8,16328.49,46.0,3,3,4,334,Loyal Customers
3402.0,2023-03-01,4,4309.67,671.0,3,1,1,311,Hibernating
3403.0,2024-04-15,2,1773.51,260.0,3,1,1,311,Hibernating
3404.0,2024-12-31,11,20537.48,0.0,3,5,4,354,Loyal Customers
3405.0,2024-12-20,10,15382.55,11.0,3,5,4,354,Loyal Customers
3406.0,2024-07-06,10,18307.04,178.0,3,5,4,354,Loyal Customers
3407.0,2024-11-19,8,15560.1,42.0,3,3,4,334,Loyal Customers
3408.0,2024-11-25,10,487640.78,36.0,3,5,5,355,Loyal Customers
3409.0,2024-09-25,13,25451.46,97.0,3,5,5,355,Loyal Customers
3410.0,2024-06-08,8,17743.71,206.0,3,3,4,334,Loyal Customers
3411.0,2024-10-12,10,19815.63,80.0,3,5,4,354,Loyal Customers
3412.0,2024-08-10,4,207653.24,143.0,3,1,5,315,Promising
3413.0,2024-09-06,6,100123.32,116.0,3,2,5,325,Promising
3414.0,2024-09-14,10,16567.94,108.0,3,5,4,354,Loyal Customers
3415.0,2024-11-25,8,9472.98,36.0,3,3,2,332,Potential Loyalists
3416.0,2024-08-16,6,1912.3300000000002,137.0,3,2,1,321,Hibernating
3417.0,2024-07-15,10,57441.259999999995,169.0,3,5,5,355,Loyal Customers
3418.0,2024-10-29,8,22130.73,63.0,3,3,5,335,Loyal Customers
3419.0,2024-12-25,9,22225.72,6.0,3,4,5,345,Loyal Customers
3420.0,2024-09-13,8,16832.59,109.0,3,3,4,334,Loyal Customers
3421.0,2024-10-06,6,4697.45,86.0,3,2,1,321,Hibernating
3422.0,2024-10-21,8,8780.93,71.0,3,3,2,332,Potential Loyalists
3423.0,2024-09-08,12,20446.85,114.0,3,5,4,354,Loyal Customers
3424.0,2024-12-22,8,8838.7,9.0,3,3,2,332,Potential Loyalists
3425.0,2023-08-26,5,9273.3,493.0,3,1,2,312,Hibernating
3426.0,2023-06-09,3,7075.76,571.0,3,1,2,312,Hibernating
3427.0,2024-07-21,7,418940.76,163.0,3,3,5,335,Loyal Customers
3428.0,2024-08-05,10,10386.59,148.0,3,5,3,353,Potential Loyalists
3429.0,2024-03-02,8,15301.92,304.0,3,3,4,334,Loyal Customers
3430.0,2024-03-11,6,3801.21,295.0,3,2,1,321,Hibernating
3431.0,2023-06-07,7,13213.37,573.0,3,3,3,333,Potential Loyalists
3432.0,2024-10-30,12,27755.82,62.0,3,5,5,355,Loyal Customers
3433.0,2024-06-15,8,537796.24,199.0,3,3,5,335,Loyal Customers
3434.0,2024-11-18,8,17490.32,43.0,3,3,4,334,Loyal Customers
3435.0,2024-09-05,7,12888.41,117.0,3,3,3,333,Potential Loyalists
3436.0,2024-07-03,11,14654.69,181.0,3,5,4,354,Loyal Customers
3437.0,2024-11-21,6,3654.02,40.0,3,2,1,321,Hibernating
3438.0,2024-10-09,12,23115.89,83.0,3,5,5,355,Loyal Customers
3439.0,2024-09-18,3,8605.47,104.0,3,1,2,312,Hibernating
3440.0,2024-03-15,9,14784.92,291.0,3,4,4,344,Loyal Customers
3441.0,2024-11-17,5,7452.1,44.0,3,1,2,312,Hibernating
3442.0,2024-07-18,11,26882.710000000003,166.0,3,5,5,355,Loyal Customers
3443.0,2024-12-15,7,10664.58,16.0,3,3,3,333,Potential Loyalists
3444.0,2024-09-04,4,11422.56,118.0,3,1,3,313,Hibernating
3445.0,2024-08-13,10,14221.7,140.0,3,5,3,353,Potential Loyalists
3446.0,2024-05-07,5,7996.56,238.0,3,1,2,312,Hibernating
3447.0,2023-10-15,3,3986.95,443.0,3,1,1,311,Hibernating
3448.0,2024-09-16,6,11454.74,106.0,3,2,3,323,Hibernating
3449.0,2024-11-15,8,9780.16,46.0,3,3,2,332,Potential Loyalists
3450.0,2024-04-19,6,9815.64,256.0,3,2,2,322,Hibernating
3451.0,2024-11-25,7,12569.28,36.0,3,3,3,333,Potential Loyalists
3452.0,2024-12-20,7,8827.75,11.0,3,3,2,332,Potential Loyalists
3453.0,2024-09-10,8,17657.24,112.0,3,3,4,334,Loyal Customers
3454.0,2024-11-09,9,6936.56,52.0,3,4,2,342,Potential Loyalists
3455.0,2024-12-05,10,7700.48,26.0,3,5,2,352,Potential Loyalists
3456.0,2024-06-27,10,17547.93,187.0,3,5,4,354,Loyal Customers
3457.0,2023-12-22,3,7443.18,375.0,3,1,2,312,Hibernating
3458.0,2024-05-04,6,213864.07,241.0,3,2,5,325,Promising
3459.0,2024-06-29,8,13999.99,185.0,3,3,3,333,Potential Loyalists
3460.0,2024-10-19,7,186164.43,73.0,3,3,5,335,Loyal Customers
3461.0,2024-10-03,10,27540.48,89.0,3,5,5,355,Loyal Customers
3462.0,2024-07-25,12,17768.51,159.0,3,5,4,354,Loyal Customers
3463.0,2024-12-14,5,11906.630000000001,17.0,3,1,3,313,Hibernating
3464.0,2024-09-30,3,4003.99,92.0,3,1,1,311,Hibernating
3465.0,2024-12-13,14,13087.64,18.0,3,5,3,353,Potential Loyalists
3466.0,2024-10-28,8,11411.32,64.0,3,3,3,333,Potential Loyalists
3467.0,2024-12-16,7,15152.14,15.0,3,3,4,334,Loyal Customers
3468.0,2024-10-14,9,16056.45,78.0,3,4,4,344,Loyal Customers
3469.0,2024-09-15,6,25160.63,107.0,3,2,5,325,Promising
3470.0,2024-04-10,6,4579.09,265.0,3,2,1,321,Hibernating
3471.0,2024-10-20,5,5352.7,72.0,3,1,1,311,Hibernating
3472.0,2023-06-14,5,12658.54,566.0,3,1,3,313,Hibernating
3473.0,2024-12-29,8,13548.94,2.0,3,3,3,333,Potential Loyalists
3474.0,2024-02-01,7,11383.24,334.0,3,3,3,333,Potential Loyalists
3475.0,2024-11-30,8,264006.01,31.0,3,3,5,335,Loyal Customers
3476.0,2024-07-17,7,9993.25,167.0,3,3,2,332,Potential Loyalists
3477.0,2024-10-20,12,19372.45,72.0,3,5,4,354,Loyal Customers
3478.0,2024-11-11,10,16532.28,50.0,3,5,4,354,Loyal Customers
3479.0,2024-07-10,7,8162.05,174.0,3,3,2,332,Potential Loyalists
3480.0,2024-11-22,10,14826.939999999999,39.0,3,5,4,354,Loyal Customers
3481.0,2024-03-28,3,5991.12,278.0,3,1,1,311,Hibernating
3482.0,2024-12-29,6,8780.14,2.0,3,2,2,322,Hibernating
3483.0,2024-07-28,10,362876.19,156.0,3,5,5,355,Loyal Customers
3484.0,2024-12-04,8,10890.28,27.0,3,3,3,333,Potential Loyalists
3485.0,2024-02-06,8,10107.08,329.0,3,3,2,332,Potential Loyalists
3486.0,2024-10-04,7,12238.4,88.0,3,3,3,333,Potential Loyalists
3487.0,2023-09-05,5,12403.710000000001,483.0,3,1,3,313,Hibernating
3488.0,2024-08-25,6,6352.28,128.0,3,2,1,321,Hibernating
3489.0,2024-10-01,4,9670.2,91.0,3,1,2,312,Hibernating
3490.0,2024-06-01,10,22784.58,213.0,3,5,5,355,Loyal Customers
3491.0,2024-12-15,6,40748.619999999995,16.0,3,2,5,325,Promising
3492.0,2024-12-08,5,8006.0,23.0,3,1,2,312,Hibernating
3493.0,2024-04-16,8,10718.66,259.0,3,3,3,333,Potential Loyalists
3494.0,2024-11-07,4,49866.92999999999,54.0,3,1,5,315,Promising
3495.0,2024-05-16,8,19095.67,229.0,3,3,4,334,Loyal Customers
3496.0,2024-12-18,10,22514.03,13.0,3,5,5,355,Loyal Customers
3497.0,2024-07-26,9,12468.060000000001,158.0,3,4,3,343,Potential Loyalists
3498.0,2024-02-27,8,30761.120000000003,308.0,3,3,5,335,Loyal Customers
3499.0,2023-12-31,5,6584.67,366.0,3,1,1,311,Hibernating
3500.0,2024-11-21,6,8449.31,40.0,3,2,2,322,Hibernating
3501.0,2024-07-13,10,23253.84,171.0,3,5,5,355,Loyal Customers
3502.0,2024-02-22,7,12355.970000000001,313.0,3,3,3,333,Potential Loyalists
3503.0,2024-11-21,12,34766.85,40.0,3,5,5,355,Loyal Customers
3504.0,2024-12-15,11,14013.13,16.0,3,5,3,353,Potential Loyalists
3505.0,2024-12-06,5,8471.54,25.0,3,1,2,312,Hibernating
3506.0,2024-06-09,7,12889.65,205.0,3,3,3,333,Potential Loyalists
3507.0,2024-08-22,5,10432.23,131.0,3,1,3,313,Hibernating
3508.0,2024-09-13,11,11050.67,109.0,3,5,3,353,Potential Loyalists
3509.0,2024-09-23,5,12795.23,99.0,3,1,3,313,Hibernating
3510.0,2024-11-18,4,5770.38,43.0,3,1,1,311,Hibernating
3511.0,2024-10-29,7,8354.66,63.0,3,3,2,332,Potential Loyalists
3512.0,2024-09-22,6,13409.75,100.0,3,2,3,323,Hibernating
3513.0,2024-12-23,10,19768.96,8.0,3,5,4,354,Loyal Customers
3514.0,2024-06-17,5,8171.68,197.0,3,1,2,312,Hibernating
3515.0,2024-10-31,8,199766.77000000002,61.0,3,3,5,335,Loyal Customers
3516.0,2024-05-27,8,190538.23,218.0,3,3,5,335,Loyal Customers
3517.0,2024-10-13,9,10141.85,79.0,3,4,2,342,Potential Loyalists
3518.0,2024-02-13,6,11489.52,322.0,3,2,3,323,Hibernating
3519.0,2024-07-22,5,6617.49,162.0,3,1,2,312,Hibernating
3520.0,2024-09-17,12,11054.82,105.0,3,5,3,353,Potential Loyalists
3521.0,2024-03-02,3,2496.62,304.0,3,1,1,311,Hibernating
3522.0,2024-09-07,4,8785.429999999998,115.0,3,1,2,312,Hibernating
3523.0,2023-07-27,7,18902.98,523.0,3,3,4,334,Loyal Customers
3524.0,2024-12-01,7,5614.99,30.0,3,3,1,331,Potential Loyalists
3525.0,2024-04-04,3,13049.92,271.0,3,1,3,313,Hibernating
3526.0,2023-10-16,5,4843.68,442.0,3,1,1,311,Hibernating
3527.0,2024-12-04,12,8373.48,27.0,3,5,2,352,Potential Loyalists
3528.0,2024-07-17,6,10344.57,167.0,3,2,3,323,Hibernating
3529.0,2024-05-11,7,13582.300000000001,234.0,3,3,3,333,Potential Loyalists
3530.0,2024-12-14,12,190196.03,17.0,3,5,5,355,Loyal Customers
3531.0,2024-11-12,12,19155.61,49.0,3,5,4,354,Loyal Customers
3532.0,2024-12-31,9,19844.04,0.0,3,4,4,344,Loyal Customers
3533.0,2024-04-24,7,6387.8,251.0,3,3,1,331,Potential Loyalists
3534.0,2024-12-28,8,16276.18,3.0,3,3,4,334,Loyal Customers
3535.0,2024-12-12,7,23383.05,19.0,3,3,5,335,Loyal Customers
3536.0,2024-12-26,8,18787.29,5.0,3,3,4,334,Loyal Customers
3537.0,2024-10-14,15,32124.87,78.0,3,5,5,355,Loyal Customers
3538.0,2024-03-31,7,8357.87,275.0,3,3,2,332,Potential Loyalists
3539.0,2024-03-19,6,17060.91,287.0,3,2,4,324,Promising
3540.0,2024-10-14,5,6668.7,78.0,3,1,2,312,Hibernating
3541.0,2024-11-26,10,12161.36,35.0,3,5,3,353,Potential Loyalists
3542.0,2024-09-14,9,11917.54,108.0,3,4,3,343,Potential Loyalists
3543.0,2024-09-04,6,10678.16,118.0,3,2,3,323,Hibernating
3544.0,2024-05-26,6,16208.74,219.0,3,2,4,324,Promising
3545.0,2024-11-22,9,560217.45,39.0,3,4,5,345,Loyal Customers
3546.0,2024-12-11,13,20757.34,20.0,3,5,4,354,Loyal Customers
3547.0,2024-11-23,8,12698.99,38.0,3,3,3,333,Potential Loyalists
3548.0,2024-09-30,5,5260.67,92.0,3,1,1,311,Hibernating
3549.0,2024-07-04,7,5597.71,180.0,3,3,1,331,Potential Loyalists
3550.0,2024-12-22,12,25135.76,9.0,3,5,5,355,Loyal Customers
3551.0,2024-12-24,11,336003.64999999997,7.0,3,5,5,355,Loyal Customers
3552.0,2024-10-28,8,10300.53,64.0,3,3,3,333,Potential Loyalists
3553.0,2024-08-31,15,19486.8,122.0,3,5,4,354,Loyal Customers
3554.0,2024-03-18,10,23946.84,288.0,3,5,5,355,Loyal Customers
3555.0,2024-12-29,7,508983.57999999996,2.0,3,3,5,335,Loyal Customers
3556.0,2023-08-21,4,6128.11,498.0,3,1,1,311,Hibernating
3557.0,2024-09-17,7,6427.02,105.0,3,3,1,331,Potential Loyalists
3558.0,2024-11-14,11,25200.82,47.0,3,5,5,355,Loyal Customers
3559.0,2024-02-11,4,2608.92,324.0,3,1,1,311,Hibernating
3560.0,2024-11-24,8,11885.94,37.0,3,3,3,333,Potential Loyalists
3561.0,2023-01-24,1,35.74,707.0,3,1,1,311,Hibernating
3562.0,2024-11-29,9,8409.34,32.0,3,4,2,342,Potential Loyalists
3563.0,2024-10-30,6,3644.31,62.0,3,2,1,321,Hibernating
3564.0,2023-12-20,2,4804.82,377.0,3,1,1,311,Hibernating
3565.0,2024-10-23,13,18317.85,69.0,3,5,4,354,Loyal Customers
3566.0,2024-11-29,13,24630.92,32.0,3,5,5,355,Loyal Customers
3567.0,2024-10-24,9,15475.38,68.0,3,4,4,344,Loyal Customers
3568.0,2024-11-20,8,9929.42,41.0,3,3,2,332,Potential Loyalists
3569.0,2024-03-08,3,3157.2200000000003,298.0,3,1,1,311,Hibernating
3570.0,2024-08-09,11,21674.78,144.0,3,5,4,354,Loyal Customers
3571.0,2024-05-21,5,12245.17,224.0,3,1,3,313,Hibernating
3572.0,2024-11-27,11,216121.6,34.0,3,5,5,355,Loyal Customers
3573.0,2024-12-13,5,11818.87,18.0,3,1,3,313,Hibernating
3574.0,2024-09-10,4,344040.79000000004,112.0,3,1,5,315,Promising
3575.0,2024-12-29,9,12875.699999999999,2.0,3,4,3,343,Potential Loyalists
3576.0,2024-09-29,7,13746.54,93.0,3,3,3,333,Potential Loyalists
3577.0,2024-12-09,12,237387.27,22.0,3,5,5,355,Loyal Customers
3578.0,2023-08-08,5,14910.61,511.0,3,1,4,314,Hibernating
3579.0,2024-06-29,6,10495.03,185.0,3,2,3,323,Hibernating
3580.0,2024-11-15,7,11804.02,46.0,3,3,3,333,Potential Loyalists
3581.0,2024-11-15,11,12399.5,46.0,3,5,3,353,Potential Loyalists
3582.0,2023-04-13,4,5950.04,628.0,3,1,1,311,Hibernating
3583.0,2024-04-03,5,10785.69,272.0,3,1,3,313,Hibernating
3584.0,2024-06-24,7,344516.13,190.0,3,3,5,335,Loyal Customers
3585.0,2023-08-15,5,6449.74,504.0,3,1,1,311,Hibernating
3586.0,2024-09-01,6,6694.03,121.0,3,2,2,322,Hibernating
3587.0,2024-05-21,4,5382.27,224.0,3,1,1,311,Hibernating
3588.0,2024-12-20,3,3794.37,11.0,3,1,1,311,Hibernating
3589.0,2023-11-29,10,723139.34,398.0,3,5,5,355,Loyal Customers
3590.0,2024-12-06,9,170072.02000000002,25.0,3,4,5,345,Loyal Customers
3591.0,2024-12-07,17,162590.89,24.0,3,5,5,355,Loyal Customers
3592.0,2024-05-23,12,19639.64,222.0,3,5,4,354,Loyal Customers
3593.0,2024-02-19,9,17474.04,316.0,3,4,4,344,Loyal Customers
3594.0,2024-02-01,6,9996.210000000001,334.0,3,2,2,322,Hibernating
3595.0,2024-08-24,9,20621.829999999998,129.0,3,4,4,344,Loyal Customers
3596.0,2024-11-06,6,9548.27,55.0,3,2,2,322,Hibernating
3597.0,2024-07-03,11,39392.07,181.0,3,5,5,355,Loyal Customers
3598.0,2024-11-14,8,13455.64,47.0,3,3,3,333,Potential Loyalists
3599.0,2024-11-02,6,15030.220000000001,59.0,3,2,4,324,Promising
3600.0,2024-12-28,10,18536.29,3.0,3,5,4,354,Loyal Customers
3601.0,2024-11-24,13,22994.14,37.0,3,5,5,355,Loyal Customers
3602.0,2024-09-18,15,22325.21,104.0,3,5,5,355,Loyal Customers
3603.0,2024-07-25,5,4217.03,159.0,3,1,1,311,Hibernating
3604.0,2024-08-13,10,179282.6,140.0,3,5,5,355,Loyal Customers
3605.0,2024-06-16,6,648315.35,198.0,3,2,5,325,Promising
3606.0,2024-12-26,10,19941.12,5.0,3,5,4,354,Loyal Customers
3607.0,2024-11-30,8,16085.88,31.0,3,3,4,334,Loyal Customers
3608.0,2024-11-04,7,2884.89,57.0,3,3,1,331,Potential Loyalists
3609.0,2024-10-07,8,30254.92,85.0,3,3,5,335,Loyal Customers
3610.0,2024-11-14,5,10706.38,47.0,3,1,3,313,Hibernating
3611.0,2024-09-10,5,21511.19,112.0,3,1,4,314,Hibernating
3612.0,2024-10-30,11,9846.43,62.0,3,5,2,352,Potential Loyalists
3613.0,2024-12-08,4,3369.12,23.0,3,1,1,311,Hibernating
3614.0,2024-06-13,9,24702.53,201.0,3,4,5,345,Loyal Customers
3615.0,2024-10-10,10,12686.31,82.0,3,5,3,353,Potential Loyalists
3616.0,2024-05-18,8,16339.3,227.0,3,3,4,334,Loyal Customers
3617.0,2023-09-20,5,7215.2,468.0,3,1,2,312,Hibernating
3618.0,2024-11-10,10,29309.8,51.0,3,5,5,355,Loyal Customers
3619.0,2024-10-04,9,10883.89,88.0,3,4,3,343,Potential Loyalists
3620.0,2024-07-17,9,161067.19,167.0,3,4,5,345,Loyal Customers
3621.0,2024-12-09,10,17709.19,22.0,3,5,4,354,Loyal Customers
3622.0,2024-06-30,3,4947.52,184.0,3,1,1,311,Hibernating
3623.0,2024-04-16,3,2227.7599999999998,259.0,3,1,1,311,Hibernating
3624.0,2024-06-22,7,9791.18,192.0,3,3,2,332,Potential Loyalists
3625.0,2024-07-10,7,10427.13,174.0,3,3,3,333,Potential Loyalists
3626.0,2024-07-10,6,193789.21,174.0,3,2,5,325,Promising
3627.0,2024-11-25,9,13689.4,36.0,3,4,3,343,Potential Loyalists
3628.0,2024-11-21,6,15920.46,40.0,3,2,4,324,Promising
3629.0,2024-12-30,13,25130.55,1.0,3,5,5,355,Loyal Customers
3630.0,2024-11-16,5,5360.66,45.0,3,1,1,311,Hibernating
3631.0,2024-11-24,15,38625.22,37.0,3,5,5,355,Loyal Customers
3632.0,2024-07-10,7,8460.39,174.0,3,3,2,332,Potential Loyalists
3633.0,2024-11-03,4,3434.88,58.0,3,1,1,311,Hibernating
3634.0,2023-10-10,4,2382.7799999999997,448.0,3,1,1,311,Hibernating
3635.0,2023-12-29,5,211211.31,368.0,3,1,5,315,Promising
3636.0,2024-06-02,6,23691.75,212.0,3,2,5,325,Promising
3637.0,2024-09-07,10,9800.77,115.0,3,5,2,352,Potential Loyalists
3638.0,2024-10-30,9,17490.829999999998,62.0,3,4,4,344,Loyal Customers
3639.0,2024-10-19,6,9848.96,73.0,3,2,2,322,Hibernating
3640.0,2024-12-22,5,6963.77,9.0,3,1,2,312,Hibernating
3641.0,2024-06-25,6,8049.38,189.0,3,2,2,322,Hibernating
3642.0,2024-08-10,5,2436.4100000000003,143.0,3,1,1,311,Hibernating
3643.0,2024-04-24,5,4213.56,251.0,3,1,1,311,Hibernating
3644.0,2024-12-11,13,23754.940000000002,20.0,3,5,5,355,Loyal Customers
3645.0,2024-08-14,2,7612.12,139.0,3,1,2,312,Hibernating
3646.0,2023-08-27,5,3834.15,492.0,3,1,1,311,Hibernating
3647.0,2024-03-13,2,873.1600000000001,293.0,3,1,1,311,Hibernating
3648.0,2024-08-27,5,6676.92,126.0,3,1,2,312,Hibernating
3649.0,2024-06-16,6,12356.18,198.0,3,2,3,323,Hibernating
3650.0,2024-10-18,10,569737.72,74.0,3,5,5,355,Loyal Customers
3651.0,2024-12-20,10,16297.24,11.0,3,5,4,354,Loyal Customers
3652.0,2024-09-05,8,813973.46,117.0,3,3,5,335,Loyal Customers
3653.0,2024-12-23,9,32308.04,8.0,3,4,5,345,Loyal Customers
3654.0,2024-07-26,7,6071.53,158.0,3,3,1,331,Potential Loyalists
3655.0,2024-08-11,7,605721.95,142.0,3,3,5,335,Loyal Customers
3656.0,2024-04-29,5,172911.53,246.0,3,1,5,315,Promising
3657.0,2024-02-10,5,8991.04,325.0,3,1,2,312,Hibernating
3658.0,2024-11-14,7,14356.75,47.0,3,3,3,333,Potential Loyalists
3659.0,2024-11-10,3,4959.86,51.0,3,1,1,311,Hibernating
3660.0,2024-07-16,5,16222.96,168.0,3,1,4,314,Hibernating
3661.0,2024-12-19,9,16298.56,12.0,3,4,4,344,Loyal Customers
3662.0,2024-09-20,8,15191.07,102.0,3,3,4,334,Loyal Customers
3663.0,2023-12-20,4,5273.54,377.0,3,1,1,311,Hibernating
3664.0,2024-10-07,10,9758.83,85.0,3,5,2,352,Potential Loyalists
3665.0,2024-12-30,6,7051.22,1.0,3,2,2,322,Hibernating
3666.0,2024-11-07,8,17122.19,54.0,3,3,4,334,Loyal Customers
3667.0,2024-09-10,7,9899.35,112.0,3,3,2,332,Potential Loyalists
3668.0,2024-10-14,8,9633.34,78.0,3,3,2,332,Potential Loyalists
3669.0,2024-10-28,12,23670.62,64.0,3,5,5,355,Loyal Customers
3670.0,2024-11-28,9,44964.75,33.0,3,4,5,345,Loyal Customers
3671.0,2024-12-16,6,7678.860000000001,15.0,3,2,2,322,Hibernating
3672.0,2024-11-05,13,23582.36,56.0,3,5,5,355,Loyal Customers
3673.0,2024-04-24,6,214779.81999999998,251.0,3,2,5,325,Promising
3674.0,2024-06-25,5,3109.88,189.0,3,1,1,311,Hibernating
3675.0,2024-07-11,4,5061.99,173.0,3,1,1,311,Hibernating
3676.0,2024-05-27,9,15062.84,218.0,3,4,4,344,Loyal Customers
3677.0,2024-10-19,6,5482.01,73.0,3,2,1,321,Hibernating
3678.0,2024-12-09,7,14751.82,22.0,3,3,4,334,Loyal Customers
3679.0,2024-04-09,3,3626.35,266.0,3,1,1,311,Hibernating
3680.0,2024-10-08,5,36950.02,84.0,3,1,5,315,Promising
3681.0,2024-05-25,7,20307.2,220.0,3,3,4,334,Loyal Customers
3682.0,2024-07-29,6,9437.8,155.0,3,2,2,322,Hibernating
3683.0,2024-08-29,7,7632.26,124.0,3,3,2,332,Potential Loyalists
3684.0,2024-08-24,8,23449.28,129.0,3,3,5,335,Loyal Customers
3685.0,2024-10-25,10,18617.76,67.0,3,5,4,354,Loyal Customers
3686.0,2024-05-04,9,16432.44,241.0,3,4,4,344,Loyal Customers
3687.0,2023-01-28,4,10433.14,703.0,3,1,3,313,Hibernating
3688.0,2024-07-31,5,8176.68,153.0,3,1,2,312,Hibernating
3689.0,2024-10-28,11,22986.96,64.0,3,5,5,355,Loyal Customers
3690.0,2024-06-19,7,10189.45,195.0,3,3,2,332,Potential Loyalists
3691.0,2024-05-26,8,9606.4,219.0,3,3,2,332,Potential Loyalists
3692.0,2024-03-11,7,9903.48,295.0,3,3,2,332,Potential Loyalists
3693.0,2024-12-14,11,11454.38,17.0,3,5,3,353,Potential Loyalists
3694.0,2024-07-12,5,4558.98,172.0,3,1,1,311,Hibernating
3695.0,2024-09-04,4,3536.44,118.0,3,1,1,311,Hibernating
3696.0,2024-06-13,5,8561.75,201.0,3,1,2,312,Hibernating
3697.0,2024-09-08,7,7945.79,114.0,3,3,2,332,Potential Loyalists
3698.0,2024-07-22,7,27422.59,162.0,3,3,5,335,Loyal Customers
3699.0,2024-07-21,9,10817.05,163.0,3,4,3,343,Potential Loyalists
3700.0,2024-08-18,8,18377.52,135.0,3,3,4,334,Loyal Customers
3701.0,2022-12-29,8,11200.529999999999,733.0,3,3,3,333,Potential Loyalists
3702.0,2024-10-30,10,17462.39,62.0,3,5,4,354,Loyal Customers
3703.0,2024-04-01,8,7682.13,274.0,3,3,2,332,Potential Loyalists
3704.0,2024-12-27,10,177360.35,4.0,3,5,5,355,Loyal Customers
3705.0,2024-06-26,4,10107.96,188.0,3,1,2,312,Hibernating
3706.0,2024-09-02,5,3971.0200000000004,120.0,3,1,1,311,Hibernating
3707.0,2024-11-26,10,15637.02,35.0,3,5,4,354,Loyal Customers
3708.0,2024-12-26,6,11499.65,5.0,3,2,3,323,Hibernating
3709.0,2024-10-12,13,16652.32,80.0,3,5,4,354,Loyal Customers
3710.0,2024-07-21,5,7815.6900000000005,163.0,3,1,2,312,Hibernating
3711.0,2024-08-02,10,229200.31,151.0,3,5,5,355,Loyal Customers
3712.0,2024-11-21,9,178944.86,40.0,3,4,5,345,Loyal Customers
3713.0,2024-06-10,11,115928.90999999999,204.0,3,5,5,355,Loyal Customers
3714.0,2024-06-28,8,16549.94,186.0,3,3,4,334,Loyal Customers
3715.0,2024-09-04,10,162915.41,118.0,3,5,5,355,Loyal Customers
3716.0,2024-01-25,8,15252.92,341.0,3,3,4,334,Loyal Customers
3717.0,2024-12-14,7,6584.33,17.0,3,3,1,331,Potential Loyalists
3718.0,2024-11-25,5,5219.12,36.0,3,1,1,311,Hibernating
3719.0,2024-12-24,11,23884.0,7.0,3,5,5,355,Loyal Customers
3720.0,2024-11-08,8,11153.66,53.0,3,3,3,333,Potential Loyalists
3721.0,2024-12-10,8,31088.23,21.0,3,3,5,335,Loyal Customers
3722.0,2024-06-01,9,16257.27,213.0,3,4,4,344,Loyal Customers
3723.0,2024-10-26,6,8002.09,66.0,3,2,2,322,Hibernating
3724.0,2024-12-01,11,148207.35,30.0,3,5,5,355,Loyal Customers
3725.0,2024-11-10,5,4650.070000000001,51.0,3,1,1,311,Hibernating
3726.0,2024-10-31,5,7467.16,61.0,3,1,2,312,Hibernating
3727.0,2024-10-12,7,32642.08,80.0,3,3,5,335,Loyal Customers
3728.0,2024-08-13,9,45266.71,140.0,3,4,5,345,Loyal Customers
3729.0,2024-08-19,5,4652.4400000000005,134.0,3,1,1,311,Hibernating
3730.0,2024-10-19,12,10384.960000000001,73.0,3,5,3,353,Potential Loyalists
3731.0,2024-10-24,10,352887.3,68.0,3,5,5,355,Loyal Customers
3732.0,2023-12-06,13,16120.07,391.0,3,5,4,354,Loyal Customers
3733.0,2024-06-23,4,9262.1,191.0,3,1,2,312,Hibernating
3734.0,2024-07-10,7,24061.16,174.0,3,3,5,335,Loyal Customers
3735.0,2024-03-02,4,5364.84,304.0,3,1,1,311,Hibernating
3736.0,2024-07-29,8,8662.22,155.0,3,3,2,332,Potential Loyalists
3737.0,2024-02-24,4,6099.5599999999995,311.0,3,1,1,311,Hibernating
3738.0,2023-11-04,5,6659.21,423.0,3,1,2,312,Hibernating
3739.0,2024-08-02,7,22732.4,151.0,3,3,5,335,Loyal Customers
3740.0,2022-11-13,2,3610.8599999999997,779.0,3,1,1,311,Hibernating
3741.0,2024-04-11,8,9233.7,264.0,3,3,2,332,Potential Loyalists
3742.0,2024-05-06,7,12421.02,239.0,3,3,3,333,Potential Loyalists
3743.0,2024-09-05,11,29979.61,117.0,3,5,5,355,Loyal Customers
3744.0,2024-11-25,7,12158.45,36.0,3,3,3,333,Potential Loyalists
3745.0,2023-08-07,6,6720.23,512.0,3,2,2,322,Hibernating
3746.0,2024-11-21,4,3302.16,40.0,3,1,1,311,Hibernating
3747.0,2024-11-14,6,4013.9500000000003,47.0,3,2,1,321,Hibernating
3748.0,2024-10-31,7,19113.11,61.0,3,3,4,334,Loyal Customers
3749.0,2024-12-13,7,219126.12,18.0,3,3,5,335,Loyal Customers
3750.0,2022-06-13,1,183.12,932.0,3,1,1,311,Hibernating
3751.0,2024-08-08,10,8045.7,145.0,3,5,2,352,Potential Loyalists
3752.0,2024-01-03,7,4007.67,363.0,3,3,1,331,Potential Loyalists
3753.0,2024-09-25,8,7710.55,97.0,3,3,2,332,Potential Loyalists
3754.0,2024-11-25,5,10081.83,36.0,3,1,2,312,Hibernating
3755.0,2024-04-05,8,5704.56,270.0,3,3,1,331,Potential Loyalists
3756.0,2024-04-26,8,12667.279999999999,249.0,3,3,3,333,Potential Loyalists
3757.0,2024-04-25,8,6579.49,250.0,3,3,1,331,Potential Loyalists
3758.0,2024-07-07,3,3976.67,177.0,3,1,1,311,Hibernating
3759.0,2024-11-22,8,46748.67,39.0,3,3,5,335,Loyal Customers
3760.0,2024-09-21,14,28792.12,101.0,3,5,5,355,Loyal Customers
3761.0,2024-10-02,7,414758.07,90.0,3,3,5,335,Loyal Customers
3762.0,2024-10-11,11,20370.39,81.0,3,5,4,354,Loyal Customers
3763.0,2024-12-16,5,5240.71,15.0,3,1,1,311,Hibernating
3764.0,2024-12-09,5,7336.02,22.0,3,1,2,312,Hibernating
3765.0,2024-10-25,5,3425.92,67.0,3,1,1,311,Hibernating
3766.0,2024-09-21,6,12601.63,101.0,3,2,3,323,Hibernating
3767.0,2024-11-19,8,21990.61,42.0,3,3,4,334,Loyal Customers
3768.0,2024-11-07,9,14693.45,54.0,3,4,4,344,Loyal Customers
3769.0,2024-04-29,12,31559.3,246.0,3,5,5,355,Loyal Customers
3770.0,2024-09-18,4,2808.92,104.0,3,1,1,311,Hibernating
3771.0,2024-12-02,6,11054.96,29.0,3,2,3,323,Hibernating
3772.0,2023-07-26,3,3280.57,524.0,3,1,1,311,Hibernating
3773.0,2024-09-02,5,1570.96,120.0,3,1,1,311,Hibernating
3774.0,2023-10-27,8,12550.41,431.0,3,3,3,333,Potential Loyalists
3775.0,2024-12-29,6,11970.37,2.0,3,2,3,323,Hibernating
3776.0,2024-10-10,9,23692.91,82.0,3,4,5,345,Loyal Customers
3777.0,2024-11-18,6,5369.32,43.0,3,2,1,321,Hibernating
3778.0,2024-06-20,5,15712.61,194.0,3,1,4,314,Hibernating
3779.0,2024-12-15,7,512506.77999999997,16.0,3,3,5,335,Loyal Customers
3780.0,2024-11-12,13,9777.14,49.0,3,5,2,352,Potential Loyalists
3781.0,2024-10-04,5,26315.18,88.0,3,1,5,315,Promising
3782.0,2024-04-24,7,14486.71,251.0,3,3,4,334,Loyal Customers
3783.0,2024-12-29,6,10439.970000000001,2.0,3,2,3,323,Hibernating
3784.0,2024-03-08,2,1927.37,298.0,3,1,1,311,Hibernating
3785.0,2024-09-16,8,15828.19,106.0,3,3,4,334,Loyal Customers
3786.0,2024-03-08,3,3512.77,298.0,3,1,1,311,Hibernating
3787.0,2024-08-23,4,7337.7,130.0,3,1,2,312,Hibernating
3788.0,2024-10-18,5,4261.71,74.0,3,1,1,311,Hibernating
3789.0,2024-05-04,7,16290.45,241.0,3,3,4,334,Loyal Customers
3790.0,2024-08-25,8,14741.25,128.0,3,3,4,334,Loyal Customers
3791.0,2024-11-24,10,11535.64,37.0,3,5,3,353,Potential Loyalists
3792.0,2024-11-14,11,30294.010000000002,47.0,3,5,5,355,Loyal Customers
3793.0,2024-09-07,7,9348.66,115.0,3,3,2,332,Potential Loyalists
3794.0,2024-04-23,8,9011.55,252.0,3,3,2,332,Potential Loyalists
3795.0,2023-12-19,6,8740.35,378.0,3,2,2,322,Hibernating
3796.0,2024-09-11,6,25819.309999999998,111.0,3,2,5,325,Promising
3797.0,2024-08-29,6,13469.75,124.0,3,2,3,323,Hibernating
3798.0,2024-08-18,8,11690.66,135.0,3,3,3,333,Potential Loyalists
3799.0,2024-02-25,7,7728.75,310.0,3,3,2,332,Potential Loyalists
3800.0,2024-07-23,9,18906.42,161.0,3,4,4,344,Loyal Customers
3801.0,2024-12-01,8,9233.72,30.0,3,3,2,332,Potential Loyalists
3802.0,2024-07-14,7,18277.5,170.0,3,3,4,334,Loyal Customers
3803.0,2024-12-13,9,426780.16,18.0,3,4,5,345,Loyal Customers
3804.0,2024-06-13,8,16283.5,201.0,3,3,4,334,Loyal Customers
3805.0,2024-11-22,6,5848.75,39.0,3,2,1,321,Hibernating
3806.0,2024-05-30,7,13132.34,215.0,3,3,3,333,Potential Loyalists
3807.0,2024-08-26,8,9967.93,127.0,3,3,2,332,Potential Loyalists
3808.0,2024-06-16,8,9892.33,198.0,3,3,2,332,Potential Loyalists
3809.0,2024-10-21,8,8993.380000000001,71.0,3,3,2,332,Potential Loyalists
3810.0,2024-08-19,6,8759.97,134.0,3,2,2,322,Hibernating
3811.0,2024-12-28,13,23421.95,3.0,3,5,5,355,Loyal Customers
3812.0,2024-12-08,6,17293.489999999998,23.0,3,2,4,324,Promising
3813.0,2024-01-24,9,7026.35,342.0,3,4,2,342,Potential Loyalists
3814.0,2024-08-21,4,4533.6900000000005,132.0,3,1,1,311,Hibernating
3815.0,2024-12-09,6,10131.1,22.0,3,2,2,322,Hibernating
3816.0,2024-12-31,7,10657.08,0.0,3,3,3,333,Potential Loyalists
3817.0,2024-10-31,9,20035.41,61.0,3,4,4,344,Loyal Customers
3818.0,2024-03-19,7,7749.37,287.0,3,3,2,332,Potential Loyalists
3819.0,2024-04-22,7,6057.24,253.0,3,3,1,331,Potential Loyalists
3820.0,2024-12-29,7,5388.21,2.0,3,3,1,331,Potential Loyalists
3821.0,2023-12-10,6,13452.92,387.0,3,2,3,323,Hibernating
3822.0,2024-01-14,6,13936.1,352.0,3,2,3,323,Hibernating
3823.0,2024-11-28,9,59024.98,33.0,3,4,5,345,Loyal Customers
3824.0,2024-11-20,6,23127.59,41.0,3,2,5,325,Promising
3825.0,2024-12-30,11,22013.52,1.0,3,5,4,354,Loyal Customers
3826.0,2024-12-28,10,14401.369999999999,3.0,3,5,3,353,Potential Loyalists
3827.0,2024-08-14,5,42935.18,139.0,3,1,5,315,Promising
3828.0,2024-09-05,9,16170.28,117.0,3,4,4,344,Loyal Customers
3829.0,2024-07-06,5,12221.62,178.0,3,1,3,313,Hibernating
3830.0,2024-02-27,8,4053.61,308.0,3,3,1,331,Potential Loyalists
3831.0,2024-08-11,5,5784.72,142.0,3,1,1,311,Hibernating
3832.0,2024-05-08,12,22920.64,237.0,3,5,5,355,Loyal Customers
3833.0,2024-10-05,8,11013.33,87.0,3,3,3,333,Potential Loyalists
3834.0,2024-11-14,13,17557.170000000002,47.0,3,5,4,354,Loyal Customers
3835.0,2024-04-19,7,22922.350000000002,256.0,3,3,5,335,Loyal Customers
3836.0,2024-12-29,5,7167.76,2.0,3,1,2,312,Hibernating
3837.0,2024-01-07,6,10780.12,359.0,3,2,3,323,Hibernating
3838.0,2024-02-01,7,11352.48,334.0,3,3,3,333,Potential Loyalists
3839.0,2024-12-05,6,13445.65,26.0,3,2,3,323,Hibernating
3840.0,2024-07-21,12,28822.21,163.0,3,5,5,355,Loyal Customers
3841.0,2024-12-03,10,7703.49,28.0,3,5,2,352,Potential Loyalists
3842.0,2024-10-08,6,9801.13,84.0,3,2,2,322,Hibernating
3843.0,2024-10-01,7,10313.0,91.0,3,3,3,333,Potential Loyalists
3844.0,2024-12-14,12,33033.82,17.0,3,5,5,355,Loyal Customers
3845.0,2024-04-27,6,15367.970000000001,248.0,3,2,4,324,Promising
3846.0,2024-12-26,5,8492.08,5.0,3,1,2,312,Hibernating
3847.0,2024-11-01,3,10543.77,60.0,3,1,3,313,Hibernating
3848.0,2024-09-12,4,2651.97,110.0,3,1,1,311,Hibernating
3849.0,2024-09-26,6,12309.019999999999,96.0,3,2,3,323,Hibernating
3850.0,2024-11-16,8,10032.87,45.0,3,3,2,332,Potential Loyalists
3851.0,2024-03-11,5,152992.36,295.0,3,1,5,315,Promising
3852.0,2024-04-24,5,4054.07,251.0,3,1,1,311,Hibernating
3853.0,2024-12-03,11,94459.08,28.0,3,5,5,355,Loyal Customers
3854.0,2024-12-09,9,13208.14,22.0,3,4,3,343,Potential Loyalists
3855.0,2024-10-21,10,10528.16,71.0,3,5,3,353,Potential Loyalists
3856.0,2023-12-11,8,106994.1,386.0,3,3,5,335,Loyal Customers
3857.0,2024-11-07,7,13542.43,54.0,3,3,3,333,Potential Loyalists
3858.0,2023-11-07,3,4903.76,420.0,3,1,1,311,Hibernating
3859.0,2024-12-30,9,219720.58000000002,1.0,3,4,5,345,Loyal Customers
3860.0,2024-07-28,11,15098.25,156.0,3,5,4,354,Loyal Customers
3861.0,2024-12-25,10,15757.22,6.0,3,5,4,354,Loyal Customers
3862.0,2022-03-15,2,1991.12,1022.0,3,1,1,311,Hibernating
3863.0,2024-10-20,7,16231.52,72.0,3,3,4,334,Loyal Customers
3864.0,2024-02-29,5,2723.86,306.0,3,1,1,311,Hibernating
3865.0,2024-10-22,6,10196.36,70.0,3,2,2,322,Hibernating
3866.0,2024-07-13,4,19026.010000000002,171.0,3,1,4,314,Hibernating
3867.0,2024-06-13,6,6446.49,201.0,3,2,1,321,Hibernating
3868.0,2024-11-16,7,17765.95,45.0,3,3,4,334,Loyal Customers
3869.0,2024-10-23,13,28256.64,69.0,3,5,5,355,Loyal Customers
3870.0,2023-12-10,3,10732.78,387.0,3,1,3,313,Hibernating
3871.0,2024-06-02,5,14948.619999999999,212.0,3,1,4,314,Hibernating
3872.0,2024-06-04,4,6519.39,210.0,3,1,1,311,Hibernating
3873.0,2024-09-13,4,4904.71,109.0,3,1,1,311,Hibernating
3874.0,2022-08-31,2,3959.2599999999998,853.0,3,1,1,311,Hibernating
3875.0,2024-08-06,5,10586.03,147.0,3,1,3,313,Hibernating
3876.0,2024-11-30,10,17506.53,31.0,3,5,4,354,Loyal Customers
3877.0,2023-04-28,2,3969.37,613.0,3,1,1,311,Hibernating
3878.0,2024-08-12,5,5422.17,141.0,3,1,1,311,Hibernating
3879.0,2024-08-25,9,15724.77,128.0,3,4,4,344,Loyal Customers
3880.0,2024-08-30,4,2351.4900000000002,123.0,3,1,1,311,Hibernating
3881.0,2024-04-26,9,14910.01,249.0,3,4,4,344,Loyal Customers
3882.0,2023-03-17,7,5316.55,655.0,3,3,1,331,Potential Loyalists
3883.0,2023-04-08,2,744.53,633.0,3,1,1,311,Hibernating
3884.0,2024-11-21,6,12020.509999999998,40.0,3,2,3,323,Hibernating
3885.0,2023-12-09,9,12058.42,388.0,3,4,3,343,Potential Loyalists
3886.0,2024-04-19,3,6801.8099999999995,256.0,3,1,2,312,Hibernating
3887.0,2024-08-05,9,12513.44,148.0,3,4,3,343,Potential Loyalists
3888.0,2024-11-26,4,3620.01,35.0,3,1,1,311,Hibernating
3889.0,2024-12-21,4,13693.45,10.0,3,1,3,313,Hibernating
3890.0,2024-09-05,9,14352.3,117.0,3,4,3,343,Potential Loyalists
3891.0,2024-02-24,9,12053.61,311.0,3,4,3,343,Potential Loyalists
3892.0,2024-10-13,5,407799.04000000004,79.0,3,1,5,315,Promising
3893.0,2024-12-28,5,1556.65,3.0,3,1,1,311,Hibernating
3894.0,2024-11-22,8,10243.41,39.0,3,3,3,333,Potential Loyalists
3895.0,2024-03-07,6,408874.5,299.0,3,2,5,325,Promising
3896.0,2024-12-22,11,19965.86,9.0,3,5,4,354,Loyal Customers
3897.0,2024-05-17,4,5112.34,228.0,3,1,1,311,Hibernating
3898.0,2024-10-03,10,17118.59,89.0,3,5,4,354,Loyal Customers
3899.0,2024-11-02,7,4645.76,59.0,3,3,1,331,Potential Loyalists
3900.0,2024-11-15,11,88526.22,46.0,3,5,5,355,Loyal Customers
3901.0,2024-07-17,5,5868.41,167.0,3,1,1,311,Hibernating
3902.0,2023-03-26,3,3374.4999999999995,646.0,3,1,1,311,Hibernating
3903.0,2024-12-04,9,19140.89,27.0,3,4,4,344,Loyal Customers
3904.0,2024-12-25,8,66344.58,6.0,3,3,5,335,Loyal Customers
3905.0,2024-10-29,10,82672.45,63.0,3,5,5,355,Loyal Customers
3906.0,2024-11-17,7,10484.17,44.0,3,3,3,333,Potential Loyalists
3907.0,2023-11-18,8,94215.55,409.0,3,3,5,335,Loyal Customers
3908.0,2023-11-10,5,12819.02,417.0,3,1,3,313,Hibernating
3909.0,2024-04-30,8,288729.96,245.0,3,3,5,335,Loyal Customers
3910.0,2024-06-18,6,4830.92,196.0,3,2,1,321,Hibernating
3911.0,2024-12-28,6,5241.41,3.0,3,2,1,321,Hibernating
3912.0,2024-05-16,6,9719.85,229.0,3,2,2,322,Hibernating
3913.0,2024-10-06,13,29938.02,86.0,3,5,5,355,Loyal Customers
3914.0,2024-11-21,7,11405.09,40.0,3,3,3,333,Potential Loyalists
3915.0,2024-09-05,7,18736.32,117.0,3,3,4,334,Loyal Customers
3916.0,2024-12-11,5,3481.85,20.0,3,1,1,311,Hibernating
3917.0,2024-04-04,8,12231.41,271.0,3,3,3,333,Potential Loyalists
3918.0,2024-11-28,7,21481.72,33.0,3,3,4,334,Loyal Customers
3919.0,2024-10-28,7,15225.94,64.0,3,3,4,334,Loyal Customers
3920.0,2024-11-13,10,10130.52,48.0,3,5,2,352,Potential Loyalists
3921.0,2024-11-06,9,345497.75,55.0,3,4,5,345,Loyal Customers
3922.0,2024-12-15,11,13819.59,16.0,3,5,3,353,Potential Loyalists
3923.0,2024-10-11,4,10288.7,81.0,3,1,3,313,Hibernating
3924.0,2024-11-22,4,11890.39,39.0,3,1,3,313,Hibernating
3925.0,2024-10-02,12,21830.03,90.0,3,5,4,354,Loyal Customers
3926.0,2024-05-10,7,23970.03,235.0,3,3,5,335,Loyal Customers
3927.0,2023-11-26,5,8925.65,401.0,3,1,2,312,Hibernating
3928.0,2024-08-14,7,24594.35,139.0,3,3,5,335,Loyal Customers
3929.0,2024-12-15,6,5661.22,16.0,3,2,1,321,Hibernating
3930.0,2024-11-10,7,54898.509999999995,51.0,3,3,5,335,Loyal Customers
3931.0,2024-11-05,10,12148.08,56.0,3,5,3,353,Potential Loyalists
3932.0,2024-09-19,9,18469.16,103.0,3,4,4,344,Loyal Customers
3933.0,2024-04-29,6,8231.04,246.0,3,2,2,322,Hibernating
3934.0,2024-12-23,9,11522.55,8.0,3,4,3,343,Potential Loyalists
3935.0,2024-02-13,6,7140.9,322.0,3,2,2,322,Hibernating
3936.0,2023-11-08,3,301207.56,419.0,3,1,5,315,Promising
3937.0,2024-11-29,3,3997.83,32.0,3,1,1,311,Hibernating
3938.0,2024-07-07,6,405618.66,177.0,3,2,5,325,Promising
3939.0,2024-03-26,7,7758.3099999999995,280.0,3,3,2,332,Potential Loyalists
3940.0,2024-05-26,11,18847.75,219.0,3,5,4,354,Loyal Customers
3941.0,2024-12-16,7,16042.07,15.0,3,3,4,334,Loyal Customers
3942.0,2024-02-20,4,2857.64,315.0,3,1,1,311,Hibernating
3943.0,2024-10-07,7,8984.86,85.0,3,3,2,332,Potential Loyalists
3944.0,2024-11-10,7,491661.57999999996,51.0,3,3,5,335,Loyal Customers
3945.0,2024-08-22,9,20046.13,131.0,3,4,4,344,Loyal Customers
3946.0,2024-12-22,8,10087.86,9.0,3,3,2,332,Potential Loyalists
3947.0,2024-11-24,7,6558.150000000001,37.0,3,3,1,331,Potential Loyalists
3948.0,2024-05-07,5,8417.83,238.0,3,1,2,312,Hibernating
3949.0,2024-03-13,8,24465.920000000002,293.0,3,3,5,335,Loyal Customers
3950.0,2024-10-12,7,5771.95,80.0,3,3,1,331,Potential Loyalists
3951.0,2024-02-25,8,5193.52,310.0,3,3,1,331,Potential Loyalists
3952.0,2024-10-18,10,16120.470000000001,74.0,3,5,4,354,Loyal Customers
3953.0,2024-12-05,9,6741.92,26.0,3,4,2,342,Potential Loyalists
3954.0,2024-10-24,10,208183.72,68.0,3,5,5,355,Loyal Customers
3955.0,2024-01-14,3,11653.81,352.0,3,1,3,313,Hibernating
3956.0,2024-05-29,6,15806.18,216.0,3,2,4,324,Promising
3957.0,2024-10-09,7,21056.079999999998,83.0,3,3,4,334,Loyal Customers
3958.0,2024-10-02,12,7905.93,90.0,3,5,2,352,Potential Loyalists
3959.0,2024-11-03,9,214627.15,58.0,3,4,5,345,Loyal Customers
3960.0,2024-06-20,8,12727.1,194.0,3,3,3,333,Potential Loyalists
3961.0,2024-12-04,9,15330.060000000001,27.0,3,4,4,344,Loyal Customers
3962.0,2024-11-04,7,32650.12,57.0,3,3,5,335,Loyal Customers
3963.0,2024-08-20,11,8703.01,133.0,3,5,2,352,Potential Loyalists
3964.0,2023-05-04,7,503447.82,607.0,3,3,5,335,Loyal Customers
3965.0,2024-08-27,6,603947.16,126.0,3,2,5,325,Promising
3966.0,2024-08-28,8,9693.25,125.0,3,3,2,332,Potential Loyalists
3967.0,2024-12-11,12,22242.35,20.0,3,5,5,355,Loyal Customers
3968.0,2023-12-07,5,6913.46,390.0,3,1,2,312,Hibernating
3969.0,2024-10-19,6,7949.12,73.0,3,2,2,322,Hibernating
3970.0,2024-12-03,13,24498.9,28.0,3,5,5,355,Loyal Customers
3971.0,2024-12-29,5,3914.16,2.0,3,1,1,311,Hibernating
3972.0,2024-10-14,7,6505.75,78.0,3,3,1,331,Potential Loyalists
3973.0,2024-10-22,4,4574.85,70.0,3,1,1,311,Hibernating
3974.0,2024-12-16,8,8599.48,15.0,3,3,2,332,Potential Loyalists
3975.0,2023-12-08,4,5261.7699999999995,389.0,3,1,1,311,Hibernating
3976.0,2024-10-06,7,19959.74,86.0,3,3,4,334,Loyal Customers
3977.0,2024-08-25,6,16291.25,128.0,3,2,4,324,Promising
3978.0,2024-06-23,6,19208.940000000002,191.0,3,2,4,324,Promising
3979.0,2024-08-08,6,10397.68,145.0,3,2,3,323,Hibernating
3980.0,2024-11-30,16,23082.23,31.0,3,5,5,355,Loyal Customers
3981.0,2024-12-13,5,6863.6,18.0,3,1,2,312,Hibernating
3982.0,2024-12-19,14,29326.14,12.0,3,5,5,355,Loyal Customers
3983.0,2024-03-18,5,278403.66,288.0,3,1,5,315,Promising
3984.0,2024-08-11,7,16096.830000000002,142.0,3,3,4,334,Loyal Customers
3985.0,2024-09-21,4,287749.98,101.0,3,1,5,315,Promising
3986.0,2024-12-01,11,8098.8099999999995,30.0,3,5,2,352,Potential Loyalists
3987.0,2024-11-27,6,23961.97,34.0,3,2,5,325,Promising
3988.0,2024-04-12,4,3763.7,263.0,3,1,1,311,Hibernating
3989.0,2024-05-22,7,2897.96,223.0,3,3,1,331,Potential Loyalists
3990.0,2024-07-23,9,10756.74,161.0,3,4,3,343,Potential Loyalists
3991.0,2024-10-03,13,11915.52,89.0,3,5,3,353,Potential Loyalists
3992.0,2024-11-30,8,13418.34,31.0,3,3,3,333,Potential Loyalists
3993.0,2024-11-17,5,5744.34,44.0,3,1,1,311,Hibernating
3994.0,2024-09-23,13,410138.95,99.0,3,5,5,355,Loyal Customers
3995.0,2024-08-19,4,7385.17,134.0,3,1,2,312,Hibernating
3996.0,2024-10-29,8,16378.41,63.0,3,3,4,334,Loyal Customers
3997.0,2024-02-22,9,27410.51,313.0,3,4,5,345,Loyal Customers
3998.0,2024-08-24,9,23420.28,129.0,3,4,5,345,Loyal Customers
3999.0,2024-12-28,5,4878.71,3.0,3,1,1,311,Hibernating
4000.0,2024-10-16,17,25071.09,76.0,3,5,5,355,Loyal Customers
4001.0,2024-10-29,7,7407.7,63.0,3,3,2,332,Potential Loyalists
4002.0,2024-08-16,11,12869.89,137.0,3,5,3,353,Potential Loyalists
4003.0,2024-12-24,4,220294.63999999998,7.0,3,1,5,315,Promising
4004.0,2024-10-29,4,2639.3199999999997,63.0,3,1,1,311,Hibernating
4005.0,2024-04-10,7,13709.83,265.0,3,3,3,333,Potential Loyalists
4006.0,2024-08-01,9,29069.519999999997,152.0,3,4,5,345,Loyal Customers
4007.0,2024-11-09,4,6604.3,52.0,3,1,2,312,Hibernating
4008.0,2024-10-13,8,17479.489999999998,79.0,3,3,4,334,Loyal Customers
4009.0,2022-04-23,1,944.71,983.0,3,1,1,311,Hibernating
4010.0,2024-12-04,11,202627.95,27.0,3,5,5,355,Loyal Customers
4011.0,2024-12-13,2,2415.61,18.0,3,1,1,311,Hibernating
4012.0,2024-08-27,10,181567.74,126.0,3,5,5,355,Loyal Customers
4013.0,2024-10-20,11,40340.34,72.0,3,5,5,355,Loyal Customers
4014.0,2024-12-19,8,9127.85,12.0,3,3,2,332,Potential Loyalists
4015.0,2024-05-01,6,9689.050000000001,244.0,3,2,2,322,Hibernating
4016.0,2024-12-31,8,53354.51,0.0,3,3,5,335,Loyal Customers
4017.0,2024-10-04,8,7004.990000000001,88.0,3,3,2,332,Potential Loyalists
4018.0,2024-10-22,6,7322.25,70.0,3,2,2,322,Hibernating
4019.0,2024-12-01,13,15692.11,30.0,3,5,4,354,Loyal Customers
4020.0,2024-08-21,8,6190.06,132.0,3,3,1,331,Potential Loyalists
4021.0,2024-12-21,8,17027.2,10.0,3,3,4,334,Loyal Customers
4022.0,2024-12-06,8,613133.3,25.0,3,3,5,335,Loyal Customers
4023.0,2024-12-09,7,3567.18,22.0,3,3,1,331,Potential Loyalists
4024.0,2024-12-05,5,9361.79,26.0,3,1,2,312,Hibernating
4025.0,2024-01-09,8,17653.88,357.0,3,3,4,334,Loyal Customers
4026.0,2024-05-08,3,2347.47,237.0,3,1,1,311,Hibernating
4027.0,2024-12-12,6,13670.45,19.0,3,2,3,323,Hibernating
4028.0,2024-12-12,11,18613.15,19.0,3,5,4,354,Loyal Customers
4029.0,2024-10-15,5,21169.579999999998,77.0,3,1,4,314,Hibernating
4030.0,2024-11-22,6,5114.7,39.0,3,2,1,321,Hibernating
4031.0,2024-09-02,5,11296.18,120.0,3,1,3,313,Hibernating
4032.0,2024-11-25,10,20925.31,36.0,3,5,4,354,Loyal Customers
4033.0,2024-08-08,9,22410.4,145.0,3,4,5,345,Loyal Customers
4034.0,2024-12-21,10,23697.06,10.0,3,5,5,355,Loyal Customers
4035.0,2024-08-22,7,13678.740000000002,131.0,3,3,3,333,Potential Loyalists
4036.0,2024-11-30,7,29203.510000000002,31.0,3,3,5,335,Loyal Customers
4037.0,2024-12-16,12,13830.220000000001,15.0,3,5,3,353,Potential Loyalists
4038.0,2024-08-10,10,17733.6,143.0,3,5,4,354,Loyal Customers
4039.0,2024-08-04,9,187137.71,149.0,3,4,5,345,Loyal Customers
4040.0,2024-10-15,3,3241.63,77.0,3,1,1,311,Hibernating
4041.0,2024-12-20,14,26993.95,11.0,3,5,5,355,Loyal Customers
4042.0,2023-10-26,6,16341.0,432.0,3,2,4,324,Promising
4043.0,2024-04-18,8,22682.42,257.0,3,3,5,335,Loyal Customers
4044.0,2024-06-12,8,11272.15,202.0,3,3,3,333,Potential Loyalists
4045.0,2024-10-29,7,11803.3,63.0,3,3,3,333,Potential Loyalists
4046.0,2024-11-15,10,12513.48,46.0,3,5,3,353,Potential Loyalists
4047.0,2024-05-19,6,11681.54,226.0,3,2,3,323,Hibernating
4048.0,2024-10-20,8,11992.24,72.0,3,3,3,333,Potential Loyalists
4049.0,2024-12-12,8,8870.63,19.0,3,3,2,332,Potential Loyalists
4050.0,2024-12-09,5,19954.059999999998,22.0,3,1,4,314,Hibernating
4051.0,2024-12-07,11,18621.47,24.0,3,5,4,354,Loyal Customers
4052.0,2024-10-06,3,209986.21,86.0,3,1,5,315,Promising
4053.0,2024-11-10,11,24475.85,51.0,3,5,5,355,Loyal Customers
4054.0,2024-12-01,10,9406.93,30.0,3,5,2,352,Potential Loyalists
4055.0,2024-03-21,7,16413.02,285.0,3,3,4,334,Loyal Customers
4056.0,2024-11-09,6,8197.779999999999,52.0,3,2,2,322,Hibernating
4057.0,2024-12-13,7,13383.6,18.0,3,3,3,333,Potential Loyalists
4058.0,2024-07-20,4,5992.37,164.0,3,1,1,311,Hibernating
4059.0,2024-10-26,6,13668.98,66.0,3,2,3,323,Hibernating
4060.0,2024-09-06,6,409857.62,116.0,3,2,5,325,Promising
4061.0,2024-12-02,6,21877.6,29.0,3,2,4,324,Promising
4062.0,2024-11-26,10,23403.489999999998,35.0,3,5,5,355,Loyal Customers
4063.0,2024-04-09,5,2601.8,266.0,3,1,1,311,Hibernating
4064.0,2023-09-10,4,3480.75,478.0,3,1,1,311,Hibernating
4065.0,2024-08-24,6,4155.62,129.0,3,2,1,321,Hibernating
4066.0,2023-09-28,3,5218.46,460.0,3,1,1,311,Hibernating
4067.0,2024-11-29,8,11754.21,32.0,3,3,3,333,Potential Loyalists
4068.0,2024-08-05,11,513336.37,148.0,3,5,5,355,Loyal Customers
4069.0,2024-12-20,8,5576.92,11.0,3,3,1,331,Potential Loyalists
4070.0,2024-11-12,12,20295.75,49.0,3,5,4,354,Loyal Customers
4071.0,2024-11-21,3,4476.9,40.0,3,1,1,311,Hibernating
4072.0,2024-11-17,8,15549.550000000001,44.0,3,3,4,334,Loyal Customers
4073.0,2024-10-15,10,20870.89,77.0,3,5,4,354,Loyal Customers
4074.0,2024-07-23,5,9215.289999999999,161.0,3,1,2,312,Hibernating
4075.0,2024-09-10,7,16921.87,112.0,3,3,4,334,Loyal Customers
4076.0,2024-12-03,7,414970.89,28.0,3,3,5,335,Loyal Customers
4077.0,2024-11-30,10,181952.38999999998,31.0,3,5,5,355,Loyal Customers
4078.0,2024-12-29,11,22933.02,2.0,3,5,5,355,Loyal Customers
4079.0,2024-12-28,3,2197.1,3.0,3,1,1,311,Hibernating
4080.0,2024-06-09,8,8530.37,205.0,3,3,2,332,Potential Loyalists
4081.0,2024-07-01,6,9601.48,183.0,3,2,2,322,Hibernating
4082.0,2024-10-07,10,21560.74,85.0,3,5,4,354,Loyal Customers
4083.0,2024-12-10,7,13891.439999999999,21.0,3,3,3,333,Potential Loyalists
4084.0,2024-11-25,5,4236.63,36.0,3,1,1,311,Hibernating
4085.0,2024-12-03,6,15399.66,28.0,3,2,4,324,Promising
4086.0,2024-12-15,9,849524.6000000001,16.0,3,4,5,345,Loyal Customers
4087.0,2024-07-21,9,20804.04,163.0,3,4,4,344,Loyal Customers
4088.0,2024-12-12,9,13986.34,19.0,3,4,3,343,Potential Loyalists
4089.0,2023-12-09,7,6243.42,388.0,3,3,1,331,Potential Loyalists
4090.0,2024-03-21,3,2607.66,285.0,3,1,1,311,Hibernating
4091.0,2024-08-10,10,126774.60999999999,143.0,3,5,5,355,Loyal Customers
4092.0,2024-08-09,10,210813.88999999998,144.0,3,5,5,355,Loyal Customers
4093.0,2024-12-09,5,4297.04,22.0,3,1,1,311,Hibernating
4094.0,2023-10-12,12,14615.53,446.0,3,5,4,354,Loyal Customers
4095.0,2024-11-11,9,25252.98,50.0,3,4,5,345,Loyal Customers
4096.0,2024-08-19,4,4015.84,134.0,3,1,1,311,Hibernating
4097.0,2024-12-26,8,17519.51,5.0,3,3,4,334,Loyal Customers
4098.0,2024-10-23,8,9514.32,69.0,3,3,2,332,Potential Loyalists
4099.0,2024-05-13,3,9142.48,232.0,3,1,2,312,Hibernating
4100.0,2024-08-17,10,10752.38,136.0,3,5,3,353,Potential Loyalists
4101.0,2024-05-29,3,3890.41,216.0,3,1,1,311,Hibernating
4102.0,2024-10-19,10,12975.24,73.0,3,5,3,353,Potential Loyalists
4103.0,2024-11-29,3,6627.13,32.0,3,1,2,312,Hibernating
4104.0,2024-11-20,8,14843.82,41.0,3,3,4,334,Loyal Customers
4105.0,2024-07-10,7,11838.23,174.0,3,3,3,333,Potential Loyalists
4106.0,2024-07-15,10,20465.99,169.0,3,5,4,354,Loyal Customers
4107.0,2024-10-02,9,62315.05999999999,90.0,3,4,5,345,Loyal Customers
4108.0,2023-11-16,6,208679.41,411.0,3,2,5,325,Promising
4109.0,2024-12-26,11,14131.11,5.0,3,5,3,353,Potential Loyalists
4110.0,2024-09-18,8,7279.4800000000005,104.0,3,3,2,332,Potential Loyalists
4111.0,2024-10-02,4,4040.23,90.0,3,1,1,311,Hibernating
4112.0,2024-12-07,7,10052.69,24.0,3,3,2,332,Potential Loyalists
4113.0,2024-09-28,6,8886.349999999999,94.0,3,2,2,322,Hibernating
4114.0,2024-07-08,13,1057818.28,176.0,3,5,5,355,Loyal Customers
4115.0,2024-09-22,11,15038.119999999999,100.0,3,5,4,354,Loyal Customers
4116.0,2024-11-07,5,10609.41,54.0,3,1,3,313,Hibernating
4117.0,2024-05-17,9,182714.31,228.0,3,4,5,345,Loyal Customers
4118.0,2024-09-18,5,7712.98,104.0,3,1,2,312,Hibernating
4119.0,2024-12-19,11,30372.28,12.0,3,5,5,355,Loyal Customers
4120.0,2024-02-28,5,6904.1,307.0,3,1,2,312,Hibernating
4121.0,2024-12-05,7,5644.57,26.0,3,3,1,331,Potential Loyalists
4122.0,2024-10-12,7,11048.84,80.0,3,3,3,333,Potential Loyalists
4123.0,2024-12-23,10,7349.79,8.0,3,5,2,352,Potential Loyalists
4124.0,2024-09-09,12,17144.98,113.0,3,5,4,354,Loyal Customers
4125.0,2024-07-06,6,5703.57,178.0,3,2,1,321,Hibernating
4126.0,2024-04-07,9,14140.99,268.0,3,4,3,343,Potential Loyalists
4127.0,2024-12-02,11,18835.49,29.0,3,5,4,354,Loyal Customers
4128.0,2024-01-03,8,12066.49,363.0,3,3,3,333,Potential Loyalists
4129.0,2024-12-20,6,8571.67,11.0,3,2,2,322,Hibernating
4130.0,2024-03-13,7,10974.85,293.0,3,3,3,333,Potential Loyalists
4131.0,2024-08-27,7,5305.34,126.0,3,3,1,331,Potential Loyalists
4132.0,2024-10-02,10,15586.900000000001,90.0,3,5,4,354,Loyal Customers
4133.0,2024-10-01,5,5756.320000000001,91.0,3,1,1,311,Hibernating
4134.0,2024-10-10,10,19168.86,82.0,3,5,4,354,Loyal Customers
4135.0,2024-10-05,5,5932.38,87.0,3,1,1,311,Hibernating
4136.0,2024-11-25,10,520160.26,36.0,3,5,5,355,Loyal Customers
4137.0,2024-11-28,8,14861.66,33.0,3,3,4,334,Loyal Customers
4138.0,2024-11-14,8,14752.460000000001,47.0,3,3,4,334,Loyal Customers
4139.0,2024-12-16,5,25300.71,15.0,3,1,5,315,Promising
4140.0,2024-09-20,6,22612.010000000002,102.0,3,2,5,325,Promising
4141.0,2024-04-29,7,7102.42,246.0,3,3,2,332,Potential Loyalists
4142.0,2024-12-11,6,11007.27,20.0,3,2,3,323,Hibernating
4143.0,2024-07-19,9,12143.39,165.0,3,4,3,343,Potential Loyalists
4144.0,2024-01-29,5,5547.71,337.0,3,1,1,311,Hibernating
4145.0,2024-10-07,8,10612.07,85.0,3,3,3,333,Potential Loyalists
4146.0,2024-08-15,5,7452.93,138.0,3,1,2,312,Hibernating
4147.0,2024-10-17,7,3947.81,75.0,3,3,1,331,Potential Loyalists
4148.0,2024-08-06,4,5690.030000000001,147.0,3,1,1,311,Hibernating
4149.0,2024-09-19,7,85139.45,103.0,3,3,5,335,Loyal Customers
4150.0,2023-09-24,4,276490.11,464.0,3,1,5,315,Promising
4151.0,2024-09-20,10,15874.279999999999,102.0,3,5,4,354,Loyal Customers
4152.0,2024-03-04,3,1314.9499999999998,302.0,3,1,1,311,Hibernating
4153.0,2024-12-13,5,10142.51,18.0,3,1,2,312,Hibernating
4154.0,2024-08-19,7,9860.42,134.0,3,3,2,332,Potential Loyalists
4155.0,2024-09-06,7,175787.01,116.0,3,3,5,335,Loyal Customers
4156.0,2024-10-06,5,2976.1099999999997,86.0,3,1,1,311,Hibernating
4157.0,2023-06-13,7,13111.369999999999,567.0,3,3,3,333,Potential Loyalists
4158.0,2024-11-14,6,8944.49,47.0,3,2,2,322,Hibernating
4159.0,2024-10-14,8,8551.54,78.0,3,3,2,332,Potential Loyalists
4160.0,2024-09-26,9,15080.21,96.0,3,4,4,344,Loyal Customers
4161.0,2024-10-24,10,12993.460000000001,68.0,3,5,3,353,Potential Loyalists
4162.0,2024-02-24,4,6551.51,311.0,3,1,1,311,Hibernating
4163.0,2024-10-17,8,16880.190000000002,75.0,3,3,4,334,Loyal Customers
4164.0,2024-10-08,8,640006.51,84.0,3,3,5,335,Loyal Customers
4165.0,2024-05-18,5,444332.81,227.0,3,1,5,315,Promising
4166.0,2024-01-14,7,10284.72,352.0,3,3,3,333,Potential Loyalists
4167.0,2024-08-12,6,276910.63,141.0,3,2,5,325,Promising
4168.0,2024-07-08,4,4990.99,176.0,3,1,1,311,Hibernating
4169.0,2023-10-11,5,9443.38,447.0,3,1,2,312,Hibernating
4170.0,2023-04-06,6,13160.81,635.0,3,2,3,323,Hibernating
4171.0,2024-12-24,6,11041.25,7.0,3,2,3,323,Hibernating
4172.0,2024-11-11,11,14387.36,50.0,3,5,3,353,Potential Loyalists
4173.0,2024-02-05,6,10198.63,330.0,3,2,2,322,Hibernating
4174.0,2023-09-10,5,9932.61,478.0,3,1,2,312,Hibernating
4175.0,2024-12-28,12,25469.59,3.0,3,5,5,355,Loyal Customers
4176.0,2024-05-12,5,14499.21,233.0,3,1,4,314,Hibernating
4177.0,2023-09-27,6,6154.21,461.0,3,2,1,321,Hibernating
4178.0,2024-12-23,9,14825.17,8.0,3,4,4,344,Loyal Customers
4179.0,2024-12-26,4,2936.4599999999996,5.0,3,1,1,311,Hibernating
4180.0,2024-12-15,7,5502.55,16.0,3,3,1,331,Potential Loyalists
4181.0,2023-11-26,5,9486.06,401.0,3,1,2,312,Hibernating
4182.0,2024-12-25,11,12504.68,6.0,3,5,3,353,Potential Loyalists
4183.0,2024-04-16,9,8417.34,259.0,3,4,2,342,Potential Loyalists
4184.0,2024-11-25,9,21267.55,36.0,3,4,4,344,Loyal Customers
4185.0,2024-12-25,6,10136.45,6.0,3,2,2,322,Hibernating
4186.0,2024-12-27,9,15246.17,4.0,3,4,4,344,Loyal Customers
4187.0,2024-11-25,6,7754.410000000001,36.0,3,2,2,322,Hibernating
4188.0,2024-07-03,6,8067.34,181.0,3,2,2,322,Hibernating
4189.0,2024-11-09,8,8287.05,52.0,3,3,2,332,Potential Loyalists
4190.0,2024-11-18,10,13048.41,43.0,3,5,3,353,Potential Loyalists
4191.0,2024-09-06,6,7601.58,116.0,3,2,2,322,Hibernating
4192.0,2024-02-28,6,5184.07,307.0,3,2,1,321,Hibernating
4193.0,2024-03-22,3,1486.27,284.0,3,1,1,311,Hibernating
4194.0,2024-12-10,5,3752.0,21.0,3,1,1,311,Hibernating
4195.0,2024-11-11,4,9276.35,50.0,3,1,2,312,Hibernating
4196.0,2024-11-12,8,18213.96,49.0,3,3,4,334,Loyal Customers
4197.0,2024-10-16,8,4858.49,76.0,3,3,1,331,Potential Loyalists
4198.0,2024-06-03,10,26763.59,211.0,3,5,5,355,Loyal Customers
4199.0,2024-12-28,5,16208.67,3.0,3,1,4,314,Hibernating
4200.0,2024-12-02,10,16065.890000000001,29.0,3,5,4,354,Loyal Customers
4201.0,2024-08-05,7,11058.83,148.0,3,3,3,333,Potential Loyalists
4202.0,2024-09-22,10,15963.7,100.0,3,5,4,354,Loyal Customers
4203.0,2024-09-25,10,7025.04,97.0,3,5,2,352,Potential Loyalists
4204.0,2024-03-13,4,3096.26,293.0,3,1,1,311,Hibernating
4205.0,2024-08-27,5,16696.29,126.0,3,1,4,314,Hibernating
4206.0,2024-10-27,8,16735.51,65.0,3,3,4,334,Loyal Customers
4207.0,2024-10-03,4,5182.65,89.0,3,1,1,311,Hibernating
4208.0,2024-12-12,10,13970.03,19.0,3,5,3,353,Potential Loyalists
4209.0,2024-12-04,5,7422.51,27.0,3,1,2,312,Hibernating
4210.0,2024-09-18,4,4965.7699999999995,104.0,3,1,1,311,Hibernating
4211.0,2024-05-23,9,29400.34,222.0,3,4,5,345,Loyal Customers
4212.0,2023-11-28,5,8573.76,399.0,3,1,2,312,Hibernating
4213.0,2024-07-26,7,7613.09,158.0,3,3,2,332,Potential Loyalists
4214.0,2024-07-11,6,4371.12,173.0,3,2,1,321,Hibernating
4215.0,2024-11-23,11,1214744.16,38.0,3,5,5,355,Loyal Customers
4216.0,2024-05-13,10,320039.95,232.0,3,5,5,355,Loyal Customers
4217.0,2024-11-16,11,14263.99,45.0,3,5,3,353,Potential Loyalists
4218.0,2024-02-12,2,825.66,323.0,3,1,1,311,Hibernating
4219.0,2024-06-07,7,8645.59,207.0,3,3,2,332,Potential Loyalists
4220.0,2024-12-12,10,19668.22,19.0,3,5,4,354,Loyal Customers
4221.0,2024-06-18,5,17018.06,196.0,3,1,4,314,Hibernating
4222.0,2024-07-31,6,11027.35,153.0,3,2,3,323,Hibernating
4223.0,2024-11-15,6,10512.11,46.0,3,2,3,323,Hibernating
4224.0,2024-09-15,5,20486.579999999998,107.0,3,1,4,314,Hibernating
4225.0,2024-12-18,7,3509.68,13.0,3,3,1,331,Potential Loyalists
4226.0,2024-06-28,6,5560.36,186.0,3,2,1,321,Hibernating
4227.0,2024-08-07,5,7682.38,146.0,3,1,2,312,Hibernating
4228.0,2024-10-27,7,14702.64,65.0,3,3,4,334,Loyal Customers
4229.0,2024-12-15,11,19276.01,16.0,3,5,4,354,Loyal Customers
4230.0,2024-10-18,5,74921.84,74.0,3,1,5,315,Promising
4231.0,2024-11-20,6,210475.71,41.0,3,2,5,325,Promising
4232.0,2024-07-18,4,5487.75,166.0,3,1,1,311,Hibernating
4233.0,2024-04-14,9,26112.329999999998,261.0,3,4,5,345,Loyal Customers
4234.0,2022-12-31,4,501800.07999999996,731.0,3,1,5,315,Promising
4235.0,2024-11-14,8,13167.99,47.0,3,3,3,333,Potential Loyalists
4236.0,2024-09-22,8,30483.11,100.0,3,3,5,335,Loyal Customers
4237.0,2024-09-18,7,16701.739999999998,104.0,3,3,4,334,Loyal Customers
4238.0,2024-12-14,7,10737.3,17.0,3,3,3,333,Potential Loyalists
4239.0,2024-08-12,7,575932.53,141.0,3,3,5,335,Loyal Customers
4240.0,2022-11-18,2,3119.8999999999996,774.0,3,1,1,311,Hibernating
4241.0,2024-12-22,11,280645.56,9.0,3,5,5,355,Loyal Customers
4242.0,2024-10-15,9,19058.05,77.0,3,4,4,344,Loyal Customers
4243.0,2024-07-31,8,12943.03,153.0,3,3,3,333,Potential Loyalists
4244.0,2024-12-30,9,71158.29999999999,1.0,3,4,5,345,Loyal Customers
4245.0,2023-10-10,5,4338.13,448.0,3,1,1,311,Hibernating
4246.0,2024-08-12,7,26268.469999999998,141.0,3,3,5,335,Loyal Customers
4247.0,2023-09-27,7,9537.59,461.0,3,3,2,332,Potential Loyalists
4248.0,2024-04-26,5,4590.14,249.0,3,1,1,311,Hibernating
4249.0,2024-09-12,7,5546.16,110.0,3,3,1,331,Potential Loyalists
4250.0,2024-07-28,8,17508.59,156.0,3,3,4,334,Loyal Customers
4251.0,2024-05-15,4,5345.26,230.0,3,1,1,311,Hibernating
4252.0,2024-05-27,7,11248.23,218.0,3,3,3,333,Potential Loyalists
4253.0,2023-11-27,6,15299.25,400.0,3,2,4,324,Promising
4254.0,2024-10-30,9,516574.99,62.0,3,4,5,345,Loyal Customers
4255.0,2024-12-05,8,12031.66,26.0,3,3,3,333,Potential Loyalists
4256.0,2024-05-05,4,6440.18,240.0,3,1,1,311,Hibernating
4257.0,2023-07-05,5,20777.95,545.0,3,1,4,314,Hibernating
4258.0,2024-06-27,9,13039.5,187.0,3,4,3,343,Potential Loyalists
4259.0,2024-03-27,7,8316.39,279.0,3,3,2,332,Potential Loyalists
4260.0,2023-05-30,5,4855.02,581.0,3,1,1,311,Hibernating
4261.0,2024-08-02,6,10949.26,151.0,3,2,3,323,Hibernating
4262.0,2024-12-25,9,165852.61000000002,6.0,3,4,5,345,Loyal Customers
4263.0,2024-06-23,3,173181.66999999998,191.0,3,1,5,315,Promising
4264.0,2024-10-15,7,14509.189999999999,77.0,3,3,4,334,Loyal Customers
4265.0,2024-01-13,7,9304.05,353.0,3,3,2,332,Potential Loyalists
4266.0,2023-06-01,4,336768.37,579.0,3,1,5,315,Promising
4267.0,2024-11-06,5,11134.92,55.0,3,1,3,313,Hibernating
4268.0,2024-06-26,7,9589.17,188.0,3,3,2,332,Potential Loyalists
4269.0,2024-12-29,8,13933.33,2.0,3,3,3,333,Potential Loyalists
4270.0,2024-12-14,12,30150.329999999998,17.0,3,5,5,355,Loyal Customers
4271.0,2024-12-30,6,8168.81,1.0,3,2,2,322,Hibernating
4272.0,2023-10-16,8,29423.47,442.0,3,3,5,335,Loyal Customers
4273.0,2024-11-30,3,3293.26,31.0,3,1,1,311,Hibernating
4274.0,2023-10-27,4,9152.33,431.0,3,1,2,312,Hibernating
4275.0,2024-09-14,11,15597.77,108.0,3,5,4,354,Loyal Customers
4276.0,2024-08-18,8,25239.34,135.0,3,3,5,335,Loyal Customers
4277.0,2024-12-30,7,21047.31,1.0,3,3,4,334,Loyal Customers
4278.0,2024-08-05,12,20020.58,148.0,3,5,4,354,Loyal Customers
4279.0,2024-11-23,12,16811.78,38.0,3,5,4,354,Loyal Customers
4280.0,2024-08-01,10,15027.81,152.0,3,5,4,354,Loyal Customers
4281.0,2024-02-12,6,11037.880000000001,323.0,3,2,3,323,Hibernating
4282.0,2024-08-21,5,20855.55,132.0,3,1,4,314,Hibernating
4283.0,2024-03-12,11,44916.11,294.0,3,5,5,355,Loyal Customers
4284.0,2024-11-30,8,16743.14,31.0,3,3,4,334,Loyal Customers
4285.0,2024-10-28,7,5246.81,64.0,3,3,1,331,Potential Loyalists
4286.0,2024-07-09,9,10953.880000000001,175.0,3,4,3,343,Potential Loyalists
4287.0,2024-11-27,9,13592.52,34.0,3,4,3,343,Potential Loyalists
4288.0,2024-12-19,5,8874.75,12.0,3,1,2,312,Hibernating
4289.0,2024-11-20,6,5102.2,41.0,3,2,1,321,Hibernating
4290.0,2024-12-25,14,21462.64,6.0,3,5,4,354,Loyal Customers
4291.0,2024-11-27,5,31724.23,34.0,3,1,5,315,Promising
4292.0,2024-09-11,7,8578.8,111.0,3,3,2,332,Potential Loyalists
4293.0,2024-09-02,7,8189.110000000001,120.0,3,3,2,332,Potential Loyalists
4294.0,2024-12-18,7,15126.55,13.0,3,3,4,334,Loyal Customers
4295.0,2024-11-17,8,7697.74,44.0,3,3,2,332,Potential Loyalists
4296.0,2024-06-02,5,12356.3,212.0,3,1,3,313,Hibernating
4297.0,2024-11-03,8,16796.68,58.0,3,3,4,334,Loyal Customers
4298.0,2024-08-17,9,26723.85,136.0,3,4,5,345,Loyal Customers
4299.0,2024-09-22,7,8416.18,100.0,3,3,2,332,Potential Loyalists
4300.0,2024-11-04,6,15502.27,57.0,3,2,4,324,Promising
4301.0,2024-12-08,9,25447.21,23.0,3,4,5,345,Loyal Customers
4302.0,2024-11-14,10,407698.04,47.0,3,5,5,355,Loyal Customers
4303.0,2024-05-07,6,6073.1900000000005,238.0,3,2,1,321,Hibernating
4304.0,2024-12-12,8,11310.99,19.0,3,3,3,333,Potential Loyalists
4305.0,2023-06-16,8,18913.2,564.0,3,3,4,334,Loyal Customers
4306.0,2024-11-25,8,3921.0,36.0,3,3,1,331,Potential Loyalists
4307.0,2024-05-22,10,21453.07,223.0,3,5,4,354,Loyal Customers
4308.0,2024-08-29,6,7905.14,124.0,3,2,2,322,Hibernating
4309.0,2024-11-04,7,8718.18,57.0,3,3,2,332,Potential Loyalists
4310.0,2024-07-15,5,3315.5699999999997,169.0,3,1,1,311,Hibernating
4311.0,2024-11-26,9,15876.82,35.0,3,4,4,344,Loyal Customers
4312.0,2024-04-04,6,19198.43,271.0,3,2,4,324,Promising
4313.0,2024-09-27,9,19561.96,95.0,3,4,4,344,Loyal Customers
4314.0,2024-12-21,9,18025.74,10.0,3,4,4,344,Loyal Customers
4315.0,2024-10-23,6,8133.03,69.0,3,2,2,322,Hibernating
4316.0,2024-08-04,8,7340.92,149.0,3,3,2,332,Potential Loyalists
4317.0,2024-11-13,8,4057.4300000000003,48.0,3,3,1,331,Potential Loyalists
4318.0,2024-09-16,8,21489.26,106.0,3,3,4,334,Loyal Customers
4319.0,2024-07-06,10,16549.96,178.0,3,5,4,354,Loyal Customers
4320.0,2024-07-14,5,6028.25,170.0,3,1,1,311,Hibernating
4321.0,2024-11-09,10,17524.51,52.0,3,5,4,354,Loyal Customers
4322.0,2024-11-08,10,20657.56,53.0,3,5,4,354,Loyal Customers
4323.0,2024-12-31,6,6920.1900000000005,0.0,3,2,2,322,Hibernating
4324.0,2024-12-21,3,5195.83,10.0,3,1,1,311,Hibernating
4325.0,2024-12-02,11,13336.949999999999,29.0,3,5,3,353,Potential Loyalists
4326.0,2024-07-22,12,699039.35,162.0,3,5,5,355,Loyal Customers
4327.0,2024-05-08,10,24264.07,237.0,3,5,5,355,Loyal Customers
4328.0,2024-10-09,9,10442.53,83.0,3,4,3,343,Potential Loyalists
4329.0,2024-07-04,7,16018.609999999999,180.0,3,3,4,334,Loyal Customers
4330.0,2024-12-08,7,11762.380000000001,23.0,3,3,3,333,Potential Loyalists
4331.0,2024-02-11,8,21087.97,324.0,3,3,4,334,Loyal Customers
4332.0,2024-06-06,11,13373.61,208.0,3,5,3,353,Potential Loyalists
4333.0,2022-11-09,3,1687.71,783.0,3,1,1,311,Hibernating
4334.0,2024-10-10,7,12002.949999999999,82.0,3,3,3,333,Potential Loyalists
4335.0,2024-05-17,5,11251.51,228.0,3,1,3,313,Hibernating
4336.0,2024-06-05,4,3259.4900000000002,209.0,3,1,1,311,Hibernating
4337.0,2024-10-27,10,23473.15,65.0,3,5,5,355,Loyal Customers
4338.0,2024-04-25,6,7990.44,250.0,3,2,2,322,Hibernating
4339.0,2024-09-30,8,10455.33,92.0,3,3,3,333,Potential Loyalists
4340.0,2024-11-11,8,21528.13,50.0,3,3,4,334,Loyal Customers
4341.0,2024-05-06,7,8076.11,239.0,3,3,2,332,Potential Loyalists
4342.0,2024-09-28,6,4410.07,94.0,3,2,1,321,Hibernating
4343.0,2024-12-02,3,9142.02,29.0,3,1,2,312,Hibernating
4344.0,2024-12-19,11,24338.1,12.0,3,5,5,355,Loyal Customers
4345.0,2023-09-11,7,18876.36,477.0,3,3,4,334,Loyal Customers
4346.0,2024-03-23,8,9160.73,283.0,3,3,2,332,Potential Loyalists
4347.0,2024-11-28,9,17919.239999999998,33.0,3,4,4,344,Loyal Customers
4348.0,2024-12-03,2,594.38,28.0,3,1,1,311,Hibernating
4349.0,2024-11-03,5,2927.11,58.0,3,1,1,311,Hibernating
4350.0,2024-01-17,4,10884.05,349.0,3,1,3,313,Hibernating
4351.0,2024-10-31,8,13753.77,61.0,3,3,3,333,Potential Loyalists
4352.0,2024-11-26,9,25724.190000000002,35.0,3,4,5,345,Loyal Customers
4353.0,2024-11-29,7,157257.92,32.0,3,3,5,335,Loyal Customers
4354.0,2024-11-13,8,9595.68,48.0,3,3,2,332,Potential Loyalists
4355.0,2024-09-30,7,5717.599999999999,92.0,3,3,1,331,Potential Loyalists
4356.0,2024-12-22,13,610894.1,9.0,3,5,5,355,Loyal Customers
4357.0,2024-08-29,10,17014.82,124.0,3,5,4,354,Loyal Customers
4358.0,2024-05-07,9,17954.91,238.0,3,4,4,344,Loyal Customers
4359.0,2024-10-23,6,9360.39,69.0,3,2,2,322,Hibernating
4360.0,2024-01-13,2,3189.24,353.0,3,1,1,311,Hibernating
4361.0,2024-03-30,5,6497.349999999999,276.0,3,1,1,311,Hibernating
4362.0,2024-09-17,11,33163.69,105.0,3,5,5,355,Loyal Customers
4363.0,2024-11-30,6,9434.869999999999,31.0,3,2,2,322,Hibernating
4364.0,2024-04-25,3,10154.05,250.0,3,1,2,312,Hibernating
4365.0,2024-11-03,8,12807.65,58.0,3,3,3,333,Potential Loyalists
4366.0,2023-03-31,3,168876.51,641.0,3,1,5,315,Promising
4367.0,2024-12-18,5,13737.26,13.0,3,1,3,313,Hibernating
4368.0,2023-03-18,2,5519.27,654.0,3,1,1,311,Hibernating
4369.0,2024-12-08,8,6141.1900000000005,23.0,3,3,1,331,Potential Loyalists
4370.0,2024-11-22,9,22940.02,39.0,3,4,5,345,Loyal Customers
4371.0,2023-10-10,6,8714.84,448.0,3,2,2,322,Hibernating
4372.0,2024-08-13,5,12843.199999999999,140.0,3,1,3,313,Hibernating
4373.0,2024-05-18,4,2766.73,227.0,3,1,1,311,Hibernating
4374.0,2024-12-15,15,20045.05,16.0,3,5,4,354,Loyal Customers
4375.0,2024-03-11,8,21036.39,295.0,3,3,4,334,Loyal Customers
4376.0,2024-02-05,4,11212.060000000001,330.0,3,1,3,313,Hibernating
4377.0,2024-12-03,8,12052.94,28.0,3,3,3,333,Potential Loyalists
4378.0,2022-08-28,4,7265.650000000001,856.0,3,1,2,312,Hibernating
4379.0,2024-11-16,5,7952.15,45.0,3,1,2,312,Hibernating
4380.0,2024-08-18,9,414028.18,135.0,3,4,5,345,Loyal Customers
4381.0,2024-08-31,8,33532.21,122.0,3,3,5,335,Loyal Customers
4382.0,2024-08-11,4,8492.64,142.0,3,1,2,312,Hibernating
4383.0,2024-12-10,11,34788.76,21.0,3,5,5,355,Loyal Customers
4384.0,2024-05-31,8,14556.98,214.0,3,3,4,334,Loyal Customers
4385.0,2024-07-06,3,3358.48,178.0,3,1,1,311,Hibernating
4386.0,2024-06-10,4,10175.42,204.0,3,1,2,312,Hibernating
4387.0,2024-10-08,10,15190.45,84.0,3,5,4,354,Loyal Customers
4388.0,2024-09-26,5,5183.33,96.0,3,1,1,311,Hibernating
4389.0,2024-09-22,11,26953.48,100.0,3,5,5,355,Loyal Customers
4390.0,2024-12-13,4,5816.29,18.0,3,1,1,311,Hibernating
4391.0,2024-02-18,3,1416.44,317.0,3,1,1,311,Hibernating
4392.0,2024-06-12,6,12558.69,202.0,3,2,3,323,Hibernating
4393.0,2024-09-19,9,11189.560000000001,103.0,3,4,3,343,Potential Loyalists
4394.0,2024-07-19,8,7261.82,165.0,3,3,2,332,Potential Loyalists
4395.0,2024-05-19,2,2401.0299999999997,226.0,3,1,1,311,Hibernating
4396.0,2024-07-04,6,5367.7,180.0,3,2,1,321,Hibernating
4397.0,2024-06-26,7,13914.01,188.0,3,3,3,333,Potential Loyalists
4398.0,2024-07-20,5,7190.09,164.0,3,1,2,312,Hibernating
4399.0,2024-10-05,4,8290.52,87.0,3,1,2,312,Hibernating
4400.0,2023-11-10,3,3835.06,417.0,3,1,1,311,Hibernating
4401.0,2024-09-26,9,23005.13,96.0,3,4,5,345,Loyal Customers
4402.0,2024-11-25,7,408624.4,36.0,3,3,5,335,Loyal Customers
4403.0,2024-09-29,11,16338.23,93.0,3,5,4,354,Loyal Customers
4404.0,2024-08-26,7,6995.68,127.0,3,3,2,332,Potential Loyalists
4405.0,2024-11-10,9,14948.65,51.0,3,4,4,344,Loyal Customers
4406.0,2024-02-26,9,185040.63999999998,309.0,3,4,5,345,Loyal Customers
4407.0,2023-10-27,7,7507.12,431.0,3,3,2,332,Potential Loyalists
4408.0,2024-09-10,5,3072.29,112.0,3,1,1,311,Hibernating
4409.0,2023-09-18,4,337173.62,470.0,3,1,5,315,Promising
4410.0,2024-09-08,6,21106.6,114.0,3,2,4,324,Promising
4411.0,2023-11-27,4,3691.3199999999997,400.0,3,1,1,311,Hibernating
4412.0,2024-07-17,12,18073.38,167.0,3,5,4,354,Loyal Customers
4413.0,2024-07-27,2,10095.11,157.0,3,1,2,312,Hibernating
4414.0,2024-11-02,9,15824.47,59.0,3,4,4,344,Loyal Customers
4415.0,2024-10-01,11,13706.31,91.0,3,5,3,353,Potential Loyalists
4416.0,2024-03-23,8,9620.23,283.0,3,3,2,332,Potential Loyalists
4417.0,2024-12-28,7,6233.66,3.0,3,3,1,331,Potential Loyalists
4418.0,2024-08-08,6,13034.27,145.0,3,2,3,323,Hibernating
4419.0,2024-12-28,11,682023.05,3.0,3,5,5,355,Loyal Customers
4420.0,2024-09-12,4,3710.1400000000003,110.0,3,1,1,311,Hibernating
4421.0,2024-07-29,5,13901.43,155.0,3,1,3,313,Hibernating
4422.0,2024-12-29,8,13447.38,2.0,3,3,3,333,Potential Loyalists
4423.0,2023-06-11,4,17127.52,569.0,3,1,4,314,Hibernating
4424.0,2024-11-23,9,15121.44,38.0,3,4,4,344,Loyal Customers
4425.0,2024-03-02,8,25071.489999999998,304.0,3,3,5,335,Loyal Customers
4426.0,2024-06-13,9,815754.73,201.0,3,4,5,345,Loyal Customers
4427.0,2024-07-23,5,5718.21,161.0,3,1,1,311,Hibernating
4428.0,2024-10-23,7,183108.15,69.0,3,3,5,335,Loyal Customers
4429.0,2024-10-03,10,39193.08,89.0,3,5,5,355,Loyal Customers
4430.0,2024-04-05,6,10882.72,270.0,3,2,3,323,Hibernating
4431.0,2023-08-01,8,21293.03,518.0,3,3,4,334,Loyal Customers
4432.0,2024-12-24,9,13243.99,7.0,3,4,3,343,Potential Loyalists
4433.0,2024-12-26,12,25373.39,5.0,3,5,5,355,Loyal Customers
4434.0,2024-12-09,11,9650.69,22.0,3,5,2,352,Potential Loyalists
4435.0,2024-12-29,10,10824.67,2.0,3,5,3,353,Potential Loyalists
4436.0,2024-02-26,2,2720.15,309.0,3,1,1,311,Hibernating
4437.0,2024-12-28,4,8350.25,3.0,3,1,2,312,Hibernating
4438.0,2024-12-16,10,17563.47,15.0,3,5,4,354,Loyal Customers
4439.0,2024-03-17,5,5797.04,289.0,3,1,1,311,Hibernating
4440.0,2024-02-07,9,12798.48,328.0,3,4,3,343,Potential Loyalists
4441.0,2024-05-01,7,12526.9,244.0,3,3,3,333,Potential Loyalists
4442.0,2024-04-16,5,5279.38,259.0,3,1,1,311,Hibernating
4443.0,2024-09-19,5,7456.62,103.0,3,1,2,312,Hibernating
4444.0,2024-10-04,9,352355.44,88.0,3,4,5,345,Loyal Customers
4445.0,2024-03-24,10,26738.71,282.0,3,5,5,355,Loyal Customers
4446.0,2024-11-25,9,10109.43,36.0,3,4,2,342,Potential Loyalists
4447.0,2024-11-22,20,25727.74,39.0,3,5,5,355,Loyal Customers
4448.0,2024-08-03,13,28236.34,150.0,3,5,5,355,Loyal Customers
4449.0,2024-12-21,5,340809.64999999997,10.0,3,1,5,315,Promising
4450.0,2024-11-25,11,16377.96,36.0,3,5,4,354,Loyal Customers
4451.0,2024-08-03,7,40236.08,150.0,3,3,5,335,Loyal Customers
4452.0,2024-12-03,6,9443.75,28.0,3,2,2,322,Hibernating
4453.0,2024-09-08,12,22825.94,114.0,3,5,5,355,Loyal Customers
4454.0,2024-06-18,8,16398.85,196.0,3,3,4,334,Loyal Customers
4455.0,2024-12-20,8,29365.76,11.0,3,3,5,335,Loyal Customers
4456.0,2024-12-20,12,35261.270000000004,11.0,3,5,5,355,Loyal Customers
4457.0,2024-11-12,11,104969.16,49.0,3,5,5,355,Loyal Customers
4458.0,2024-12-28,12,456366.06000000006,3.0,3,5,5,355,Loyal Customers
4459.0,2024-11-09,5,9580.43,52.0,3,1,2,312,Hibernating
4460.0,2024-12-15,10,24266.99,16.0,3,5,5,355,Loyal Customers
4461.0,2024-09-10,8,12597.39,112.0,3,3,3,333,Potential Loyalists
4462.0,2024-09-06,6,30624.3,116.0,3,2,5,325,Promising
4463.0,2024-07-09,6,136907.83,175.0,3,2,5,325,Promising
4464.0,2024-05-26,6,3342.42,219.0,3,2,1,321,Hibernating
4465.0,2024-08-08,6,17194.59,145.0,3,2,4,324,Promising
4466.0,2024-09-23,4,4874.08,99.0,3,1,1,311,Hibernating
4467.0,2024-09-21,8,18193.41,101.0,3,3,4,334,Loyal Customers
4468.0,2024-07-24,13,223734.78,160.0,3,5,5,355,Loyal Customers
4469.0,2024-11-06,6,3107.77,55.0,3,2,1,321,Hibernating
4470.0,2024-11-30,9,11406.7,31.0,3,4,3,343,Potential Loyalists
4471.0,2024-12-27,12,10212.1,4.0,3,5,2,352,Potential Loyalists
4472.0,2024-12-29,7,26896.670000000002,2.0,3,3,5,335,Loyal Customers
4473.0,2023-12-21,5,11840.41,376.0,3,1,3,313,Hibernating
4474.0,2024-07-15,7,7324.26,169.0,3,3,2,332,Potential Loyalists
4475.0,2024-08-08,6,7703.63,145.0,3,2,2,322,Hibernating
4476.0,2024-09-26,6,8479.77,96.0,3,2,2,322,Hibernating
4477.0,2024-03-23,10,14014.44,283.0,3,5,3,353,Potential Loyalists
4478.0,2023-01-28,5,9952.57,703.0,3,1,2,312,Hibernating
4479.0,2024-10-06,6,7051.96,86.0,3,2,2,322,Hibernating
4480.0,2024-06-17,5,14562.800000000001,197.0,3,1,4,314,Hibernating
4481.0,2024-05-10,6,23507.739999999998,235.0,3,2,5,325,Promising
4482.0,2024-07-06,6,674810.8300000001,178.0,3,2,5,325,Promising
4483.0,2024-12-20,14,40661.77,11.0,3,5,5,355,Loyal Customers
4484.0,2024-01-01,5,15888.53,365.0,3,1,4,314,Hibernating
4485.0,2024-12-14,10,7752.33,17.0,3,5,2,352,Potential Loyalists
4486.0,2024-09-26,7,17536.42,96.0,3,3,4,334,Loyal Customers
4487.0,2024-10-26,13,13695.099999999999,66.0,3,5,3,353,Potential Loyalists
4488.0,2024-08-25,12,16960.16,128.0,3,5,4,354,Loyal Customers
4489.0,2024-11-10,10,8552.95,51.0,3,5,2,352,Potential Loyalists
4490.0,2024-12-06,11,20140.18,25.0,3,5,4,354,Loyal Customers
4491.0,2024-07-20,9,186594.11000000002,164.0,3,4,5,345,Loyal Customers
4492.0,2024-06-08,5,13195.89,206.0,3,1,3,313,Hibernating
4493.0,2024-01-31,9,232794.7,335.0,3,4,5,345,Loyal Customers
4494.0,2024-10-03,2,2987.8,89.0,3,1,1,311,Hibernating
4495.0,2024-04-27,7,9431.23,248.0,3,3,2,332,Potential Loyalists
4496.0,2024-06-25,6,4344.77,189.0,3,2,1,321,Hibernating
4497.0,2024-09-22,10,11934.5,100.0,3,5,3,353,Potential Loyalists
4498.0,2024-06-30,11,23185.45,184.0,3,5,5,355,Loyal Customers
4499.0,2024-08-08,9,15305.32,145.0,3,4,4,344,Loyal Customers
4500.0,2023-10-10,3,3306.6499999999996,448.0,3,1,1,311,Hibernating
4501.0,2024-02-28,7,40161.37,307.0,3,3,5,335,Loyal Customers
4502.0,2024-08-09,12,17384.7,144.0,3,5,4,354,Loyal Customers
4503.0,2024-12-24,7,11479.26,7.0,3,3,3,333,Potential Loyalists
4504.0,2024-11-14,6,10292.29,47.0,3,2,3,323,Hibernating
4505.0,2023-11-06,9,8922.33,421.0,3,4,2,342,Potential Loyalists
4506.0,2024-08-24,6,16570.83,129.0,3,2,4,324,Promising
4507.0,2024-08-22,4,3401.59,131.0,3,1,1,311,Hibernating
4508.0,2024-06-29,11,27249.97,185.0,3,5,5,355,Loyal Customers
4509.0,2024-10-22,8,14494.13,70.0,3,3,4,334,Loyal Customers
4510.0,2024-08-28,11,17893.58,125.0,3,5,4,354,Loyal Customers
4511.0,2024-10-19,12,18627.21,73.0,3,5,4,354,Loyal Customers
4512.0,2023-08-01,5,4910.6,518.0,3,1,1,311,Hibernating
4513.0,2024-10-04,5,172928.33,88.0,3,1,5,315,Promising
4514.0,2023-07-07,5,4819.8,543.0,3,1,1,311,Hibernating
4515.0,2024-11-20,6,7761.599999999999,41.0,3,2,2,322,Hibernating
4516.0,2024-01-04,8,9469.93,362.0,3,3,2,332,Potential Loyalists
4517.0,2024-01-21,5,4201.41,345.0,3,1,1,311,Hibernating
4518.0,2024-10-12,9,22531.51,80.0,3,4,5,345,Loyal Customers
4519.0,2024-06-11,8,6985.01,203.0,3,3,2,332,Potential Loyalists
4520.0,2024-11-01,8,11458.05,60.0,3,3,3,333,Potential Loyalists
4521.0,2023-08-31,8,16978.31,488.0,3,3,4,334,Loyal Customers
4522.0,2024-11-11,10,13735.9,50.0,3,5,3,353,Potential Loyalists
4523.0,2024-02-20,3,1382.9999999999998,315.0,3,1,1,311,Hibernating
4525.0,2024-11-27,9,68581.76,34.0,3,4,5,345,Loyal Customers
4526.0,2024-12-02,9,13568.35,29.0,3,4,3,343,Potential Loyalists
4527.0,2024-11-08,7,8662.83,53.0,3,3,2,332,Potential Loyalists
4528.0,2024-08-24,9,19306.43,129.0,3,4,4,344,Loyal Customers
4529.0,2024-09-30,9,16477.39,92.0,3,4,4,344,Loyal Customers
4530.0,2024-11-03,3,2347.79,58.0,3,1,1,311,Hibernating
4531.0,2024-10-03,7,12363.289999999999,89.0,3,3,3,333,Potential Loyalists
4532.0,2024-11-18,4,5680.55,43.0,3,1,1,311,Hibernating
4533.0,2024-11-04,7,10505.36,57.0,3,3,3,333,Potential Loyalists
4534.0,2023-10-24,5,9860.28,434.0,3,1,2,312,Hibernating
4535.0,2024-10-20,7,10863.16,72.0,3,3,3,333,Potential Loyalists
4536.0,2024-12-22,5,6273.06,9.0,3,1,1,311,Hibernating
4537.0,2024-09-22,6,14820.09,100.0,3,2,4,324,Promising
4538.0,2024-10-16,7,10341.14,76.0,3,3,3,333,Potential Loyalists
4539.0,2024-09-20,3,1365.26,102.0,3,1,1,311,Hibernating
4540.0,2024-11-24,10,34262.590000000004,37.0,3,5,5,355,Loyal Customers
4541.0,2024-08-26,5,8113.31,127.0,3,1,2,312,Hibernating
4542.0,2024-09-06,4,2164.35,116.0,3,1,1,311,Hibernating
4543.0,2024-03-29,5,202506.74,277.0,3,1,5,315,Promising
4544.0,2024-05-21,5,10508.67,224.0,3,1,3,313,Hibernating
4545.0,2024-10-24,5,14426.69,68.0,3,1,3,313,Hibernating
4546.0,2024-08-23,13,11968.79,130.0,3,5,3,353,Potential Loyalists
4547.0,2024-09-16,7,218259.13,106.0,3,3,5,335,Loyal Customers
4548.0,2024-10-05,5,9913.51,87.0,3,1,2,312,Hibernating
4549.0,2024-12-17,14,14619.78,14.0,3,5,4,354,Loyal Customers
4550.0,2024-12-26,9,25697.37,5.0,3,4,5,345,Loyal Customers
4551.0,2024-04-05,4,6167.48,270.0,3,1,1,311,Hibernating
4552.0,2024-10-04,12,424911.22000000003,88.0,3,5,5,355,Loyal Customers
4553.0,2024-07-14,7,15111.98,170.0,3,3,4,334,Loyal Customers
4554.0,2024-09-20,5,17403.66,102.0,3,1,4,314,Hibernating
4555.0,2024-07-09,11,16977.77,175.0,3,5,4,354,Loyal Customers
4556.0,2024-02-03,7,9344.4,332.0,3,3,2,332,Potential Loyalists
4557.0,2024-11-25,10,31825.06,36.0,3,5,5,355,Loyal Customers
4558.0,2024-11-07,6,10105.77,54.0,3,2,2,322,Hibernating
4559.0,2024-10-11,6,8032.72,81.0,3,2,2,322,Hibernating
4560.0,2024-11-13,15,27000.39,48.0,3,5,5,355,Loyal Customers
4561.0,2024-06-15,6,9750.48,199.0,3,2,2,322,Hibernating
4562.0,2024-03-02,4,7448.03,304.0,3,1,2,312,Hibernating
4563.0,2024-12-22,4,7720.47,9.0,3,1,2,312,Hibernating
4564.0,2024-11-04,6,176456.62,57.0,3,2,5,325,Promising
4565.0,2024-10-20,9,9550.95,72.0,3,4,2,342,Potential Loyalists
4566.0,2024-11-28,8,141535.13999999998,33.0,3,3,5,335,Loyal Customers
4567.0,2024-12-20,11,18494.75,11.0,3,5,4,354,Loyal Customers
4568.0,2024-12-09,6,15009.03,22.0,3,2,4,324,Promising
4569.0,2024-09-02,4,5674.84,120.0,3,1,1,311,Hibernating
4570.0,2024-12-20,9,17702.34,11.0,3,4,4,344,Loyal Customers
4571.0,2024-06-13,6,9710.15,201.0,3,2,2,322,Hibernating
4572.0,2024-06-05,10,9327.67,209.0,3,5,2,352,Potential Loyalists
4573.0,2024-11-20,7,12066.66,41.0,3,3,3,333,Potential Loyalists
4574.0,2024-12-10,7,9620.390000000001,21.0,3,3,2,332,Potential Loyalists
4575.0,2024-08-17,8,207954.4,136.0,3,3,5,335,Loyal Customers
4576.0,2024-12-07,8,8480.61,24.0,3,3,2,332,Potential Loyalists
4577.0,2024-10-14,9,281007.2,78.0,3,4,5,345,Loyal Customers
4578.0,2024-12-11,7,413132.76,20.0,3,3,5,335,Loyal Customers
4579.0,2024-12-30,8,10273.66,1.0,3,3,3,333,Potential Loyalists
4580.0,2024-12-21,6,410500.09,10.0,3,2,5,325,Promising
4581.0,2024-09-26,6,7410.59,96.0,3,2,2,322,Hibernating
4582.0,2024-05-24,15,24488.96,221.0,3,5,5,355,Loyal Customers
4583.0,2024-10-24,5,15336.5,68.0,3,1,4,314,Hibernating
4584.0,2024-10-04,8,19695.91,88.0,3,3,4,334,Loyal Customers
4585.0,2024-10-11,7,12549.31,81.0,3,3,3,333,Potential Loyalists
4586.0,2024-11-06,12,14965.22,55.0,3,5,4,354,Loyal Customers
4587.0,2024-11-25,13,17717.37,36.0,3,5,4,354,Loyal Customers
4588.0,2024-12-14,12,20043.42,17.0,3,5,4,354,Loyal Customers
4589.0,2024-12-07,5,2126.43,24.0,3,1,1,311,Hibernating
4590.0,2024-07-10,7,23786.86,174.0,3,3,5,335,Loyal Customers
4591.0,2023-11-29,6,14626.519999999999,398.0,3,2,4,324,Promising
4592.0,2024-03-12,9,8652.5,294.0,3,4,2,342,Potential Loyalists
4593.0,2024-09-02,7,8813.79,120.0,3,3,2,332,Potential Loyalists
4594.0,2024-10-13,5,2200.72,79.0,3,1,1,311,Hibernating
4595.0,2024-10-06,10,15939.85,86.0,3,5,4,354,Loyal Customers
4596.0,2024-09-08,7,8136.66,114.0,3,3,2,332,Potential Loyalists
4597.0,2024-12-18,3,4503.27,13.0,3,1,1,311,Hibernating
4598.0,2024-08-17,4,7350.82,136.0,3,1,2,312,Hibernating
4599.0,2024-02-20,5,7416.52,315.0,3,1,2,312,Hibernating
4600.0,2024-04-16,4,5405.84,259.0,3,1,1,311,Hibernating
4601.0,2024-04-09,5,15272.61,266.0,3,1,4,314,Hibernating
4602.0,2024-10-05,5,10368.789999999999,87.0,3,1,3,313,Hibernating
4603.0,2024-11-28,11,19967.55,33.0,3,5,4,354,Loyal Customers
4604.0,2023-12-29,4,7815.91,368.0,3,1,2,312,Hibernating
4605.0,2023-10-06,2,1176.53,452.0,3,1,1,311,Hibernating
4606.0,2024-11-03,8,4108.86,58.0,3,3,1,331,Potential Loyalists
4607.0,2024-12-22,6,12856.13,9.0,3,2,3,323,Hibernating
4608.0,2024-08-20,8,10873.65,133.0,3,3,3,333,Potential Loyalists
4609.0,2024-05-06,8,9000.39,239.0,3,3,2,332,Potential Loyalists
4610.0,2024-07-25,5,6446.62,159.0,3,1,1,311,Hibernating
4611.0,2024-07-14,8,18381.98,170.0,3,3,4,334,Loyal Customers
4612.0,2024-11-16,7,14183.619999999999,45.0,3,3,3,333,Potential Loyalists
4613.0,2023-11-17,6,4467.360000000001,410.0,3,2,1,321,Hibernating
4614.0,2024-05-02,11,13799.55,243.0,3,5,3,353,Potential Loyalists
4615.0,2024-12-31,7,22770.670000000002,0.0,3,3,5,335,Loyal Customers
4616.0,2024-11-29,9,10717.61,32.0,3,4,3,343,Potential Loyalists
4617.0,2024-10-10,7,8448.98,82.0,3,3,2,332,Potential Loyalists
4618.0,2024-07-06,10,15688.42,178.0,3,5,4,354,Loyal Customers
4619.0,2024-06-04,10,21106.26,210.0,3,5,4,354,Loyal Customers
4620.0,2024-11-10,7,15036.01,51.0,3,3,4,334,Loyal Customers
4621.0,2024-05-26,11,26382.88,219.0,3,5,5,355,Loyal Customers
4622.0,2023-09-21,8,11564.87,467.0,3,3,3,333,Potential Loyalists
4623.0,2024-11-21,7,10352.87,40.0,3,3,3,333,Potential Loyalists
4624.0,2024-08-11,6,174058.05,142.0,3,2,5,325,Promising
4625.0,2024-11-27,8,11039.61,34.0,3,3,3,333,Potential Loyalists
4626.0,2024-06-28,6,13440.300000000001,186.0,3,2,3,323,Hibernating
4627.0,2024-10-05,7,11781.4,87.0,3,3,3,333,Potential Loyalists
4628.0,2024-11-13,5,2571.83,48.0,3,1,1,311,Hibernating
4629.0,2024-12-10,7,32550.25,21.0,3,3,5,335,Loyal Customers
4630.0,2024-12-07,11,23501.510000000002,24.0,3,5,5,355,Loyal Customers
4631.0,2024-12-13,11,22675.26,18.0,3,5,5,355,Loyal Customers
4632.0,2024-12-23,8,14583.81,8.0,3,3,4,334,Loyal Customers
4633.0,2024-04-25,6,10328.77,250.0,3,2,3,323,Hibernating
4634.0,2024-12-05,9,8618.81,26.0,3,4,2,342,Potential Loyalists
4635.0,2023-12-27,3,1140.42,370.0,3,1,1,311,Hibernating
4636.0,2024-12-27,7,8609.29,4.0,3,3,2,332,Potential Loyalists
4637.0,2023-11-21,6,9236.15,406.0,3,2,2,322,Hibernating
4638.0,2024-01-05,3,2483.41,361.0,3,1,1,311,Hibernating
4639.0,2024-09-27,12,624788.4199999999,95.0,3,5,5,355,Loyal Customers
4640.0,2024-10-28,9,31284.649999999998,64.0,3,4,5,345,Loyal Customers
4641.0,2024-04-12,7,18697.32,263.0,3,3,4,334,Loyal Customers
4642.0,2024-06-25,4,3604.3199999999997,189.0,3,1,1,311,Hibernating
4643.0,2024-10-03,5,5897.01,89.0,3,1,1,311,Hibernating
4644.0,2023-12-02,3,7255.87,395.0,3,1,2,312,Hibernating
4645.0,2024-12-31,8,14486.32,0.0,3,3,4,334,Loyal Customers
4646.0,2024-10-12,8,10108.42,80.0,3,3,2,332,Potential Loyalists
4647.0,2024-12-06,8,13217.44,25.0,3,3,3,333,Potential Loyalists
4648.0,2024-10-03,5,6421.860000000001,89.0,3,1,1,311,Hibernating
4649.0,2024-07-07,10,16213.68,177.0,3,5,4,354,Loyal Customers
4650.0,2024-05-28,7,25061.2,217.0,3,3,5,335,Loyal Customers
4651.0,2024-11-09,13,27792.26,52.0,3,5,5,355,Loyal Customers
4652.0,2024-11-07,7,8038.64,54.0,3,3,2,332,Potential Loyalists
4653.0,2024-11-21,8,8905.05,40.0,3,3,2,332,Potential Loyalists
4654.0,2023-04-16,4,4311.58,625.0,3,1,1,311,Hibernating
4655.0,2022-12-30,3,2816.63,732.0,3,1,1,311,Hibernating
4656.0,2024-09-24,11,197460.15,98.0,3,5,5,355,Loyal Customers
4657.0,2024-11-16,7,12082.36,45.0,3,3,3,333,Potential Loyalists
4658.0,2024-10-04,9,7742.74,88.0,3,4,2,342,Potential Loyalists
4659.0,2024-04-15,7,7864.16,260.0,3,3,2,332,Potential Loyalists
4660.0,2024-12-16,6,8345.630000000001,15.0,3,2,2,322,Hibernating
4661.0,2023-05-24,4,15858.4,587.0,3,1,4,314,Hibernating
4662.0,2024-09-22,11,341361.86,100.0,3,5,5,355,Loyal Customers
4663.0,2024-09-17,4,3910.13,105.0,3,1,1,311,Hibernating
4664.0,2024-11-16,5,2367.0699999999997,45.0,3,1,1,311,Hibernating
4665.0,2024-09-17,16,383753.69999999995,105.0,3,5,5,355,Loyal Customers
4666.0,2024-05-09,9,16225.74,236.0,3,4,4,344,Loyal Customers
4667.0,2024-08-20,7,4541.55,133.0,3,3,1,331,Potential Loyalists
4668.0,2024-11-08,8,12553.64,53.0,3,3,3,333,Potential Loyalists
4669.0,2024-09-14,8,12702.39,108.0,3,3,3,333,Potential Loyalists
4670.0,2024-03-10,7,28778.79,296.0,3,3,5,335,Loyal Customers
4671.0,2024-11-29,7,10200.279999999999,32.0,3,3,2,332,Potential Loyalists
4672.0,2024-07-12,12,28350.47,172.0,3,5,5,355,Loyal Customers
4673.0,2024-03-07,5,6912.950000000001,299.0,3,1,2,312,Hibernating
4674.0,2024-10-11,11,8381.91,81.0,3,5,2,352,Potential Loyalists
4675.0,2024-12-09,11,14258.07,22.0,3,5,3,353,Potential Loyalists
4676.0,2024-07-14,5,12769.39,170.0,3,1,3,313,Hibernating
4677.0,2024-10-21,13,400042.04000000004,71.0,3,5,5,355,Loyal Customers
4678.0,2024-12-23,15,25447.98,8.0,3,5,5,355,Loyal Customers
4679.0,2024-10-19,7,12489.69,73.0,3,3,3,333,Potential Loyalists
4680.0,2024-01-05,6,8064.34,361.0,3,2,2,322,Hibernating
4681.0,2024-12-04,5,9659.119999999999,27.0,3,1,2,312,Hibernating
4682.0,2024-12-20,13,14992.31,11.0,3,5,4,354,Loyal Customers
4683.0,2024-07-25,5,4388.75,159.0,3,1,1,311,Hibernating
4684.0,2024-09-05,7,8246.66,117.0,3,3,2,332,Potential Loyalists
4685.0,2024-09-25,3,4274.42,97.0,3,1,1,311,Hibernating
4686.0,2024-01-27,7,9218.23,339.0,3,3,2,332,Potential Loyalists
4687.0,2024-12-15,7,13825.57,16.0,3,3,3,333,Potential Loyalists
4688.0,2024-07-02,4,9695.58,182.0,3,1,2,312,Hibernating
4689.0,2024-04-30,7,5452.17,245.0,3,3,1,331,Potential Loyalists
4690.0,2023-11-26,3,10217.76,401.0,3,1,3,313,Hibernating
4691.0,2024-05-10,6,11601.37,235.0,3,2,3,323,Hibernating
4692.0,2024-12-20,12,396083.95,11.0,3,5,5,355,Loyal Customers
4693.0,2024-08-23,8,202931.30000000002,130.0,3,3,5,335,Loyal Customers
4694.0,2024-06-20,6,8828.14,194.0,3,2,2,322,Hibernating
4695.0,2022-09-25,2,363.24,828.0,3,1,1,311,Hibernating
4696.0,2024-06-01,6,11105.78,213.0,3,2,3,323,Hibernating
4697.0,2024-12-11,6,15757.699999999999,20.0,3,2,4,324,Promising
4698.0,2024-12-10,12,595732.31,21.0,3,5,5,355,Loyal Customers
4699.0,2024-07-13,3,1330.72,171.0,3,1,1,311,Hibernating
4700.0,2024-10-23,11,31643.22,69.0,3,5,5,355,Loyal Customers
4701.0,2024-06-24,7,9205.33,190.0,3,3,2,332,Potential Loyalists
4702.0,2024-09-17,8,17239.78,105.0,3,3,4,334,Loyal Customers
4703.0,2024-06-23,6,10617.02,191.0,3,2,3,323,Hibernating
4704.0,2024-12-09,11,1016103.55,22.0,3,5,5,355,Loyal Customers
4705.0,2024-09-02,6,11064.07,120.0,3,2,3,323,Hibernating
4706.0,2024-08-20,13,23750.43,133.0,3,5,5,355,Loyal Customers
4707.0,2024-11-09,5,13833.96,52.0,3,1,3,313,Hibernating
4708.0,2024-12-03,12,23498.81,28.0,3,5,5,355,Loyal Customers
4709.0,2024-10-23,10,15648.03,69.0,3,5,4,354,Loyal Customers
4710.0,2024-06-11,8,13272.76,203.0,3,3,3,333,Potential Loyalists
4711.0,2024-03-08,8,15858.72,298.0,3,3,4,334,Loyal Customers
4712.0,2024-10-16,4,5972.28,76.0,3,1,1,311,Hibernating
4713.0,2024-12-18,15,486507.69999999995,13.0,3,5,5,355,Loyal Customers
4714.0,2024-08-02,7,25757.96,151.0,3,3,5,335,Loyal Customers
4715.0,2024-10-16,8,10913.35,76.0,3,3,3,333,Potential Loyalists
4716.0,2024-12-12,7,18020.83,19.0,3,3,4,334,Loyal Customers
4717.0,2024-05-20,5,13568.140000000001,225.0,3,1,3,313,Hibernating
4718.0,2024-03-10,7,10627.15,296.0,3,3,3,333,Potential Loyalists
4719.0,2024-02-25,10,12227.2,310.0,3,5,3,353,Potential Loyalists
4720.0,2024-12-03,7,13641.470000000001,28.0,3,3,3,333,Potential Loyalists
4721.0,2024-09-19,4,5867.35,103.0,3,1,1,311,Hibernating
4722.0,2024-11-10,7,65749.49,51.0,3,3,5,335,Loyal Customers
4723.0,2024-10-07,10,14607.74,85.0,3,5,4,354,Loyal Customers
4724.0,2024-11-12,9,20474.23,49.0,3,4,4,344,Loyal Customers
4725.0,2024-11-11,5,8698.91,50.0,3,1,2,312,Hibernating
4726.0,2024-07-27,6,6516.87,157.0,3,2,1,321,Hibernating
4727.0,2024-11-04,15,24742.21,57.0,3,5,5,355,Loyal Customers
4728.0,2024-12-25,8,13202.2,6.0,3,3,3,333,Potential Loyalists
4729.0,2024-07-09,9,21519.13,175.0,3,4,4,344,Loyal Customers
4730.0,2024-09-20,10,10200.56,102.0,3,5,2,352,Potential Loyalists
4731.0,2023-09-26,5,14907.48,462.0,3,1,4,314,Hibernating
4732.0,2024-12-30,10,11691.91,1.0,3,5,3,353,Potential Loyalists
4733.0,2024-01-26,6,6174.32,340.0,3,2,1,321,Hibernating
4734.0,2024-12-12,12,15457.69,19.0,3,5,4,354,Loyal Customers
4735.0,2024-02-11,4,14066.26,324.0,3,1,3,313,Hibernating
4736.0,2024-10-22,7,16643.920000000002,70.0,3,3,4,334,Loyal Customers
4737.0,2024-06-29,10,420381.11,185.0,3,5,5,355,Loyal Customers
4738.0,2024-10-06,6,173922.88,86.0,3,2,5,325,Promising
4739.0,2024-10-20,2,4445.13,72.0,3,1,1,311,Hibernating
4740.0,2024-07-27,8,23497.1,157.0,3,3,5,335,Loyal Customers
4741.0,2024-10-15,11,243433.74,77.0,3,5,5,355,Loyal Customers
4742.0,2024-07-23,7,9559.03,161.0,3,3,2,332,Potential Loyalists
4743.0,2024-04-12,8,19563.72,263.0,3,3,4,334,Loyal Customers
4744.0,2024-12-26,5,10009.4,5.0,3,1,2,312,Hibernating
4745.0,2024-05-07,8,10977.0,238.0,3,3,3,333,Potential Loyalists
4746.0,2024-11-29,7,12435.43,32.0,3,3,3,333,Potential Loyalists
4747.0,2024-10-10,6,12572.67,82.0,3,2,3,323,Hibernating
4748.0,2024-10-22,10,179266.38,70.0,3,5,5,355,Loyal Customers
4749.0,2024-08-28,7,9617.8,125.0,3,3,2,332,Potential Loyalists
4750.0,2024-05-16,5,6009.57,229.0,3,1,1,311,Hibernating
4751.0,2023-10-29,7,13750.33,429.0,3,3,3,333,Potential Loyalists
4752.0,2024-11-28,8,4435.3099999999995,33.0,3,3,1,331,Potential Loyalists
4753.0,2024-12-09,12,17733.5,22.0,3,5,4,354,Loyal Customers
4754.0,2024-04-10,8,8874.73,265.0,3,3,2,332,Potential Loyalists
4755.0,2024-11-22,4,9245.880000000001,39.0,3,1,2,312,Hibernating
4756.0,2024-09-10,11,11185.52,112.0,3,5,3,353,Potential Loyalists
4757.0,2024-10-31,4,5787.320000000001,61.0,3,1,1,311,Hibernating
4758.0,2024-12-20,10,18350.47,11.0,3,5,4,354,Loyal Customers
4759.0,2024-09-17,6,22172.37,105.0,3,2,5,325,Promising
4760.0,2024-09-29,7,7580.88,93.0,3,3,2,332,Potential Loyalists
4761.0,2024-03-07,8,12619.730000000001,299.0,3,3,3,333,Potential Loyalists
4762.0,2024-12-14,7,5772.59,17.0,3,3,1,331,Potential Loyalists
4763.0,2023-11-15,6,6024.07,412.0,3,2,1,321,Hibernating
4764.0,2024-11-17,9,330922.72000000003,44.0,3,4,5,345,Loyal Customers
4765.0,2024-07-27,9,19705.850000000002,157.0,3,4,4,344,Loyal Customers
4766.0,2023-08-06,4,4088.2200000000003,513.0,3,1,1,311,Hibernating
4767.0,2024-07-19,4,5499.03,165.0,3,1,1,311,Hibernating
4768.0,2024-05-10,10,10965.99,235.0,3,5,3,353,Potential Loyalists
4769.0,2024-08-27,8,14429.64,126.0,3,3,4,334,Loyal Customers
4770.0,2024-01-01,7,11041.94,365.0,3,3,3,333,Potential Loyalists
4771.0,2024-11-13,7,6425.06,48.0,3,3,1,331,Potential Loyalists
4772.0,2023-12-27,5,722729.4299999999,370.0,3,1,5,315,Promising
4773.0,2024-11-29,9,13321.02,32.0,3,4,3,343,Potential Loyalists
4774.0,2024-10-20,11,19056.37,72.0,3,5,4,354,Loyal Customers
4775.0,2024-04-26,7,17576.02,249.0,3,3,4,334,Loyal Customers
4776.0,2024-12-04,9,15670.09,27.0,3,4,4,344,Loyal Customers
4777.0,2024-09-24,6,11150.48,98.0,3,2,3,323,Hibernating
4778.0,2024-11-09,8,20656.19,52.0,3,3,4,334,Loyal Customers
4779.0,2024-09-21,10,28793.64,101.0,3,5,5,355,Loyal Customers
4780.0,2024-11-19,8,18888.32,42.0,3,3,4,334,Loyal Customers
4781.0,2023-09-27,1,219.39,461.0,3,1,1,311,Hibernating
4782.0,2024-03-14,6,9663.95,292.0,3,2,2,322,Hibernating
4783.0,2024-10-30,8,17325.11,62.0,3,3,4,334,Loyal Customers
4784.0,2024-12-12,9,23403.06,19.0,3,4,5,345,Loyal Customers
4785.0,2024-12-20,3,1715.69,11.0,3,1,1,311,Hibernating
4786.0,2024-05-18,7,12516.52,227.0,3,3,3,333,Potential Loyalists
4787.0,2024-11-12,7,9636.68,49.0,3,3,2,332,Potential Loyalists
4788.0,2024-09-30,13,185159.52000000002,92.0,3,5,5,355,Loyal Customers
4789.0,2024-11-04,9,515187.18000000005,57.0,3,4,5,345,Loyal Customers
4790.0,2024-11-13,7,13858.61,48.0,3,3,3,333,Potential Loyalists
4791.0,2024-10-03,6,8564.74,89.0,3,2,2,322,Hibernating
4792.0,2024-12-01,6,339124.77999999997,30.0,3,2,5,325,Promising
4793.0,2024-10-06,16,22348.16,86.0,3,5,5,355,Loyal Customers
4794.0,2024-11-23,10,18256.31,38.0,3,5,4,354,Loyal Customers
4795.0,2024-07-04,14,17777.41,180.0,3,5,4,354,Loyal Customers
4796.0,2024-07-23,11,20793.55,161.0,3,5,4,354,Loyal Customers
4797.0,2024-02-26,3,3926.7200000000003,309.0,3,1,1,311,Hibernating
4798.0,2024-05-16,8,181070.80000000002,229.0,3,3,5,335,Loyal Customers
4799.0,2024-06-28,5,6371.04,186.0,3,1,1,311,Hibernating
4800.0,2024-05-19,6,14158.949999999999,226.0,3,2,3,323,Hibernating
4801.0,2024-09-23,8,20817.95,99.0,3,3,4,334,Loyal Customers
4802.0,2024-11-30,4,6958.62,31.0,3,1,2,312,Hibernating
4803.0,2024-10-31,8,10055.35,61.0,3,3,2,332,Potential Loyalists
4804.0,2024-12-23,12,17786.33,8.0,3,5,4,354,Loyal Customers
4805.0,2024-12-15,15,23687.46,16.0,3,5,5,355,Loyal Customers
4806.0,2024-03-22,8,13339.81,284.0,3,3,3,333,Potential Loyalists
4807.0,2024-01-26,7,10557.08,340.0,3,3,3,333,Potential Loyalists
4808.0,2024-12-13,7,2582.1,18.0,3,3,1,331,Potential Loyalists
4809.0,2024-12-15,10,860046.3200000001,16.0,3,5,5,355,Loyal Customers
4810.0,2024-09-24,7,13116.44,98.0,3,3,3,333,Potential Loyalists
4811.0,2024-03-30,7,118555.73000000001,276.0,3,3,5,335,Loyal Customers
4812.0,2024-08-10,9,9142.79,143.0,3,4,2,342,Potential Loyalists
4813.0,2024-01-10,9,11046.58,356.0,3,4,3,343,Potential Loyalists
4814.0,2024-05-23,7,211893.5,222.0,3,3,5,335,Loyal Customers
4815.0,2024-12-08,7,18611.579999999998,23.0,3,3,4,334,Loyal Customers
4816.0,2022-12-14,4,7371.98,748.0,3,1,2,312,Hibernating
4817.0,2023-09-05,4,5653.48,483.0,3,1,1,311,Hibernating
4818.0,2024-02-12,7,9203.14,323.0,3,3,2,332,Potential Loyalists
4819.0,2023-11-29,5,8113.52,398.0,3,1,2,312,Hibernating
4820.0,2024-11-10,12,16880.06,51.0,3,5,4,354,Loyal Customers
4821.0,2024-12-04,5,9513.27,27.0,3,1,2,312,Hibernating
4822.0,2024-07-02,5,8104.36,182.0,3,1,2,312,Hibernating
4823.0,2024-12-22,8,18378.5,9.0,3,3,4,334,Loyal Customers
4824.0,2024-08-21,5,7456.1,132.0,3,1,2,312,Hibernating
4825.0,2024-12-09,5,16321.94,22.0,3,1,4,314,Hibernating
4826.0,2024-06-04,8,12335.74,210.0,3,3,3,333,Potential Loyalists
4827.0,2024-10-26,6,5177.4400000000005,66.0,3,2,1,321,Hibernating
4828.0,2024-06-29,11,25730.55,185.0,3,5,5,355,Loyal Customers
4829.0,2024-01-02,7,40271.78,364.0,3,3,5,335,Loyal Customers
4830.0,2024-12-20,12,525040.99,11.0,3,5,5,355,Loyal Customers
4831.0,2024-08-07,10,21050.239999999998,146.0,3,5,4,354,Loyal Customers
4832.0,2024-08-27,10,33276.01,126.0,3,5,5,355,Loyal Customers
4833.0,2024-11-05,10,23515.52,56.0,3,5,5,355,Loyal Customers
4834.0,2024-08-04,9,14221.35,149.0,3,4,3,343,Potential Loyalists
4835.0,2024-12-19,8,12885.59,12.0,3,3,3,333,Potential Loyalists
4836.0,2024-11-30,9,16949.92,31.0,3,4,4,344,Loyal Customers
4837.0,2024-09-06,5,2142.17,116.0,3,1,1,311,Hibernating
4838.0,2024-07-26,5,508673.83,158.0,3,1,5,315,Promising
4839.0,2024-12-03,13,32826.01,28.0,3,5,5,355,Loyal Customers
4840.0,2023-10-18,4,6449.5599999999995,440.0,3,1,1,311,Hibernating
4841.0,2024-09-02,3,10273.76,120.0,3,1,3,313,Hibernating
4842.0,2024-06-03,6,207102.49,211.0,3,2,5,325,Promising
4843.0,2023-11-01,4,5729.74,426.0,3,1,1,311,Hibernating
4844.0,2024-12-12,6,6038.54,19.0,3,2,1,321,Hibernating
4845.0,2024-12-19,11,19000.19,12.0,3,5,4,354,Loyal Customers
4846.0,2024-07-21,9,426291.77999999997,163.0,3,4,5,345,Loyal Customers
4847.0,2024-05-16,6,5472.37,229.0,3,2,1,321,Hibernating
4848.0,2024-09-15,15,30372.86,107.0,3,5,5,355,Loyal Customers
4849.0,2024-07-03,7,153111.13,181.0,3,3,5,335,Loyal Customers
4850.0,2024-10-22,7,11772.76,70.0,3,3,3,333,Potential Loyalists
4851.0,2024-08-25,1,40.85,128.0,3,1,1,311,Hibernating
4852.0,2024-11-20,12,26094.09,41.0,3,5,5,355,Loyal Customers
4853.0,2024-08-25,10,12607.14,128.0,3,5,3,353,Potential Loyalists
4854.0,2024-05-27,7,10036.77,218.0,3,3,2,332,Potential Loyalists
4855.0,2024-08-13,4,8611.77,140.0,3,1,2,312,Hibernating
4856.0,2024-08-07,4,6293.85,146.0,3,1,1,311,Hibernating
4857.0,2023-11-27,5,9296.800000000001,400.0,3,1,2,312,Hibernating
4858.0,2024-08-06,4,6063.42,147.0,3,1,1,311,Hibernating
4859.0,2024-09-25,4,11307.6,97.0,3,1,3,313,Hibernating
4860.0,2024-06-11,6,7140.15,203.0,3,2,2,322,Hibernating
4861.0,2024-03-17,13,16325.02,289.0,3,5,4,354,Loyal Customers
4862.0,2024-12-26,8,8304.949999999999,5.0,3,3,2,332,Potential Loyalists
4863.0,2024-09-29,6,14234.01,93.0,3,2,3,323,Hibernating
4864.0,2024-11-24,10,12789.61,37.0,3,5,3,353,Potential Loyalists
4865.0,2024-05-22,5,6731.44,223.0,3,1,2,312,Hibernating
4866.0,2023-09-19,3,2415.48,469.0,3,1,1,311,Hibernating
4867.0,2024-01-18,9,12140.34,348.0,3,4,3,343,Potential Loyalists
4868.0,2024-05-03,7,41464.96,242.0,3,3,5,335,Loyal Customers
4869.0,2024-11-03,6,2520.8,58.0,3,2,1,321,Hibernating
4870.0,2024-03-12,7,12312.01,294.0,3,3,3,333,Potential Loyalists
4871.0,2024-04-09,9,14714.73,266.0,3,4,4,344,Loyal Customers
4872.0,2024-10-16,5,14261.24,76.0,3,1,3,313,Hibernating
4873.0,2024-11-28,4,15987.89,33.0,3,1,4,314,Hibernating
4874.0,2024-11-01,4,9779.21,60.0,3,1,2,312,Hibernating
4875.0,2024-11-20,5,9809.130000000001,41.0,3,1,2,312,Hibernating
4876.0,2024-10-22,7,10196.18,70.0,3,3,2,332,Potential Loyalists
4877.0,2024-09-22,10,10071.08,100.0,3,5,2,352,Potential Loyalists
4878.0,2024-11-29,4,2506.18,32.0,3,1,1,311,Hibernating
4879.0,2024-04-15,9,19446.8,260.0,3,4,4,344,Loyal Customers
4880.0,2024-07-27,6,7246.99,157.0,3,2,2,322,Hibernating
4881.0,2024-05-09,6,12701.4,236.0,3,2,3,323,Hibernating
4882.0,2024-12-24,9,8654.74,7.0,3,4,2,342,Potential Loyalists
4883.0,2024-08-20,7,16697.7,133.0,3,3,4,334,Loyal Customers
4884.0,2024-04-23,7,14172.539999999999,252.0,3,3,3,333,Potential Loyalists
4885.0,2024-08-15,8,10386.96,138.0,3,3,3,333,Potential Loyalists
4886.0,2024-11-06,7,7952.83,55.0,3,3,2,332,Potential Loyalists
4887.0,2024-11-06,7,5865.5599999999995,55.0,3,3,1,331,Potential Loyalists
4888.0,2024-12-17,10,14692.039999999999,14.0,3,5,4,354,Loyal Customers
4889.0,2024-12-10,7,6887.61,21.0,3,3,2,332,Potential Loyalists
4890.0,2024-12-28,10,409175.09,3.0,3,5,5,355,Loyal Customers
4891.0,2024-06-21,4,5329.65,193.0,3,1,1,311,Hibernating
4892.0,2023-11-15,5,8688.64,412.0,3,1,2,312,Hibernating
4893.0,2024-12-09,18,35776.26,22.0,3,5,5,355,Loyal Customers
4894.0,2024-11-28,12,14862.029999999999,33.0,3,5,4,354,Loyal Customers
4895.0,2024-12-10,8,10203.41,21.0,3,3,2,332,Potential Loyalists
4896.0,2024-07-07,7,12601.93,177.0,3,3,3,333,Potential Loyalists
4897.0,2024-07-21,6,19514.36,163.0,3,2,4,324,Promising
4898.0,2024-10-08,12,15662.81,84.0,3,5,4,354,Loyal Customers
4899.0,2024-06-24,6,6524.280000000001,190.0,3,2,1,321,Hibernating
4900.0,2024-09-07,10,31491.82,115.0,3,5,5,355,Loyal Customers
4901.0,2024-09-30,7,6515.85,92.0,3,3,1,331,Potential Loyalists
4902.0,2024-12-18,5,8226.0,13.0,3,1,2,312,Hibernating
4903.0,2024-12-09,7,6150.61,22.0,3,3,1,331,Potential Loyalists
4904.0,2024-12-05,7,28369.43,26.0,3,3,5,335,Loyal Customers
4905.0,2024-12-05,8,9262.69,26.0,3,3,2,332,Potential Loyalists
4906.0,2024-10-05,7,8319.03,87.0,3,3,2,332,Potential Loyalists
4907.0,2024-12-05,9,6164.46,26.0,3,4,1,341,Potential Loyalists
4908.0,2024-06-12,10,17654.83,202.0,3,5,4,354,Loyal Customers
4909.0,2024-09-29,7,7228.3,93.0,3,3,2,332,Potential Loyalists
4910.0,2024-12-17,10,14624.84,14.0,3,5,4,354,Loyal Customers
4911.0,2024-10-05,5,7491.66,87.0,3,1,2,312,Hibernating
4912.0,2024-10-11,10,21828.89,81.0,3,5,4,354,Loyal Customers
4913.0,2024-11-01,9,13032.77,60.0,3,4,3,343,Potential Loyalists
4914.0,2024-05-20,4,6450.2,225.0,3,1,1,311,Hibernating
4915.0,2024-08-07,11,19248.57,146.0,3,5,4,354,Loyal Customers
4916.0,2024-07-28,7,4399.49,156.0,3,3,1,331,Potential Loyalists
4917.0,2024-12-03,10,29798.280000000002,28.0,3,5,5,355,Loyal Customers
4918.0,2024-11-26,7,18112.15,35.0,3,3,4,334,Loyal Customers
4919.0,2024-08-06,7,13622.76,147.0,3,3,3,333,Potential Loyalists
4920.0,2024-04-24,3,6265.46,251.0,3,1,1,311,Hibernating
4921.0,2024-10-10,6,4978.7,82.0,3,2,1,321,Hibernating
4922.0,2024-10-31,12,20542.44,61.0,3,5,4,354,Loyal Customers
4923.0,2024-12-08,8,12626.9,23.0,3,3,3,333,Potential Loyalists
4924.0,2024-10-03,11,146147.77,89.0,3,5,5,355,Loyal Customers
4925.0,2024-12-22,6,17074.49,9.0,3,2,4,324,Promising
4926.0,2024-12-18,4,202588.61000000002,13.0,3,1,5,315,Promising
4927.0,2024-10-19,8,5805.009999999999,73.0,3,3,1,331,Potential Loyalists
4928.0,2024-10-11,8,592056.95,81.0,3,3,5,335,Loyal Customers
4929.0,2024-12-11,8,9345.49,20.0,3,3,2,332,Potential Loyalists
4930.0,2024-12-03,6,15353.86,28.0,3,2,4,324,Promising
4931.0,2024-10-27,10,17941.19,65.0,3,5,4,354,Loyal Customers
4932.0,2024-12-29,6,8884.12,2.0,3,2,2,322,Hibernating
4933.0,2024-07-11,9,11845.62,173.0,3,4,3,343,Potential Loyalists
4934.0,2024-12-21,7,15456.9,10.0,3,3,4,334,Loyal Customers
4935.0,2024-11-21,6,6171.9,40.0,3,2,1,321,Hibernating
4936.0,2024-12-18,7,15233.11,13.0,3,3,4,334,Loyal Customers
4937.0,2024-11-28,8,17724.11,33.0,3,3,4,334,Loyal Customers
4938.0,2024-11-27,8,20874.820000000003,34.0,3,3,4,334,Loyal Customers
4939.0,2024-09-18,6,8293.49,104.0,3,2,2,322,Hibernating
4940.0,2024-12-27,7,10538.81,4.0,3,3,3,333,Potential Loyalists
4941.0,2024-08-21,7,20783.329999999998,132.0,3,3,4,334,Loyal Customers
4942.0,2024-04-27,4,6230.7300000000005,248.0,3,1,1,311,Hibernating
4943.0,2024-08-09,7,16597.99,144.0,3,3,4,334,Loyal Customers
4944.0,2023-11-27,5,2527.45,400.0,3,1,1,311,Hibernating
4945.0,2024-10-29,10,19927.35,63.0,3,5,4,354,Loyal Customers
4946.0,2024-09-10,10,12899.35,112.0,3,5,3,353,Potential Loyalists
4947.0,2024-06-15,6,5559.05,199.0,3,2,1,321,Hibernating
4948.0,2024-11-28,9,30667.48,33.0,3,4,5,345,Loyal Customers
4949.0,2024-08-26,4,5294.68,127.0,3,1,1,311,Hibernating
4950.0,2024-05-30,12,30791.32,215.0,3,5,5,355,Loyal Customers
4951.0,2024-04-17,2,4671.67,258.0,3,1,1,311,Hibernating
4952.0,2024-11-29,12,17371.739999999998,32.0,3,5,4,354,Loyal Customers
4953.0,2024-11-28,8,21634.22,33.0,3,3,4,334,Loyal Customers
4954.0,2024-10-10,4,5470.4,82.0,3,1,1,311,Hibernating
4955.0,2024-08-13,6,14833.23,140.0,3,2,4,324,Promising
4956.0,2023-10-04,3,6982.88,454.0,3,1,2,312,Hibernating
4957.0,2023-03-14,5,7386.1,658.0,3,1,2,312,Hibernating
4958.0,2024-03-31,6,14043.41,275.0,3,2,3,323,Hibernating
4959.0,2023-07-19,5,10682.37,531.0,3,1,3,313,Hibernating
4960.0,2024-07-13,5,4704.83,171.0,3,1,1,311,Hibernating
4961.0,2024-12-11,7,5562.78,20.0,3,3,1,331,Potential Loyalists
4962.0,2023-10-26,5,14070.650000000001,432.0,3,1,3,313,Hibernating
4963.0,2024-09-25,11,354062.48000000004,97.0,3,5,5,355,Loyal Customers
4964.0,2024-11-15,12,24166.79,46.0,3,5,5,355,Loyal Customers
4965.0,2024-08-27,7,16755.94,126.0,3,3,4,334,Loyal Customers
4966.0,2024-01-11,3,5571.79,355.0,3,1,1,311,Hibernating
4967.0,2024-10-12,7,8513.82,80.0,3,3,2,332,Potential Loyalists
4968.0,2024-10-20,7,19151.05,72.0,3,3,4,334,Loyal Customers
4969.0,2024-06-15,6,3978.69,199.0,3,2,1,321,Hibernating
4970.0,2024-04-17,9,13485.699999999999,258.0,3,4,3,343,Potential Loyalists
4971.0,2024-10-25,7,23138.41,67.0,3,3,5,335,Loyal Customers
4972.0,2024-02-20,8,5642.7,315.0,3,3,1,331,Potential Loyalists
4973.0,2024-10-05,7,7817.530000000001,87.0,3,3,2,332,Potential Loyalists
4974.0,2024-03-10,7,7471.5,296.0,3,3,2,332,Potential Loyalists
4975.0,2024-09-24,7,7864.24,98.0,3,3,2,332,Potential Loyalists
4976.0,2024-10-12,8,10760.869999999999,80.0,3,3,3,333,Potential Loyalists
4977.0,2024-11-17,6,9707.19,44.0,3,2,2,322,Hibernating
4978.0,2024-09-15,7,11751.55,107.0,3,3,3,333,Potential Loyalists
4979.0,2024-11-28,8,9330.44,33.0,3,3,2,332,Potential Loyalists
4980.0,2024-05-04,9,18866.77,241.0,3,4,4,344,Loyal Customers
4981.0,2024-12-05,5,2963.44,26.0,3,1,1,311,Hibernating
4982.0,2024-11-09,7,7099.11,52.0,3,3,2,332,Potential Loyalists
4983.0,2024-09-15,7,7244.65,107.0,3,3,2,332,Potential Loyalists
4984.0,2024-09-23,7,48363.17,99.0,3,3,5,335,Loyal Customers
4985.0,2024-11-28,8,28641.010000000002,33.0,3,3,5,335,Loyal Customers
4986.0,2024-12-25,8,10822.97,6.0,3,3,3,333,Potential Loyalists
4987.0,2024-09-04,4,503031.15,118.0,3,1,5,315,Promising
4988.0,2024-12-08,10,8051.75,23.0,3,5,2,352,Potential Loyalists
4989.0,2024-04-22,9,20406.53,253.0,3,4,4,344,Loyal Customers
4990.0,2024-10-04,13,21604.93,88.0,3,5,4,354,Loyal Customers
4992.0,2024-03-24,5,6060.47,282.0,3,1,1,311,Hibernating
4993.0,2024-01-16,2,626.66,350.0,3,1,1,311,Hibernating
4994.0,2024-08-10,11,23028.66,143.0,3,5,5,355,Loyal Customers
4995.0,2023-04-01,3,5153.57,640.0,3,1,1,311,Hibernating
4996.0,2024-07-04,6,8151.71,180.0,3,2,2,322,Hibernating
4997.0,2024-10-21,8,19872.42,71.0,3,3,4,334,Loyal Customers
4998.0,2024-11-21,11,16671.35,40.0,3,5,4,354,Loyal Customers
4999.0,2024-12-02,10,21935.77,29.0,3,5,4,354,Loyal Customers
5000.0,2024-12-29,12,18441.72,2.0,3,5,4,354,Loyal Customers
5001.0,2024-11-21,8,153095.47,40.0,3,3,5,335,Loyal Customers
5002.0,2024-07-14,7,11936.41,170.0,3,3,3,333,Potential Loyalists
5003.0,2024-09-28,6,9390.85,94.0,3,2,2,322,Hibernating
5004.0,2024-09-22,5,115049.02,100.0,3,1,5,315,Promising
5005.0,2024-10-30,10,10292.48,62.0,3,5,3,353,Potential Loyalists
5006.0,2024-11-26,3,1040.49,35.0,3,1,1,311,Hibernating
5007.0,2024-06-11,9,15954.73,203.0,3,4,4,344,Loyal Customers
5008.0,2024-06-11,9,12898.060000000001,203.0,3,4,3,343,Potential Loyalists
5009.0,2024-04-28,7,4284.79,247.0,3,3,1,331,Potential Loyalists
5010.0,2024-07-11,7,13226.970000000001,173.0,3,3,3,333,Potential Loyalists
5011.0,2024-07-07,7,12759.69,177.0,3,3,3,333,Potential Loyalists
5012.0,2024-06-03,10,12191.130000000001,211.0,3,5,3,353,Potential Loyalists
5013.0,2024-02-14,8,7147.79,321.0,3,3,2,332,Potential Loyalists
5014.0,2024-10-27,12,31322.86,65.0,3,5,5,355,Loyal Customers
5015.0,2023-06-27,3,2058.51,553.0,3,1,1,311,Hibernating
5016.0,2024-11-24,6,8309.51,37.0,3,2,2,322,Hibernating
5017.0,2024-11-08,9,13837.11,53.0,3,4,3,343,Potential Loyalists
5018.0,2024-10-28,6,16713.89,64.0,3,2,4,324,Promising
5019.0,2024-12-25,8,8085.82,6.0,3,3,2,332,Potential Loyalists
5020.0,2024-09-15,8,12730.380000000001,107.0,3,3,3,333,Potential Loyalists
5021.0,2024-12-14,4,9069.07,17.0,3,1,2,312,Hibernating
5022.0,2024-12-22,7,6429.74,9.0,3,3,1,331,Potential Loyalists
5023.0,2024-06-24,9,343340.74,190.0,3,4,5,345,Loyal Customers
5024.0,2024-07-19,7,29157.07,165.0,3,3,5,335,Loyal Customers
5025.0,2024-12-12,7,42695.86,19.0,3,3,5,335,Loyal Customers
5026.0,2023-09-29,6,11834.55,459.0,3,2,3,323,Hibernating
5027.0,2024-09-10,9,10449.6,112.0,3,4,3,343,Potential Loyalists
5028.0,2024-12-07,12,23747.71,24.0,3,5,5,355,Loyal Customers
5029.0,2023-04-18,6,6930.7300000000005,623.0,3,2,2,322,Hibernating
5030.0,2024-09-29,7,13205.79,93.0,3,3,3,333,Potential Loyalists
5031.0,2024-08-13,6,7296.650000000001,140.0,3,2,2,322,Hibernating
5032.0,2024-05-20,5,7495.78,225.0,3,1,2,312,Hibernating
5033.0,2023-09-15,6,10467.56,473.0,3,2,3,323,Hibernating
5034.0,2024-12-30,7,20542.34,1.0,3,3,4,334,Loyal Customers
5035.0,2024-03-21,5,11051.17,285.0,3,1,3,313,Hibernating
5036.0,2024-07-07,5,6304.04,177.0,3,1,1,311,Hibernating
5037.0,2024-09-13,7,4935.88,109.0,3,3,1,331,Potential Loyalists
5038.0,2024-12-24,8,15880.38,7.0,3,3,4,334,Loyal Customers
5039.0,2024-10-18,11,14210.88,74.0,3,5,3,353,Potential Loyalists
5040.0,2024-12-11,10,8813.01,20.0,3,5,2,352,Potential Loyalists
5041.0,2024-11-20,6,8862.63,41.0,3,2,2,322,Hibernating
5042.0,2024-01-19,6,3224.02,347.0,3,2,1,321,Hibernating
5043.0,2024-12-26,7,9816.03,5.0,3,3,2,332,Potential Loyalists
5044.0,2024-03-31,3,4462.78,275.0,3,1,1,311,Hibernating
5045.0,2024-09-08,6,9031.79,114.0,3,2,2,322,Hibernating
5046.0,2024-10-10,8,10738.02,82.0,3,3,3,333,Potential Loyalists
5047.0,2024-11-21,10,16361.54,40.0,3,5,4,354,Loyal Customers
5048.0,2024-06-12,8,12276.9,202.0,3,3,3,333,Potential Loyalists
5049.0,2024-07-26,8,14577.02,158.0,3,3,4,334,Loyal Customers
5050.0,2024-12-16,6,802583.41,15.0,3,2,5,325,Promising
5051.0,2024-09-30,5,8030.89,92.0,3,1,2,312,Hibernating
5052.0,2024-11-23,4,10656.94,38.0,3,1,3,313,Hibernating
5053.0,2024-12-07,10,13379.98,24.0,3,5,3,353,Potential Loyalists
5054.0,2024-08-22,4,3233.9,131.0,3,1,1,311,Hibernating
5055.0,2024-12-14,9,16955.91,17.0,3,4,4,344,Loyal Customers
5056.0,2024-03-19,3,2512.12,287.0,3,1,1,311,Hibernating
5057.0,2024-12-30,10,14444.6,1.0,3,5,4,354,Loyal Customers
5058.0,2024-11-29,10,31712.96,32.0,3,5,5,355,Loyal Customers
5059.0,2024-03-27,7,10194.5,279.0,3,3,2,332,Potential Loyalists
5060.0,2023-11-27,7,9534.74,400.0,3,3,2,332,Potential Loyalists
5061.0,2024-08-15,8,11539.39,138.0,3,3,3,333,Potential Loyalists
5062.0,2024-09-21,8,16179.57,101.0,3,3,4,334,Loyal Customers
5063.0,2024-03-05,13,20473.43,301.0,3,5,4,354,Loyal Customers
5064.0,2024-11-20,3,4844.08,41.0,3,1,1,311,Hibernating
5065.0,2024-11-09,9,255917.63000000003,52.0,3,4,5,345,Loyal Customers
5066.0,2024-03-09,3,1471.28,297.0,3,1,1,311,Hibernating
5067.0,2024-12-19,7,12820.289999999999,12.0,3,3,3,333,Potential Loyalists
5068.0,2024-12-21,11,162360.29,10.0,3,5,5,355,Loyal Customers
5069.0,2024-12-23,3,1844.5500000000002,8.0,3,1,1,311,Hibernating
5070.0,2024-10-12,6,178007.59,80.0,3,2,5,325,Promising
5071.0,2024-10-03,5,66324.0,89.0,3,1,5,315,Promising
5072.0,2022-08-30,2,2286.55,854.0,3,1,1,311,Hibernating
5073.0,2024-10-12,3,4946.320000000001,80.0,3,1,1,311,Hibernating
5074.0,2024-11-05,12,16860.66,56.0,3,5,4,354,Loyal Customers
5075.0,2024-11-22,9,17951.0,39.0,3,4,4,344,Loyal Customers
5076.0,2024-08-03,9,158099.66,150.0,3,4,5,345,Loyal Customers
5077.0,2024-09-06,9,14964.23,116.0,3,4,4,344,Loyal Customers
5078.0,2024-06-16,5,4641.37,198.0,3,1,1,311,Hibernating
5079.0,2024-08-18,6,15407.99,135.0,3,2,4,324,Promising
5080.0,2024-11-29,10,21551.23,32.0,3,5,4,354,Loyal Customers
5081.0,2024-10-07,10,18610.99,85.0,3,5,4,354,Loyal Customers
5082.0,2024-07-02,7,7561.57,182.0,3,3,2,332,Potential Loyalists
5083.0,2024-05-11,4,1080.18,234.0,3,1,1,311,Hibernating
5084.0,2024-12-23,13,23692.04,8.0,3,5,5,355,Loyal Customers
5085.0,2024-08-06,3,1358.48,147.0,3,1,1,311,Hibernating
5086.0,2024-05-25,7,14070.7,220.0,3,3,3,333,Potential Loyalists
5087.0,2024-06-28,5,9243.31,186.0,3,1,2,312,Hibernating
5088.0,2024-06-24,6,15642.3,190.0,3,2,4,324,Promising
5089.0,2024-11-30,9,20691.57,31.0,3,4,4,344,Loyal Customers
5090.0,2024-06-21,9,7443.54,193.0,3,4,2,342,Potential Loyalists
5091.0,2024-09-28,13,25430.18,94.0,3,5,5,355,Loyal Customers
5092.0,2023-02-09,4,10369.33,691.0,3,1,3,313,Hibernating
5093.0,2024-11-27,10,13047.289999999999,34.0,3,5,3,353,Potential Loyalists
5094.0,2024-05-31,15,32601.28,214.0,3,5,5,355,Loyal Customers
5095.0,2024-01-23,4,3411.97,343.0,3,1,1,311,Hibernating
5096.0,2024-09-23,10,13573.23,99.0,3,5,3,353,Potential Loyalists
5097.0,2023-08-21,7,9766.53,498.0,3,3,2,332,Potential Loyalists
5098.0,2024-07-22,9,24572.45,162.0,3,4,5,345,Loyal Customers
5099.0,2024-09-18,9,17475.22,104.0,3,4,4,344,Loyal Customers
5100.0,2024-11-24,5,335680.19999999995,37.0,3,1,5,315,Promising
5101.0,2024-12-05,3,3358.27,26.0,3,1,1,311,Hibernating
5102.0,2024-08-26,12,18090.24,127.0,3,5,4,354,Loyal Customers
5103.0,2024-12-16,7,16018.71,15.0,3,3,4,334,Loyal Customers
5104.0,2024-05-01,6,11201.18,244.0,3,2,3,323,Hibernating
5105.0,2024-01-29,6,14312.5,337.0,3,2,3,323,Hibernating
5106.0,2024-07-11,6,10519.6,173.0,3,2,3,323,Hibernating
5107.0,2024-04-13,10,23403.46,262.0,3,5,5,355,Loyal Customers
5108.0,2024-05-05,5,2380.01,240.0,3,1,1,311,Hibernating
5109.0,2024-07-15,9,15346.84,169.0,3,4,4,344,Loyal Customers
5110.0,2024-08-10,10,30993.99,143.0,3,5,5,355,Loyal Customers
5111.0,2024-11-23,8,11891.19,38.0,3,3,3,333,Potential Loyalists
5112.0,2024-04-28,10,20415.82,247.0,3,5,4,354,Loyal Customers
5113.0,2024-12-05,8,19666.92,26.0,3,3,4,334,Loyal Customers
5114.0,2024-11-22,6,11224.74,39.0,3,2,3,323,Hibernating
5115.0,2024-11-10,7,679804.6,51.0,3,3,5,335,Loyal Customers
5116.0,2024-07-18,8,2684.5299999999997,166.0,3,3,1,331,Potential Loyalists
5117.0,2024-04-20,4,3006.8,255.0,3,1,1,311,Hibernating
5118.0,2024-10-25,5,9091.95,67.0,3,1,2,312,Hibernating
5119.0,2024-08-17,8,12228.3,136.0,3,3,3,333,Potential Loyalists
5120.0,2024-06-09,9,7828.72,205.0,3,4,2,342,Potential Loyalists
5121.0,2024-08-21,5,7923.96,132.0,3,1,2,312,Hibernating
5122.0,2024-09-07,3,2628.79,115.0,3,1,1,311,Hibernating
5123.0,2024-10-26,8,6395.61,66.0,3,3,1,331,Potential Loyalists
5124.0,2024-05-31,10,21784.3,214.0,3,5,4,354,Loyal Customers
5125.0,2024-10-20,12,16892.2,72.0,3,5,4,354,Loyal Customers
5126.0,2024-11-24,11,389276.00999999995,37.0,3,5,5,355,Loyal Customers
5127.0,2024-11-28,10,10888.89,33.0,3,5,3,353,Potential Loyalists
5128.0,2024-02-09,5,8205.26,326.0,3,1,2,312,Hibernating
5129.0,2024-09-22,5,6460.4,100.0,3,1,1,311,Hibernating
5130.0,2024-08-11,10,12119.78,142.0,3,5,3,353,Potential Loyalists
5131.0,2024-11-26,12,817447.5800000001,35.0,3,5,5,355,Loyal Customers
5132.0,2024-06-10,10,18539.120000000003,204.0,3,5,4,354,Loyal Customers
5133.0,2024-10-11,5,9335.86,81.0,3,1,2,312,Hibernating
5134.0,2024-07-19,6,21384.19,165.0,3,2,4,324,Promising
5135.0,2024-07-08,3,5581.93,176.0,3,1,1,311,Hibernating
5136.0,2024-09-13,6,3867.21,109.0,3,2,1,321,Hibernating
5137.0,2024-12-02,10,11109.3,29.0,3,5,3,353,Potential Loyalists
5138.0,2024-11-03,9,16292.45,58.0,3,4,4,344,Loyal Customers
5139.0,2024-12-07,9,59612.33,24.0,3,4,5,345,Loyal Customers
5140.0,2024-10-18,5,13723.960000000001,74.0,3,1,3,313,Hibernating
5141.0,2024-02-25,2,1866.41,310.0,3,1,1,311,Hibernating
5142.0,2024-11-24,7,10418.72,37.0,3,3,3,333,Potential Loyalists
5143.0,2024-11-05,7,17038.95,56.0,3,3,4,334,Loyal Customers
5144.0,2024-04-22,7,7452.93,253.0,3,3,2,332,Potential Loyalists
5145.0,2024-12-04,8,24105.05,27.0,3,3,5,335,Loyal Customers
5146.0,2023-09-02,2,1910.17,486.0,3,1,1,311,Hibernating
5147.0,2024-08-14,10,38374.18,139.0,3,5,5,355,Loyal Customers
5148.0,2024-03-12,5,13888.69,294.0,3,1,3,313,Hibernating
5149.0,2024-09-24,10,9148.32,98.0,3,5,2,352,Potential Loyalists
5150.0,2024-11-23,10,16811.43,38.0,3,5,4,354,Loyal Customers
5151.0,2024-05-28,8,10311.1,217.0,3,3,3,333,Potential Loyalists
5152.0,2024-02-05,7,177831.51,330.0,3,3,5,335,Loyal Customers
5153.0,2024-11-30,4,6309.280000000001,31.0,3,1,1,311,Hibernating
5154.0,2024-04-07,5,8416.08,268.0,3,1,2,312,Hibernating
5155.0,2024-11-30,9,10936.97,31.0,3,4,3,343,Potential Loyalists
5156.0,2024-09-11,7,11207.62,111.0,3,3,3,333,Potential Loyalists
5157.0,2024-07-07,9,24049.05,177.0,3,4,5,345,Loyal Customers
5158.0,2024-12-22,13,17906.58,9.0,3,5,4,354,Loyal Customers
5159.0,2024-12-23,8,21095.0,8.0,3,3,4,334,Loyal Customers
5160.0,2024-12-28,12,538393.64,3.0,3,5,5,355,Loyal Customers
5161.0,2024-07-20,8,21271.52,164.0,3,3,4,334,Loyal Customers
5162.0,2024-12-12,7,6100.32,19.0,3,3,1,331,Potential Loyalists
5163.0,2023-09-19,7,9409.97,469.0,3,3,2,332,Potential Loyalists
5164.0,2024-10-25,5,3071.41,67.0,3,1,1,311,Hibernating
5165.0,2024-06-19,6,4820.55,195.0,3,2,1,321,Hibernating
5166.0,2024-12-05,12,36693.020000000004,26.0,3,5,5,355,Loyal Customers
5167.0,2024-11-24,7,8154.59,37.0,3,3,2,332,Potential Loyalists
5168.0,2024-11-03,7,15512.58,58.0,3,3,4,334,Loyal Customers
5169.0,2024-11-19,10,1332370.02,42.0,3,5,5,355,Loyal Customers
5170.0,2024-08-13,8,10559.539999999999,140.0,3,3,3,333,Potential Loyalists
5171.0,2024-07-15,8,31700.870000000003,169.0,3,3,5,335,Loyal Customers
5172.0,2023-12-05,2,4479.04,392.0,3,1,1,311,Hibernating
5173.0,2024-06-06,10,26244.59,208.0,3,5,5,355,Loyal Customers
5174.0,2024-12-14,7,26949.989999999994,17.0,3,3,5,335,Loyal Customers
5175.0,2024-03-12,9,9043.53,294.0,3,4,2,342,Potential Loyalists
5176.0,2024-02-19,8,15526.06,316.0,3,3,4,334,Loyal Customers
5177.0,2024-11-25,10,14928.39,36.0,3,5,4,354,Loyal Customers
5178.0,2024-03-25,6,8794.67,281.0,3,2,2,322,Hibernating
5179.0,2024-12-07,6,12913.2,24.0,3,2,3,323,Hibernating
5180.0,2024-08-20,6,17507.86,133.0,3,2,4,324,Promising
5181.0,2024-11-23,6,10484.19,38.0,3,2,3,323,Hibernating
5182.0,2023-03-05,5,5990.21,667.0,3,1,1,311,Hibernating
5183.0,2024-11-28,13,18761.8,33.0,3,5,4,354,Loyal Customers
5184.0,2024-12-11,12,666256.62,20.0,3,5,5,355,Loyal Customers
5185.0,2024-09-26,7,8109.5,96.0,3,3,2,332,Potential Loyalists
5186.0,2024-08-04,7,5394.24,149.0,3,3,1,331,Potential Loyalists
5187.0,2024-12-28,7,15098.52,3.0,3,3,4,334,Loyal Customers
5188.0,2024-11-15,5,3284.33,46.0,3,1,1,311,Hibernating
5189.0,2024-04-05,4,6095.0199999999995,270.0,3,1,1,311,Hibernating
5190.0,2024-11-29,8,18483.83,32.0,3,3,4,334,Loyal Customers
5191.0,2023-12-07,5,4766.21,390.0,3,1,1,311,Hibernating
5192.0,2024-04-11,5,3743.69,264.0,3,1,1,311,Hibernating
5193.0,2024-11-03,7,16801.61,58.0,3,3,4,334,Loyal Customers
5194.0,2024-10-20,10,20031.46,72.0,3,5,4,354,Loyal Customers
5195.0,2024-12-18,13,12625.15,13.0,3,5,3,353,Potential Loyalists
5196.0,2024-04-07,6,5288.1,268.0,3,2,1,321,Hibernating
5197.0,2024-05-29,9,17027.12,216.0,3,4,4,344,Loyal Customers
5198.0,2023-11-01,5,42148.45,426.0,3,1,5,315,Promising
5199.0,2024-12-20,11,18565.37,11.0,3,5,4,354,Loyal Customers
5200.0,2023-04-15,3,7268.34,626.0,3,1,2,312,Hibernating
5201.0,2024-12-25,7,9472.59,6.0,3,3,2,332,Potential Loyalists
5202.0,2024-10-19,10,36861.82,73.0,3,5,5,355,Loyal Customers
5203.0,2024-11-10,6,6923.01,51.0,3,2,2,322,Hibernating
5204.0,2024-10-19,9,13240.220000000001,73.0,3,4,3,343,Potential Loyalists
5205.0,2024-11-27,8,10253.51,34.0,3,3,3,333,Potential Loyalists
5206.0,2024-10-14,5,12162.86,78.0,3,1,3,313,Hibernating
5207.0,2024-08-07,9,16456.91,146.0,3,4,4,344,Loyal Customers
5208.0,2024-03-13,9,16370.189999999999,293.0,3,4,4,344,Loyal Customers
5209.0,2024-09-16,7,14224.359999999999,106.0,3,3,3,333,Potential Loyalists
5210.0,2024-10-13,8,6182.85,79.0,3,3,1,331,Potential Loyalists
5211.0,2024-12-15,11,21711.719999999998,16.0,3,5,4,354,Loyal Customers
5212.0,2024-06-10,10,364686.77999999997,204.0,3,5,5,355,Loyal Customers
5213.0,2024-06-19,8,22275.81,195.0,3,3,5,335,Loyal Customers
5214.0,2024-11-26,7,8873.89,35.0,3,3,2,332,Potential Loyalists
5215.0,2024-12-07,11,1392277.72,24.0,3,5,5,355,Loyal Customers
5216.0,2024-10-10,12,17329.72,82.0,3,5,4,354,Loyal Customers
5217.0,2024-11-01,14,22441.23,60.0,3,5,5,355,Loyal Customers
5218.0,2024-07-18,7,12161.3,166.0,3,3,3,333,Potential Loyalists
5219.0,2024-07-12,13,22873.88,172.0,3,5,5,355,Loyal Customers
5220.0,2024-10-30,3,6639.07,62.0,3,1,2,312,Hibernating
5221.0,2024-03-13,5,8985.51,293.0,3,1,2,312,Hibernating
5222.0,2024-12-17,7,8066.86,14.0,3,3,2,332,Potential Loyalists
5223.0,2023-08-11,6,8709.76,508.0,3,2,2,322,Hibernating
5224.0,2024-09-27,5,5002.09,95.0,3,1,1,311,Hibernating
5225.0,2023-10-22,2,802.24,436.0,3,1,1,311,Hibernating
5226.0,2024-05-05,5,12935.04,240.0,3,1,3,313,Hibernating
5227.0,2024-06-10,10,14684.69,204.0,3,5,4,354,Loyal Customers
5228.0,2024-07-16,6,5247.2300000000005,168.0,3,2,1,321,Hibernating
5229.0,2024-06-14,6,8377.4,200.0,3,2,2,322,Hibernating
5230.0,2024-03-11,8,18251.57,295.0,3,3,4,334,Loyal Customers
5231.0,2024-09-06,6,4776.360000000001,116.0,3,2,1,321,Hibernating
5232.0,2024-06-17,3,4177.74,197.0,3,1,1,311,Hibernating
5233.0,2024-12-06,4,7062.13,25.0,3,1,2,312,Hibernating
5234.0,2024-11-26,8,8247.75,35.0,3,3,2,332,Potential Loyalists
5235.0,2024-11-27,6,14047.09,34.0,3,2,3,323,Hibernating
5236.0,2024-12-18,8,21976.41,13.0,3,3,4,334,Loyal Customers
5237.0,2024-11-07,13,316660.54999999993,54.0,3,5,5,355,Loyal Customers
5238.0,2024-07-09,7,20248.23,175.0,3,3,4,334,Loyal Customers
5239.0,2024-12-08,9,19500.21,23.0,3,4,4,344,Loyal Customers
5240.0,2024-11-12,6,7476.21,49.0,3,2,2,322,Hibernating
5241.0,2024-09-19,8,9464.39,103.0,3,3,2,332,Potential Loyalists
5242.0,2024-05-12,5,10541.93,233.0,3,1,3,313,Hibernating
5243.0,2024-07-25,8,12790.34,159.0,3,3,3,333,Potential Loyalists
5244.0,2024-06-15,8,9069.06,199.0,3,3,2,332,Potential Loyalists
5245.0,2024-07-02,6,9533.029999999999,182.0,3,2,2,322,Hibernating
5246.0,2024-10-23,7,22094.66,69.0,3,3,5,335,Loyal Customers
5247.0,2023-01-15,2,2152.3,716.0,3,1,1,311,Hibernating
5248.0,2024-09-11,9,17528.57,111.0,3,4,4,344,Loyal Customers
5249.0,2024-08-20,8,16774.6,133.0,3,3,4,334,Loyal Customers
5250.0,2024-11-26,5,25504.280000000002,35.0,3,1,5,315,Promising
5251.0,2024-08-29,9,10214.66,124.0,3,4,2,342,Potential Loyalists
5252.0,2024-07-22,6,5189.88,162.0,3,2,1,321,Hibernating
5253.0,2024-10-04,8,8473.34,88.0,3,3,2,332,Potential Loyalists
5254.0,2022-09-20,5,17572.5,833.0,3,1,4,314,Hibernating
5255.0,2024-01-05,6,338233.69,361.0,3,2,5,325,Promising
5256.0,2024-10-19,8,14840.02,73.0,3,3,4,334,Loyal Customers
5257.0,2024-05-23,4,10203.66,222.0,3,1,2,312,Hibernating
5258.0,2024-10-13,4,4409.7699999999995,79.0,3,1,1,311,Hibernating
5259.0,2023-07-18,4,10097.66,532.0,3,1,2,312,Hibernating
5260.0,2024-04-25,4,2403.5299999999997,250.0,3,1,1,311,Hibernating
5261.0,2024-08-06,12,28633.66,147.0,3,5,5,355,Loyal Customers
5262.0,2024-02-01,9,17192.219999999998,334.0,3,4,4,344,Loyal Customers
5263.0,2024-09-25,6,210634.03999999998,97.0,3,2,5,325,Promising
5264.0,2024-05-06,8,8760.11,239.0,3,3,2,332,Potential Loyalists
5265.0,2023-11-14,5,3943.73,413.0,3,1,1,311,Hibernating
5266.0,2024-09-03,9,8522.24,119.0,3,4,2,342,Potential Loyalists
5267.0,2024-09-05,9,46092.5,117.0,3,4,5,345,Loyal Customers
5268.0,2024-10-23,12,19837.41,69.0,3,5,4,354,Loyal Customers
5269.0,2024-08-31,9,806221.4600000001,122.0,3,4,5,345,Loyal Customers
5270.0,2024-08-27,12,11696.47,126.0,3,5,3,353,Potential Loyalists
5271.0,2024-10-19,6,8779.54,73.0,3,2,2,322,Hibernating
5272.0,2024-12-06,11,26846.120000000003,25.0,3,5,5,355,Loyal Customers
5273.0,2022-12-06,5,11844.84,756.0,3,1,3,313,Hibernating
5274.0,2024-12-14,9,8845.35,17.0,3,4,2,342,Potential Loyalists
5275.0,2024-04-22,4,3963.05,253.0,3,1,1,311,Hibernating
5276.0,2024-10-19,11,16256.05,73.0,3,5,4,354,Loyal Customers
5277.0,2024-06-29,7,10233.369999999999,185.0,3,3,3,333,Potential Loyalists
5278.0,2024-08-16,7,16533.68,137.0,3,3,4,334,Loyal Customers
5279.0,2024-07-28,6,5524.4800000000005,156.0,3,2,1,321,Hibernating
5280.0,2024-08-30,9,17715.47,123.0,3,4,4,344,Loyal Customers
5281.0,2024-03-04,10,21901.6,302.0,3,5,4,354,Loyal Customers
5282.0,2024-10-30,10,19339.46,62.0,3,5,4,354,Loyal Customers
5283.0,2024-12-23,6,173810.38999999998,8.0,3,2,5,325,Promising
5284.0,2024-01-11,6,6829.16,355.0,3,2,2,322,Hibernating
5285.0,2024-08-31,8,9354.94,122.0,3,3,2,332,Potential Loyalists
5286.0,2024-06-16,7,57982.41,198.0,3,3,5,335,Loyal Customers
5287.0,2024-08-19,9,20995.800000000003,134.0,3,4,4,344,Loyal Customers
5288.0,2024-07-15,4,8750.49,169.0,3,1,2,312,Hibernating
5289.0,2023-08-29,3,2155.52,490.0,3,1,1,311,Hibernating
5290.0,2024-10-19,10,13343.48,73.0,3,5,3,353,Potential Loyalists
5291.0,2023-04-16,5,9940.82,625.0,3,1,2,312,Hibernating
5293.0,2024-08-03,5,2855.94,150.0,3,1,1,311,Hibernating
5294.0,2024-07-02,7,13732.619999999999,182.0,3,3,3,333,Potential Loyalists
5295.0,2024-04-30,6,6163.0,245.0,3,2,1,321,Hibernating
5296.0,2024-11-22,9,12823.11,39.0,3,4,3,343,Potential Loyalists
5297.0,2024-02-02,5,10004.15,333.0,3,1,2,312,Hibernating
5298.0,2024-06-13,6,14581.18,201.0,3,2,4,324,Promising
5299.0,2024-04-13,7,25529.78,262.0,3,3,5,335,Loyal Customers
5300.0,2023-04-21,4,4797.46,620.0,3,1,1,311,Hibernating
5301.0,2024-09-27,6,29424.98,95.0,3,2,5,325,Promising
5302.0,2024-01-25,8,18246.7,341.0,3,3,4,334,Loyal Customers
5303.0,2024-10-04,7,11106.26,88.0,3,3,3,333,Potential Loyalists
5304.0,2024-06-17,3,6381.65,197.0,3,1,1,311,Hibernating
5305.0,2024-08-30,9,5436.06,123.0,3,4,1,341,Potential Loyalists
5306.0,2024-11-13,8,14804.720000000001,48.0,3,3,4,334,Loyal Customers
5307.0,2024-10-22,6,11320.31,70.0,3,2,3,323,Hibernating
5308.0,2024-10-02,12,23534.96,90.0,3,5,5,355,Loyal Customers
5309.0,2024-09-10,8,141568.2,112.0,3,3,5,335,Loyal Customers
5310.0,2024-05-04,4,1784.96,241.0,3,1,1,311,Hibernating
5311.0,2024-09-01,8,11434.82,121.0,3,3,3,333,Potential Loyalists
5312.0,2024-09-15,7,7547.58,107.0,3,3,2,332,Potential Loyalists
5313.0,2023-11-28,7,21045.46,399.0,3,3,4,334,Loyal Customers
5314.0,2024-06-10,6,7890.51,204.0,3,2,2,322,Hibernating
5315.0,2024-07-19,11,17170.57,165.0,3,5,4,354,Loyal Customers
5316.0,2024-10-01,6,8024.22,91.0,3,2,2,322,Hibernating
5317.0,2024-12-25,7,8216.59,6.0,3,3,2,332,Potential Loyalists
5318.0,2024-12-03,7,6073.89,28.0,3,3,1,331,Potential Loyalists
5319.0,2023-01-29,4,8348.32,702.0,3,1,2,312,Hibernating
5320.0,2024-12-28,6,12426.93,3.0,3,2,3,323,Hibernating
5321.0,2024-10-10,10,11667.67,82.0,3,5,3,353,Potential Loyalists
5322.0,2023-10-09,7,13134.76,449.0,3,3,3,333,Potential Loyalists
5323.0,2024-04-16,6,10632.94,259.0,3,2,3,323,Hibernating
5324.0,2024-06-03,12,23246.98,211.0,3,5,5,355,Loyal Customers
5325.0,2023-07-16,3,7127.25,534.0,3,1,2,312,Hibernating
5326.0,2024-05-18,6,11015.41,227.0,3,2,3,323,Hibernating
5327.0,2024-10-08,7,177431.72,84.0,3,3,5,335,Loyal Customers
5328.0,2024-07-18,13,15383.68,166.0,3,5,4,354,Loyal Customers
5329.0,2023-09-04,7,7212.89,484.0,3,3,2,332,Potential Loyalists
5330.0,2024-12-18,9,9004.7,13.0,3,4,2,342,Potential Loyalists
5331.0,2024-12-18,8,32711.66,13.0,3,3,5,335,Loyal Customers
5332.0,2024-11-06,8,17722.969999999998,55.0,3,3,4,334,Loyal Customers
5333.0,2023-07-09,4,6781.85,541.0,3,1,2,312,Hibernating
5334.0,2024-08-23,7,10617.61,130.0,3,3,3,333,Potential Loyalists
5335.0,2024-12-17,8,343295.9,14.0,3,3,5,335,Loyal Customers
5336.0,2024-12-05,7,28744.27,26.0,3,3,5,335,Loyal Customers
5337.0,2024-12-22,11,276717.82,9.0,3,5,5,355,Loyal Customers
5338.0,2024-12-18,7,10969.51,13.0,3,3,3,333,Potential Loyalists
5339.0,2024-01-05,13,26513.38,361.0,3,5,5,355,Loyal Customers
5340.0,2024-12-31,8,7988.44,0.0,3,3,2,332,Potential Loyalists
5341.0,2024-09-07,7,12999.55,115.0,3,3,3,333,Potential Loyalists
5342.0,2024-09-07,8,12260.51,115.0,3,3,3,333,Potential Loyalists
5343.0,2024-09-05,4,26630.44,117.0,3,1,5,315,Promising
5344.0,2024-05-16,4,172427.11,229.0,3,1,5,315,Promising
5345.0,2024-12-12,7,11848.09,19.0,3,3,3,333,Potential Loyalists
5346.0,2024-10-19,7,10477.619999999999,73.0,3,3,3,333,Potential Loyalists
5347.0,2024-08-18,8,13530.45,135.0,3,3,3,333,Potential Loyalists
5348.0,2024-12-09,8,18252.97,22.0,3,3,4,334,Loyal Customers
5349.0,2024-05-27,6,3193.9999999999995,218.0,3,2,1,321,Hibernating
5350.0,2024-11-28,5,10577.109999999999,33.0,3,1,3,313,Hibernating
5351.0,2024-12-07,7,16698.84,24.0,3,3,4,334,Loyal Customers
5352.0,2024-01-29,2,1335.71,337.0,3,1,1,311,Hibernating
5353.0,2023-09-17,7,15279.9,471.0,3,3,4,334,Loyal Customers
5354.0,2024-11-14,7,15121.5,47.0,3,3,4,334,Loyal Customers
5355.0,2024-08-10,9,13092.560000000001,143.0,3,4,3,343,Potential Loyalists
5356.0,2024-07-25,4,5894.76,159.0,3,1,1,311,Hibernating
5357.0,2023-10-21,4,3195.2,437.0,3,1,1,311,Hibernating
5358.0,2024-10-01,10,16635.96,91.0,3,5,4,354,Loyal Customers
5359.0,2024-11-18,10,20921.91,43.0,3,5,4,354,Loyal Customers
5360.0,2024-10-21,8,10050.29,71.0,3,3,2,332,Potential Loyalists
5361.0,2023-02-02,5,30605.829999999998,698.0,3,1,5,315,Promising
5362.0,2024-07-04,8,15764.3,180.0,3,3,4,334,Loyal Customers
5363.0,2024-06-28,5,5766.69,186.0,3,1,1,311,Hibernating
5364.0,2024-09-07,8,15544.27,115.0,3,3,4,334,Loyal Customers
5365.0,2024-12-11,6,10978.56,20.0,3,2,3,323,Hibernating
5366.0,2024-05-03,8,19218.06,242.0,3,3,4,334,Loyal Customers
5367.0,2024-10-28,5,8115.570000000001,64.0,3,1,2,312,Hibernating
5368.0,2024-12-08,10,61744.740000000005,23.0,3,5,5,355,Loyal Customers
5369.0,2024-12-09,6,11478.04,22.0,3,2,3,323,Hibernating
5370.0,2024-07-01,8,571009.79,183.0,3,3,5,335,Loyal Customers
5371.0,2024-07-23,2,3004.99,161.0,3,1,1,311,Hibernating
5372.0,2024-04-28,7,3901.7400000000002,247.0,3,3,1,331,Potential Loyalists
5373.0,2024-04-15,12,24710.81,260.0,3,5,5,355,Loyal Customers
5374.0,2024-01-26,4,2079.2,340.0,3,1,1,311,Hibernating
5375.0,2024-10-24,7,16745.44,68.0,3,3,4,334,Loyal Customers
5376.0,2024-10-17,8,28077.06,75.0,3,3,5,335,Loyal Customers
5377.0,2024-11-25,11,16154.73,36.0,3,5,4,354,Loyal Customers
5378.0,2024-06-23,6,5773.07,191.0,3,2,1,321,Hibernating
5379.0,2024-12-10,9,10006.53,21.0,3,4,2,342,Potential Loyalists
5380.0,2024-10-09,11,971611.9800000001,83.0,3,5,5,355,Loyal Customers
5381.0,2022-07-10,1,127.03,905.0,3,1,1,311,Hibernating
5382.0,2024-08-13,10,17683.49,140.0,3,5,4,354,Loyal Customers
5383.0,2024-02-25,4,9436.13,310.0,3,1,2,312,Hibernating
5384.0,2024-10-24,7,10417.46,68.0,3,3,3,333,Potential Loyalists
5385.0,2023-10-31,8,14890.66,427.0,3,3,4,334,Loyal Customers
5386.0,2024-06-25,10,15271.289999999999,189.0,3,5,4,354,Loyal Customers
5387.0,2024-12-20,5,4937.85,11.0,3,1,1,311,Hibernating
5388.0,2024-08-24,7,7082.69,129.0,3,3,2,332,Potential Loyalists
5389.0,2024-09-13,3,2047.1499999999999,109.0,3,1,1,311,Hibernating
5390.0,2024-07-17,8,11439.52,167.0,3,3,3,333,Potential Loyalists
5391.0,2024-12-15,10,11420.42,16.0,3,5,3,353,Potential Loyalists
5392.0,2024-02-14,7,14244.630000000001,321.0,3,3,3,333,Potential Loyalists
5393.0,2024-07-30,5,6147.08,154.0,3,1,1,311,Hibernating
5394.0,2024-02-19,9,11707.6,316.0,3,4,3,343,Potential Loyalists
5395.0,2024-12-02,2,4490.88,29.0,3,1,1,311,Hibernating
5396.0,2023-11-25,7,6430.28,402.0,3,3,1,331,Potential Loyalists
5397.0,2024-12-20,11,12122.62,11.0,3,5,3,353,Potential Loyalists
5398.0,2024-08-17,5,5383.54,136.0,3,1,1,311,Hibernating
5399.0,2024-09-01,7,17305.9,121.0,3,3,4,334,Loyal Customers
5400.0,2024-09-20,10,23459.95,102.0,3,5,5,355,Loyal Customers
5401.0,2024-12-19,5,6646.5199999999995,12.0,3,1,2,312,Hibernating
5402.0,2024-12-12,7,8180.4,19.0,3,3,2,332,Potential Loyalists
5403.0,2024-11-10,9,14904.41,51.0,3,4,4,344,Loyal Customers
5404.0,2024-07-09,9,609893.37,175.0,3,4,5,345,Loyal Customers
5405.0,2023-07-29,4,7632.57,521.0,3,1,2,312,Hibernating
5406.0,2024-05-04,5,11394.1,241.0,3,1,3,313,Hibernating
5407.0,2023-11-09,6,20766.99,418.0,3,2,4,324,Promising
5408.0,2024-10-30,6,9050.52,62.0,3,2,2,322,Hibernating
5409.0,2024-10-25,5,9047.57,67.0,3,1,2,312,Hibernating
5410.0,2023-12-11,5,6774.67,386.0,3,1,2,312,Hibernating
5411.0,2024-10-05,15,26456.260000000002,87.0,3,5,5,355,Loyal Customers
5412.0,2024-11-18,11,24396.35,43.0,3,5,5,355,Loyal Customers
5413.0,2024-07-09,7,7230.820000000001,175.0,3,3,2,332,Potential Loyalists
5414.0,2024-10-31,9,22454.57,61.0,3,4,5,345,Loyal Customers
5415.0,2024-05-06,9,9608.35,239.0,3,4,2,342,Potential Loyalists
5416.0,2023-08-22,5,16954.53,497.0,3,1,4,314,Hibernating
5417.0,2024-10-22,8,409538.94,70.0,3,3,5,335,Loyal Customers
5418.0,2024-11-13,11,12885.7,48.0,3,5,3,353,Potential Loyalists
5419.0,2024-07-02,10,9295.97,182.0,3,5,2,352,Potential Loyalists
5420.0,2024-12-09,11,12360.23,22.0,3,5,3,353,Potential Loyalists
5421.0,2023-11-15,5,12804.52,412.0,3,1,3,313,Hibernating
5422.0,2024-11-01,7,4835.8,60.0,3,3,1,331,Potential Loyalists
5423.0,2023-11-22,5,6348.01,405.0,3,1,1,311,Hibernating
5424.0,2024-03-09,11,18585.6,297.0,3,5,4,354,Loyal Customers
5425.0,2024-12-27,5,573893.15,4.0,3,1,5,315,Promising
5426.0,2024-10-07,7,22404.85,85.0,3,3,5,335,Loyal Customers
5427.0,2024-05-17,10,10514.49,228.0,3,5,3,353,Potential Loyalists
5428.0,2024-07-11,6,13266.07,173.0,3,2,3,323,Hibernating
5429.0,2024-06-18,10,20370.87,196.0,3,5,4,354,Loyal Customers
5430.0,2023-08-07,3,9593.45,512.0,3,1,2,312,Hibernating
5431.0,2024-11-29,11,29394.68,32.0,3,5,5,355,Loyal Customers
5432.0,2024-11-15,10,31086.37,46.0,3,5,5,355,Loyal Customers
5433.0,2024-07-28,2,1089.22,156.0,3,1,1,311,Hibernating
5434.0,2024-11-20,12,15781.63,41.0,3,5,4,354,Loyal Customers
5435.0,2024-12-29,7,5877.51,2.0,3,3,1,331,Potential Loyalists
5436.0,2024-09-17,10,19676.760000000002,105.0,3,5,4,354,Loyal Customers
5437.0,2024-12-29,8,13841.89,2.0,3,3,3,333,Potential Loyalists
5438.0,2024-11-03,5,4706.36,58.0,3,1,1,311,Hibernating
5439.0,2024-12-14,9,6811.92,17.0,3,4,2,342,Potential Loyalists
5440.0,2023-10-15,3,2342.39,443.0,3,1,1,311,Hibernating
5441.0,2024-12-05,9,1199314.84,26.0,3,4,5,345,Loyal Customers
5442.0,2024-07-23,3,4527.7699999999995,161.0,3,1,1,311,Hibernating
5443.0,2024-02-11,9,18986.13,324.0,3,4,4,344,Loyal Customers
5444.0,2024-02-25,4,7724.83,310.0,3,1,2,312,Hibernating
5445.0,2024-12-25,5,8658.47,6.0,3,1,2,312,Hibernating
5446.0,2024-11-21,11,17882.69,40.0,3,5,4,354,Loyal Customers
5447.0,2024-09-23,2,5216.76,99.0,3,1,1,311,Hibernating
5448.0,2024-07-05,7,16876.309999999998,179.0,3,3,4,334,Loyal Customers
5449.0,2024-10-05,10,12517.14,87.0,3,5,3,353,Potential Loyalists
5450.0,2024-12-15,7,11724.5,16.0,3,3,3,333,Potential Loyalists
5451.0,2024-09-07,8,10897.24,115.0,3,3,3,333,Potential Loyalists
5452.0,2024-09-12,7,9545.54,110.0,3,3,2,332,Potential Loyalists
5453.0,2024-10-21,6,9277.33,71.0,3,2,2,322,Hibernating
5454.0,2024-11-25,13,50736.969999999994,36.0,3,5,5,355,Loyal Customers
5455.0,2024-12-29,9,39622.78,2.0,3,4,5,345,Loyal Customers
5456.0,2024-11-08,10,28296.39,53.0,3,5,5,355,Loyal Customers
5457.0,2024-09-16,8,8715.82,106.0,3,3,2,332,Potential Loyalists
5458.0,2024-12-24,7,10900.63,7.0,3,3,3,333,Potential Loyalists
5459.0,2024-12-10,6,8912.39,21.0,3,2,2,322,Hibernating
5460.0,2024-03-19,8,10171.23,287.0,3,3,2,332,Potential Loyalists
5461.0,2024-10-11,5,8745.31,81.0,3,1,2,312,Hibernating
5462.0,2024-01-06,10,1021274.84,360.0,3,5,5,355,Loyal Customers
5463.0,2024-09-11,4,11199.02,111.0,3,1,3,313,Hibernating
5464.0,2024-08-03,8,25063.97,150.0,3,3,5,335,Loyal Customers
5465.0,2022-09-02,5,16450.649999999998,851.0,3,1,4,314,Hibernating
5466.0,2024-09-03,8,17116.86,119.0,3,3,4,334,Loyal Customers
5467.0,2024-01-01,5,8889.18,365.0,3,1,2,312,Hibernating
5468.0,2023-12-12,5,5392.2,385.0,3,1,1,311,Hibernating
5469.0,2024-09-24,7,16331.2,98.0,3,3,4,334,Loyal Customers
5470.0,2024-07-26,5,7619.7,158.0,3,1,2,312,Hibernating
5471.0,2024-12-09,6,9091.01,22.0,3,2,2,322,Hibernating
5472.0,2024-12-17,9,10330.33,14.0,3,4,3,343,Potential Loyalists
5473.0,2024-07-21,6,10454.78,163.0,3,2,3,323,Hibernating
5474.0,2024-09-22,11,8880.2,100.0,3,5,2,352,Potential Loyalists
5475.0,2024-06-17,6,6924.04,197.0,3,2,2,322,Hibernating
5476.0,2024-08-03,2,1704.16,150.0,3,1,1,311,Hibernating
5477.0,2024-10-18,6,10134.380000000001,74.0,3,2,2,322,Hibernating
5478.0,2024-12-27,11,26782.83,4.0,3,5,5,355,Loyal Customers
5479.0,2024-11-03,5,16648.55,58.0,3,1,4,314,Hibernating
5480.0,2024-08-17,5,5457.660000000001,136.0,3,1,1,311,Hibernating
5481.0,2024-03-11,4,12549.66,295.0,3,1,3,313,Hibernating
5482.0,2024-07-17,4,4081.43,167.0,3,1,1,311,Hibernating
5483.0,2024-12-27,6,13651.710000000001,4.0,3,2,3,323,Hibernating
5484.0,2024-12-27,5,5629.92,4.0,3,1,1,311,Hibernating
5485.0,2024-09-07,10,26978.600000000002,115.0,3,5,5,355,Loyal Customers
5486.0,2024-12-06,7,5888.84,25.0,3,3,1,331,Potential Loyalists
5487.0,2024-12-19,6,11922.67,12.0,3,2,3,323,Hibernating
5488.0,2024-08-26,11,19481.11,127.0,3,5,4,354,Loyal Customers
5489.0,2024-12-22,8,17105.91,9.0,3,3,4,334,Loyal Customers
5490.0,2024-12-24,8,20902.66,7.0,3,3,4,334,Loyal Customers
5491.0,2024-03-24,6,19334.19,282.0,3,2,4,324,Promising
5492.0,2024-10-06,8,511618.29000000004,86.0,3,3,5,335,Loyal Customers
5493.0,2024-08-17,8,17320.11,136.0,3,3,4,334,Loyal Customers
5494.0,2024-08-15,12,13704.04,138.0,3,5,3,353,Potential Loyalists
5495.0,2024-11-21,15,64609.490000000005,40.0,3,5,5,355,Loyal Customers
5496.0,2024-11-18,11,18075.87,43.0,3,5,4,354,Loyal Customers
5497.0,2024-10-28,5,7559.87,64.0,3,1,2,312,Hibernating
5498.0,2024-03-01,7,2835.57,305.0,3,3,1,331,Potential Loyalists
5499.0,2024-10-22,9,25517.19,70.0,3,4,5,345,Loyal Customers
5500.0,2024-12-10,4,11547.24,21.0,3,1,3,313,Hibernating
5501.0,2024-12-05,6,18617.49,26.0,3,2,4,324,Promising
5502.0,2023-07-07,5,6805.84,543.0,3,1,2,312,Hibernating
5503.0,2024-12-19,8,7596.12,12.0,3,3,2,332,Potential Loyalists
5504.0,2023-08-09,4,6634.0599999999995,510.0,3,1,2,312,Hibernating
5505.0,2024-11-01,7,15103.85,60.0,3,3,4,334,Loyal Customers
5506.0,2024-10-03,4,5744.26,89.0,3,1,1,311,Hibernating
5507.0,2024-10-21,5,6978.19,71.0,3,1,2,312,Hibernating
5508.0,2024-08-05,5,4376.93,148.0,3,1,1,311,Hibernating
5509.0,2024-12-31,11,22695.43,0.0,3,5,5,355,Loyal Customers
5510.0,2024-05-11,9,15672.949999999999,234.0,3,4,4,344,Loyal Customers
5511.0,2024-11-27,3,3451.6,34.0,3,1,1,311,Hibernating
5512.0,2024-11-03,7,4887.07,58.0,3,3,1,331,Potential Loyalists
5513.0,2024-05-06,9,10665.48,239.0,3,4,3,343,Potential Loyalists
5514.0,2024-09-08,10,10466.4,114.0,3,5,3,353,Potential Loyalists
5515.0,2024-08-04,6,10361.16,149.0,3,2,3,323,Hibernating
5516.0,2024-09-10,10,13486.14,112.0,3,5,3,353,Potential Loyalists
5517.0,2024-12-30,8,10763.08,1.0,3,3,3,333,Potential Loyalists
5518.0,2024-12-29,8,6627.12,2.0,3,3,2,332,Potential Loyalists
5519.0,2024-07-25,4,3247.44,159.0,3,1,1,311,Hibernating
5520.0,2024-09-02,7,17572.52,120.0,3,3,4,334,Loyal Customers
5521.0,2024-10-13,7,10761.65,79.0,3,3,3,333,Potential Loyalists
5522.0,2024-06-16,4,16179.04,198.0,3,1,4,314,Hibernating
5523.0,2024-08-09,8,14420.17,144.0,3,3,3,333,Potential Loyalists
5524.0,2024-10-10,4,5745.92,82.0,3,1,1,311,Hibernating
5525.0,2023-09-01,6,10360.14,487.0,3,2,3,323,Hibernating
5526.0,2024-01-08,8,5932.84,358.0,3,3,1,331,Potential Loyalists
5527.0,2024-12-07,7,7324.45,24.0,3,3,2,332,Potential Loyalists
5528.0,2024-04-02,5,8713.34,273.0,3,1,2,312,Hibernating
5529.0,2023-12-31,4,6185.15,366.0,3,1,1,311,Hibernating
5530.0,2024-09-16,8,10542.51,106.0,3,3,3,333,Potential Loyalists
5531.0,2024-08-10,3,7093.58,143.0,3,1,2,312,Hibernating
5532.0,2024-09-29,8,8958.05,93.0,3,3,2,332,Potential Loyalists
5533.0,2024-03-27,7,3856.92,279.0,3,3,1,331,Potential Loyalists
5534.0,2024-08-02,6,12525.689999999999,151.0,3,2,3,323,Hibernating
5535.0,2024-10-20,10,15725.03,72.0,3,5,4,354,Loyal Customers
5536.0,2024-11-18,6,6880.200000000001,43.0,3,2,2,322,Hibernating
5537.0,2024-11-18,4,1994.98,43.0,3,1,1,311,Hibernating
5538.0,2024-04-08,5,2841.2,267.0,3,1,1,311,Hibernating
5539.0,2024-01-01,7,190017.16999999998,365.0,3,3,5,335,Loyal Customers
5540.0,2024-09-09,7,13261.8,113.0,3,3,3,333,Potential Loyalists
5541.0,2024-10-07,6,8117.64,85.0,3,2,2,322,Hibernating
5542.0,2024-08-17,9,17476.06,136.0,3,4,4,344,Loyal Customers
5543.0,2024-10-25,11,62571.939999999995,67.0,3,5,5,355,Loyal Customers
5544.0,2024-10-12,6,17763.1,80.0,3,2,4,324,Promising
5545.0,2024-09-12,4,338919.58,110.0,3,1,5,315,Promising
5546.0,2024-11-12,12,134343.27,49.0,3,5,5,355,Loyal Customers
5547.0,2024-11-10,9,10630.85,51.0,3,4,3,343,Potential Loyalists
5548.0,2024-11-17,8,9300.9,44.0,3,3,2,332,Potential Loyalists
5549.0,2024-12-02,8,1227533.51,29.0,3,3,5,335,Loyal Customers
5550.0,2024-06-27,10,11956.89,187.0,3,5,3,353,Potential Loyalists
5551.0,2024-04-30,8,16029.72,245.0,3,3,4,334,Loyal Customers
5552.0,2024-09-27,9,13310.58,95.0,3,4,3,343,Potential Loyalists
5553.0,2023-12-07,6,13540.93,390.0,3,2,3,323,Hibernating
5554.0,2024-12-04,7,12597.23,27.0,3,3,3,333,Potential Loyalists
5555.0,2024-10-19,8,198180.29,73.0,3,3,5,335,Loyal Customers
5556.0,2024-08-12,9,17289.420000000002,141.0,3,4,4,344,Loyal Customers
5557.0,2023-10-22,5,4543.83,436.0,3,1,1,311,Hibernating
5558.0,2024-12-25,7,10681.1,6.0,3,3,3,333,Potential Loyalists
5559.0,2024-08-23,4,11884.19,130.0,3,1,3,313,Hibernating
5560.0,2024-12-20,8,16269.380000000001,11.0,3,3,4,334,Loyal Customers
5561.0,2024-11-12,9,38330.52,49.0,3,4,5,345,Loyal Customers
5562.0,2024-03-28,4,11034.83,278.0,3,1,3,313,Hibernating
5563.0,2024-08-20,4,4399.18,133.0,3,1,1,311,Hibernating
5564.0,2024-07-13,8,17624.89,171.0,3,3,4,334,Loyal Customers
5565.0,2024-12-20,9,14979.77,11.0,3,4,4,344,Loyal Customers
5566.0,2024-05-24,9,11923.43,221.0,3,4,3,343,Potential Loyalists
5567.0,2024-08-19,6,26535.1,134.0,3,2,5,325,Promising
5568.0,2024-07-05,8,14820.759999999998,179.0,3,3,4,334,Loyal Customers
5569.0,2024-05-01,3,3765.84,244.0,3,1,1,311,Hibernating
5570.0,2024-11-06,9,19842.55,55.0,3,4,4,344,Loyal Customers
5571.0,2024-12-25,8,11102.210000000001,6.0,3,3,3,333,Potential Loyalists
5572.0,2024-11-16,13,202333.35,45.0,3,5,5,355,Loyal Customers
5573.0,2024-11-23,9,9055.27,38.0,3,4,2,342,Potential Loyalists
5574.0,2024-10-05,10,11355.29,87.0,3,5,3,353,Potential Loyalists
5575.0,2024-12-24,6,16044.310000000001,7.0,3,2,4,324,Promising
5576.0,2024-01-02,5,5628.76,364.0,3,1,1,311,Hibernating
5577.0,2024-12-06,8,16174.63,25.0,3,3,4,334,Loyal Customers
5578.0,2024-12-19,11,15553.169999999998,12.0,3,5,4,354,Loyal Customers
5579.0,2024-11-28,11,19496.82,33.0,3,5,4,354,Loyal Customers
5580.0,2024-12-01,3,22253.68,30.0,3,1,5,315,Promising
5581.0,2024-08-02,11,21326.97,151.0,3,5,4,354,Loyal Customers
5582.0,2024-11-12,14,22164.81,49.0,3,5,5,355,Loyal Customers
5583.0,2024-12-12,6,12010.720000000001,19.0,3,2,3,323,Hibernating
5584.0,2024-05-31,13,23161.12,214.0,3,5,5,355,Loyal Customers
5585.0,2024-03-26,11,28130.48,280.0,3,5,5,355,Loyal Customers
5586.0,2024-12-11,10,181621.80000000002,20.0,3,5,5,355,Loyal Customers
5587.0,2024-02-28,6,8862.87,307.0,3,2,2,322,Hibernating
5588.0,2024-12-14,8,15109.32,17.0,3,3,4,334,Loyal Customers
5589.0,2024-11-24,9,21750.99,37.0,3,4,4,344,Loyal Customers
5590.0,2024-10-06,9,11013.19,86.0,3,4,3,343,Potential Loyalists
5591.0,2024-11-04,6,9437.9,57.0,3,2,2,322,Hibernating
5592.0,2024-12-28,7,15866.47,3.0,3,3,4,334,Loyal Customers
5593.0,2024-12-08,9,12366.59,23.0,3,4,3,343,Potential Loyalists
5594.0,2023-09-23,2,732.56,465.0,3,1,1,311,Hibernating
5595.0,2024-11-12,6,17100.75,49.0,3,2,4,324,Promising
5596.0,2024-06-05,2,1680.6100000000001,209.0,3,1,1,311,Hibernating
5597.0,2024-09-23,4,5340.32,99.0,3,1,1,311,Hibernating
5598.0,2024-10-16,6,171834.81,76.0,3,2,5,325,Promising
5599.0,2024-11-26,9,10825.61,35.0,3,4,3,343,Potential Loyalists
5600.0,2024-08-03,6,10812.58,150.0,3,2,3,323,Hibernating
5601.0,2024-12-12,12,14666.38,19.0,3,5,4,354,Loyal Customers
5602.0,2023-11-04,5,10023.99,423.0,3,1,2,312,Hibernating
5603.0,2024-09-23,10,409047.21,99.0,3,5,5,355,Loyal Customers
5604.0,2024-11-07,8,14655.97,54.0,3,3,4,334,Loyal Customers
5605.0,2024-12-24,11,16017.84,7.0,3,5,4,354,Loyal Customers
5606.0,2024-10-29,3,16437.56,63.0,3,1,4,314,Hibernating
5607.0,2024-12-26,7,14111.81,5.0,3,3,3,333,Potential Loyalists
5608.0,2024-06-14,7,11345.9,200.0,3,3,3,333,Potential Loyalists
5609.0,2024-09-10,4,1172.56,112.0,3,1,1,311,Hibernating
5610.0,2024-12-21,6,9393.13,10.0,3,2,2,322,Hibernating
5611.0,2023-12-26,7,6533.26,371.0,3,3,1,331,Potential Loyalists
5612.0,2024-09-22,4,6448.82,100.0,3,1,1,311,Hibernating
5613.0,2024-11-24,8,10915.36,37.0,3,3,3,333,Potential Loyalists
5614.0,2024-10-04,9,11987.5,88.0,3,4,3,343,Potential Loyalists
5615.0,2023-03-15,3,5815.38,657.0,3,1,1,311,Hibernating
5616.0,2024-06-25,14,28052.63,189.0,3,5,5,355,Loyal Customers
5617.0,2024-05-13,5,6100.61,232.0,3,1,1,311,Hibernating
5618.0,2024-08-30,5,8059.73,123.0,3,1,2,312,Hibernating
5619.0,2024-12-01,7,11633.609999999999,30.0,3,3,3,333,Potential Loyalists
5620.0,2024-07-12,5,15500.230000000001,172.0,3,1,4,314,Hibernating
5621.0,2024-10-30,8,15142.11,62.0,3,3,4,334,Loyal Customers
5622.0,2024-12-20,9,10327.939999999999,11.0,3,4,3,343,Potential Loyalists
5623.0,2024-09-03,5,4344.88,119.0,3,1,1,311,Hibernating
5624.0,2024-05-23,5,5845.66,222.0,3,1,1,311,Hibernating
5625.0,2024-10-26,7,7408.48,66.0,3,3,2,332,Potential Loyalists
5626.0,2024-12-09,6,892.07,22.0,3,2,1,321,Hibernating
5627.0,2024-10-20,8,13461.47,72.0,3,3,3,333,Potential Loyalists
5628.0,2024-09-26,4,1163.61,96.0,3,1,1,311,Hibernating
5629.0,2024-11-23,7,12953.05,38.0,3,3,3,333,Potential Loyalists
5630.0,2024-08-25,6,8846.03,128.0,3,2,2,322,Hibernating
5631.0,2024-10-18,8,15745.13,74.0,3,3,4,334,Loyal Customers
5632.0,2024-02-25,2,2543.85,310.0,3,1,1,311,Hibernating
5633.0,2024-07-09,13,22845.72,175.0,3,5,5,355,Loyal Customers
5634.0,2024-07-26,12,28496.27,158.0,3,5,5,355,Loyal Customers
5635.0,2024-12-31,7,7148.16,0.0,3,3,2,332,Potential Loyalists
5636.0,2023-11-08,5,337540.7,419.0,3,1,5,315,Promising
5637.0,2024-12-10,13,20925.66,21.0,3,5,4,354,Loyal Customers
5638.0,2024-06-14,3,3507.13,200.0,3,1,1,311,Hibernating
5639.0,2024-08-25,8,21038.57,128.0,3,3,4,334,Loyal Customers
5640.0,2024-12-08,10,38737.71,23.0,3,5,5,355,Loyal Customers
5641.0,2024-05-11,3,1152.04,234.0,3,1,1,311,Hibernating
5642.0,2024-12-07,16,26728.58,24.0,3,5,5,355,Loyal Customers
5643.0,2024-04-07,5,8170.65,268.0,3,1,2,312,Hibernating
5644.0,2024-09-28,8,9579.789999999999,94.0,3,3,2,332,Potential Loyalists
5645.0,2024-09-30,5,38889.54,92.0,3,1,5,315,Promising
5646.0,2024-11-16,3,3284.2599999999998,45.0,3,1,1,311,Hibernating
5647.0,2024-04-13,9,20809.059999999998,262.0,3,4,4,344,Loyal Customers
5648.0,2024-11-28,15,38339.51,33.0,3,5,5,355,Loyal Customers
5649.0,2024-12-08,10,17188.39,23.0,3,5,4,354,Loyal Customers
5650.0,2024-05-25,3,15854.44,220.0,3,1,4,314,Hibernating
5651.0,2024-05-09,5,6559.35,236.0,3,1,1,311,Hibernating
5652.0,2024-09-29,7,13466.65,93.0,3,3,3,333,Potential Loyalists
5653.0,2024-12-03,11,31960.2,28.0,3,5,5,355,Loyal Customers
5654.0,2023-04-20,3,8652.84,621.0,3,1,2,312,Hibernating
5655.0,2023-04-28,7,7351.0599999999995,613.0,3,3,2,332,Potential Loyalists
5656.0,2024-11-19,8,18520.34,42.0,3,3,4,334,Loyal Customers
5657.0,2024-06-08,10,12057.93,206.0,3,5,3,353,Potential Loyalists
5658.0,2024-07-14,10,16388.39,170.0,3,5,4,354,Loyal Customers
5659.0,2024-12-13,3,9330.28,18.0,3,1,2,312,Hibernating
5660.0,2024-03-12,7,10384.619999999999,294.0,3,3,3,333,Potential Loyalists
5661.0,2024-11-14,9,275521.24,47.0,3,4,5,345,Loyal Customers
5662.0,2024-09-01,11,14749.05,121.0,3,5,4,354,Loyal Customers
5663.0,2024-06-08,9,21082.53,206.0,3,4,4,344,Loyal Customers
5664.0,2024-08-10,8,16803.690000000002,143.0,3,3,4,334,Loyal Customers
5665.0,2024-10-12,7,12670.57,80.0,3,3,3,333,Potential Loyalists
5666.0,2024-11-15,11,14011.74,46.0,3,5,3,353,Potential Loyalists
5667.0,2024-12-20,8,9796.02,11.0,3,3,2,332,Potential Loyalists
5668.0,2024-07-10,8,21977.87,174.0,3,3,4,334,Loyal Customers
5669.0,2024-01-14,8,14380.189999999999,352.0,3,3,3,333,Potential Loyalists
5670.0,2024-12-17,9,12754.970000000001,14.0,3,4,3,343,Potential Loyalists
5671.0,2024-12-09,6,10071.7,22.0,3,2,2,322,Hibernating
5672.0,2024-10-14,7,8107.44,78.0,3,3,2,332,Potential Loyalists
5673.0,2024-11-27,7,341181.18,34.0,3,3,5,335,Loyal Customers
5674.0,2024-03-11,9,11771.86,295.0,3,4,3,343,Potential Loyalists
5675.0,2024-10-13,8,518685.06,79.0,3,3,5,335,Loyal Customers
5676.0,2024-03-03,6,4142.88,303.0,3,2,1,321,Hibernating
5677.0,2024-05-16,8,9212.300000000001,229.0,3,3,2,332,Potential Loyalists
5678.0,2024-04-24,6,6213.38,251.0,3,2,1,321,Hibernating
5679.0,2024-05-19,4,5562.55,226.0,3,1,1,311,Hibernating
5680.0,2024-05-21,4,3634.43,224.0,3,1,1,311,Hibernating
5681.0,2023-09-30,2,1469.6,458.0,3,1,1,311,Hibernating
5682.0,2024-11-29,8,14527.12,32.0,3,3,4,334,Loyal Customers
5683.0,2024-09-30,4,8364.61,92.0,3,1,2,312,Hibernating
5684.0,2024-06-22,7,14936.16,192.0,3,3,4,334,Loyal Customers
5685.0,2024-12-31,10,23975.54,0.0,3,5,5,355,Loyal Customers
5686.0,2024-12-23,12,20695.82,8.0,3,5,4,354,Loyal Customers
5687.0,2023-09-23,6,13025.49,465.0,3,2,3,323,Hibernating
5688.0,2024-12-29,6,164017.91999999998,2.0,3,2,5,325,Promising
5689.0,2024-11-29,11,17264.24,32.0,3,5,4,354,Loyal Customers
5690.0,2024-04-30,4,12119.06,245.0,3,1,3,313,Hibernating
5691.0,2024-09-14,9,409344.25,108.0,3,4,5,345,Loyal Customers
5692.0,2024-06-26,3,4931.47,188.0,3,1,1,311,Hibernating
5693.0,2024-12-01,11,18903.36,30.0,3,5,4,354,Loyal Customers
5694.0,2024-02-08,7,8785.0,327.0,3,3,2,332,Potential Loyalists
5695.0,2024-07-02,8,15924.55,182.0,3,3,4,334,Loyal Customers
5696.0,2024-08-09,5,2569.29,144.0,3,1,1,311,Hibernating
5697.0,2024-11-02,5,19120.670000000002,59.0,3,1,4,314,Hibernating
5698.0,2024-11-28,9,21123.75,33.0,3,4,4,344,Loyal Customers
5699.0,2024-12-17,5,2639.54,14.0,3,1,1,311,Hibernating
5700.0,2024-08-26,9,23022.62,127.0,3,4,5,345,Loyal Customers
5701.0,2023-09-12,5,10901.33,476.0,3,1,3,313,Hibernating
5702.0,2024-03-18,7,11369.98,288.0,3,3,3,333,Potential Loyalists
5703.0,2024-12-21,14,34057.87,10.0,3,5,5,355,Loyal Customers
5704.0,2024-09-05,7,8147.17,117.0,3,3,2,332,Potential Loyalists
5705.0,2024-08-18,13,15332.33,135.0,3,5,4,354,Loyal Customers
5706.0,2024-11-29,11,9320.9,32.0,3,5,2,352,Potential Loyalists
5707.0,2024-09-11,7,157105.53,111.0,3,3,5,335,Loyal Customers
5708.0,2024-03-09,7,40075.49,297.0,3,3,5,335,Loyal Customers
5709.0,2023-12-13,6,8266.1,384.0,3,2,2,322,Hibernating
5710.0,2024-11-24,6,6606.22,37.0,3,2,2,322,Hibernating
5711.0,2024-01-12,6,15064.38,354.0,3,2,4,324,Promising
5712.0,2024-05-24,7,4447.5,221.0,3,3,1,331,Potential Loyalists
5713.0,2024-09-16,6,10659.53,106.0,3,2,3,323,Hibernating
5714.0,2024-10-26,10,11078.8,66.0,3,5,3,353,Potential Loyalists
5715.0,2024-07-31,6,11424.5,153.0,3,2,3,323,Hibernating
5716.0,2024-12-06,10,184227.56,25.0,3,5,5,355,Loyal Customers
5717.0,2023-08-03,2,1524.18,516.0,3,1,1,311,Hibernating
5718.0,2024-10-01,9,28282.289999999997,91.0,3,4,5,345,Loyal Customers
5719.0,2024-12-24,5,7650.75,7.0,3,1,2,312,Hibernating
5720.0,2024-10-12,5,4030.48,80.0,3,1,1,311,Hibernating
5721.0,2024-10-13,8,6785.3,79.0,3,3,2,332,Potential Loyalists
5722.0,2024-10-25,8,18449.03,67.0,3,3,4,334,Loyal Customers
5723.0,2024-04-16,7,12504.39,259.0,3,3,3,333,Potential Loyalists
5724.0,2024-10-29,8,10091.33,63.0,3,3,2,332,Potential Loyalists
5725.0,2024-07-31,8,11558.38,153.0,3,3,3,333,Potential Loyalists
5726.0,2024-12-12,5,19354.3,19.0,3,1,4,314,Hibernating
5727.0,2024-12-02,6,17119.48,29.0,3,2,4,324,Promising
5728.0,2024-06-07,10,7450.15,207.0,3,5,2,352,Potential Loyalists
5729.0,2023-09-22,4,5468.87,466.0,3,1,1,311,Hibernating
5730.0,2023-11-26,10,5650.15,401.0,3,5,1,351,Potential Loyalists
5731.0,2024-10-25,12,27966.32,67.0,3,5,5,355,Loyal Customers
5732.0,2024-01-24,7,8817.630000000001,342.0,3,3,2,332,Potential Loyalists
5733.0,2024-11-23,9,11097.43,38.0,3,4,3,343,Potential Loyalists
5734.0,2024-03-24,6,406433.97,282.0,3,2,5,325,Promising
5735.0,2024-12-02,5,254418.23,29.0,3,1,5,315,Promising
5736.0,2024-09-22,3,5128.780000000001,100.0,3,1,1,311,Hibernating
5737.0,2024-12-31,6,5688.3,0.0,3,2,1,321,Hibernating
5738.0,2024-05-26,5,3645.76,219.0,3,1,1,311,Hibernating
5739.0,2024-03-17,5,3663.3599999999997,289.0,3,1,1,311,Hibernating
5740.0,2024-12-21,5,6510.780000000001,10.0,3,1,1,311,Hibernating
5741.0,2024-04-15,6,10297.81,260.0,3,2,3,323,Hibernating
5742.0,2024-12-20,6,11752.960000000001,11.0,3,2,3,323,Hibernating
5743.0,2024-02-03,4,4751.0,332.0,3,1,1,311,Hibernating
5744.0,2024-12-04,5,12828.18,27.0,3,1,3,313,Hibernating
5745.0,2024-11-15,12,28264.57,46.0,3,5,5,355,Loyal Customers
5746.0,2024-09-06,6,7083.1900000000005,116.0,3,2,2,322,Hibernating
5747.0,2024-12-24,8,18799.58,7.0,3,3,4,334,Loyal Customers
5748.0,2024-12-19,8,13132.68,12.0,3,3,3,333,Potential Loyalists
5749.0,2024-10-17,7,10131.279999999999,75.0,3,3,2,332,Potential Loyalists
5750.0,2024-01-24,7,941573.0,342.0,3,3,5,335,Loyal Customers
5751.0,2024-11-01,4,13759.75,60.0,3,1,3,313,Hibernating
5752.0,2024-11-17,5,13160.04,44.0,3,1,3,313,Hibernating
5753.0,2024-12-26,10,22345.51,5.0,3,5,5,355,Loyal Customers
5754.0,2023-09-06,2,786.0,482.0,3,1,1,311,Hibernating
5755.0,2024-11-28,14,15517.029999999999,33.0,3,5,4,354,Loyal Customers
5756.0,2024-10-13,10,14584.84,79.0,3,5,4,354,Loyal Customers
5757.0,2024-11-23,11,24912.489999999998,38.0,3,5,5,355,Loyal Customers
5758.0,2023-10-20,11,31684.51,438.0,3,5,5,355,Loyal Customers
5759.0,2024-11-16,16,24888.25,45.0,3,5,5,355,Loyal Customers
5760.0,2024-09-14,2,733.62,108.0,3,1,1,311,Hibernating
5761.0,2024-12-08,8,10979.44,23.0,3,3,3,333,Potential Loyalists
5762.0,2024-09-04,12,15929.72,118.0,3,5,4,354,Loyal Customers
5763.0,2023-07-15,4,11126.74,535.0,3,1,3,313,Hibernating
5764.0,2024-12-22,10,14405.939999999999,9.0,3,5,3,353,Potential Loyalists
5765.0,2024-12-02,9,12172.53,29.0,3,4,3,343,Potential Loyalists
5766.0,2024-10-28,11,19091.99,64.0,3,5,4,354,Loyal Customers
5767.0,2024-07-17,6,13956.57,167.0,3,2,3,323,Hibernating
5768.0,2024-05-19,9,16615.81,226.0,3,4,4,344,Loyal Customers
5769.0,2024-10-14,9,10778.220000000001,78.0,3,4,3,343,Potential Loyalists
5770.0,2024-12-24,7,10593.88,7.0,3,3,3,333,Potential Loyalists
5771.0,2024-08-05,8,6554.91,148.0,3,3,1,331,Potential Loyalists
5772.0,2024-02-02,13,15738.59,333.0,3,5,4,354,Loyal Customers
5773.0,2024-10-17,7,9773.29,75.0,3,3,2,332,Potential Loyalists
5774.0,2024-11-13,14,24047.62,48.0,3,5,5,355,Loyal Customers
5775.0,2024-12-22,7,13573.78,9.0,3,3,3,333,Potential Loyalists
5776.0,2024-08-03,5,7720.84,150.0,3,1,2,312,Hibernating
5777.0,2023-12-30,11,18450.22,367.0,3,5,4,354,Loyal Customers
5778.0,2024-04-18,5,204058.71,257.0,3,1,5,315,Promising
5779.0,2024-09-03,3,3408.78,119.0,3,1,1,311,Hibernating
5780.0,2024-11-29,8,17241.36,32.0,3,3,4,334,Loyal Customers
5781.0,2023-11-25,4,11849.79,402.0,3,1,3,313,Hibernating
5782.0,2024-11-15,7,17049.6,46.0,3,3,4,334,Loyal Customers
5783.0,2024-12-09,5,21324.97,22.0,3,1,4,314,Hibernating
5784.0,2024-01-08,5,4001.23,358.0,3,1,1,311,Hibernating
5785.0,2024-12-16,7,179682.92,15.0,3,3,5,335,Loyal Customers
5786.0,2024-12-20,10,16572.66,11.0,3,5,4,354,Loyal Customers
5787.0,2024-10-29,5,14465.93,63.0,3,1,4,314,Hibernating
5788.0,2024-12-15,12,353456.26,16.0,3,5,5,355,Loyal Customers
5789.0,2024-06-12,7,9432.56,202.0,3,3,2,332,Potential Loyalists
5790.0,2024-01-28,9,12258.63,338.0,3,4,3,343,Potential Loyalists
5791.0,2024-08-29,9,15056.369999999999,124.0,3,4,4,344,Loyal Customers
5792.0,2024-10-31,7,5748.639999999999,61.0,3,3,1,331,Potential Loyalists
5793.0,2024-09-09,8,47821.64,113.0,3,3,5,335,Loyal Customers
5794.0,2024-01-02,10,12367.46,364.0,3,5,3,353,Potential Loyalists
5795.0,2023-09-03,5,5167.7,485.0,3,1,1,311,Hibernating
5796.0,2024-09-22,10,18436.79,100.0,3,5,4,354,Loyal Customers
5797.0,2024-10-02,12,33916.71,90.0,3,5,5,355,Loyal Customers
5798.0,2024-01-10,5,13827.01,356.0,3,1,3,313,Hibernating
5799.0,2024-12-16,8,15810.51,15.0,3,3,4,334,Loyal Customers
5800.0,2024-04-29,8,9018.4,246.0,3,3,2,332,Potential Loyalists
5801.0,2024-12-29,7,6637.209999999999,2.0,3,3,2,332,Potential Loyalists
5802.0,2024-12-29,9,15842.2,2.0,3,4,4,344,Loyal Customers
5803.0,2024-12-02,6,7411.12,29.0,3,2,2,322,Hibernating
5804.0,2024-05-31,11,19899.6,214.0,3,5,4,354,Loyal Customers
5805.0,2024-09-23,6,6121.5599999999995,99.0,3,2,1,321,Hibernating
5806.0,2024-02-05,3,804195.86,330.0,3,1,5,315,Promising
5807.0,2024-11-08,6,13656.029999999999,53.0,3,2,3,323,Hibernating
5808.0,2024-05-28,5,15643.560000000001,217.0,3,1,4,314,Hibernating
5809.0,2024-12-29,7,17112.23,2.0,3,3,4,334,Loyal Customers
5810.0,2024-04-18,4,8914.42,257.0,3,1,2,312,Hibernating
5811.0,2024-07-02,10,762891.3099999999,182.0,3,5,5,355,Loyal Customers
5812.0,2024-05-29,6,7823.34,216.0,3,2,2,322,Hibernating
5813.0,2024-11-17,6,7148.48,44.0,3,2,2,322,Hibernating
5814.0,2024-10-09,13,61387.34,83.0,3,5,5,355,Loyal Customers
5815.0,2024-08-28,6,10805.96,125.0,3,2,3,323,Hibernating
5816.0,2024-10-26,17,39613.47,66.0,3,5,5,355,Loyal Customers
5817.0,2024-10-04,7,25010.29,88.0,3,3,5,335,Loyal Customers
5818.0,2024-12-14,9,9217.43,17.0,3,4,2,342,Potential Loyalists
5819.0,2024-11-14,11,19743.08,47.0,3,5,4,354,Loyal Customers
5820.0,2024-12-06,12,21057.49,25.0,3,5,4,354,Loyal Customers
5821.0,2024-09-29,12,26768.71,93.0,3,5,5,355,Loyal Customers
5822.0,2024-07-28,7,16565.33,156.0,3,3,4,334,Loyal Customers
5823.0,2024-11-09,8,715554.79,52.0,3,3,5,335,Loyal Customers
5824.0,2024-09-27,6,5494.360000000001,95.0,3,2,1,321,Hibernating
5825.0,2024-12-23,9,10878.650000000001,8.0,3,4,3,343,Potential Loyalists
5826.0,2024-12-22,6,242020.22,9.0,3,2,5,325,Promising
5827.0,2024-03-11,6,8920.210000000001,295.0,3,2,2,322,Hibernating
5828.0,2024-12-20,8,14247.91,11.0,3,3,3,333,Potential Loyalists
5829.0,2024-11-27,7,12881.8,34.0,3,3,3,333,Potential Loyalists
5830.0,2024-11-18,6,10123.460000000001,43.0,3,2,2,322,Hibernating
5831.0,2024-10-03,9,9258.4,89.0,3,4,2,342,Potential Loyalists
5832.0,2024-06-12,6,13397.69,202.0,3,2,3,323,Hibernating
5833.0,2024-08-30,9,18496.91,123.0,3,4,4,344,Loyal Customers
5834.0,2024-11-27,7,16423.21,34.0,3,3,4,334,Loyal Customers
5835.0,2024-06-20,10,21654.489999999998,194.0,3,5,4,354,Loyal Customers
5836.0,2024-09-30,8,12115.619999999999,92.0,3,3,3,333,Potential Loyalists
5837.0,2024-09-28,5,6999.47,94.0,3,1,2,312,Hibernating
5838.0,2024-10-03,12,29587.280000000002,89.0,3,5,5,355,Loyal Customers
5839.0,2023-11-27,5,4501.12,400.0,3,1,1,311,Hibernating
5840.0,2024-12-26,4,10065.0,5.0,3,1,2,312,Hibernating
5841.0,2024-08-08,10,18114.9,145.0,3,5,4,354,Loyal Customers
5842.0,2024-08-06,8,26222.61,147.0,3,3,5,335,Loyal Customers
5843.0,2024-11-14,11,515117.19,47.0,3,5,5,355,Loyal Customers
5844.0,2024-10-15,13,28759.35,77.0,3,5,5,355,Loyal Customers
5845.0,2024-11-09,6,8193.98,52.0,3,2,2,322,Hibernating
5846.0,2024-12-31,11,18620.57,0.0,3,5,4,354,Loyal Customers
5847.0,2024-07-31,4,140842.81,153.0,3,1,5,315,Promising
5848.0,2024-11-12,13,15691.04,49.0,3,5,4,354,Loyal Customers
5849.0,2024-01-30,7,17087.78,336.0,3,3,4,334,Loyal Customers
5850.0,2024-02-08,10,19385.85,327.0,3,5,4,354,Loyal Customers
5851.0,2024-08-15,8,18775.64,138.0,3,3,4,334,Loyal Customers
5852.0,2024-12-08,8,14605.47,23.0,3,3,4,334,Loyal Customers
5853.0,2024-09-26,11,15847.82,96.0,3,5,4,354,Loyal Customers
5854.0,2024-07-06,5,7497.33,178.0,3,1,2,312,Hibernating
5855.0,2024-02-16,6,12007.57,319.0,3,2,3,323,Hibernating
5856.0,2024-11-18,5,3211.88,43.0,3,1,1,311,Hibernating
5857.0,2024-04-02,3,7111.79,273.0,3,1,2,312,Hibernating
5858.0,2024-07-23,7,13493.22,161.0,3,3,3,333,Potential Loyalists
5859.0,2024-03-21,9,14753.789999999999,285.0,3,4,4,344,Loyal Customers
5860.0,2024-10-26,6,4280.1900000000005,66.0,3,2,1,321,Hibernating
5861.0,2024-11-19,9,209268.16,42.0,3,4,5,345,Loyal Customers
5862.0,2024-09-22,12,12885.85,100.0,3,5,3,353,Potential Loyalists
5863.0,2024-11-07,7,15726.69,54.0,3,3,4,334,Loyal Customers
5864.0,2024-10-17,7,22103.88,75.0,3,3,5,335,Loyal Customers
5865.0,2024-12-26,6,12255.26,5.0,3,2,3,323,Hibernating
5866.0,2024-10-27,4,18828.899999999998,65.0,3,1,4,314,Hibernating
5867.0,2024-06-21,5,7110.2300000000005,193.0,3,1,2,312,Hibernating
5868.0,2024-12-07,8,14619.279999999999,24.0,3,3,4,334,Loyal Customers
5869.0,2023-11-14,6,9262.1,413.0,3,2,2,322,Hibernating
5870.0,2024-11-19,13,22880.25,42.0,3,5,5,355,Loyal Customers
5871.0,2023-12-01,6,5579.42,396.0,3,2,1,321,Hibernating
5872.0,2024-09-14,8,15815.11,108.0,3,3,4,334,Loyal Customers
5873.0,2023-12-28,8,11512.06,369.0,3,3,3,333,Potential Loyalists
5874.0,2024-07-04,4,4182.72,180.0,3,1,1,311,Hibernating
5875.0,2024-11-18,8,20823.41,43.0,3,3,4,334,Loyal Customers
5876.0,2024-11-05,14,35550.7,56.0,3,5,5,355,Loyal Customers
5877.0,2024-06-18,8,204313.62,196.0,3,3,5,335,Loyal Customers
5878.0,2023-11-25,2,1266.0,402.0,3,1,1,311,Hibernating
5879.0,2024-12-25,4,6697.41,6.0,3,1,2,312,Hibernating
5880.0,2024-09-22,5,3538.42,100.0,3,1,1,311,Hibernating
5881.0,2024-02-02,6,7388.639999999999,333.0,3,2,2,322,Hibernating
5882.0,2024-11-17,6,15307.34,44.0,3,2,4,324,Promising
5883.0,2024-04-29,3,1681.3999999999999,246.0,3,1,1,311,Hibernating
5884.0,2024-08-01,7,9323.92,152.0,3,3,2,332,Potential Loyalists
5885.0,2024-12-10,15,37035.93,21.0,3,5,5,355,Loyal Customers
5886.0,2024-12-27,6,7009.11,4.0,3,2,2,322,Hibernating
5887.0,2024-09-03,5,487784.69,119.0,3,1,5,315,Promising
5888.0,2024-08-21,5,3829.47,132.0,3,1,1,311,Hibernating
5889.0,2024-12-04,5,10795.25,27.0,3,1,3,313,Hibernating
5890.0,2023-10-18,7,20939.45,440.0,3,3,4,334,Loyal Customers
5891.0,2024-09-29,6,4248.26,93.0,3,2,1,321,Hibernating
5892.0,2024-09-13,8,403571.82,109.0,3,3,5,335,Loyal Customers
5893.0,2024-04-21,10,20500.32,254.0,3,5,4,354,Loyal Customers
5894.0,2024-09-06,7,8861.86,116.0,3,3,2,332,Potential Loyalists
5895.0,2024-12-15,10,20076.23,16.0,3,5,4,354,Loyal Customers
5896.0,2023-01-23,3,6242.24,708.0,3,1,1,311,Hibernating
5897.0,2024-07-26,9,13820.5,158.0,3,4,3,343,Potential Loyalists
5898.0,2024-10-06,9,16780.84,86.0,3,4,4,344,Loyal Customers
5899.0,2024-10-06,10,21009.2,86.0,3,5,4,354,Loyal Customers
5900.0,2024-05-26,3,4493.34,219.0,3,1,1,311,Hibernating
5901.0,2024-08-21,10,414931.84,132.0,3,5,5,355,Loyal Customers
5902.0,2024-12-24,9,5166.02,7.0,3,4,1,341,Potential Loyalists
5903.0,2024-06-27,9,16464.22,187.0,3,4,4,344,Loyal Customers
5904.0,2024-10-07,11,19433.21,85.0,3,5,4,354,Loyal Customers
5905.0,2024-10-29,9,8280.460000000001,63.0,3,4,2,342,Potential Loyalists
5906.0,2024-08-31,8,25554.61,122.0,3,3,5,335,Loyal Customers
5907.0,2023-03-29,3,6391.94,643.0,3,1,1,311,Hibernating
5908.0,2024-11-24,8,7885.12,37.0,3,3,2,332,Potential Loyalists
5909.0,2024-11-20,6,21550.95,41.0,3,2,4,324,Promising
5910.0,2024-07-24,7,12247.56,160.0,3,3,3,333,Potential Loyalists
5911.0,2024-11-23,5,9640.949999999999,38.0,3,1,2,312,Hibernating
5912.0,2024-10-03,13,24659.1,89.0,3,5,5,355,Loyal Customers
5913.0,2023-09-12,11,21302.01,476.0,3,5,4,354,Loyal Customers
5914.0,2024-12-20,4,11419.58,11.0,3,1,3,313,Hibernating
5915.0,2024-06-10,4,5634.04,204.0,3,1,1,311,Hibernating
5916.0,2024-12-19,6,21693.920000000002,12.0,3,2,4,324,Promising
5917.0,2024-10-25,6,12016.66,67.0,3,2,3,323,Hibernating
5918.0,2024-05-25,4,8347.23,220.0,3,1,2,312,Hibernating
5919.0,2023-05-10,6,13155.92,601.0,3,2,3,323,Hibernating
5920.0,2024-06-06,6,6417.12,208.0,3,2,1,321,Hibernating
5921.0,2023-09-06,7,269593.0,482.0,3,3,5,335,Loyal Customers
5922.0,2024-08-02,10,40285.44,151.0,3,5,5,355,Loyal Customers
5923.0,2024-03-10,9,125311.36,296.0,3,4,5,345,Loyal Customers
5924.0,2024-11-19,10,224853.52,42.0,3,5,5,355,Loyal Customers
5925.0,2024-12-12,8,42317.49,19.0,3,3,5,335,Loyal Customers
5926.0,2024-05-09,6,12216.5,236.0,3,2,3,323,Hibernating
5927.0,2024-12-27,4,3828.02,4.0,3,1,1,311,Hibernating
5928.0,2024-12-19,5,15705.289999999999,12.0,3,1,4,314,Hibernating
5929.0,2024-07-18,9,8697.45,166.0,3,4,2,342,Potential Loyalists
5930.0,2024-12-23,13,11009.45,8.0,3,5,3,353,Potential Loyalists
5931.0,2024-10-30,6,3897.85,62.0,3,2,1,321,Hibernating
5932.0,2024-11-08,11,13719.41,53.0,3,5,3,353,Potential Loyalists
5933.0,2023-04-18,1,1679.9900000000002,623.0,3,1,1,311,Hibernating
5934.0,2024-03-29,2,1623.27,277.0,3,1,1,311,Hibernating
5935.0,2024-10-30,6,8593.22,62.0,3,2,2,322,Hibernating
5936.0,2024-12-09,6,4092.2400000000002,22.0,3,2,1,321,Hibernating
5937.0,2024-09-14,8,15878.81,108.0,3,3,4,334,Loyal Customers
5938.0,2024-04-04,6,14781.2,271.0,3,2,4,324,Promising
5939.0,2024-08-25,12,21809.4,128.0,3,5,4,354,Loyal Customers
5940.0,2024-09-01,3,5390.500000000001,121.0,3,1,1,311,Hibernating
5941.0,2023-10-22,10,15136.08,436.0,3,5,4,354,Loyal Customers
5942.0,2024-04-06,5,6447.08,269.0,3,1,1,311,Hibernating
5943.0,2024-06-11,5,12084.92,203.0,3,1,3,313,Hibernating
5944.0,2024-12-27,8,152773.52,4.0,3,3,5,335,Loyal Customers
5945.0,2024-09-08,8,18935.57,114.0,3,3,4,334,Loyal Customers
5946.0,2024-03-18,6,6698.26,288.0,3,2,2,322,Hibernating
5947.0,2023-11-05,5,6966.78,422.0,3,1,2,312,Hibernating
5948.0,2024-05-22,7,3872.7799999999997,223.0,3,3,1,331,Potential Loyalists
5949.0,2023-12-22,7,10927.25,375.0,3,3,3,333,Potential Loyalists
5950.0,2024-08-26,4,13609.75,127.0,3,1,3,313,Hibernating
5951.0,2023-12-29,7,12645.27,368.0,3,3,3,333,Potential Loyalists
5952.0,2024-11-20,7,12900.07,41.0,3,3,3,333,Potential Loyalists
5953.0,2024-11-17,10,16771.84,44.0,3,5,4,354,Loyal Customers
5954.0,2023-12-15,7,13355.43,382.0,3,3,3,333,Potential Loyalists
5955.0,2024-06-12,9,18139.920000000002,202.0,3,4,4,344,Loyal Customers
5956.0,2024-09-24,8,8590.65,98.0,3,3,2,332,Potential Loyalists
5957.0,2024-10-02,11,8945.82,90.0,3,5,2,352,Potential Loyalists
5958.0,2023-08-25,5,587.08,494.0,3,1,1,311,Hibernating
5959.0,2024-11-27,7,6867.610000000001,34.0,3,3,2,332,Potential Loyalists
5960.0,2024-12-29,9,22318.9,2.0,3,4,5,345,Loyal Customers
5961.0,2024-05-10,8,8735.5,235.0,3,3,2,332,Potential Loyalists
5962.0,2024-11-15,6,25836.84,46.0,3,2,5,325,Promising
5963.0,2024-10-15,11,12785.27,77.0,3,5,3,353,Potential Loyalists
5964.0,2024-08-18,6,9315.3,135.0,3,2,2,322,Hibernating
5965.0,2024-11-09,13,220773.02,52.0,3,5,5,355,Loyal Customers
5966.0,2023-12-07,6,8368.22,390.0,3,2,2,322,Hibernating
5967.0,2024-12-26,6,9984.02,5.0,3,2,2,322,Hibernating
5968.0,2023-11-05,6,15455.65,422.0,3,2,4,324,Promising
5969.0,2024-11-06,4,3918.9900000000002,55.0,3,1,1,311,Hibernating
5970.0,2024-10-05,9,15084.9,87.0,3,4,4,344,Loyal Customers
5971.0,2024-07-21,6,13355.49,163.0,3,2,3,323,Hibernating
5972.0,2024-09-02,7,24208.54,120.0,3,3,5,335,Loyal Customers
5973.0,2024-01-10,6,341445.31000000006,356.0,3,2,5,325,Promising
5974.0,2024-07-23,6,18038.54,161.0,3,2,4,324,Promising
5975.0,2024-04-22,10,16315.14,253.0,3,5,4,354,Loyal Customers
5976.0,2024-10-29,8,15017.21,63.0,3,3,4,334,Loyal Customers
5977.0,2024-03-25,4,39075.66,281.0,3,1,5,315,Promising
5978.0,2024-05-26,11,20179.85,219.0,3,5,4,354,Loyal Customers
5979.0,2024-06-08,10,27848.469999999998,206.0,3,5,5,355,Loyal Customers
5980.0,2024-11-23,13,25096.21,38.0,3,5,5,355,Loyal Customers
5981.0,2024-10-03,5,515347.3,89.0,3,1,5,315,Promising
5982.0,2024-06-14,4,8481.18,200.0,3,1,2,312,Hibernating
5983.0,2024-11-13,6,11028.119999999999,48.0,3,2,3,323,Hibernating
5984.0,2024-06-07,5,3221.94,207.0,3,1,1,311,Hibernating
5985.0,2023-04-02,5,9109.83,639.0,3,1,2,312,Hibernating
5986.0,2024-10-08,13,82625.6,84.0,3,5,5,355,Loyal Customers
5987.0,2024-09-21,8,9714.76,101.0,3,3,2,332,Potential Loyalists
5988.0,2024-10-30,10,23978.62,62.0,3,5,5,355,Loyal Customers
5989.0,2024-02-03,7,4950.14,332.0,3,3,1,331,Potential Loyalists
5990.0,2024-08-14,6,10121.04,139.0,3,2,2,322,Hibernating
5991.0,2024-12-25,8,9918.72,6.0,3,3,2,332,Potential Loyalists
5992.0,2024-10-17,9,16597.399999999998,75.0,3,4,4,344,Loyal Customers
5993.0,2024-07-14,8,212374.91,170.0,3,3,5,335,Loyal Customers
5994.0,2024-03-18,8,13079.9,288.0,3,3,3,333,Potential Loyalists
5995.0,2024-03-15,4,3021.3999999999996,291.0,3,1,1,311,Hibernating
5996.0,2024-11-22,10,16386.0,39.0,3,5,4,354,Loyal Customers
5997.0,2024-09-14,8,13743.42,108.0,3,3,3,333,Potential Loyalists
5998.0,2024-12-08,15,26961.989999999998,23.0,3,5,5,355,Loyal Customers
5999.0,2024-03-17,6,12192.33,289.0,3,2,3,323,Hibernating
6000.0,2024-07-08,6,9459.84,176.0,3,2,2,322,Hibernating
6001.0,2024-10-20,10,28420.25,72.0,3,5,5,355,Loyal Customers
6002.0,2024-12-10,5,6936.51,21.0,3,1,2,312,Hibernating
6003.0,2023-10-23,6,12737.21,435.0,3,2,3,323,Hibernating
6004.0,2024-06-08,8,17182.37,206.0,3,3,4,334,Loyal Customers
6005.0,2024-10-04,11,40882.2,88.0,3,5,5,355,Loyal Customers
6006.0,2023-05-22,3,7873.26,589.0,3,1,2,312,Hibernating
6007.0,2024-12-12,4,1448.84,19.0,3,1,1,311,Hibernating
6008.0,2024-12-20,6,8222.460000000001,11.0,3,2,2,322,Hibernating
6009.0,2024-08-31,11,220775.97,122.0,3,5,5,355,Loyal Customers
6010.0,2024-12-19,6,8116.57,12.0,3,2,2,322,Hibernating
6011.0,2024-11-08,9,13723.98,53.0,3,4,3,343,Potential Loyalists
6012.0,2024-12-07,11,29348.25,24.0,3,5,5,355,Loyal Customers
6013.0,2024-10-06,9,22571.33,86.0,3,4,5,345,Loyal Customers
6014.0,2024-10-27,7,23116.09,65.0,3,3,5,335,Loyal Customers
6015.0,2024-02-29,5,10394.1,306.0,3,1,3,313,Hibernating
6016.0,2024-08-29,6,8914.12,124.0,3,2,2,322,Hibernating
6017.0,2024-11-13,8,271794.3,48.0,3,3,5,335,Loyal Customers
6018.0,2024-08-03,8,10180.07,150.0,3,3,2,332,Potential Loyalists
6019.0,2023-08-18,4,11480.13,501.0,3,1,3,313,Hibernating
6020.0,2024-09-29,6,6505.14,93.0,3,2,1,321,Hibernating
6021.0,2024-09-18,5,6864.99,104.0,3,1,2,312,Hibernating
6022.0,2024-11-20,5,4030.3199999999997,41.0,3,1,1,311,Hibernating
6023.0,2024-09-21,7,3930.82,101.0,3,3,1,331,Potential Loyalists
6024.0,2024-10-30,8,9348.83,62.0,3,3,2,332,Potential Loyalists
6025.0,2022-10-13,1,1950.36,810.0,3,1,1,311,Hibernating
6026.0,2024-06-20,10,48929.649999999994,194.0,3,5,5,355,Loyal Customers
6027.0,2024-09-11,7,10570.29,111.0,3,3,3,333,Potential Loyalists
6028.0,2024-06-13,11,18536.96,201.0,3,5,4,354,Loyal Customers
6029.0,2024-08-22,11,20232.69,131.0,3,5,4,354,Loyal Customers
6030.0,2023-09-08,5,4617.42,480.0,3,1,1,311,Hibernating
6031.0,2024-06-05,8,15030.76,209.0,3,3,4,334,Loyal Customers
6032.0,2024-11-11,7,6775.65,50.0,3,3,2,332,Potential Loyalists
6033.0,2024-09-02,8,9406.69,120.0,3,3,2,332,Potential Loyalists
6034.0,2024-06-12,9,31071.7,202.0,3,4,5,345,Loyal Customers
6035.0,2024-08-09,12,21025.77,144.0,3,5,4,354,Loyal Customers
6036.0,2023-11-23,6,10774.869999999999,404.0,3,2,3,323,Hibernating
6037.0,2024-10-22,13,197258.96,70.0,3,5,5,355,Loyal Customers
6038.0,2024-08-03,5,6539.16,150.0,3,1,1,311,Hibernating
6039.0,2024-04-05,6,8429.88,270.0,3,2,2,322,Hibernating
6040.0,2024-03-07,11,21667.56,299.0,3,5,4,354,Loyal Customers
6041.0,2024-06-13,5,3511.4900000000002,201.0,3,1,1,311,Hibernating
6042.0,2024-10-03,13,502166.93,89.0,3,5,5,355,Loyal Customers
6043.0,2024-05-28,10,12586.28,217.0,3,5,3,353,Potential Loyalists
6044.0,2023-04-26,2,5974.59,615.0,3,1,1,311,Hibernating
6045.0,2023-12-24,5,4040.03,373.0,3,1,1,311,Hibernating
6046.0,2024-12-19,13,17514.41,12.0,3,5,4,354,Loyal Customers
6047.0,2024-08-03,3,7332.16,150.0,3,1,2,312,Hibernating
6048.0,2024-10-08,9,15841.539999999999,84.0,3,4,4,344,Loyal Customers
6049.0,2024-12-25,16,26575.43,6.0,3,5,5,355,Loyal Customers
6050.0,2024-09-10,7,269769.39,112.0,3,3,5,335,Loyal Customers
6051.0,2024-12-24,10,11065.26,7.0,3,5,3,353,Potential Loyalists
6052.0,2024-11-19,8,13245.4,42.0,3,3,3,333,Potential Loyalists
6053.0,2024-09-27,4,5784.59,95.0,3,1,1,311,Hibernating
6054.0,2022-10-12,6,6679.92,811.0,3,2,2,322,Hibernating
6055.0,2023-03-19,2,6568.63,653.0,3,1,1,311,Hibernating
6056.0,2024-07-07,9,7524.49,177.0,3,4,2,342,Potential Loyalists
6057.0,2024-05-06,4,8562.17,239.0,3,1,2,312,Hibernating
6058.0,2024-09-03,7,605951.9800000001,119.0,3,3,5,335,Loyal Customers
6059.0,2024-07-26,7,13927.65,158.0,3,3,3,333,Potential Loyalists
6060.0,2024-10-11,10,10333.27,81.0,3,5,3,353,Potential Loyalists
6061.0,2024-08-05,5,5780.46,148.0,3,1,1,311,Hibernating
6062.0,2024-12-15,5,13575.21,16.0,3,1,3,313,Hibernating
6063.0,2024-09-24,5,16620.39,98.0,3,1,4,314,Hibernating
6064.0,2023-06-13,6,7126.24,567.0,3,2,2,322,Hibernating
6065.0,2024-11-26,11,10365.67,35.0,3,5,3,353,Potential Loyalists
6066.0,2024-09-03,9,211901.34999999998,119.0,3,4,5,345,Loyal Customers
6067.0,2023-08-03,5,17927.86,516.0,3,1,4,314,Hibernating
6068.0,2024-08-22,7,805599.52,131.0,3,3,5,335,Loyal Customers
6069.0,2024-12-04,4,4996.91,27.0,3,1,1,311,Hibernating
6070.0,2023-07-28,5,11120.5,522.0,3,1,3,313,Hibernating
6071.0,2024-09-20,5,12647.06,102.0,3,1,3,313,Hibernating
6072.0,2024-10-04,8,13603.86,88.0,3,3,3,333,Potential Loyalists
6073.0,2024-06-03,2,2679.13,211.0,3,1,1,311,Hibernating
6074.0,2024-01-17,7,48278.0,349.0,3,3,5,335,Loyal Customers
6075.0,2024-11-12,11,43308.939999999995,49.0,3,5,5,355,Loyal Customers
6076.0,2024-04-10,3,8094.0,265.0,3,1,2,312,Hibernating
6077.0,2024-09-12,9,18222.68,110.0,3,4,4,344,Loyal Customers
6078.0,2024-12-19,6,510908.29000000004,12.0,3,2,5,325,Promising
6079.0,2024-11-29,10,16263.810000000001,32.0,3,5,4,354,Loyal Customers
6080.0,2024-07-26,8,10369.9,158.0,3,3,3,333,Potential Loyalists
6081.0,2024-10-14,6,8999.7,78.0,3,2,2,322,Hibernating
6082.0,2024-11-26,15,166100.98999999996,35.0,3,5,5,355,Loyal Customers
6083.0,2024-10-02,5,12866.81,90.0,3,1,3,313,Hibernating
6084.0,2024-12-24,5,7984.79,7.0,3,1,2,312,Hibernating
6085.0,2024-10-02,9,14276.99,90.0,3,4,3,343,Potential Loyalists
6086.0,2024-11-20,5,9323.55,41.0,3,1,2,312,Hibernating
6087.0,2024-11-28,12,23182.61,33.0,3,5,5,355,Loyal Customers
6088.0,2024-10-30,7,6532.17,62.0,3,3,1,331,Potential Loyalists
6089.0,2024-10-28,6,5118.15,64.0,3,2,1,321,Hibernating
6090.0,2024-07-11,10,23757.07,173.0,3,5,5,355,Loyal Customers
6091.0,2024-12-23,9,22776.95,8.0,3,4,5,345,Loyal Customers
6092.0,2024-03-30,3,4863.8,276.0,3,1,1,311,Hibernating
6093.0,2024-07-28,9,9241.24,156.0,3,4,2,342,Potential Loyalists
6094.0,2023-12-24,10,8125.26,373.0,3,5,2,352,Potential Loyalists
6095.0,2024-05-21,6,9310.44,224.0,3,2,2,322,Hibernating
6096.0,2024-09-12,5,2670.94,110.0,3,1,1,311,Hibernating
6097.0,2024-12-12,9,73011.94,19.0,3,4,5,345,Loyal Customers
6098.0,2024-05-04,5,9596.66,241.0,3,1,2,312,Hibernating
6099.0,2024-12-18,8,813959.61,13.0,3,3,5,335,Loyal Customers
6100.0,2024-12-29,7,6082.1,2.0,3,3,1,331,Potential Loyalists
6101.0,2024-12-27,16,29965.87,4.0,3,5,5,355,Loyal Customers
6102.0,2024-06-10,8,20784.37,204.0,3,3,4,334,Loyal Customers
6103.0,2024-05-13,5,12580.24,232.0,3,1,3,313,Hibernating
6104.0,2024-10-14,4,4975.96,78.0,3,1,1,311,Hibernating
6105.0,2024-04-24,5,14116.16,251.0,3,1,3,313,Hibernating
6106.0,2024-11-21,10,12593.4,40.0,3,5,3,353,Potential Loyalists
6107.0,2024-04-02,14,20335.53,273.0,3,5,4,354,Loyal Customers
6108.0,2024-12-24,8,11494.710000000001,7.0,3,3,3,333,Potential Loyalists
6109.0,2024-11-08,13,35421.1,53.0,3,5,5,355,Loyal Customers
6110.0,2024-10-29,3,3292.26,63.0,3,1,1,311,Hibernating
6111.0,2024-03-12,3,335048.07999999996,294.0,3,1,5,315,Promising
6112.0,2024-09-09,5,16056.01,113.0,3,1,4,314,Hibernating
6113.0,2024-04-22,6,1023977.37,253.0,3,2,5,325,Promising
6114.0,2024-01-26,4,4954.7300000000005,340.0,3,1,1,311,Hibernating
6115.0,2024-08-26,7,9927.07,127.0,3,3,2,332,Potential Loyalists
6116.0,2024-08-29,4,798976.62,124.0,3,1,5,315,Promising
6117.0,2024-02-24,3,5438.5199999999995,311.0,3,1,1,311,Hibernating
6118.0,2024-11-09,13,205075.13999999998,52.0,3,5,5,355,Loyal Customers
6119.0,2024-09-23,9,512776.85,99.0,3,4,5,345,Loyal Customers
6120.0,2024-12-12,5,3085.07,19.0,3,1,1,311,Hibernating
6121.0,2024-09-04,5,10882.0,118.0,3,1,3,313,Hibernating
6122.0,2024-07-20,8,10709.66,164.0,3,3,3,333,Potential Loyalists
6123.0,2024-09-29,7,4697.0,93.0,3,3,1,331,Potential Loyalists
6124.0,2024-12-24,9,215884.22,7.0,3,4,5,345,Loyal Customers
6125.0,2023-07-24,4,4152.68,526.0,3,1,1,311,Hibernating
6126.0,2024-08-22,13,11865.68,131.0,3,5,3,353,Potential Loyalists
6127.0,2024-12-09,9,12718.7,22.0,3,4,3,343,Potential Loyalists
6128.0,2024-09-25,8,176415.36,97.0,3,3,5,335,Loyal Customers
6129.0,2024-11-25,4,17095.47,36.0,3,1,4,314,Hibernating
6130.0,2024-12-03,3,5093.29,28.0,3,1,1,311,Hibernating
6131.0,2024-12-05,7,14267.51,26.0,3,3,3,333,Potential Loyalists
6132.0,2023-04-13,6,5792.79,628.0,3,2,1,321,Hibernating
6133.0,2024-10-04,5,12271.14,88.0,3,1,3,313,Hibernating
6134.0,2024-02-18,7,10077.0,317.0,3,3,2,332,Potential Loyalists
6135.0,2024-11-10,11,128277.73,51.0,3,5,5,355,Loyal Customers
6136.0,2024-01-03,5,11604.61,363.0,3,1,3,313,Hibernating
6137.0,2024-11-24,10,168373.25999999998,37.0,3,5,5,355,Loyal Customers
6138.0,2024-02-19,6,9936.11,316.0,3,2,2,322,Hibernating
6139.0,2024-09-12,7,7997.59,110.0,3,3,2,332,Potential Loyalists
6140.0,2024-11-10,10,16198.5,51.0,3,5,4,354,Loyal Customers
6141.0,2024-09-07,10,53154.729999999996,115.0,3,5,5,355,Loyal Customers
6142.0,2022-11-25,3,2302.84,767.0,3,1,1,311,Hibernating
6143.0,2024-06-26,8,184472.82,188.0,3,3,5,335,Loyal Customers
6144.0,2024-11-30,6,6815.14,31.0,3,2,2,322,Hibernating
6145.0,2024-12-22,7,15353.89,9.0,3,3,4,334,Loyal Customers
6146.0,2024-02-09,10,16295.81,326.0,3,5,4,354,Loyal Customers
6147.0,2022-08-01,3,3025.81,883.0,3,1,1,311,Hibernating
6148.0,2024-06-10,4,8397.65,204.0,3,1,2,312,Hibernating
6149.0,2023-05-07,5,409139.47,604.0,3,1,5,315,Promising
6150.0,2024-10-11,8,12316.39,81.0,3,3,3,333,Potential Loyalists
6151.0,2024-12-23,12,31431.32,8.0,3,5,5,355,Loyal Customers
6152.0,2024-09-18,7,19801.61,104.0,3,3,4,334,Loyal Customers
6153.0,2024-06-30,5,6625.2699999999995,184.0,3,1,2,312,Hibernating
6154.0,2024-02-01,6,202726.22,334.0,3,2,5,325,Promising
6155.0,2024-11-02,4,1686.3,59.0,3,1,1,311,Hibernating
6156.0,2024-03-19,10,18060.27,287.0,3,5,4,354,Loyal Customers
6157.0,2024-11-28,9,13163.289999999999,33.0,3,4,3,343,Potential Loyalists
6158.0,2024-09-23,5,13511.66,99.0,3,1,3,313,Hibernating
6159.0,2024-09-06,10,512886.98,116.0,3,5,5,355,Loyal Customers
6160.0,2024-02-11,7,14855.85,324.0,3,3,4,334,Loyal Customers
6161.0,2024-08-30,11,10248.710000000001,123.0,3,5,3,353,Potential Loyalists
6162.0,2024-10-13,8,7628.22,79.0,3,3,2,332,Potential Loyalists
6163.0,2024-12-03,9,10491.28,28.0,3,4,3,343,Potential Loyalists
6164.0,2024-07-17,5,3222.84,167.0,3,1,1,311,Hibernating
6165.0,2024-12-27,7,9569.05,4.0,3,3,2,332,Potential Loyalists
6166.0,2024-05-14,8,609383.1699999999,231.0,3,3,5,335,Loyal Customers
6167.0,2024-11-17,7,238172.36,44.0,3,3,5,335,Loyal Customers
6168.0,2024-06-14,10,19683.0,200.0,3,5,4,354,Loyal Customers
6169.0,2024-07-23,11,27730.36,161.0,3,5,5,355,Loyal Customers
6170.0,2024-12-16,5,5088.84,15.0,3,1,1,311,Hibernating
6171.0,2024-12-23,7,325079.19,8.0,3,3,5,335,Loyal Customers
6172.0,2023-08-03,3,116534.83,516.0,3,1,5,315,Promising
6173.0,2024-05-16,5,3068.23,229.0,3,1,1,311,Hibernating
6174.0,2024-11-21,8,11301.66,40.0,3,3,3,333,Potential Loyalists
6175.0,2024-06-12,5,9801.91,202.0,3,1,2,312,Hibernating
6176.0,2024-11-02,6,18787.52,59.0,3,2,4,324,Promising
6177.0,2024-05-08,9,9826.91,237.0,3,4,2,342,Potential Loyalists
6178.0,2024-11-21,8,8425.05,40.0,3,3,2,332,Potential Loyalists
6179.0,2024-06-29,5,3125.39,185.0,3,1,1,311,Hibernating
6180.0,2024-11-13,6,7230.26,48.0,3,2,2,322,Hibernating
6181.0,2024-12-22,11,18236.08,9.0,3,5,4,354,Loyal Customers
6182.0,2024-08-28,7,5720.08,125.0,3,3,1,331,Potential Loyalists
6183.0,2024-07-31,10,13206.19,153.0,3,5,3,353,Potential Loyalists
6184.0,2024-10-29,7,16892.6,63.0,3,3,4,334,Loyal Customers
6185.0,2024-07-23,4,1288.52,161.0,3,1,1,311,Hibernating
6186.0,2024-10-05,7,13831.7,87.0,3,3,3,333,Potential Loyalists
6187.0,2024-12-04,10,9878.82,27.0,3,5,2,352,Potential Loyalists
6188.0,2024-12-03,12,13350.57,28.0,3,5,3,353,Potential Loyalists
6189.0,2024-10-19,10,12605.26,73.0,3,5,3,353,Potential Loyalists
6190.0,2023-11-04,5,17006.66,423.0,3,1,4,314,Hibernating
6191.0,2024-12-21,7,14022.99,10.0,3,3,3,333,Potential Loyalists
6192.0,2023-11-11,4,7995.870000000001,416.0,3,1,2,312,Hibernating
6193.0,2024-07-19,1,3419.58,165.0,3,1,1,311,Hibernating
6194.0,2024-07-10,11,10297.25,174.0,3,5,3,353,Potential Loyalists
6195.0,2024-10-25,5,12097.59,67.0,3,1,3,313,Hibernating
6196.0,2024-10-25,6,8828.9,67.0,3,2,2,322,Hibernating
6197.0,2024-10-20,7,8397.26,72.0,3,3,2,332,Potential Loyalists
6198.0,2024-04-08,10,15198.24,267.0,3,5,4,354,Loyal Customers
6199.0,2024-05-29,9,9262.960000000001,216.0,3,4,2,342,Potential Loyalists
6200.0,2024-07-24,9,8494.92,160.0,3,4,2,342,Potential Loyalists
6201.0,2024-09-22,4,2746.87,100.0,3,1,1,311,Hibernating
6202.0,2024-05-27,4,6465.8,218.0,3,1,1,311,Hibernating
6203.0,2023-06-05,6,18024.309999999998,575.0,3,2,4,324,Promising
6204.0,2024-08-05,5,11068.32,148.0,3,1,3,313,Hibernating
6205.0,2024-11-07,10,22534.670000000002,54.0,3,5,5,355,Loyal Customers
6206.0,2024-07-18,2,9636.34,166.0,3,1,2,312,Hibernating
6207.0,2024-12-07,4,5247.51,24.0,3,1,1,311,Hibernating
6208.0,2024-10-29,7,5719.04,63.0,3,3,1,331,Potential Loyalists
6209.0,2024-12-17,8,10694.539999999999,14.0,3,3,3,333,Potential Loyalists
6210.0,2023-09-12,5,4312.32,476.0,3,1,1,311,Hibernating
6211.0,2024-02-27,9,20423.85,308.0,3,4,4,344,Loyal Customers
6212.0,2024-02-18,7,8788.72,317.0,3,3,2,332,Potential Loyalists
6213.0,2023-06-06,5,2212.59,574.0,3,1,1,311,Hibernating
6214.0,2024-02-17,3,6828.41,318.0,3,1,2,312,Hibernating
6215.0,2024-09-18,6,19686.78,104.0,3,2,4,324,Promising
6216.0,2024-12-10,11,22865.29,21.0,3,5,5,355,Loyal Customers
6217.0,2024-09-22,6,12722.06,100.0,3,2,3,323,Hibernating
6218.0,2024-11-21,9,318850.32,40.0,3,4,5,345,Loyal Customers
6219.0,2024-06-01,10,17560.67,213.0,3,5,4,354,Loyal Customers
6220.0,2024-12-22,11,14267.349999999999,9.0,3,5,3,353,Potential Loyalists
6221.0,2024-09-29,8,7967.120000000001,93.0,3,3,2,332,Potential Loyalists
6222.0,2024-11-28,9,11044.119999999999,33.0,3,4,3,343,Potential Loyalists
6223.0,2023-12-18,5,6571.58,379.0,3,1,1,311,Hibernating
6224.0,2024-10-05,11,10032.43,87.0,3,5,2,352,Potential Loyalists
6225.0,2024-11-20,7,9400.09,41.0,3,3,2,332,Potential Loyalists
6226.0,2024-12-27,11,19727.5,4.0,3,5,4,354,Loyal Customers
6227.0,2024-05-18,6,8271.24,227.0,3,2,2,322,Hibernating
6228.0,2024-12-25,7,9869.86,6.0,3,3,2,332,Potential Loyalists
6229.0,2024-11-14,6,7652.01,47.0,3,2,2,322,Hibernating
6230.0,2023-10-20,3,4120.45,438.0,3,1,1,311,Hibernating
6231.0,2024-09-17,5,6065.610000000001,105.0,3,1,1,311,Hibernating
6232.0,2024-11-26,6,51088.479999999996,35.0,3,2,5,325,Promising
6233.0,2024-09-29,10,580300.97,93.0,3,5,5,355,Loyal Customers
6234.0,2024-05-12,9,414711.85000000003,233.0,3,4,5,345,Loyal Customers
6235.0,2024-07-27,12,14874.85,157.0,3,5,4,354,Loyal Customers
6236.0,2024-06-16,4,201817.92,198.0,3,1,5,315,Promising
6237.0,2023-11-19,6,11279.46,408.0,3,2,3,323,Hibernating
6238.0,2024-10-17,7,11506.75,75.0,3,3,3,333,Potential Loyalists
6239.0,2024-12-17,5,2281.7200000000003,14.0,3,1,1,311,Hibernating
6240.0,2024-03-31,7,8983.4,275.0,3,3,2,332,Potential Loyalists
6241.0,2024-08-02,9,15709.369999999999,151.0,3,4,4,344,Loyal Customers
6242.0,2024-08-16,9,12277.85,137.0,3,4,3,343,Potential Loyalists
6243.0,2024-10-09,5,6810.22,83.0,3,1,2,312,Hibernating
6244.0,2024-12-06,4,7513.66,25.0,3,1,2,312,Hibernating
6245.0,2024-12-29,6,23737.28,2.0,3,2,5,325,Promising
6246.0,2024-11-23,12,19844.39,38.0,3,5,4,354,Loyal Customers
6247.0,2024-12-08,8,22629.489999999998,23.0,3,3,5,335,Loyal Customers
6248.0,2024-07-30,7,11289.960000000001,154.0,3,3,3,333,Potential Loyalists
6249.0,2024-12-24,6,7173.9800000000005,7.0,3,2,2,322,Hibernating
6250.0,2024-11-11,9,15490.73,50.0,3,4,4,344,Loyal Customers
6251.0,2024-03-20,6,7967.6,286.0,3,2,2,322,Hibernating
6252.0,2024-01-03,5,162570.88,363.0,3,1,5,315,Promising
6253.0,2024-10-10,9,11107.84,82.0,3,4,3,343,Potential Loyalists
6254.0,2024-11-05,6,3667.51,56.0,3,2,1,321,Hibernating
6255.0,2024-04-20,7,9808.96,255.0,3,3,2,332,Potential Loyalists
6256.0,2024-07-11,9,8929.6,173.0,3,4,2,342,Potential Loyalists
6257.0,2024-07-17,8,14839.26,167.0,3,3,4,334,Loyal Customers
6258.0,2024-05-26,8,125035.79,219.0,3,3,5,335,Loyal Customers
6259.0,2024-12-09,10,22564.81,22.0,3,5,5,355,Loyal Customers
6260.0,2024-09-29,8,33099.54,93.0,3,3,5,335,Loyal Customers
6261.0,2024-12-24,10,7741.99,7.0,3,5,2,352,Potential Loyalists
6262.0,2024-07-21,10,8666.369999999999,163.0,3,5,2,352,Potential Loyalists
6263.0,2024-12-04,8,18758.56,27.0,3,3,4,334,Loyal Customers
6264.0,2024-12-21,8,22592.63,10.0,3,3,5,335,Loyal Customers
6265.0,2022-08-21,2,7360.67,863.0,3,1,2,312,Hibernating
6266.0,2024-12-04,6,5387.09,27.0,3,2,1,321,Hibernating
6267.0,2024-10-03,11,494649.89,89.0,3,5,5,355,Loyal Customers
6268.0,2024-08-01,7,176911.55000000002,152.0,3,3,5,335,Loyal Customers
6269.0,2024-09-19,9,181014.75,103.0,3,4,5,345,Loyal Customers
6270.0,2024-09-27,8,47989.49,95.0,3,3,5,335,Loyal Customers
6271.0,2024-12-28,8,12052.48,3.0,3,3,3,333,Potential Loyalists
6272.0,2024-07-08,9,514578.85,176.0,3,4,5,345,Loyal Customers
6273.0,2024-05-13,5,6235.49,232.0,3,1,1,311,Hibernating
6274.0,2024-04-22,8,10748.13,253.0,3,3,3,333,Potential Loyalists
6275.0,2024-12-21,9,1006463.81,10.0,3,4,5,345,Loyal Customers
6276.0,2024-09-26,5,8968.72,96.0,3,1,2,312,Hibernating
6277.0,2024-07-11,5,4107.45,173.0,3,1,1,311,Hibernating
6278.0,2024-11-12,11,19539.58,49.0,3,5,4,354,Loyal Customers
6279.0,2024-12-02,7,10407.87,29.0,3,3,3,333,Potential Loyalists
6280.0,2024-09-04,10,823576.19,118.0,3,5,5,355,Loyal Customers
6281.0,2024-11-07,9,615245.9299999999,54.0,3,4,5,345,Loyal Customers
6282.0,2024-08-18,9,11905.880000000001,135.0,3,4,3,343,Potential Loyalists
6283.0,2024-10-27,7,7261.79,65.0,3,3,2,332,Potential Loyalists
6284.0,2024-08-08,7,24573.28,145.0,3,3,5,335,Loyal Customers
6285.0,2024-11-02,10,13040.68,59.0,3,5,3,353,Potential Loyalists
6286.0,2024-11-23,4,7920.83,38.0,3,1,2,312,Hibernating
6287.0,2024-09-10,6,5626.16,112.0,3,2,1,321,Hibernating
6288.0,2024-06-16,8,21257.73,198.0,3,3,4,334,Loyal Customers
6289.0,2024-12-25,9,7259.799999999999,6.0,3,4,2,342,Potential Loyalists
6290.0,2024-11-02,12,22471.68,59.0,3,5,5,355,Loyal Customers
6291.0,2024-07-09,5,9305.44,175.0,3,1,2,312,Hibernating
6292.0,2024-10-03,12,812087.0,89.0,3,5,5,355,Loyal Customers
6293.0,2024-12-22,7,7268.86,9.0,3,3,2,332,Potential Loyalists
6294.0,2024-03-23,6,7640.219999999999,283.0,3,2,2,322,Hibernating
6295.0,2023-10-16,5,9706.37,442.0,3,1,2,312,Hibernating
6296.0,2024-11-08,10,21338.72,53.0,3,5,4,354,Loyal Customers
6297.0,2024-04-13,7,27613.9,262.0,3,3,5,335,Loyal Customers
6298.0,2024-05-10,9,12571.37,235.0,3,4,3,343,Potential Loyalists
6299.0,2024-08-20,5,2090.15,133.0,3,1,1,311,Hibernating
6300.0,2024-05-02,7,186060.03,243.0,3,3,5,335,Loyal Customers
6301.0,2024-11-26,5,240515.05,35.0,3,1,5,315,Promising
6302.0,2024-09-15,8,1206084.6800000002,107.0,3,3,5,335,Loyal Customers
6303.0,2024-07-21,7,204168.54,163.0,3,3,5,335,Loyal Customers
6304.0,2023-10-20,3,4517.46,438.0,3,1,1,311,Hibernating
6305.0,2023-07-22,4,2486.65,528.0,3,1,1,311,Hibernating
6306.0,2024-06-23,6,8455.14,191.0,3,2,2,322,Hibernating
6307.0,2024-03-24,5,3521.38,282.0,3,1,1,311,Hibernating
6308.0,2024-10-14,6,174209.6,78.0,3,2,5,325,Promising
6309.0,2024-10-16,12,45458.69,76.0,3,5,5,355,Loyal Customers
6310.0,2024-10-02,5,8195.77,90.0,3,1,2,312,Hibernating
6311.0,2024-10-10,7,5955.6900000000005,82.0,3,3,1,331,Potential Loyalists
6312.0,2024-11-19,10,10706.37,42.0,3,5,3,353,Potential Loyalists
6313.0,2024-09-03,15,353141.16000000003,119.0,3,5,5,355,Loyal Customers
6314.0,2024-03-24,6,806809.72,282.0,3,2,5,325,Promising
6315.0,2024-10-17,6,204344.98,75.0,3,2,5,325,Promising
6316.0,2024-09-05,6,2913.0,117.0,3,2,1,321,Hibernating
6317.0,2024-07-01,10,16323.52,183.0,3,5,4,354,Loyal Customers
6318.0,2024-06-09,10,20950.72,205.0,3,5,4,354,Loyal Customers
6319.0,2024-06-04,11,14222.68,210.0,3,5,3,353,Potential Loyalists
6320.0,2023-11-21,4,7908.94,406.0,3,1,2,312,Hibernating
6321.0,2024-02-27,7,7434.13,308.0,3,3,2,332,Potential Loyalists
6322.0,2024-08-05,4,4258.65,148.0,3,1,1,311,Hibernating
6323.0,2024-06-14,6,13245.970000000001,200.0,3,2,3,323,Hibernating
6324.0,2024-11-11,7,1265873.27,50.0,3,3,5,335,Loyal Customers
6325.0,2024-12-20,6,12476.41,11.0,3,2,3,323,Hibernating
6326.0,2024-03-17,8,11030.76,289.0,3,3,3,333,Potential Loyalists
6327.0,2024-10-22,7,10691.95,70.0,3,3,3,333,Potential Loyalists
6328.0,2024-06-14,6,9613.85,200.0,3,2,2,322,Hibernating
6329.0,2024-11-08,9,10483.48,53.0,3,4,3,343,Potential Loyalists
6330.0,2024-10-15,10,24103.84,77.0,3,5,5,355,Loyal Customers
6331.0,2024-10-12,10,14912.1,80.0,3,5,4,354,Loyal Customers
6332.0,2024-11-19,11,82191.77,42.0,3,5,5,355,Loyal Customers
6333.0,2024-10-30,9,21540.23,62.0,3,4,4,344,Loyal Customers
6334.0,2024-05-31,4,4505.17,214.0,3,1,1,311,Hibernating
6335.0,2024-12-08,6,9712.4,23.0,3,2,2,322,Hibernating
6336.0,2024-10-21,9,14079.49,71.0,3,4,3,343,Potential Loyalists
6337.0,2024-08-19,7,5389.73,134.0,3,3,1,331,Potential Loyalists
6338.0,2024-07-11,11,39115.27,173.0,3,5,5,355,Loyal Customers
6339.0,2024-03-20,9,35743.67,286.0,3,4,5,345,Loyal Customers
6340.0,2024-06-16,9,8556.05,198.0,3,4,2,342,Potential Loyalists
6341.0,2024-09-06,4,1605.8400000000001,116.0,3,1,1,311,Hibernating
6342.0,2024-09-10,9,27658.010000000002,112.0,3,4,5,345,Loyal Customers
6343.0,2024-12-26,7,15246.3,5.0,3,3,4,334,Loyal Customers
6344.0,2024-05-03,4,9935.27,242.0,3,1,2,312,Hibernating
6345.0,2024-10-05,7,5373.18,87.0,3,3,1,331,Potential Loyalists
6346.0,2024-04-19,6,8715.96,256.0,3,2,2,322,Hibernating
6347.0,2024-10-18,7,7372.32,74.0,3,3,2,332,Potential Loyalists
6348.0,2024-12-01,11,26139.97,30.0,3,5,5,355,Loyal Customers
6349.0,2024-12-16,17,17445.45,15.0,3,5,4,354,Loyal Customers
6350.0,2024-12-09,7,6431.32,22.0,3,3,1,331,Potential Loyalists
6351.0,2024-10-12,7,39408.96,80.0,3,3,5,335,Loyal Customers
6352.0,2024-12-22,13,19407.41,9.0,3,5,4,354,Loyal Customers
6353.0,2024-12-13,8,17567.94,18.0,3,3,4,334,Loyal Customers
6354.0,2024-12-20,9,17241.27,11.0,3,4,4,344,Loyal Customers
6355.0,2024-12-08,7,8026.01,23.0,3,3,2,332,Potential Loyalists
6356.0,2022-12-09,4,6878.43,753.0,3,1,2,312,Hibernating
6357.0,2024-07-24,8,10364.85,160.0,3,3,3,333,Potential Loyalists
6358.0,2024-12-25,3,2968.1,6.0,3,1,1,311,Hibernating
6359.0,2024-06-24,4,13480.65,190.0,3,1,3,313,Hibernating
6360.0,2024-11-29,10,355908.23,32.0,3,5,5,355,Loyal Customers
6361.0,2024-08-03,8,12634.54,150.0,3,3,3,333,Potential Loyalists
6362.0,2023-10-26,3,3902.8599999999997,432.0,3,1,1,311,Hibernating
6363.0,2024-09-05,9,11649.39,117.0,3,4,3,343,Potential Loyalists
6364.0,2024-05-15,6,285441.85,230.0,3,2,5,325,Promising
6365.0,2024-01-02,2,1656.22,364.0,3,1,1,311,Hibernating
6366.0,2024-04-16,6,9840.34,259.0,3,2,2,322,Hibernating
6367.0,2024-05-08,6,14047.91,237.0,3,2,3,323,Hibernating
6368.0,2024-12-03,7,10813.99,28.0,3,3,3,333,Potential Loyalists
6369.0,2024-12-23,10,10431.1,8.0,3,5,3,353,Potential Loyalists
6370.0,2024-07-14,5,2064.15,170.0,3,1,1,311,Hibernating
6371.0,2024-04-01,9,69601.65,274.0,3,4,5,345,Loyal Customers
6372.0,2024-01-17,7,15073.58,349.0,3,3,4,334,Loyal Customers
6373.0,2024-12-04,12,333397.0,27.0,3,5,5,355,Loyal Customers
6374.0,2024-04-18,8,8155.31,257.0,3,3,2,332,Potential Loyalists
6375.0,2024-03-27,8,10611.789999999999,279.0,3,3,3,333,Potential Loyalists
6376.0,2024-06-07,6,8892.51,207.0,3,2,2,322,Hibernating
6377.0,2024-11-05,9,14366.35,56.0,3,4,3,343,Potential Loyalists
6378.0,2023-12-07,3,7173.790000000001,390.0,3,1,2,312,Hibernating
6379.0,2024-08-29,8,25526.7,124.0,3,3,5,335,Loyal Customers
6380.0,2023-10-07,4,3683.85,451.0,3,1,1,311,Hibernating
6381.0,2024-11-23,9,10350.26,38.0,3,4,3,343,Potential Loyalists
6382.0,2024-07-26,9,19052.5,158.0,3,4,4,344,Loyal Customers
6383.0,2024-01-28,5,4873.38,338.0,3,1,1,311,Hibernating
6384.0,2024-05-31,5,24210.46,214.0,3,1,5,315,Promising
6385.0,2024-10-13,6,13882.449999999999,79.0,3,2,3,323,Hibernating
6386.0,2023-12-09,6,661185.23,388.0,3,2,5,325,Promising
6387.0,2024-08-05,8,16295.33,148.0,3,3,4,334,Loyal Customers
6388.0,2024-07-01,9,19794.49,183.0,3,4,4,344,Loyal Customers
6389.0,2024-05-14,8,14656.21,231.0,3,3,4,334,Loyal Customers
6390.0,2024-08-21,5,5798.99,132.0,3,1,1,311,Hibernating
6391.0,2022-08-03,2,2059.71,881.0,3,1,1,311,Hibernating
6392.0,2024-11-08,8,4547.17,53.0,3,3,1,331,Potential Loyalists
6393.0,2024-09-23,5,4858.2699999999995,99.0,3,1,1,311,Hibernating
6394.0,2024-05-24,7,15478.97,221.0,3,3,4,334,Loyal Customers
6395.0,2024-12-13,8,5374.59,18.0,3,3,1,331,Potential Loyalists
6396.0,2024-08-22,8,342630.08,131.0,3,3,5,335,Loyal Customers
6397.0,2024-09-06,7,14129.84,116.0,3,3,3,333,Potential Loyalists
6398.0,2024-03-12,7,17385.43,294.0,3,3,4,334,Loyal Customers
6399.0,2024-11-01,8,13728.23,60.0,3,3,3,333,Potential Loyalists
6400.0,2024-06-25,12,17475.83,189.0,3,5,4,354,Loyal Customers
6401.0,2024-06-15,5,7036.26,199.0,3,1,2,312,Hibernating
6402.0,2024-11-14,5,8900.49,47.0,3,1,2,312,Hibernating
6403.0,2024-10-19,11,17330.58,73.0,3,5,4,354,Loyal Customers
6404.0,2024-01-08,4,4067.02,358.0,3,1,1,311,Hibernating
6405.0,2024-04-25,8,12868.95,250.0,3,3,3,333,Potential Loyalists
6406.0,2024-11-09,9,15251.86,52.0,3,4,4,344,Loyal Customers
6407.0,2024-07-16,7,294121.76,168.0,3,3,5,335,Loyal Customers
6408.0,2024-07-14,6,13914.89,170.0,3,2,3,323,Hibernating
6409.0,2024-10-09,15,34613.51,83.0,3,5,5,355,Loyal Customers
6410.0,2024-11-08,8,9869.91,53.0,3,3,2,332,Potential Loyalists
6411.0,2024-07-08,7,5903.8,176.0,3,3,1,331,Potential Loyalists
6412.0,2024-12-04,7,9993.58,27.0,3,3,2,332,Potential Loyalists
6413.0,2024-04-30,9,13579.05,245.0,3,4,3,343,Potential Loyalists
6414.0,2024-12-05,6,7167.889999999999,26.0,3,2,2,322,Hibernating
6415.0,2024-02-16,6,2453.6,319.0,3,2,1,321,Hibernating
6416.0,2024-10-31,10,24284.32,61.0,3,5,5,355,Loyal Customers
6417.0,2024-07-01,10,9349.54,183.0,3,5,2,352,Potential Loyalists
6418.0,2024-05-02,4,4825.68,243.0,3,1,1,311,Hibernating
6419.0,2024-11-20,8,11816.529999999999,41.0,3,3,3,333,Potential Loyalists
6420.0,2024-10-23,6,6208.88,69.0,3,2,1,321,Hibernating
6421.0,2024-10-26,9,417583.11,66.0,3,4,5,345,Loyal Customers
6422.0,2024-04-03,5,5958.64,272.0,3,1,1,311,Hibernating
6423.0,2024-12-04,10,9835.869999999999,27.0,3,5,2,352,Potential Loyalists
6424.0,2024-08-26,4,14413.35,127.0,3,1,3,313,Hibernating
6425.0,2024-08-14,8,15281.78,139.0,3,3,4,334,Loyal Customers
6426.0,2024-10-18,7,21168.6,74.0,3,3,4,334,Loyal Customers
6427.0,2024-09-24,7,12684.210000000001,98.0,3,3,3,333,Potential Loyalists
6428.0,2024-12-19,5,3461.07,12.0,3,1,1,311,Hibernating
6429.0,2024-11-10,7,12216.939999999999,51.0,3,3,3,333,Potential Loyalists
6430.0,2024-12-07,4,6095.360000000001,24.0,3,1,1,311,Hibernating
6431.0,2024-08-22,6,4294.82,131.0,3,2,1,321,Hibernating
6432.0,2024-11-02,7,5818.17,59.0,3,3,1,331,Potential Loyalists
6433.0,2024-03-02,4,2552.78,304.0,3,1,1,311,Hibernating
6434.0,2024-01-04,6,11090.55,362.0,3,2,3,323,Hibernating
6435.0,2024-12-09,16,36361.87,22.0,3,5,5,355,Loyal Customers
6436.0,2024-10-05,7,16046.75,87.0,3,3,4,334,Loyal Customers
6437.0,2024-06-24,7,17210.739999999998,190.0,3,3,4,334,Loyal Customers
6438.0,2024-07-29,3,5739.070000000001,155.0,3,1,1,311,Hibernating
6439.0,2024-11-03,9,7752.6,58.0,3,4,2,342,Potential Loyalists
6440.0,2024-11-18,5,5443.2699999999995,43.0,3,1,1,311,Hibernating
6441.0,2024-12-24,6,182411.49,7.0,3,2,5,325,Promising
6442.0,2023-12-03,11,26504.45,394.0,3,5,5,355,Loyal Customers
6443.0,2024-08-07,9,695849.66,146.0,3,4,5,345,Loyal Customers
6444.0,2024-08-23,7,8380.29,130.0,3,3,2,332,Potential Loyalists
6445.0,2024-10-20,9,35302.6,72.0,3,4,5,345,Loyal Customers
6446.0,2024-10-26,6,8454.57,66.0,3,2,2,322,Hibernating
6447.0,2024-12-22,11,20755.02,9.0,3,5,4,354,Loyal Customers
6448.0,2024-07-11,4,4890.8,173.0,3,1,1,311,Hibernating
6449.0,2024-11-16,10,18999.329999999998,45.0,3,5,4,354,Loyal Customers
6450.0,2024-11-26,6,162822.47999999998,35.0,3,2,5,325,Promising
6451.0,2024-09-09,4,8638.09,113.0,3,1,2,312,Hibernating
6452.0,2024-11-29,8,7727.96,32.0,3,3,2,332,Potential Loyalists
6453.0,2024-08-12,3,3904.75,141.0,3,1,1,311,Hibernating
6454.0,2024-10-17,8,536813.22,75.0,3,3,5,335,Loyal Customers
6455.0,2024-10-20,9,19105.1,72.0,3,4,4,344,Loyal Customers
6456.0,2024-06-01,6,7663.55,213.0,3,2,2,322,Hibernating
6457.0,2024-06-15,6,5594.79,199.0,3,2,1,321,Hibernating
6458.0,2024-12-12,8,11367.43,19.0,3,3,3,333,Potential Loyalists
6459.0,2024-04-14,5,7449.5,261.0,3,1,2,312,Hibernating
6460.0,2024-11-18,6,6595.9,43.0,3,2,2,322,Hibernating
6461.0,2024-09-04,5,8422.18,118.0,3,1,2,312,Hibernating
6462.0,2024-08-06,8,216934.39,147.0,3,3,5,335,Loyal Customers
6463.0,2024-08-23,6,9337.0,130.0,3,2,2,322,Hibernating
6464.0,2024-10-23,9,12652.97,69.0,3,4,3,343,Potential Loyalists
6465.0,2024-10-13,11,18467.18,79.0,3,5,4,354,Loyal Customers
6466.0,2024-06-17,8,13609.72,197.0,3,3,3,333,Potential Loyalists
6467.0,2024-01-01,3,3093.05,365.0,3,1,1,311,Hibernating
6468.0,2024-12-14,10,21189.34,17.0,3,5,4,354,Loyal Customers
6469.0,2024-11-28,9,12847.26,33.0,3,4,3,343,Potential Loyalists
6470.0,2024-10-14,9,20676.54,78.0,3,4,4,344,Loyal Customers
6471.0,2022-06-24,2,4545.29,921.0,3,1,1,311,Hibernating
6472.0,2024-10-04,10,183180.78,88.0,3,5,5,355,Loyal Customers
6473.0,2024-12-13,10,15249.18,18.0,3,5,4,354,Loyal Customers
6474.0,2023-10-02,4,8494.31,456.0,3,1,2,312,Hibernating
6475.0,2024-12-30,8,12143.37,1.0,3,3,3,333,Potential Loyalists
6476.0,2024-05-28,4,3350.8,217.0,3,1,1,311,Hibernating
6477.0,2024-12-17,5,5153.3099999999995,14.0,3,1,1,311,Hibernating
6478.0,2024-11-16,9,26692.25,45.0,3,4,5,345,Loyal Customers
6479.0,2024-12-21,3,6018.56,10.0,3,1,1,311,Hibernating
6480.0,2024-10-01,6,4950.04,91.0,3,2,1,321,Hibernating
6481.0,2024-08-31,4,123517.11,122.0,3,1,5,315,Promising
6482.0,2024-11-14,6,8703.02,47.0,3,2,2,322,Hibernating
6483.0,2024-12-15,5,6342.469999999999,16.0,3,1,1,311,Hibernating
6484.0,2024-10-17,10,21824.65,75.0,3,5,4,354,Loyal Customers
6485.0,2024-08-18,12,10243.800000000001,135.0,3,5,3,353,Potential Loyalists
6486.0,2024-11-28,8,76433.28000000001,33.0,3,3,5,335,Loyal Customers
6487.0,2024-11-09,12,23128.12,52.0,3,5,5,355,Loyal Customers
6488.0,2024-02-03,6,14185.6,332.0,3,2,3,323,Hibernating
6489.0,2024-06-25,6,5467.93,189.0,3,2,1,321,Hibernating
6490.0,2024-08-19,7,8479.6,134.0,3,3,2,332,Potential Loyalists
6491.0,2024-10-21,9,34686.27,71.0,3,4,5,345,Loyal Customers
6492.0,2023-04-23,4,13301.33,618.0,3,1,3,313,Hibernating
6493.0,2024-08-02,6,9718.55,151.0,3,2,2,322,Hibernating
6494.0,2024-09-04,7,17905.3,118.0,3,3,4,334,Loyal Customers
6495.0,2024-12-29,6,13721.42,2.0,3,2,3,323,Hibernating
6496.0,2023-12-02,3,2903.52,395.0,3,1,1,311,Hibernating
6497.0,2024-03-11,4,4748.110000000001,295.0,3,1,1,311,Hibernating
6498.0,2024-10-20,8,4784.11,72.0,3,3,1,331,Potential Loyalists
6499.0,2024-07-03,7,20544.3,181.0,3,3,4,334,Loyal Customers
6500.0,2024-12-24,7,9412.710000000001,7.0,3,3,2,332,Potential Loyalists
6501.0,2024-06-26,9,19835.91,188.0,3,4,4,344,Loyal Customers
6502.0,2024-11-10,9,8762.53,51.0,3,4,2,342,Potential Loyalists
6503.0,2024-07-10,9,15495.289999999999,174.0,3,4,4,344,Loyal Customers
6504.0,2024-12-25,6,5163.83,6.0,3,2,1,321,Hibernating
6505.0,2024-10-11,5,10808.82,81.0,3,1,3,313,Hibernating
6506.0,2024-10-13,6,18743.39,79.0,3,2,4,324,Promising
6507.0,2023-11-14,7,9009.06,413.0,3,3,2,332,Potential Loyalists
6508.0,2024-05-29,8,16459.829999999998,216.0,3,3,4,334,Loyal Customers
6509.0,2024-12-14,8,17425.28,17.0,3,3,4,334,Loyal Customers
6510.0,2024-10-08,1,2303.15,84.0,3,1,1,311,Hibernating
6511.0,2024-09-04,7,8803.15,118.0,3,3,2,332,Potential Loyalists
6512.0,2024-10-31,12,42155.55,61.0,3,5,5,355,Loyal Customers
6513.0,2024-06-28,5,7295.09,186.0,3,1,2,312,Hibernating
6514.0,2024-05-18,9,150553.82,227.0,3,4,5,345,Loyal Customers
6515.0,2024-11-12,9,15187.029999999999,49.0,3,4,4,344,Loyal Customers
6516.0,2024-11-01,8,13004.41,60.0,3,3,3,333,Potential Loyalists
6517.0,2024-08-14,4,13796.19,139.0,3,1,3,313,Hibernating
6518.0,2024-11-14,8,6345.7,47.0,3,3,1,331,Potential Loyalists
6519.0,2024-12-02,8,1006570.16,29.0,3,3,5,335,Loyal Customers
6520.0,2024-11-19,7,408874.21,42.0,3,3,5,335,Loyal Customers
6521.0,2024-05-29,6,6760.67,216.0,3,2,2,322,Hibernating
6522.0,2024-04-13,6,17859.49,262.0,3,2,4,324,Promising
6523.0,2023-11-21,6,6684.34,406.0,3,2,2,322,Hibernating
6524.0,2024-11-04,10,478860.5,57.0,3,5,5,355,Loyal Customers
6525.0,2024-11-26,9,7842.95,35.0,3,4,2,342,Potential Loyalists
6526.0,2023-12-10,1,1234.44,387.0,3,1,1,311,Hibernating
6527.0,2024-06-15,10,16772.1,199.0,3,5,4,354,Loyal Customers
6528.0,2024-04-01,7,416665.63,274.0,3,3,5,335,Loyal Customers
6529.0,2024-12-04,10,9556.65,27.0,3,5,2,352,Potential Loyalists
6530.0,2024-04-18,4,5994.86,257.0,3,1,1,311,Hibernating
6531.0,2024-02-14,5,10664.47,321.0,3,1,3,313,Hibernating
6532.0,2024-06-17,4,4930.1,197.0,3,1,1,311,Hibernating
6533.0,2023-12-31,7,14474.62,366.0,3,3,4,334,Loyal Customers
6534.0,2024-07-20,7,7385.43,164.0,3,3,2,332,Potential Loyalists
6535.0,2024-06-06,6,5053.88,208.0,3,2,1,321,Hibernating
6536.0,2024-10-12,9,14883.6,80.0,3,4,4,344,Loyal Customers
6537.0,2023-08-04,5,4042.71,515.0,3,1,1,311,Hibernating
6538.0,2024-09-11,9,153107.97999999998,111.0,3,4,5,345,Loyal Customers
6539.0,2024-07-05,8,16370.66,179.0,3,3,4,334,Loyal Customers
6540.0,2024-05-07,5,13818.85,238.0,3,1,3,313,Hibernating
6541.0,2023-09-11,3,4934.21,477.0,3,1,1,311,Hibernating
6542.0,2024-01-07,7,5073.8,359.0,3,3,1,331,Potential Loyalists
6543.0,2024-04-21,6,9172.59,254.0,3,2,2,322,Hibernating
6544.0,2024-08-17,8,16911.86,136.0,3,3,4,334,Loyal Customers
6545.0,2024-12-17,7,16052.81,14.0,3,3,4,334,Loyal Customers
6546.0,2024-09-10,15,14359.44,112.0,3,5,3,353,Potential Loyalists
6547.0,2024-10-17,8,18705.11,75.0,3,3,4,334,Loyal Customers
6548.0,2023-12-17,3,5076.08,380.0,3,1,1,311,Hibernating
6549.0,2024-10-10,7,8653.39,82.0,3,3,2,332,Potential Loyalists
6550.0,2024-09-26,7,15850.7,96.0,3,3,4,334,Loyal Customers
6551.0,2024-09-20,9,16629.31,102.0,3,4,4,344,Loyal Customers
6552.0,2024-08-20,7,8477.31,133.0,3,3,2,332,Potential Loyalists
6553.0,2024-05-30,3,4328.49,215.0,3,1,1,311,Hibernating
6554.0,2024-12-22,12,13377.04,9.0,3,5,3,353,Potential Loyalists
6555.0,2024-07-27,9,20222.56,157.0,3,4,4,344,Loyal Customers
6556.0,2024-09-11,8,11686.52,111.0,3,3,3,333,Potential Loyalists
6557.0,2023-05-23,5,149317.80000000002,588.0,3,1,5,315,Promising
6558.0,2024-11-14,11,8509.41,47.0,3,5,2,352,Potential Loyalists
6559.0,2024-03-27,10,17719.86,279.0,3,5,4,354,Loyal Customers
6560.0,2023-07-18,6,13563.78,532.0,3,2,3,323,Hibernating
6561.0,2024-07-10,14,24026.16,174.0,3,5,5,355,Loyal Customers
6562.0,2023-06-05,5,42336.520000000004,575.0,3,1,5,315,Promising
6563.0,2024-08-12,11,218572.1,141.0,3,5,5,355,Loyal Customers
6564.0,2024-02-21,7,15835.97,314.0,3,3,4,334,Loyal Customers
6565.0,2023-10-23,4,3487.0400000000004,435.0,3,1,1,311,Hibernating
6566.0,2024-08-10,6,11181.01,143.0,3,2,3,323,Hibernating
6567.0,2024-10-31,9,20726.54,61.0,3,4,4,344,Loyal Customers
6568.0,2024-04-29,4,12220.93,246.0,3,1,3,313,Hibernating
6569.0,2024-12-20,3,4311.93,11.0,3,1,1,311,Hibernating
6570.0,2024-08-20,6,180914.91999999998,133.0,3,2,5,325,Promising
6571.0,2024-12-02,8,19426.58,29.0,3,3,4,334,Loyal Customers
6572.0,2024-09-06,12,25510.18,116.0,3,5,5,355,Loyal Customers
6573.0,2024-06-07,6,5145.45,207.0,3,2,1,321,Hibernating
6574.0,2024-06-20,6,4388.98,194.0,3,2,1,321,Hibernating
6575.0,2024-06-22,6,19057.99,192.0,3,2,4,324,Promising
6576.0,2024-07-31,4,20174.370000000003,153.0,3,1,4,314,Hibernating
6577.0,2024-12-21,7,13158.630000000001,10.0,3,3,3,333,Potential Loyalists
6578.0,2024-10-20,7,99932.5,72.0,3,3,5,335,Loyal Customers
6579.0,2024-04-05,4,4702.32,270.0,3,1,1,311,Hibernating
6580.0,2024-12-09,10,13160.04,22.0,3,5,3,353,Potential Loyalists
6581.0,2024-12-07,3,4933.53,24.0,3,1,1,311,Hibernating
6582.0,2024-05-21,7,8174.17,224.0,3,3,2,332,Potential Loyalists
6583.0,2024-06-27,5,7281.07,187.0,3,1,2,312,Hibernating
6584.0,2024-12-27,13,19164.34,4.0,3,5,4,354,Loyal Customers
6585.0,2024-12-10,12,16291.72,21.0,3,5,4,354,Loyal Customers
6586.0,2024-12-23,14,208533.86000000002,8.0,3,5,5,355,Loyal Customers
6587.0,2023-12-10,6,9581.07,387.0,3,2,2,322,Hibernating
6588.0,2023-06-15,2,3964.42,565.0,3,1,1,311,Hibernating
6589.0,2024-03-26,8,13777.199999999999,280.0,3,3,3,333,Potential Loyalists
6590.0,2024-02-06,4,7775.29,329.0,3,1,2,312,Hibernating
6591.0,2024-09-09,9,19576.12,113.0,3,4,4,344,Loyal Customers
6592.0,2024-04-21,9,261573.9,254.0,3,4,5,345,Loyal Customers
6593.0,2024-07-10,5,6948.9400000000005,174.0,3,1,2,312,Hibernating
6594.0,2023-08-25,2,4141.4800000000005,494.0,3,1,1,311,Hibernating
6595.0,2024-11-18,11,18361.489999999998,43.0,3,5,4,354,Loyal Customers
6596.0,2024-08-16,13,16167.39,137.0,3,5,4,354,Loyal Customers
6597.0,2024-10-13,4,7496.92,79.0,3,1,2,312,Hibernating
6598.0,2024-12-30,12,30604.06,1.0,3,5,5,355,Loyal Customers
6599.0,2024-11-03,8,10592.54,58.0,3,3,3,333,Potential Loyalists
6600.0,2024-11-16,7,12639.72,45.0,3,3,3,333,Potential Loyalists
6601.0,2024-04-03,6,21373.95,272.0,3,2,4,324,Promising
6602.0,2024-09-04,6,13833.6,118.0,3,2,3,323,Hibernating
6603.0,2024-12-04,8,22104.38,27.0,3,3,5,335,Loyal Customers
6604.0,2024-03-05,6,5964.57,301.0,3,2,1,321,Hibernating
6605.0,2023-05-05,6,9910.56,606.0,3,2,2,322,Hibernating
6606.0,2024-10-29,5,3981.54,63.0,3,1,1,311,Hibernating
6607.0,2024-09-10,9,10510.2,112.0,3,4,3,343,Potential Loyalists
6608.0,2024-02-07,7,11626.12,328.0,3,3,3,333,Potential Loyalists
6609.0,2024-12-19,9,22392.79,12.0,3,4,5,345,Loyal Customers
6610.0,2024-07-29,14,29859.2,155.0,3,5,5,355,Loyal Customers
6611.0,2024-03-17,6,6717.28,289.0,3,2,2,322,Hibernating
6612.0,2024-12-07,5,5726.4,24.0,3,1,1,311,Hibernating
6613.0,2024-09-03,4,172473.07,119.0,3,1,5,315,Promising
6614.0,2024-09-23,8,21052.07,99.0,3,3,4,334,Loyal Customers
6615.0,2024-10-06,8,7297.04,86.0,3,3,2,332,Potential Loyalists
6616.0,2024-03-10,5,13952.49,296.0,3,1,3,313,Hibernating
6617.0,2024-05-25,6,15434.01,220.0,3,2,4,324,Promising
6618.0,2024-11-29,8,8013.15,32.0,3,3,2,332,Potential Loyalists
6619.0,2024-10-27,5,8090.55,65.0,3,1,2,312,Hibernating
6620.0,2023-11-04,5,11885.669999999998,423.0,3,1,3,313,Hibernating
6621.0,2024-10-13,8,7743.469999999999,79.0,3,3,2,332,Potential Loyalists
6622.0,2024-11-08,10,15617.03,53.0,3,5,4,354,Loyal Customers
6623.0,2024-07-21,10,16948.85,163.0,3,5,4,354,Loyal Customers
6624.0,2024-02-29,7,9387.6,306.0,3,3,2,332,Potential Loyalists
6625.0,2024-10-19,6,5863.26,73.0,3,2,1,321,Hibernating
6626.0,2024-04-01,6,17317.56,274.0,3,2,4,324,Promising
6627.0,2024-10-03,3,4335.9,89.0,3,1,1,311,Hibernating
6628.0,2024-10-10,8,18550.829999999998,82.0,3,3,4,334,Loyal Customers
6629.0,2024-09-15,8,15328.31,107.0,3,3,4,334,Loyal Customers
6630.0,2024-11-01,9,26651.27,60.0,3,4,5,345,Loyal Customers
6631.0,2024-10-09,8,4339.86,83.0,3,3,1,331,Potential Loyalists
6632.0,2024-10-09,13,18918.010000000002,83.0,3,5,4,354,Loyal Customers
6633.0,2024-11-24,9,232136.56000000003,37.0,3,4,5,345,Loyal Customers
6634.0,2024-11-05,12,26808.41,56.0,3,5,5,355,Loyal Customers
6635.0,2024-12-06,7,16270.54,25.0,3,3,4,334,Loyal Customers
6636.0,2024-12-16,11,21816.16,15.0,3,5,4,354,Loyal Customers
6637.0,2024-10-26,8,7923.68,66.0,3,3,2,332,Potential Loyalists
6638.0,2024-11-14,7,16462.67,47.0,3,3,4,334,Loyal Customers
6639.0,2024-12-30,14,14636.76,1.0,3,5,4,354,Loyal Customers
6640.0,2024-11-23,7,10113.07,38.0,3,3,2,332,Potential Loyalists
6641.0,2024-11-22,8,11768.12,39.0,3,3,3,333,Potential Loyalists
6642.0,2024-11-06,12,38491.53,55.0,3,5,5,355,Loyal Customers
6643.0,2024-10-10,6,8697.56,82.0,3,2,2,322,Hibernating
6644.0,2024-10-14,6,9269.49,78.0,3,2,2,322,Hibernating
6645.0,2024-10-29,8,345252.37999999995,63.0,3,3,5,335,Loyal Customers
6646.0,2023-11-01,4,9894.1,426.0,3,1,2,312,Hibernating
6647.0,2024-12-12,6,3028.32,19.0,3,2,1,321,Hibernating
6648.0,2024-10-26,11,26206.34,66.0,3,5,5,355,Loyal Customers
6649.0,2024-07-09,10,135722.76,175.0,3,5,5,355,Loyal Customers
6650.0,2024-05-28,5,12955.9,217.0,3,1,3,313,Hibernating
6651.0,2024-07-03,10,13970.01,181.0,3,5,3,353,Potential Loyalists
6652.0,2023-12-19,9,8202.619999999999,378.0,3,4,2,342,Potential Loyalists
6653.0,2024-12-29,10,19264.35,2.0,3,5,4,354,Loyal Customers
6654.0,2024-11-02,11,30731.57,59.0,3,5,5,355,Loyal Customers
6655.0,2024-10-11,7,4852.85,81.0,3,3,1,331,Potential Loyalists
6656.0,2024-12-10,7,7838.43,21.0,3,3,2,332,Potential Loyalists
6657.0,2024-06-03,6,7084.51,211.0,3,2,2,322,Hibernating
6658.0,2024-11-12,8,9169.34,49.0,3,3,2,332,Potential Loyalists
6659.0,2024-09-07,10,8368.55,115.0,3,5,2,352,Potential Loyalists
6660.0,2024-10-05,6,7007.49,87.0,3,2,2,322,Hibernating
6661.0,2024-12-05,7,590910.14,26.0,3,3,5,335,Loyal Customers
6662.0,2024-09-21,6,14124.61,101.0,3,2,3,323,Hibernating
6663.0,2024-11-20,13,18068.100000000002,41.0,3,5,4,354,Loyal Customers
6664.0,2024-08-29,10,11931.54,124.0,3,5,3,353,Potential Loyalists
6665.0,2024-06-30,2,1541.73,184.0,3,1,1,311,Hibernating
6666.0,2024-02-01,3,6157.41,334.0,3,1,1,311,Hibernating
6667.0,2024-12-19,13,39823.25,12.0,3,5,5,355,Loyal Customers
6668.0,2024-10-22,13,24747.03,70.0,3,5,5,355,Loyal Customers
6669.0,2024-11-07,7,11942.58,54.0,3,3,3,333,Potential Loyalists
6670.0,2024-09-16,6,11916.18,106.0,3,2,3,323,Hibernating
6671.0,2024-02-11,7,11588.67,324.0,3,3,3,333,Potential Loyalists
6672.0,2023-12-05,2,14349.160000000002,392.0,3,1,3,313,Hibernating
6673.0,2023-02-11,2,308.81,689.0,3,1,1,311,Hibernating
6674.0,2024-07-24,11,26031.48,160.0,3,5,5,355,Loyal Customers
6675.0,2023-10-23,3,10087.18,435.0,3,1,2,312,Hibernating
6676.0,2024-09-04,8,12860.91,118.0,3,3,3,333,Potential Loyalists
6677.0,2024-12-16,8,175711.0,15.0,3,3,5,335,Loyal Customers
6678.0,2023-08-21,4,7273.18,498.0,3,1,2,312,Hibernating
6679.0,2024-12-30,3,40994.94,1.0,3,1,5,315,Promising
6680.0,2024-09-03,8,20089.02,119.0,3,3,4,334,Loyal Customers
6681.0,2024-07-04,6,15713.92,180.0,3,2,4,324,Promising
6682.0,2024-09-18,5,10457.51,104.0,3,1,3,313,Hibernating
6683.0,2024-12-03,11,530200.11,28.0,3,5,5,355,Loyal Customers
6684.0,2024-07-13,7,5690.7300000000005,171.0,3,3,1,331,Potential Loyalists
6685.0,2023-05-30,3,2820.85,581.0,3,1,1,311,Hibernating
6686.0,2024-09-09,8,10349.86,113.0,3,3,3,333,Potential Loyalists
6687.0,2024-03-16,7,11063.56,290.0,3,3,3,333,Potential Loyalists
6688.0,2024-06-10,5,4123.5,204.0,3,1,1,311,Hibernating
6689.0,2024-11-12,6,2667.07,49.0,3,2,1,321,Hibernating
6690.0,2024-11-26,10,23010.27,35.0,3,5,5,355,Loyal Customers
6691.0,2024-09-29,7,4964.29,93.0,3,3,1,331,Potential Loyalists
6692.0,2024-07-23,6,410175.79,161.0,3,2,5,325,Promising
6693.0,2024-09-15,9,11790.14,107.0,3,4,3,343,Potential Loyalists
6694.0,2024-12-28,7,21569.18,3.0,3,3,4,334,Loyal Customers
6695.0,2024-04-02,3,1136.14,273.0,3,1,1,311,Hibernating
6696.0,2024-11-29,7,9420.77,32.0,3,3,2,332,Potential Loyalists
6697.0,2024-08-26,8,17357.670000000002,127.0,3,3,4,334,Loyal Customers
6698.0,2024-08-28,4,6436.55,125.0,3,1,1,311,Hibernating
6699.0,2023-10-12,5,8147.02,446.0,3,1,2,312,Hibernating
6700.0,2024-10-11,11,21658.66,81.0,3,5,4,354,Loyal Customers
6701.0,2024-06-13,6,14113.36,201.0,3,2,3,323,Hibernating
6702.0,2024-07-05,10,143612.68,179.0,3,5,5,355,Loyal Customers
6703.0,2024-12-15,4,3004.38,16.0,3,1,1,311,Hibernating
6704.0,2024-04-09,13,19696.19,266.0,3,5,4,354,Loyal Customers
6705.0,2024-08-30,6,4614.09,123.0,3,2,1,321,Hibernating
6706.0,2024-07-14,12,11620.81,170.0,3,5,3,353,Potential Loyalists
6707.0,2024-11-11,11,14296.02,50.0,3,5,3,353,Potential Loyalists
6708.0,2024-09-03,8,10393.61,119.0,3,3,3,333,Potential Loyalists
6709.0,2024-06-24,5,5983.610000000001,190.0,3,1,1,311,Hibernating
6710.0,2024-08-01,12,11661.619999999999,152.0,3,5,3,353,Potential Loyalists
6711.0,2024-09-26,12,13016.74,96.0,3,5,3,353,Potential Loyalists
6712.0,2024-07-05,5,5010.86,179.0,3,1,1,311,Hibernating
6713.0,2024-09-08,5,4104.4,114.0,3,1,1,311,Hibernating
6714.0,2024-01-21,7,19062.38,345.0,3,3,4,334,Loyal Customers
6715.0,2024-10-04,6,11725.42,88.0,3,2,3,323,Hibernating
6716.0,2024-06-01,9,8724.77,213.0,3,4,2,342,Potential Loyalists
6717.0,2024-07-22,4,11704.25,162.0,3,1,3,313,Hibernating
6718.0,2024-05-01,13,48317.32,244.0,3,5,5,355,Loyal Customers
6719.0,2024-07-04,9,29062.19,180.0,3,4,5,345,Loyal Customers
6720.0,2024-10-21,8,15514.89,71.0,3,3,4,334,Loyal Customers
6721.0,2024-12-11,4,3891.65,20.0,3,1,1,311,Hibernating
6722.0,2024-12-09,7,12852.210000000001,22.0,3,3,3,333,Potential Loyalists
6723.0,2024-11-11,8,12861.27,50.0,3,3,3,333,Potential Loyalists
6724.0,2024-10-03,7,4725.53,89.0,3,3,1,331,Potential Loyalists
6725.0,2024-06-21,7,6730.12,193.0,3,3,2,332,Potential Loyalists
6726.0,2024-08-30,6,7967.530000000001,123.0,3,2,2,322,Hibernating
6727.0,2023-07-18,3,4800.99,532.0,3,1,1,311,Hibernating
6728.0,2024-11-27,10,11404.34,34.0,3,5,3,353,Potential Loyalists
6729.0,2024-10-13,10,17571.84,79.0,3,5,4,354,Loyal Customers
6730.0,2024-07-22,4,5723.87,162.0,3,1,1,311,Hibernating
6731.0,2024-10-24,7,8888.99,68.0,3,3,2,332,Potential Loyalists
6732.0,2023-07-19,3,2769.8,531.0,3,1,1,311,Hibernating
6733.0,2024-07-05,10,21073.7,179.0,3,5,4,354,Loyal Customers
6734.0,2024-11-27,10,15096.17,34.0,3,5,4,354,Loyal Customers
6735.0,2024-12-27,10,82165.15,4.0,3,5,5,355,Loyal Customers
6736.0,2024-09-09,8,13181.17,113.0,3,3,3,333,Potential Loyalists
6737.0,2024-05-18,8,9536.24,227.0,3,3,2,332,Potential Loyalists
6738.0,2024-07-24,7,13129.560000000001,160.0,3,3,3,333,Potential Loyalists
6739.0,2024-12-23,6,12385.99,8.0,3,2,3,323,Hibernating
6740.0,2024-10-20,1,397.06,72.0,3,1,1,311,Hibernating
6741.0,2024-12-08,7,12976.31,23.0,3,3,3,333,Potential Loyalists
6742.0,2024-08-25,10,21790.49,128.0,3,5,4,354,Loyal Customers
6743.0,2023-11-23,5,768578.76,404.0,3,1,5,315,Promising
6744.0,2024-11-15,7,7205.34,46.0,3,3,2,332,Potential Loyalists
6745.0,2024-08-27,6,3659.97,126.0,3,2,1,321,Hibernating
6746.0,2023-07-10,4,3396.99,540.0,3,1,1,311,Hibernating
6747.0,2024-11-10,11,12487.0,51.0,3,5,3,353,Potential Loyalists
6748.0,2024-08-23,7,6387.42,130.0,3,3,1,331,Potential Loyalists
6749.0,2024-12-07,8,10143.949999999999,24.0,3,3,2,332,Potential Loyalists
6750.0,2024-11-27,10,12755.99,34.0,3,5,3,353,Potential Loyalists
6751.0,2024-12-20,8,29878.91,11.0,3,3,5,335,Loyal Customers
6752.0,2024-09-12,5,1965.87,110.0,3,1,1,311,Hibernating
6753.0,2024-08-05,10,21713.260000000002,148.0,3,5,4,354,Loyal Customers
6754.0,2024-12-28,7,10221.07,3.0,3,3,3,333,Potential Loyalists
6755.0,2022-01-31,1,4033.83,1065.0,3,1,1,311,Hibernating
6756.0,2024-10-29,4,5906.24,63.0,3,1,1,311,Hibernating
6757.0,2024-06-26,12,86220.25,188.0,3,5,5,355,Loyal Customers
6758.0,2024-11-11,5,6502.85,50.0,3,1,1,311,Hibernating
6759.0,2024-09-06,10,21303.19,116.0,3,5,4,354,Loyal Customers
6760.0,2024-10-05,5,13729.99,87.0,3,1,3,313,Hibernating
6761.0,2024-12-22,6,31939.76,9.0,3,2,5,325,Promising
6762.0,2023-04-24,3,5472.99,617.0,3,1,1,311,Hibernating
6763.0,2024-12-05,7,8353.54,26.0,3,3,2,332,Potential Loyalists
6764.0,2024-12-03,8,14353.640000000001,28.0,3,3,3,333,Potential Loyalists
6765.0,2024-04-06,7,12542.029999999999,269.0,3,3,3,333,Potential Loyalists
6766.0,2024-07-18,4,207491.37,166.0,3,1,5,315,Promising
6767.0,2024-11-12,9,14006.16,49.0,3,4,3,343,Potential Loyalists
6768.0,2024-06-06,8,79392.56,208.0,3,3,5,335,Loyal Customers
6769.0,2024-09-08,7,14363.27,114.0,3,3,3,333,Potential Loyalists
6770.0,2024-10-03,9,13124.369999999999,89.0,3,4,3,343,Potential Loyalists
6771.0,2024-05-08,6,11784.24,237.0,3,2,3,323,Hibernating
6772.0,2024-12-10,8,15196.57,21.0,3,3,4,334,Loyal Customers
6773.0,2023-03-15,5,17422.84,657.0,3,1,4,314,Hibernating
6774.0,2023-03-19,5,6068.29,653.0,3,1,1,311,Hibernating
6775.0,2024-10-10,10,12989.189999999999,82.0,3,5,3,353,Potential Loyalists
6776.0,2024-11-14,7,6969.5199999999995,47.0,3,3,2,332,Potential Loyalists
6777.0,2024-06-14,5,8558.67,200.0,3,1,2,312,Hibernating
6778.0,2024-06-24,8,14170.75,190.0,3,3,3,333,Potential Loyalists
6779.0,2024-04-13,6,11202.77,262.0,3,2,3,323,Hibernating
6780.0,2023-09-19,6,6006.84,469.0,3,2,1,321,Hibernating
6781.0,2024-02-06,8,20724.59,329.0,3,3,4,334,Loyal Customers
6782.0,2023-07-05,4,7814.99,545.0,3,1,2,312,Hibernating
6783.0,2024-03-14,7,16447.54,292.0,3,3,4,334,Loyal Customers
6784.0,2024-10-08,6,5638.71,84.0,3,2,1,321,Hibernating
6785.0,2024-10-19,6,9476.46,73.0,3,2,2,322,Hibernating
6786.0,2024-08-03,5,4097.35,150.0,3,1,1,311,Hibernating
6787.0,2023-07-18,4,1860.24,532.0,3,1,1,311,Hibernating
6788.0,2024-08-13,9,16678.85,140.0,3,4,4,344,Loyal Customers
6789.0,2024-11-26,10,262932.73,35.0,3,5,5,355,Loyal Customers
6790.0,2024-11-11,10,16698.95,50.0,3,5,4,354,Loyal Customers
6791.0,2024-08-29,10,413584.68,124.0,3,5,5,355,Loyal Customers
6792.0,2024-05-11,6,5097.77,234.0,3,2,1,321,Hibernating
6793.0,2024-08-14,7,10311.48,139.0,3,3,3,333,Potential Loyalists
6794.0,2024-10-15,6,9952.48,77.0,3,2,2,322,Hibernating
6795.0,2024-08-11,13,22578.690000000002,142.0,3,5,5,355,Loyal Customers
6796.0,2024-06-05,8,11665.24,209.0,3,3,3,333,Potential Loyalists
6797.0,2023-11-23,2,1761.08,404.0,3,1,1,311,Hibernating
6798.0,2024-11-28,10,509642.99,33.0,3,5,5,355,Loyal Customers
6799.0,2024-11-28,4,10261.0,33.0,3,1,3,313,Hibernating
6800.0,2024-07-01,6,24772.53,183.0,3,2,5,325,Promising
6801.0,2024-12-10,10,803400.87,21.0,3,5,5,355,Loyal Customers
6802.0,2024-09-20,8,35644.96,102.0,3,3,5,335,Loyal Customers
6803.0,2024-12-02,6,6002.14,29.0,3,2,1,321,Hibernating
6804.0,2024-12-06,5,6304.08,25.0,3,1,1,311,Hibernating
6805.0,2024-07-17,7,8120.9800000000005,167.0,3,3,2,332,Potential Loyalists
6806.0,2024-05-08,7,7372.9,237.0,3,3,2,332,Potential Loyalists
6807.0,2024-07-08,5,10417.26,176.0,3,1,3,313,Hibernating
6808.0,2024-05-22,5,4197.93,223.0,3,1,1,311,Hibernating
6809.0,2023-04-15,4,3652.08,626.0,3,1,1,311,Hibernating
6810.0,2024-11-01,9,20702.85,60.0,3,4,4,344,Loyal Customers
6811.0,2024-10-29,8,21591.39,63.0,3,3,4,334,Loyal Customers
6812.0,2024-12-07,9,654641.52,24.0,3,4,5,345,Loyal Customers
6813.0,2024-08-13,10,9991.11,140.0,3,5,2,352,Potential Loyalists
6814.0,2024-12-07,14,29434.58,24.0,3,5,5,355,Loyal Customers
6815.0,2024-08-19,7,6145.71,134.0,3,3,1,331,Potential Loyalists
6816.0,2023-10-24,9,14042.17,434.0,3,4,3,343,Potential Loyalists
6817.0,2024-02-19,3,12492.57,316.0,3,1,3,313,Hibernating
6818.0,2024-09-15,8,9888.94,107.0,3,3,2,332,Potential Loyalists
6819.0,2024-12-01,6,2489.3900000000003,30.0,3,2,1,321,Hibernating
6820.0,2024-10-06,8,9249.039999999999,86.0,3,3,2,332,Potential Loyalists
6821.0,2024-10-10,2,4984.9,82.0,3,1,1,311,Hibernating
6822.0,2024-12-26,8,8804.05,5.0,3,3,2,332,Potential Loyalists
6823.0,2024-12-23,9,12371.66,8.0,3,4,3,343,Potential Loyalists
6824.0,2024-10-29,13,21827.07,63.0,3,5,4,354,Loyal Customers
6825.0,2022-11-29,4,6651.12,763.0,3,1,2,312,Hibernating
6826.0,2024-09-15,8,11932.72,107.0,3,3,3,333,Potential Loyalists
6827.0,2024-08-10,12,28106.82,143.0,3,5,5,355,Loyal Customers
6828.0,2023-11-16,7,15142.24,411.0,3,3,4,334,Loyal Customers
6829.0,2024-12-26,8,13143.32,5.0,3,3,3,333,Potential Loyalists
6830.0,2023-09-08,2,11430.54,480.0,3,1,3,313,Hibernating
6831.0,2024-02-07,4,3768.58,328.0,3,1,1,311,Hibernating
6832.0,2024-10-02,13,34338.42,90.0,3,5,5,355,Loyal Customers
6833.0,2024-11-04,7,8696.32,57.0,3,3,2,332,Potential Loyalists
6834.0,2024-11-10,12,27142.989999999998,51.0,3,5,5,355,Loyal Customers
6835.0,2024-11-28,11,20987.23,33.0,3,5,4,354,Loyal Customers
6836.0,2024-08-29,5,3681.24,124.0,3,1,1,311,Hibernating
6837.0,2024-10-18,5,5517.45,74.0,3,1,1,311,Hibernating
6838.0,2024-12-05,8,12050.41,26.0,3,3,3,333,Potential Loyalists
6839.0,2024-03-17,5,6062.67,289.0,3,1,1,311,Hibernating
6840.0,2024-12-06,9,16357.08,25.0,3,4,4,344,Loyal Customers
6841.0,2024-11-28,7,7497.38,33.0,3,3,2,332,Potential Loyalists
6842.0,2024-12-21,7,9158.26,10.0,3,3,2,332,Potential Loyalists
6843.0,2024-08-09,8,10049.0,144.0,3,3,2,332,Potential Loyalists
6844.0,2024-06-30,8,30022.47,184.0,3,3,5,335,Loyal Customers
6845.0,2024-01-02,7,12810.48,364.0,3,3,3,333,Potential Loyalists
6846.0,2024-03-12,6,6241.77,294.0,3,2,1,321,Hibernating
6847.0,2024-10-17,8,11924.09,75.0,3,3,3,333,Potential Loyalists
6848.0,2023-11-28,3,4544.96,399.0,3,1,1,311,Hibernating
6849.0,2024-09-16,7,7426.74,106.0,3,3,2,332,Potential Loyalists
6850.0,2024-06-14,5,17202.87,200.0,3,1,4,314,Hibernating
6851.0,2024-08-30,3,6983.79,123.0,3,1,2,312,Hibernating
6852.0,2024-06-18,4,2767.65,196.0,3,1,1,311,Hibernating
6853.0,2024-10-27,5,8459.08,65.0,3,1,2,312,Hibernating
6854.0,2024-11-09,12,392712.66,52.0,3,5,5,355,Loyal Customers
6855.0,2024-12-08,9,18230.27,23.0,3,4,4,344,Loyal Customers
6856.0,2024-09-28,9,19211.92,94.0,3,4,4,344,Loyal Customers
6857.0,2024-08-09,7,9279.85,144.0,3,3,2,332,Potential Loyalists
6858.0,2024-09-25,7,343976.1,97.0,3,3,5,335,Loyal Customers
6859.0,2024-10-05,7,9101.03,87.0,3,3,2,332,Potential Loyalists
6860.0,2023-10-28,3,1968.15,430.0,3,1,1,311,Hibernating
6861.0,2023-03-10,3,203507.84,662.0,3,1,5,315,Promising
6862.0,2024-10-31,7,10964.02,61.0,3,3,3,333,Potential Loyalists
6863.0,2024-06-27,7,7739.99,187.0,3,3,2,332,Potential Loyalists
6864.0,2024-09-15,11,15889.54,107.0,3,5,4,354,Loyal Customers
6865.0,2024-09-29,7,13386.759999999998,93.0,3,3,3,333,Potential Loyalists
6866.0,2024-03-23,9,11533.31,283.0,3,4,3,343,Potential Loyalists
6867.0,2024-06-10,6,9399.28,204.0,3,2,2,322,Hibernating
6868.0,2024-07-23,3,3719.59,161.0,3,1,1,311,Hibernating
6869.0,2024-09-08,8,219858.08,114.0,3,3,5,335,Loyal Customers
6870.0,2024-11-22,5,8454.94,39.0,3,1,2,312,Hibernating
6871.0,2024-06-19,8,59208.49,195.0,3,3,5,335,Loyal Customers
6872.0,2023-10-12,6,21986.54,446.0,3,2,4,324,Promising
6873.0,2024-09-22,6,11088.38,100.0,3,2,3,323,Hibernating
6874.0,2024-05-14,4,5389.36,231.0,3,1,1,311,Hibernating
6875.0,2024-11-16,7,77599.26000000001,45.0,3,3,5,335,Loyal Customers
6876.0,2024-09-25,12,30677.82,97.0,3,5,5,355,Loyal Customers
6877.0,2024-12-20,3,4228.86,11.0,3,1,1,311,Hibernating
6878.0,2024-09-08,10,10826.95,114.0,3,5,3,353,Potential Loyalists
6879.0,2024-12-06,5,7260.8,25.0,3,1,2,312,Hibernating
6880.0,2024-02-26,4,7129.92,309.0,3,1,2,312,Hibernating
6881.0,2024-09-12,7,9286.94,110.0,3,3,2,332,Potential Loyalists
6882.0,2024-04-24,6,6618.67,251.0,3,2,2,322,Hibernating
6883.0,2024-06-26,11,11944.0,188.0,3,5,3,353,Potential Loyalists
6884.0,2024-12-01,5,1859.03,30.0,3,1,1,311,Hibernating
6885.0,2024-11-28,13,26528.74,33.0,3,5,5,355,Loyal Customers
6886.0,2024-11-08,5,7909.96,53.0,3,1,2,312,Hibernating
6887.0,2024-09-20,5,12934.51,102.0,3,1,3,313,Hibernating
6888.0,2024-11-06,8,95488.38,55.0,3,3,5,335,Loyal Customers
6889.0,2024-12-17,10,13334.91,14.0,3,5,3,353,Potential Loyalists
6890.0,2024-01-21,4,9592.03,345.0,3,1,2,312,Hibernating
6891.0,2024-09-26,5,3324.6,96.0,3,1,1,311,Hibernating
6892.0,2024-02-01,4,4666.67,334.0,3,1,1,311,Hibernating
6893.0,2024-07-07,8,11516.39,177.0,3,3,3,333,Potential Loyalists
6894.0,2024-11-04,9,18781.84,57.0,3,4,4,344,Loyal Customers
6895.0,2024-12-03,6,8950.22,28.0,3,2,2,322,Hibernating
6896.0,2024-12-27,12,19298.09,4.0,3,5,4,354,Loyal Customers
6897.0,2024-12-23,9,16230.32,8.0,3,4,4,344,Loyal Customers
6898.0,2024-08-17,6,7057.0599999999995,136.0,3,2,2,322,Hibernating
6899.0,2024-08-13,11,28050.149999999998,140.0,3,5,5,355,Loyal Customers
6900.0,2024-12-03,4,6623.81,28.0,3,1,2,312,Hibernating
6901.0,2024-09-07,7,68150.95999999999,115.0,3,3,5,335,Loyal Customers
6902.0,2024-11-21,10,10739.130000000001,40.0,3,5,3,353,Potential Loyalists
6903.0,2024-12-19,10,36072.01,12.0,3,5,5,355,Loyal Customers
6904.0,2024-11-24,6,7103.87,37.0,3,2,2,322,Hibernating
6905.0,2023-07-03,6,5559.04,547.0,3,2,1,321,Hibernating
6906.0,2024-11-23,11,18525.420000000002,38.0,3,5,4,354,Loyal Customers
6907.0,2024-09-11,12,28286.63,111.0,3,5,5,355,Loyal Customers
6908.0,2024-04-09,8,20312.43,266.0,3,3,4,334,Loyal Customers
6909.0,2024-06-24,10,150988.63,190.0,3,5,5,355,Loyal Customers
6910.0,2023-11-16,7,19291.6,411.0,3,3,4,334,Loyal Customers
6911.0,2024-12-24,11,20523.27,7.0,3,5,4,354,Loyal Customers
6912.0,2024-06-06,6,6697.24,208.0,3,2,2,322,Hibernating
6913.0,2024-12-06,9,10879.56,25.0,3,4,3,343,Potential Loyalists
6914.0,2024-12-04,7,180907.46,27.0,3,3,5,335,Loyal Customers
6915.0,2024-08-26,10,20893.510000000002,127.0,3,5,4,354,Loyal Customers
6916.0,2024-05-05,11,18934.24,240.0,3,5,4,354,Loyal Customers
6917.0,2024-12-01,10,9906.15,30.0,3,5,2,352,Potential Loyalists
6918.0,2024-10-15,6,2368.73,77.0,3,2,1,321,Hibernating
6919.0,2024-11-11,7,11091.09,50.0,3,3,3,333,Potential Loyalists
6920.0,2024-04-06,11,26286.39,269.0,3,5,5,355,Loyal Customers
6921.0,2024-12-04,8,13523.31,27.0,3,3,3,333,Potential Loyalists
6922.0,2024-10-22,10,28010.53,70.0,3,5,5,355,Loyal Customers
6923.0,2024-12-27,7,16800.76,4.0,3,3,4,334,Loyal Customers
6924.0,2024-08-28,8,9153.54,125.0,3,3,2,332,Potential Loyalists
6925.0,2024-10-01,9,15306.59,91.0,3,4,4,344,Loyal Customers
6926.0,2024-07-03,7,9612.51,181.0,3,3,2,332,Potential Loyalists
6927.0,2023-09-01,5,410108.59,487.0,3,1,5,315,Promising
6928.0,2024-12-18,11,234746.18000000002,13.0,3,5,5,355,Loyal Customers
6929.0,2024-12-15,9,17447.05,16.0,3,4,4,344,Loyal Customers
6930.0,2024-05-20,5,6104.76,225.0,3,1,1,311,Hibernating
6931.0,2024-12-08,8,8180.46,23.0,3,3,2,332,Potential Loyalists
6932.0,2024-05-19,6,8106.8099999999995,226.0,3,2,2,322,Hibernating
6933.0,2024-06-12,11,10634.869999999999,202.0,3,5,3,353,Potential Loyalists
6934.0,2024-07-14,8,4189.86,170.0,3,3,1,331,Potential Loyalists
6935.0,2024-12-09,9,7579.38,22.0,3,4,2,342,Potential Loyalists
6936.0,2024-09-09,7,10842.789999999999,113.0,3,3,3,333,Potential Loyalists
6937.0,2024-04-04,8,9151.449999999999,271.0,3,3,2,332,Potential Loyalists
6938.0,2024-08-08,9,8219.65,145.0,3,4,2,342,Potential Loyalists
6939.0,2024-09-09,7,13171.72,113.0,3,3,3,333,Potential Loyalists
6940.0,2024-08-22,6,6317.97,131.0,3,2,1,321,Hibernating
6941.0,2024-12-31,9,43290.57,0.0,3,4,5,345,Loyal Customers
6942.0,2024-12-03,8,9221.85,28.0,3,3,2,332,Potential Loyalists
6943.0,2024-08-14,6,209648.29,139.0,3,2,5,325,Promising
6944.0,2024-07-27,10,9210.35,157.0,3,5,2,352,Potential Loyalists
6945.0,2024-11-28,3,4751.74,33.0,3,1,1,311,Hibernating
6946.0,2024-07-12,6,4021.38,172.0,3,2,1,321,Hibernating
6947.0,2024-10-27,9,12155.36,65.0,3,4,3,343,Potential Loyalists
6948.0,2023-11-13,6,13215.59,414.0,3,2,3,323,Hibernating
6949.0,2024-12-07,7,17266.58,24.0,3,3,4,334,Loyal Customers
6950.0,2024-06-27,3,3822.0899999999997,187.0,3,1,1,311,Hibernating
6951.0,2024-10-09,9,12460.93,83.0,3,4,3,343,Potential Loyalists
6952.0,2024-12-11,11,13348.33,20.0,3,5,3,353,Potential Loyalists
6953.0,2024-01-14,11,10374.449999999999,352.0,3,5,3,353,Potential Loyalists
6954.0,2024-09-15,16,36481.38,107.0,3,5,5,355,Loyal Customers
6955.0,2024-05-04,5,12105.84,241.0,3,1,3,313,Hibernating
6956.0,2024-12-11,12,11646.79,20.0,3,5,3,353,Potential Loyalists
6957.0,2024-05-21,2,3778.92,224.0,3,1,1,311,Hibernating
6958.0,2024-07-23,7,11426.23,161.0,3,3,3,333,Potential Loyalists
6959.0,2024-08-26,5,9671.98,127.0,3,1,2,312,Hibernating
6960.0,2024-08-13,9,10445.86,140.0,3,4,3,343,Potential Loyalists
6961.0,2024-12-21,5,10014.23,10.0,3,1,2,312,Hibernating
6962.0,2024-05-16,3,4502.78,229.0,3,1,1,311,Hibernating
6963.0,2024-02-12,7,13811.64,323.0,3,3,3,333,Potential Loyalists
6964.0,2024-09-28,8,12061.470000000001,94.0,3,3,3,333,Potential Loyalists
6965.0,2022-06-16,3,3139.72,929.0,3,1,1,311,Hibernating
6966.0,2024-12-22,6,17317.52,9.0,3,2,4,324,Promising
6967.0,2024-11-21,12,27878.53,40.0,3,5,5,355,Loyal Customers
6968.0,2024-12-22,7,8371.93,9.0,3,3,2,332,Potential Loyalists
6969.0,2024-08-09,8,15996.42,144.0,3,3,4,334,Loyal Customers
6970.0,2024-11-29,7,10744.49,32.0,3,3,3,333,Potential Loyalists
6971.0,2023-09-30,14,19892.09,458.0,3,5,4,354,Loyal Customers
6972.0,2024-04-20,8,11867.6,255.0,3,3,3,333,Potential Loyalists
6973.0,2024-01-02,8,10613.86,364.0,3,3,3,333,Potential Loyalists
6974.0,2024-08-13,9,30765.42,140.0,3,4,5,345,Loyal Customers
6975.0,2023-06-17,5,1886.28,563.0,3,1,1,311,Hibernating
6976.0,2024-11-06,11,414333.83999999997,55.0,3,5,5,355,Loyal Customers
6977.0,2024-10-11,9,787998.9,81.0,3,4,5,345,Loyal Customers
6978.0,2024-10-27,7,181585.41,65.0,3,3,5,335,Loyal Customers
6979.0,2024-10-25,5,3731.01,67.0,3,1,1,311,Hibernating
6980.0,2024-11-19,7,7333.95,42.0,3,3,2,332,Potential Loyalists
6981.0,2023-12-14,9,14653.85,383.0,3,4,4,344,Loyal Customers
6982.0,2024-12-01,4,12627.800000000001,30.0,3,1,3,313,Hibernating
6983.0,2024-12-06,6,4198.64,25.0,3,2,1,321,Hibernating
6984.0,2024-04-02,9,10013.56,273.0,3,4,2,342,Potential Loyalists
6985.0,2024-12-31,6,17989.75,0.0,3,2,4,324,Promising
6986.0,2024-09-22,7,19698.09,100.0,3,3,4,334,Loyal Customers
6987.0,2024-12-19,5,26279.51,12.0,3,1,5,315,Promising
6988.0,2024-11-25,7,9644.0,36.0,3,3,2,332,Potential Loyalists
6989.0,2024-11-22,7,10725.65,39.0,3,3,3,333,Potential Loyalists
6990.0,2024-04-10,11,581869.5,265.0,3,5,5,355,Loyal Customers
6991.0,2024-12-12,6,4919.38,19.0,3,2,1,321,Hibernating
6992.0,2024-08-24,6,7284.92,129.0,3,2,2,322,Hibernating
6993.0,2024-09-26,9,25794.64,96.0,3,4,5,345,Loyal Customers
6994.0,2024-07-11,7,57832.3,173.0,3,3,5,335,Loyal Customers
6995.0,2024-12-21,9,28062.95,10.0,3,4,5,345,Loyal Customers
6996.0,2024-12-29,10,11723.19,2.0,3,5,3,353,Potential Loyalists
6997.0,2024-10-07,8,10583.53,85.0,3,3,3,333,Potential Loyalists
6998.0,2024-09-05,4,4280.2,117.0,3,1,1,311,Hibernating
6999.0,2024-12-23,10,822473.5100000001,8.0,3,5,5,355,Loyal Customers
7000.0,2024-06-07,8,26600.41,207.0,3,3,5,335,Loyal Customers
7001.0,2024-01-09,5,2018.7,357.0,3,1,1,311,Hibernating
7002.0,2024-12-13,9,10272.89,18.0,3,4,3,343,Potential Loyalists
7003.0,2024-10-23,14,14302.9,69.0,3,5,3,353,Potential Loyalists
7004.0,2024-11-24,6,8171.0599999999995,37.0,3,2,2,322,Hibernating
7005.0,2023-07-13,8,13623.92,537.0,3,3,3,333,Potential Loyalists
7006.0,2024-10-25,8,10068.93,67.0,3,3,2,332,Potential Loyalists
7007.0,2024-11-16,6,3030.14,45.0,3,2,1,321,Hibernating
7008.0,2024-12-20,8,55516.61,11.0,3,3,5,335,Loyal Customers
7009.0,2024-12-25,6,10768.78,6.0,3,2,3,323,Hibernating
7010.0,2024-10-06,14,38855.35,86.0,3,5,5,355,Loyal Customers
7011.0,2024-12-19,9,14680.29,12.0,3,4,4,344,Loyal Customers
7012.0,2023-12-21,4,8576.04,376.0,3,1,2,312,Hibernating
7013.0,2024-07-28,7,11981.07,156.0,3,3,3,333,Potential Loyalists
7014.0,2024-07-09,10,13294.42,175.0,3,5,3,353,Potential Loyalists
7015.0,2023-08-30,4,4843.39,489.0,3,1,1,311,Hibernating
7016.0,2024-10-22,5,8337.07,70.0,3,1,2,312,Hibernating
7017.0,2024-11-16,7,9883.59,45.0,3,3,2,332,Potential Loyalists
7018.0,2024-07-02,9,25001.780000000002,182.0,3,4,5,345,Loyal Customers
7019.0,2024-10-19,8,179270.81,73.0,3,3,5,335,Loyal Customers
7020.0,2024-12-10,4,7936.12,21.0,3,1,2,312,Hibernating
7021.0,2024-12-21,7,23479.870000000003,10.0,3,3,5,335,Loyal Customers
7022.0,2024-08-10,3,2583.8199999999997,143.0,3,1,1,311,Hibernating
7023.0,2024-10-20,11,29451.26,72.0,3,5,5,355,Loyal Customers
7024.0,2024-11-05,16,20830.02,56.0,3,5,4,354,Loyal Customers
7025.0,2024-10-30,12,13138.43,62.0,3,5,3,353,Potential Loyalists
7026.0,2024-01-16,3,6030.53,350.0,3,1,1,311,Hibernating
7027.0,2024-06-29,3,2818.37,185.0,3,1,1,311,Hibernating
7028.0,2024-12-30,4,3369.7400000000002,1.0,3,1,1,311,Hibernating
7029.0,2024-10-12,12,9658.67,80.0,3,5,2,352,Potential Loyalists
7030.0,2024-09-04,7,15945.47,118.0,3,3,4,334,Loyal Customers
7031.0,2024-11-09,8,613549.48,52.0,3,3,5,335,Loyal Customers
7032.0,2024-10-03,6,17703.18,89.0,3,2,4,324,Promising
7033.0,2024-03-24,5,5851.79,282.0,3,1,1,311,Hibernating
7034.0,2024-03-02,6,8979.77,304.0,3,2,2,322,Hibernating
7035.0,2024-12-02,12,10277.13,29.0,3,5,3,353,Potential Loyalists
7036.0,2024-01-03,9,6116.58,363.0,3,4,1,341,Potential Loyalists
7037.0,2024-10-18,7,4119.42,74.0,3,3,1,331,Potential Loyalists
7038.0,2024-08-12,9,18359.53,141.0,3,4,4,344,Loyal Customers
7039.0,2024-11-23,7,12556.289999999999,38.0,3,3,3,333,Potential Loyalists
7040.0,2024-10-03,6,7949.280000000001,89.0,3,2,2,322,Hibernating
7041.0,2024-12-01,9,15324.13,30.0,3,4,4,344,Loyal Customers
7042.0,2024-11-18,11,29243.9,43.0,3,5,5,355,Loyal Customers
7043.0,2023-10-24,6,9014.06,434.0,3,2,2,322,Hibernating
7044.0,2024-12-08,12,13346.83,23.0,3,5,3,353,Potential Loyalists
7045.0,2024-04-14,8,9683.04,261.0,3,3,2,332,Potential Loyalists
7046.0,2024-09-08,7,4826.75,114.0,3,3,1,331,Potential Loyalists
7047.0,2024-02-02,10,422719.3,333.0,3,5,5,355,Loyal Customers
7048.0,2024-04-25,7,27489.2,250.0,3,3,5,335,Loyal Customers
7049.0,2024-08-30,4,7298.06,123.0,3,1,2,312,Hibernating
7050.0,2024-10-11,2,1198.51,81.0,3,1,1,311,Hibernating
7051.0,2024-12-14,13,34520.88,17.0,3,5,5,355,Loyal Customers
7052.0,2024-09-08,13,22324.35,114.0,3,5,5,355,Loyal Customers
7053.0,2024-02-29,7,9715.69,306.0,3,3,2,332,Potential Loyalists
7054.0,2023-10-14,3,32571.7,444.0,3,1,5,315,Promising
7055.0,2024-09-29,6,8389.050000000001,93.0,3,2,2,322,Hibernating
7056.0,2023-12-03,7,12802.23,394.0,3,3,3,333,Potential Loyalists
7057.0,2024-10-15,4,9626.460000000001,77.0,3,1,2,312,Hibernating
7058.0,2024-10-28,5,19684.09,64.0,3,1,4,314,Hibernating
7059.0,2024-10-18,13,26768.29,74.0,3,5,5,355,Loyal Customers
7060.0,2024-11-21,16,27654.87,40.0,3,5,5,355,Loyal Customers
7061.0,2024-08-16,9,11227.380000000001,137.0,3,4,3,343,Potential Loyalists
7062.0,2023-03-14,5,11188.68,658.0,3,1,3,313,Hibernating
7063.0,2024-11-02,5,8841.8,59.0,3,1,2,312,Hibernating
7064.0,2023-12-30,9,10607.06,367.0,3,4,3,343,Potential Loyalists
7065.0,2024-09-28,6,10302.31,94.0,3,2,3,323,Hibernating
7066.0,2024-11-17,6,3385.25,44.0,3,2,1,321,Hibernating
7067.0,2024-01-03,5,5560.46,363.0,3,1,1,311,Hibernating
7068.0,2024-11-05,9,18830.25,56.0,3,4,4,344,Loyal Customers
7069.0,2024-12-31,4,1489.15,0.0,3,1,1,311,Hibernating
7070.0,2023-07-11,5,11321.63,539.0,3,1,3,313,Hibernating
7071.0,2024-12-18,5,2732.47,13.0,3,1,1,311,Hibernating
7072.0,2024-06-25,7,118870.01,189.0,3,3,5,335,Loyal Customers
7073.0,2024-11-21,9,505726.88,40.0,3,4,5,345,Loyal Customers
7074.0,2024-12-01,3,1820.83,30.0,3,1,1,311,Hibernating
7075.0,2024-12-09,9,187730.19,22.0,3,4,5,345,Loyal Customers
7076.0,2024-12-19,6,10893.69,12.0,3,2,3,323,Hibernating
7077.0,2024-11-18,7,6621.08,43.0,3,3,2,332,Potential Loyalists
7078.0,2024-12-14,4,5135.77,17.0,3,1,1,311,Hibernating
7079.0,2024-11-01,8,420498.89999999997,60.0,3,3,5,335,Loyal Customers
7080.0,2024-11-30,12,317032.85,31.0,3,5,5,355,Loyal Customers
7081.0,2024-10-10,10,15464.48,82.0,3,5,4,354,Loyal Customers
7082.0,2023-12-30,9,17840.57,367.0,3,4,4,344,Loyal Customers
7083.0,2024-08-23,3,8282.07,130.0,3,1,2,312,Hibernating
7084.0,2024-09-03,9,15569.41,119.0,3,4,4,344,Loyal Customers
7085.0,2024-10-19,3,6303.09,73.0,3,1,1,311,Hibernating
7086.0,2024-09-19,7,20029.78,103.0,3,3,4,334,Loyal Customers
7087.0,2024-06-07,7,11417.36,207.0,3,3,3,333,Potential Loyalists
7088.0,2024-10-07,8,190146.84,85.0,3,3,5,335,Loyal Customers
7089.0,2024-01-02,5,7407.76,364.0,3,1,2,312,Hibernating
7090.0,2024-12-31,5,6556.21,0.0,3,1,1,311,Hibernating
7091.0,2024-11-10,10,18854.93,51.0,3,5,4,354,Loyal Customers
7092.0,2023-09-12,7,832805.74,476.0,3,3,5,335,Loyal Customers
7093.0,2024-04-24,7,10915.29,251.0,3,3,3,333,Potential Loyalists
7094.0,2024-08-06,5,8554.23,147.0,3,1,2,312,Hibernating
7095.0,2024-12-24,9,16237.75,7.0,3,4,4,344,Loyal Customers
7096.0,2024-10-21,6,8302.22,71.0,3,2,2,322,Hibernating
7097.0,2024-12-21,8,9131.58,10.0,3,3,2,332,Potential Loyalists
7098.0,2024-12-01,8,27520.2,30.0,3,3,5,335,Loyal Customers
7099.0,2023-07-04,5,7720.18,546.0,3,1,2,312,Hibernating
7100.0,2024-08-03,10,9529.44,150.0,3,5,2,352,Potential Loyalists
7101.0,2022-07-03,2,818.44,912.0,3,1,1,311,Hibernating
7102.0,2024-08-21,9,17526.6,132.0,3,4,4,344,Loyal Customers
7103.0,2024-11-05,5,8342.48,56.0,3,1,2,312,Hibernating
7104.0,2024-12-28,7,210381.40999999997,3.0,3,3,5,335,Loyal Customers
7105.0,2024-10-13,5,14994.090000000002,79.0,3,1,4,314,Hibernating
7106.0,2024-11-22,13,14246.69,39.0,3,5,3,353,Potential Loyalists
7107.0,2024-06-12,7,157439.79,202.0,3,3,5,335,Loyal Customers
7108.0,2024-07-06,8,15157.72,178.0,3,3,4,334,Loyal Customers
7109.0,2024-08-28,8,11262.28,125.0,3,3,3,333,Potential Loyalists
7110.0,2024-10-27,10,21783.18,65.0,3,5,4,354,Loyal Customers
7111.0,2024-11-22,7,174952.49000000002,39.0,3,3,5,335,Loyal Customers
7112.0,2024-12-31,12,21826.21,0.0,3,5,4,354,Loyal Customers
7113.0,2024-12-01,7,177837.72,30.0,3,3,5,335,Loyal Customers
7114.0,2024-12-17,7,20651.68,14.0,3,3,4,334,Loyal Customers
7115.0,2024-06-12,7,17530.68,202.0,3,3,4,334,Loyal Customers
7116.0,2024-02-26,6,13481.449999999999,309.0,3,2,3,323,Hibernating
7117.0,2024-07-22,8,7769.43,162.0,3,3,2,332,Potential Loyalists
7118.0,2024-08-16,10,13166.43,137.0,3,5,3,353,Potential Loyalists
7119.0,2024-07-12,7,7940.54,172.0,3,3,2,332,Potential Loyalists
7120.0,2024-11-26,6,18614.83,35.0,3,2,4,324,Promising
7121.0,2024-03-10,5,10772.17,296.0,3,1,3,313,Hibernating
7122.0,2024-11-18,6,9636.63,43.0,3,2,2,322,Hibernating
7123.0,2024-12-25,6,8741.54,6.0,3,2,2,322,Hibernating
7124.0,2024-09-17,7,10657.43,105.0,3,3,3,333,Potential Loyalists
7125.0,2024-12-21,7,170773.08000000002,10.0,3,3,5,335,Loyal Customers
7126.0,2024-07-24,6,12148.16,160.0,3,2,3,323,Hibernating
7127.0,2024-03-10,9,181759.21,296.0,3,4,5,345,Loyal Customers
7128.0,2024-12-26,9,322351.69999999995,5.0,3,4,5,345,Loyal Customers
7129.0,2024-12-28,12,30679.95,3.0,3,5,5,355,Loyal Customers
7130.0,2024-07-12,5,5765.82,172.0,3,1,1,311,Hibernating
7131.0,2024-01-30,6,7011.14,336.0,3,2,2,322,Hibernating
7132.0,2024-10-12,4,5297.91,80.0,3,1,1,311,Hibernating
7133.0,2024-11-02,8,4925.85,59.0,3,3,1,331,Potential Loyalists
7134.0,2024-07-22,4,2889.68,162.0,3,1,1,311,Hibernating
7135.0,2024-10-25,6,13975.43,67.0,3,2,3,323,Hibernating
7136.0,2024-12-28,12,16001.73,3.0,3,5,4,354,Loyal Customers
7137.0,2024-12-18,5,8264.99,13.0,3,1,2,312,Hibernating
7138.0,2024-12-18,11,33831.729999999996,13.0,3,5,5,355,Loyal Customers
7139.0,2024-08-15,4,7544.3,138.0,3,1,2,312,Hibernating
7140.0,2024-11-08,5,5718.82,53.0,3,1,1,311,Hibernating
7141.0,2024-07-21,7,5945.24,163.0,3,3,1,331,Potential Loyalists
7142.0,2024-11-24,6,14807.26,37.0,3,2,4,324,Promising
7143.0,2024-06-01,6,10382.33,213.0,3,2,3,323,Hibernating
7144.0,2024-03-26,7,8228.65,280.0,3,3,2,332,Potential Loyalists
7145.0,2023-12-08,9,8555.33,389.0,3,4,2,342,Potential Loyalists
7146.0,2024-12-10,10,15188.88,21.0,3,5,4,354,Loyal Customers
7147.0,2024-04-06,9,43529.07,269.0,3,4,5,345,Loyal Customers
7148.0,2024-08-09,7,14257.27,144.0,3,3,3,333,Potential Loyalists
7149.0,2024-12-04,10,16853.18,27.0,3,5,4,354,Loyal Customers
7150.0,2024-10-02,10,22588.75,90.0,3,5,5,355,Loyal Customers
7151.0,2024-08-30,6,21902.32,123.0,3,2,4,324,Promising
7152.0,2024-11-18,9,27562.63,43.0,3,4,5,345,Loyal Customers
7153.0,2024-08-03,9,19499.96,150.0,3,4,4,344,Loyal Customers
7154.0,2024-05-23,7,9734.279999999999,222.0,3,3,2,332,Potential Loyalists
7155.0,2024-12-30,4,7461.2,1.0,3,1,2,312,Hibernating
7156.0,2024-07-05,10,8806.77,179.0,3,5,2,352,Potential Loyalists
7157.0,2024-11-09,7,14503.59,52.0,3,3,4,334,Loyal Customers
7158.0,2024-09-05,10,14073.91,117.0,3,5,3,353,Potential Loyalists
7159.0,2024-12-18,9,14689.36,13.0,3,4,4,344,Loyal Customers
7160.0,2024-07-16,7,7322.99,168.0,3,3,2,332,Potential Loyalists
7161.0,2024-08-24,7,15491.869999999999,129.0,3,3,4,334,Loyal Customers
7162.0,2024-10-12,9,25742.77,80.0,3,4,5,345,Loyal Customers
7163.0,2023-04-14,6,133271.76,627.0,3,2,5,325,Promising
7164.0,2024-11-02,4,11843.41,59.0,3,1,3,313,Hibernating
7165.0,2024-03-25,6,11060.23,281.0,3,2,3,323,Hibernating
7166.0,2024-10-23,7,4638.74,69.0,3,3,1,331,Potential Loyalists
7167.0,2024-10-31,12,17678.73,61.0,3,5,4,354,Loyal Customers
7168.0,2024-10-11,5,4018.12,81.0,3,1,1,311,Hibernating
7169.0,2024-06-25,5,4549.83,189.0,3,1,1,311,Hibernating
7170.0,2024-07-02,10,14528.98,182.0,3,5,4,354,Loyal Customers
7171.0,2024-11-20,6,21792.03,41.0,3,2,4,324,Promising
7172.0,2024-11-13,6,13593.37,48.0,3,2,3,323,Hibernating
7173.0,2024-11-13,10,11184.53,48.0,3,5,3,353,Potential Loyalists
7174.0,2024-10-28,4,5944.43,64.0,3,1,1,311,Hibernating
7175.0,2024-12-02,12,28531.33,29.0,3,5,5,355,Loyal Customers
7176.0,2024-10-12,4,6433.860000000001,80.0,3,1,1,311,Hibernating
7177.0,2024-04-26,6,209769.12,249.0,3,2,5,325,Promising
7178.0,2024-12-20,8,19825.58,11.0,3,3,4,334,Loyal Customers
7179.0,2024-08-22,7,11723.400000000001,131.0,3,3,3,333,Potential Loyalists
7180.0,2024-09-15,6,10208.5,107.0,3,2,2,322,Hibernating
7181.0,2024-09-11,5,12666.960000000001,111.0,3,1,3,313,Hibernating
7182.0,2024-11-12,6,11672.73,49.0,3,2,3,323,Hibernating
7183.0,2024-12-15,6,131674.99,16.0,3,2,5,325,Promising
7184.0,2023-07-13,9,15101.16,537.0,3,4,4,344,Loyal Customers
7185.0,2023-08-18,7,4667.19,501.0,3,3,1,331,Potential Loyalists
7186.0,2024-11-12,8,26064.12,49.0,3,3,5,335,Loyal Customers
7187.0,2024-12-25,6,4147.73,6.0,3,2,1,321,Hibernating
7188.0,2024-05-30,6,18976.52,215.0,3,2,4,324,Promising
7189.0,2024-02-15,9,22661.19,320.0,3,4,5,345,Loyal Customers
7190.0,2024-02-07,8,6287.37,328.0,3,3,1,331,Potential Loyalists
7191.0,2023-12-06,8,15181.05,391.0,3,3,4,334,Loyal Customers
7192.0,2024-11-04,8,32310.199999999997,57.0,3,3,5,335,Loyal Customers
7193.0,2024-07-28,4,4599.25,156.0,3,1,1,311,Hibernating
7194.0,2023-10-06,5,14575.41,452.0,3,1,4,314,Hibernating
7195.0,2024-10-05,9,24331.9,87.0,3,4,5,345,Loyal Customers
7196.0,2023-10-31,9,9459.87,427.0,3,4,2,342,Potential Loyalists
7197.0,2024-06-26,8,9477.11,188.0,3,3,2,332,Potential Loyalists
7198.0,2024-12-16,9,18427.66,15.0,3,4,4,344,Loyal Customers
7199.0,2024-12-17,10,27599.27,14.0,3,5,5,355,Loyal Customers
7200.0,2024-12-10,9,21540.71,21.0,3,4,4,344,Loyal Customers
7201.0,2024-08-28,9,8594.19,125.0,3,4,2,342,Potential Loyalists
7202.0,2024-11-20,8,22485.19,41.0,3,3,5,335,Loyal Customers
7203.0,2024-11-19,6,13697.17,42.0,3,2,3,323,Hibernating
7204.0,2024-09-02,7,11912.33,120.0,3,3,3,333,Potential Loyalists
7205.0,2024-12-28,10,21252.239999999998,3.0,3,5,4,354,Loyal Customers
7206.0,2024-10-21,9,15229.529999999999,71.0,3,4,4,344,Loyal Customers
7207.0,2024-12-03,10,414056.58999999997,28.0,3,5,5,355,Loyal Customers
7208.0,2024-06-13,14,33867.99,201.0,3,5,5,355,Loyal Customers
7209.0,2024-11-11,10,14609.51,50.0,3,5,4,354,Loyal Customers
7210.0,2024-11-09,5,1675.91,52.0,3,1,1,311,Hibernating
7211.0,2024-09-21,3,13688.32,101.0,3,1,3,313,Hibernating
7212.0,2024-10-19,11,24854.120000000003,73.0,3,5,5,355,Loyal Customers
7213.0,2024-10-03,7,11852.0,89.0,3,3,3,333,Potential Loyalists
7214.0,2023-06-19,3,5629.66,561.0,3,1,1,311,Hibernating
7215.0,2024-04-08,1,108.5,267.0,3,1,1,311,Hibernating
7216.0,2024-12-30,9,78370.68000000001,1.0,3,4,5,345,Loyal Customers
7217.0,2024-08-19,6,58186.22,134.0,3,2,5,325,Promising
7218.0,2024-07-06,7,4595.67,178.0,3,3,1,331,Potential Loyalists
7219.0,2024-09-29,8,8945.78,93.0,3,3,2,332,Potential Loyalists
7220.0,2024-01-28,11,166207.39,338.0,3,5,5,355,Loyal Customers
7221.0,2024-01-30,7,542366.61,336.0,3,3,5,335,Loyal Customers
7222.0,2024-02-01,5,14904.69,334.0,3,1,4,314,Hibernating
7223.0,2024-08-01,3,6560.32,152.0,3,1,1,311,Hibernating
7224.0,2024-03-23,10,416730.58999999997,283.0,3,5,5,355,Loyal Customers
7225.0,2024-06-17,6,9344.36,197.0,3,2,2,322,Hibernating
7226.0,2024-09-20,9,7796.63,102.0,3,4,2,342,Potential Loyalists
7227.0,2024-08-19,1,424.18,134.0,3,1,1,311,Hibernating
7228.0,2024-07-15,9,7211.78,169.0,3,4,2,342,Potential Loyalists
7229.0,2024-09-16,9,11533.57,106.0,3,4,3,343,Potential Loyalists
7230.0,2024-02-09,6,12335.1,326.0,3,2,3,323,Hibernating
7231.0,2024-10-29,6,11553.69,63.0,3,2,3,323,Hibernating
7232.0,2024-08-14,9,5852.08,139.0,3,4,1,341,Potential Loyalists
7233.0,2024-11-02,6,4638.58,59.0,3,2,1,321,Hibernating
7234.0,2024-10-23,8,15713.2,69.0,3,3,4,334,Loyal Customers
7235.0,2023-12-02,7,14463.519999999999,395.0,3,3,4,334,Loyal Customers
7236.0,2024-08-12,7,9984.31,141.0,3,3,2,332,Potential Loyalists
7237.0,2024-12-26,10,413209.24000000005,5.0,3,5,5,355,Loyal Customers
7238.0,2024-12-05,7,16612.71,26.0,3,3,4,334,Loyal Customers
7239.0,2024-09-10,9,12329.27,112.0,3,4,3,343,Potential Loyalists
7240.0,2023-11-05,3,9159.9,422.0,3,1,2,312,Hibernating
7241.0,2024-10-22,7,14911.6,70.0,3,3,4,334,Loyal Customers
7242.0,2024-12-07,8,11755.36,24.0,3,3,3,333,Potential Loyalists
7243.0,2024-02-29,4,4391.45,306.0,3,1,1,311,Hibernating
7244.0,2024-06-06,4,7812.38,208.0,3,1,2,312,Hibernating
7245.0,2024-10-28,10,13543.8,64.0,3,5,3,353,Potential Loyalists
7246.0,2024-12-12,11,28154.75,19.0,3,5,5,355,Loyal Customers
7247.0,2024-10-20,3,4740.05,72.0,3,1,1,311,Hibernating
7248.0,2024-12-16,6,15415.51,15.0,3,2,4,324,Promising
7249.0,2024-07-29,9,851657.5700000001,155.0,3,4,5,345,Loyal Customers
7250.0,2024-12-27,9,66349.54000000001,4.0,3,4,5,345,Loyal Customers
7251.0,2024-12-27,3,6477.92,4.0,3,1,1,311,Hibernating
7252.0,2024-02-22,3,6294.36,313.0,3,1,1,311,Hibernating
7253.0,2024-06-29,7,9136.51,185.0,3,3,2,332,Potential Loyalists
7254.0,2024-12-17,11,28568.64,14.0,3,5,5,355,Loyal Customers
7255.0,2024-05-07,4,20310.57,238.0,3,1,4,314,Hibernating
7256.0,2022-12-26,4,11293.97,736.0,3,1,3,313,Hibernating
7257.0,2024-03-26,10,17221.84,280.0,3,5,4,354,Loyal Customers
7258.0,2024-12-26,13,12659.0,5.0,3,5,3,353,Potential Loyalists
7259.0,2024-03-01,4,4562.87,305.0,3,1,1,311,Hibernating
7260.0,2024-09-29,7,10079.26,93.0,3,3,2,332,Potential Loyalists
7261.0,2024-07-05,5,10446.36,179.0,3,1,3,313,Hibernating
7262.0,2024-06-30,6,6985.78,184.0,3,2,2,322,Hibernating
7263.0,2024-10-31,7,10095.99,61.0,3,3,2,332,Potential Loyalists
7264.0,2024-09-24,11,34039.15,98.0,3,5,5,355,Loyal Customers
7265.0,2024-11-06,5,9659.18,55.0,3,1,2,312,Hibernating
7266.0,2024-08-19,10,16511.0,134.0,3,5,4,354,Loyal Customers
7267.0,2024-01-23,6,16640.05,343.0,3,2,4,324,Promising
7268.0,2024-10-29,6,7940.969999999999,63.0,3,2,2,322,Hibernating
7269.0,2024-10-27,7,8388.8,65.0,3,3,2,332,Potential Loyalists
7270.0,2024-09-08,10,216333.38,114.0,3,5,5,355,Loyal Customers
7271.0,2024-11-24,9,22847.52,37.0,3,4,5,345,Loyal Customers
7272.0,2024-02-02,5,7051.11,333.0,3,1,2,312,Hibernating
7273.0,2024-03-05,5,7467.82,301.0,3,1,2,312,Hibernating
7274.0,2024-10-14,7,11612.25,78.0,3,3,3,333,Potential Loyalists
7275.0,2024-07-30,8,11833.56,154.0,3,3,3,333,Potential Loyalists
7276.0,2023-08-21,7,5234.17,498.0,3,3,1,331,Potential Loyalists
7277.0,2024-12-13,6,9318.869999999999,18.0,3,2,2,322,Hibernating
7278.0,2024-03-14,4,10871.91,292.0,3,1,3,313,Hibernating
7279.0,2024-08-21,9,7820.3,132.0,3,4,2,342,Potential Loyalists
7280.0,2024-12-05,12,131420.55000000002,26.0,3,5,5,355,Loyal Customers
7281.0,2024-11-02,5,23982.100000000002,59.0,3,1,5,315,Promising
7282.0,2024-08-23,7,15212.289999999999,130.0,3,3,4,334,Loyal Customers
7283.0,2024-11-09,4,4855.110000000001,52.0,3,1,1,311,Hibernating
7284.0,2024-12-26,8,8435.59,5.0,3,3,2,332,Potential Loyalists
7285.0,2024-08-01,5,3742.4500000000003,152.0,3,1,1,311,Hibernating
7286.0,2024-07-15,7,9692.51,169.0,3,3,2,332,Potential Loyalists
7287.0,2024-09-27,7,10988.67,95.0,3,3,3,333,Potential Loyalists
7288.0,2024-12-21,7,11642.24,10.0,3,3,3,333,Potential Loyalists
7289.0,2024-12-06,10,15162.5,25.0,3,5,4,354,Loyal Customers
7290.0,2024-07-13,4,6945.83,171.0,3,1,2,312,Hibernating
7291.0,2024-12-24,8,14918.61,7.0,3,3,4,334,Loyal Customers
7292.0,2024-08-04,6,12137.12,149.0,3,2,3,323,Hibernating
7293.0,2024-10-15,10,20517.31,77.0,3,5,4,354,Loyal Customers
7294.0,2024-09-26,5,13717.31,96.0,3,1,3,313,Hibernating
7295.0,2024-10-28,4,7975.23,64.0,3,1,2,312,Hibernating
7296.0,2024-11-08,6,13757.06,53.0,3,2,3,323,Hibernating
7297.0,2024-11-08,4,9038.93,53.0,3,1,2,312,Hibernating
7298.0,2024-12-09,7,666679.52,22.0,3,3,5,335,Loyal Customers
7299.0,2024-12-22,8,18596.489999999998,9.0,3,3,4,334,Loyal Customers
7300.0,2024-11-20,6,10371.51,41.0,3,2,3,323,Hibernating
7301.0,2023-11-23,9,18064.53,404.0,3,4,4,344,Loyal Customers
7302.0,2024-12-17,7,6312.46,14.0,3,3,1,331,Potential Loyalists
7303.0,2024-06-03,12,10284.14,211.0,3,5,3,353,Potential Loyalists
7304.0,2024-07-28,8,16200.23,156.0,3,3,4,334,Loyal Customers
7305.0,2024-07-11,4,6535.79,173.0,3,1,1,311,Hibernating
7306.0,2024-12-21,9,20544.04,10.0,3,4,4,344,Loyal Customers
7307.0,2023-07-17,3,1588.9,533.0,3,1,1,311,Hibernating
7308.0,2024-11-06,9,5309.85,55.0,3,4,1,341,Potential Loyalists
7309.0,2023-12-11,8,69157.5,386.0,3,3,5,335,Loyal Customers
7310.0,2024-05-23,8,6655.32,222.0,3,3,2,332,Potential Loyalists
7311.0,2024-11-13,8,179380.40999999997,48.0,3,3,5,335,Loyal Customers
7312.0,2024-10-13,4,3436.84,79.0,3,1,1,311,Hibernating
7313.0,2024-09-18,12,222866.01,104.0,3,5,5,355,Loyal Customers
7314.0,2024-11-06,9,4009.2799999999997,55.0,3,4,1,341,Potential Loyalists
7315.0,2024-12-13,6,5287.49,18.0,3,2,1,321,Hibernating
7316.0,2024-07-12,5,10610.24,172.0,3,1,3,313,Hibernating
7317.0,2024-08-11,6,6369.82,142.0,3,2,1,321,Hibernating
7318.0,2024-12-21,5,8719.57,10.0,3,1,2,312,Hibernating
7319.0,2024-06-28,6,4245.53,186.0,3,2,1,321,Hibernating
7320.0,2024-02-28,6,8961.79,307.0,3,2,2,322,Hibernating
7321.0,2024-11-12,7,18149.91,49.0,3,3,4,334,Loyal Customers
7322.0,2024-12-02,8,14046.92,29.0,3,3,3,333,Potential Loyalists
7323.0,2024-09-29,7,15973.53,93.0,3,3,4,334,Loyal Customers
7324.0,2024-12-23,5,5874.53,8.0,3,1,1,311,Hibernating
7325.0,2024-04-06,5,12582.529999999999,269.0,3,1,3,313,Hibernating
7326.0,2024-09-20,9,10812.44,102.0,3,4,3,343,Potential Loyalists
7327.0,2024-06-01,11,34636.58,213.0,3,5,5,355,Loyal Customers
7328.0,2024-06-30,5,9534.630000000001,184.0,3,1,2,312,Hibernating
7329.0,2024-11-11,8,12891.77,50.0,3,3,3,333,Potential Loyalists
7330.0,2024-12-20,10,16410.36,11.0,3,5,4,354,Loyal Customers
7331.0,2024-11-15,5,11756.28,46.0,3,1,3,313,Hibernating
7332.0,2024-06-06,6,6428.6,208.0,3,2,1,321,Hibernating
7333.0,2024-03-24,4,7630.69,282.0,3,1,2,312,Hibernating
7334.0,2023-12-27,6,10448.949999999999,370.0,3,2,3,323,Hibernating
7335.0,2024-10-05,5,11820.73,87.0,3,1,3,313,Hibernating
7336.0,2024-10-27,6,4862.34,65.0,3,2,1,321,Hibernating
7337.0,2024-09-23,7,15582.8,99.0,3,3,4,334,Loyal Customers
7338.0,2024-07-07,3,2226.32,177.0,3,1,1,311,Hibernating
7339.0,2024-11-10,6,6630.5599999999995,51.0,3,2,2,322,Hibernating
7340.0,2023-11-07,6,6788.58,420.0,3,2,2,322,Hibernating
7341.0,2024-10-22,6,6179.95,70.0,3,2,1,321,Hibernating
7342.0,2024-10-09,7,15001.87,83.0,3,3,4,334,Loyal Customers
7343.0,2024-01-07,5,7184.849999999999,359.0,3,1,2,312,Hibernating
7344.0,2024-10-17,6,9671.0,75.0,3,2,2,322,Hibernating
7345.0,2024-02-29,5,4312.9,306.0,3,1,1,311,Hibernating
7346.0,2024-10-14,10,30488.19,78.0,3,5,5,355,Loyal Customers
7347.0,2024-05-27,3,1762.7000000000003,218.0,3,1,1,311,Hibernating
7348.0,2024-11-03,7,11836.07,58.0,3,3,3,333,Potential Loyalists
7349.0,2023-11-15,6,11515.97,412.0,3,2,3,323,Hibernating
7350.0,2024-12-11,5,2425.1,20.0,3,1,1,311,Hibernating
7351.0,2024-10-22,4,5435.650000000001,70.0,3,1,1,311,Hibernating
7352.0,2024-11-19,7,118572.34,42.0,3,3,5,335,Loyal Customers
7353.0,2024-12-16,9,18810.89,15.0,3,4,4,344,Loyal Customers
7354.0,2024-06-10,6,6384.13,204.0,3,2,1,321,Hibernating
7355.0,2024-08-30,7,6203.68,123.0,3,3,1,331,Potential Loyalists
7356.0,2024-11-16,9,23472.5,45.0,3,4,5,345,Loyal Customers
7357.0,2024-05-06,8,13614.759999999998,239.0,3,3,3,333,Potential Loyalists
7358.0,2024-10-12,9,15660.27,80.0,3,4,4,344,Loyal Customers
7359.0,2024-05-03,12,13454.36,242.0,3,5,3,353,Potential Loyalists
7360.0,2024-05-06,9,12015.43,239.0,3,4,3,343,Potential Loyalists
7361.0,2024-11-24,9,22444.23,37.0,3,4,5,345,Loyal Customers
7362.0,2024-09-21,6,7238.46,101.0,3,2,2,322,Hibernating
7363.0,2024-12-26,6,14361.93,5.0,3,2,3,323,Hibernating
7364.0,2024-10-17,7,21171.26,75.0,3,3,4,334,Loyal Customers
7365.0,2024-10-05,12,25921.89,87.0,3,5,5,355,Loyal Customers
7366.0,2023-11-01,4,687.34,426.0,3,1,1,311,Hibernating
7367.0,2024-11-01,7,13296.9,60.0,3,3,3,333,Potential Loyalists
7368.0,2023-09-30,1,1794.17,458.0,3,1,1,311,Hibernating
7369.0,2024-04-03,5,7067.110000000001,272.0,3,1,2,312,Hibernating
7370.0,2023-06-17,8,17833.04,563.0,3,3,4,334,Loyal Customers
7371.0,2024-09-04,10,11895.17,118.0,3,5,3,353,Potential Loyalists
7372.0,2024-09-10,11,13288.94,112.0,3,5,3,353,Potential Loyalists
7373.0,2024-09-13,5,8067.9,109.0,3,1,2,312,Hibernating
7374.0,2024-11-08,6,7486.639999999999,53.0,3,2,2,322,Hibernating
7375.0,2024-04-05,7,10671.1,270.0,3,3,3,333,Potential Loyalists
7376.0,2023-12-03,6,14574.11,394.0,3,2,4,324,Promising
7377.0,2024-09-19,7,28299.77,103.0,3,3,5,335,Loyal Customers
7378.0,2024-09-06,6,274779.48,116.0,3,2,5,325,Promising
7379.0,2024-02-10,6,3492.81,325.0,3,2,1,321,Hibernating
7380.0,2024-12-27,4,6651.86,4.0,3,1,2,312,Hibernating
7381.0,2024-09-21,9,11943.6,101.0,3,4,3,343,Potential Loyalists
7382.0,2024-12-12,9,188053.82,19.0,3,4,5,345,Loyal Customers
7383.0,2024-12-29,8,17593.41,2.0,3,3,4,334,Loyal Customers
7384.0,2023-12-15,4,5190.8,382.0,3,1,1,311,Hibernating
7385.0,2023-06-14,2,4067.56,566.0,3,1,1,311,Hibernating
7386.0,2024-05-30,12,25743.78,215.0,3,5,5,355,Loyal Customers
7387.0,2024-05-13,4,5856.04,232.0,3,1,1,311,Hibernating
7388.0,2023-10-06,4,3625.45,452.0,3,1,1,311,Hibernating
7389.0,2024-07-28,10,938511.0399999999,156.0,3,5,5,355,Loyal Customers
7390.0,2024-10-02,10,11202.42,90.0,3,5,3,353,Potential Loyalists
7391.0,2024-04-13,10,18003.55,262.0,3,5,4,354,Loyal Customers
7392.0,2024-10-26,3,9801.38,66.0,3,1,2,312,Hibernating
7393.0,2023-10-03,6,10703.84,455.0,3,2,3,323,Hibernating
7394.0,2024-03-26,7,11354.4,280.0,3,3,3,333,Potential Loyalists
7395.0,2024-11-25,9,10419.83,36.0,3,4,3,343,Potential Loyalists
7396.0,2024-12-28,8,32397.89,3.0,3,3,5,335,Loyal Customers
7397.0,2024-08-10,7,8435.93,143.0,3,3,2,332,Potential Loyalists
7398.0,2024-12-10,5,5057.48,21.0,3,1,1,311,Hibernating
7399.0,2024-12-08,8,18663.29,23.0,3,3,4,334,Loyal Customers
7400.0,2024-09-06,10,12562.8,116.0,3,5,3,353,Potential Loyalists
7401.0,2024-07-24,7,8262.06,160.0,3,3,2,332,Potential Loyalists
7402.0,2024-12-25,6,3742.83,6.0,3,2,1,321,Hibernating
7403.0,2024-11-20,10,179410.69999999998,41.0,3,5,5,355,Loyal Customers
7404.0,2024-12-13,5,7296.2699999999995,18.0,3,1,2,312,Hibernating
7405.0,2024-10-18,5,4420.07,74.0,3,1,1,311,Hibernating
7406.0,2024-12-24,7,10646.78,7.0,3,3,3,333,Potential Loyalists
7407.0,2024-05-21,3,2726.91,224.0,3,1,1,311,Hibernating
7408.0,2024-06-19,8,6798.99,195.0,3,3,2,332,Potential Loyalists
7409.0,2023-07-15,5,8139.77,535.0,3,1,2,312,Hibernating
7410.0,2024-10-18,8,183499.14,74.0,3,3,5,335,Loyal Customers
7411.0,2024-06-20,12,22583.239999999998,194.0,3,5,5,355,Loyal Customers
7412.0,2024-05-02,11,27818.32,243.0,3,5,5,355,Loyal Customers
7413.0,2024-08-08,7,15023.07,145.0,3,3,4,334,Loyal Customers
7414.0,2024-10-03,6,10345.28,89.0,3,2,3,323,Hibernating
7415.0,2024-10-26,3,14116.289999999999,66.0,3,1,3,313,Hibernating
7416.0,2024-09-14,13,22205.79,108.0,3,5,5,355,Loyal Customers
7417.0,2024-10-06,4,5525.93,86.0,3,1,1,311,Hibernating
7418.0,2024-10-31,6,11930.460000000001,61.0,3,2,3,323,Hibernating
7419.0,2024-08-10,8,13354.49,143.0,3,3,3,333,Potential Loyalists
7420.0,2024-12-06,10,8643.32,25.0,3,5,2,352,Potential Loyalists
7421.0,2024-09-30,10,12739.68,92.0,3,5,3,353,Potential Loyalists
7422.0,2024-03-30,5,3426.88,276.0,3,1,1,311,Hibernating
7423.0,2024-07-07,9,9494.61,177.0,3,4,2,342,Potential Loyalists
7424.0,2024-11-23,6,15154.75,38.0,3,2,4,324,Promising
7425.0,2024-08-08,8,674517.77,145.0,3,3,5,335,Loyal Customers
7426.0,2024-06-16,12,857585.7100000001,198.0,3,5,5,355,Loyal Customers
7427.0,2024-02-09,7,274849.18,326.0,3,3,5,335,Loyal Customers
7428.0,2024-09-17,9,14199.89,105.0,3,4,3,343,Potential Loyalists
7429.0,2024-09-11,7,15335.89,111.0,3,3,4,334,Loyal Customers
7430.0,2024-02-23,7,13669.279999999999,312.0,3,3,3,333,Potential Loyalists
7431.0,2024-05-01,4,4368.28,244.0,3,1,1,311,Hibernating
7432.0,2024-12-03,7,10641.17,28.0,3,3,3,333,Potential Loyalists
7433.0,2024-11-01,7,11408.619999999999,60.0,3,3,3,333,Potential Loyalists
7434.0,2024-05-02,7,6392.61,243.0,3,3,1,331,Potential Loyalists
7435.0,2024-03-27,5,5624.16,279.0,3,1,1,311,Hibernating
7436.0,2024-10-05,7,16717.86,87.0,3,3,4,334,Loyal Customers
7437.0,2024-12-28,9,14926.04,3.0,3,4,4,344,Loyal Customers
7438.0,2024-10-01,2,10620.67,91.0,3,1,3,313,Hibernating
7439.0,2024-12-15,5,12630.34,16.0,3,1,3,313,Hibernating
7440.0,2024-12-13,9,27443.11,18.0,3,4,5,345,Loyal Customers
7441.0,2024-11-13,4,7822.79,48.0,3,1,2,312,Hibernating
7442.0,2024-12-13,5,18940.81,18.0,3,1,4,314,Hibernating
7443.0,2024-05-03,8,11067.06,242.0,3,3,3,333,Potential Loyalists
7444.0,2024-07-21,7,31981.46,163.0,3,3,5,335,Loyal Customers
7445.0,2024-11-07,9,22034.83,54.0,3,4,4,344,Loyal Customers
7446.0,2024-11-02,4,4365.76,59.0,3,1,1,311,Hibernating
7447.0,2024-08-17,5,3718.1499999999996,136.0,3,1,1,311,Hibernating
7448.0,2024-12-24,5,17128.41,7.0,3,1,4,314,Hibernating
7449.0,2023-01-01,3,5782.360000000001,730.0,3,1,1,311,Hibernating
7450.0,2024-12-15,11,24159.3,16.0,3,5,5,355,Loyal Customers
7451.0,2024-12-15,8,427316.19999999995,16.0,3,3,5,335,Loyal Customers
7452.0,2024-07-11,7,9681.81,173.0,3,3,2,332,Potential Loyalists
7453.0,2024-02-04,5,6150.73,331.0,3,1,1,311,Hibernating
7454.0,2024-12-28,7,15510.29,3.0,3,3,4,334,Loyal Customers
7455.0,2023-10-26,3,6746.11,432.0,3,1,2,312,Hibernating
7456.0,2024-06-03,12,180688.66,211.0,3,5,5,355,Loyal Customers
7457.0,2024-09-28,5,6858.3099999999995,94.0,3,1,2,312,Hibernating
7458.0,2024-10-06,3,4639.110000000001,86.0,3,1,1,311,Hibernating
7459.0,2024-05-31,6,10573.86,214.0,3,2,3,323,Hibernating
7460.0,2024-11-12,7,7900.24,49.0,3,3,2,332,Potential Loyalists
7461.0,2022-01-07,1,12656.15,1089.0,3,1,3,313,Hibernating
7462.0,2024-07-25,7,180182.69999999998,159.0,3,3,5,335,Loyal Customers
7463.0,2024-12-14,6,170041.53,17.0,3,2,5,325,Promising
7464.0,2024-11-25,9,12769.15,36.0,3,4,3,343,Potential Loyalists
7465.0,2024-11-08,8,10152.46,53.0,3,3,2,332,Potential Loyalists
7466.0,2024-05-18,4,4259.09,227.0,3,1,1,311,Hibernating
7467.0,2024-11-20,8,7505.27,41.0,3,3,2,332,Potential Loyalists
7468.0,2024-01-05,6,173495.03999999998,361.0,3,2,5,325,Promising
7469.0,2024-06-14,8,10842.34,200.0,3,3,3,333,Potential Loyalists
7470.0,2024-11-30,12,816835.6699999999,31.0,3,5,5,355,Loyal Customers
7471.0,2024-05-13,8,6304.34,232.0,3,3,1,331,Potential Loyalists
7472.0,2024-01-26,4,4465.0599999999995,340.0,3,1,1,311,Hibernating
7473.0,2024-04-18,8,11340.259999999998,257.0,3,3,3,333,Potential Loyalists
7474.0,2024-12-10,12,16669.72,21.0,3,5,4,354,Loyal Customers
7475.0,2024-11-12,12,19158.18,49.0,3,5,4,354,Loyal Customers
7476.0,2024-11-30,7,11800.0,31.0,3,3,3,333,Potential Loyalists
7477.0,2024-12-26,11,17453.19,5.0,3,5,4,354,Loyal Customers
7478.0,2024-05-16,5,16646.24,229.0,3,1,4,314,Hibernating
7479.0,2024-09-07,6,11201.13,115.0,3,2,3,323,Hibernating
7480.0,2024-07-12,6,22419.670000000002,172.0,3,2,5,325,Promising
7481.0,2024-12-18,10,11640.43,13.0,3,5,3,353,Potential Loyalists
7482.0,2024-08-02,8,14489.59,151.0,3,3,4,334,Loyal Customers
7483.0,2024-12-29,4,8539.73,2.0,3,1,2,312,Hibernating
7484.0,2024-11-23,13,27208.67,38.0,3,5,5,355,Loyal Customers
7485.0,2024-10-30,10,17032.87,62.0,3,5,4,354,Loyal Customers
7486.0,2024-12-23,13,22298.53,8.0,3,5,5,355,Loyal Customers
7487.0,2024-09-25,7,9098.99,97.0,3,3,2,332,Potential Loyalists
7488.0,2024-07-18,7,24500.67,166.0,3,3,5,335,Loyal Customers
7489.0,2024-11-26,7,6899.31,35.0,3,3,2,332,Potential Loyalists
7490.0,2023-07-01,7,6515.19,549.0,3,3,1,331,Potential Loyalists
7491.0,2024-09-25,4,7002.11,97.0,3,1,2,312,Hibernating
7492.0,2024-04-15,6,10020.68,260.0,3,2,2,322,Hibernating
7493.0,2024-12-06,9,8257.5,25.0,3,4,2,342,Potential Loyalists
7494.0,2024-09-07,6,9821.98,115.0,3,2,2,322,Hibernating
7495.0,2024-12-06,11,124954.95,25.0,3,5,5,355,Loyal Customers
7496.0,2024-06-07,3,2911.24,207.0,3,1,1,311,Hibernating
7497.0,2024-06-29,6,18351.08,185.0,3,2,4,324,Promising
7498.0,2024-08-05,7,15683.5,148.0,3,3,4,334,Loyal Customers
7499.0,2024-11-03,9,25980.69,58.0,3,4,5,345,Loyal Customers
7500.0,2024-11-04,11,25102.76,57.0,3,5,5,355,Loyal Customers
7501.0,2024-09-06,11,217585.12000000002,116.0,3,5,5,355,Loyal Customers
7502.0,2024-06-14,6,7586.85,200.0,3,2,2,322,Hibernating
7503.0,2024-11-30,11,19149.17,31.0,3,5,4,354,Loyal Customers
7504.0,2024-11-11,5,1553.74,50.0,3,1,1,311,Hibernating
7505.0,2024-11-30,9,11534.4,31.0,3,4,3,343,Potential Loyalists
7506.0,2023-11-29,6,6653.81,398.0,3,2,2,322,Hibernating
7507.0,2024-11-27,9,15284.33,34.0,3,4,4,344,Loyal Customers
7508.0,2024-03-29,6,18246.23,277.0,3,2,4,324,Promising
7509.0,2024-07-24,14,16853.92,160.0,3,5,4,354,Loyal Customers
7510.0,2023-08-31,3,4944.63,488.0,3,1,1,311,Hibernating
7511.0,2024-09-01,9,23299.09,121.0,3,4,5,345,Loyal Customers
7512.0,2024-10-22,8,25783.43,70.0,3,3,5,335,Loyal Customers
7513.0,2024-08-28,6,7964.25,125.0,3,2,2,322,Hibernating
7514.0,2024-12-12,5,5948.17,19.0,3,1,1,311,Hibernating
7515.0,2024-12-05,8,25672.440000000002,26.0,3,3,5,335,Loyal Customers
7516.0,2024-10-01,5,584944.16,91.0,3,1,5,315,Promising
7517.0,2023-12-24,7,19446.46,373.0,3,3,4,334,Loyal Customers
7518.0,2024-02-11,9,26114.97,324.0,3,4,5,345,Loyal Customers
7519.0,2024-12-15,10,13838.7,16.0,3,5,3,353,Potential Loyalists
7520.0,2024-12-10,11,403314.12,21.0,3,5,5,355,Loyal Customers
7521.0,2024-06-08,9,14330.39,206.0,3,4,3,343,Potential Loyalists
7522.0,2024-08-30,10,11522.289999999999,123.0,3,5,3,353,Potential Loyalists
7523.0,2024-11-21,9,15755.11,40.0,3,4,4,344,Loyal Customers
7524.0,2023-11-09,5,12588.68,418.0,3,1,3,313,Hibernating
7525.0,2024-11-27,7,12185.720000000001,34.0,3,3,3,333,Potential Loyalists
7526.0,2024-10-25,10,23696.57,67.0,3,5,5,355,Loyal Customers
7527.0,2024-05-06,10,12089.380000000001,239.0,3,5,3,353,Potential Loyalists
7528.0,2024-08-03,6,8359.22,150.0,3,2,2,322,Hibernating
7529.0,2024-11-18,5,6412.84,43.0,3,1,1,311,Hibernating
7530.0,2024-12-26,8,9549.1,5.0,3,3,2,332,Potential Loyalists
7531.0,2024-11-13,12,22039.1,48.0,3,5,4,354,Loyal Customers
7532.0,2024-05-10,5,9232.529999999999,235.0,3,1,2,312,Hibernating
7533.0,2024-11-06,10,19726.72,55.0,3,5,4,354,Loyal Customers
7534.0,2024-07-08,6,6209.7699999999995,176.0,3,2,1,321,Hibernating
7535.0,2024-02-29,5,7576.67,306.0,3,1,2,312,Hibernating
7536.0,2024-11-04,9,12806.19,57.0,3,4,3,343,Potential Loyalists
7537.0,2024-12-03,9,9829.57,28.0,3,4,2,342,Potential Loyalists
7538.0,2024-01-02,11,30062.96,364.0,3,5,5,355,Loyal Customers
7539.0,2024-09-12,6,12720.52,110.0,3,2,3,323,Hibernating
7540.0,2024-07-25,1,4377.39,159.0,3,1,1,311,Hibernating
7541.0,2024-09-02,9,13508.789999999999,120.0,3,4,3,343,Potential Loyalists
7542.0,2022-08-10,2,2179.88,874.0,3,1,1,311,Hibernating
7543.0,2024-05-11,9,11276.81,234.0,3,4,3,343,Potential Loyalists
7544.0,2024-12-23,12,15913.66,8.0,3,5,4,354,Loyal Customers
7545.0,2024-09-15,5,9810.56,107.0,3,1,2,312,Hibernating
7546.0,2024-10-29,6,8500.84,63.0,3,2,2,322,Hibernating
7547.0,2024-10-06,10,16025.02,86.0,3,5,4,354,Loyal Customers
7548.0,2024-11-16,9,9093.26,45.0,3,4,2,342,Potential Loyalists
7549.0,2024-06-18,5,403876.97,196.0,3,1,5,315,Promising
7550.0,2024-10-18,8,23041.48,74.0,3,3,5,335,Loyal Customers
7551.0,2024-03-30,6,12328.66,276.0,3,2,3,323,Hibernating
7552.0,2024-06-05,8,11841.66,209.0,3,3,3,333,Potential Loyalists
7553.0,2024-12-20,9,586946.43,11.0,3,4,5,345,Loyal Customers
7554.0,2024-12-03,14,29075.79,28.0,3,5,5,355,Loyal Customers
7555.0,2023-11-03,3,9696.3,424.0,3,1,2,312,Hibernating
7556.0,2024-12-08,11,37929.47,23.0,3,5,5,355,Loyal Customers
7557.0,2024-10-09,6,403307.58,83.0,3,2,5,325,Promising
7558.0,2024-09-26,7,9164.35,96.0,3,3,2,332,Potential Loyalists
7559.0,2024-06-05,6,10765.47,209.0,3,2,3,323,Hibernating
7560.0,2024-05-11,4,5037.42,234.0,3,1,1,311,Hibernating
7561.0,2024-09-24,6,11002.34,98.0,3,2,3,323,Hibernating
7562.0,2024-05-19,8,182222.1,226.0,3,3,5,335,Loyal Customers
7563.0,2024-08-16,7,7912.69,137.0,3,3,2,332,Potential Loyalists
7564.0,2023-12-25,8,13510.08,372.0,3,3,3,333,Potential Loyalists
7565.0,2024-11-10,4,6106.62,51.0,3,1,1,311,Hibernating
7566.0,2024-08-13,9,24080.98,140.0,3,4,5,345,Loyal Customers
7567.0,2024-12-15,10,62889.51,16.0,3,5,5,355,Loyal Customers
7568.0,2024-11-21,10,29922.96,40.0,3,5,5,355,Loyal Customers
7569.0,2024-12-31,12,19398.39,0.0,3,5,4,354,Loyal Customers
7570.0,2024-07-30,6,172205.08,154.0,3,2,5,325,Promising
7571.0,2023-12-03,6,15979.73,394.0,3,2,4,324,Promising
7572.0,2024-09-14,9,11463.98,108.0,3,4,3,343,Potential Loyalists
7573.0,2024-08-17,5,8912.27,136.0,3,1,2,312,Hibernating
7574.0,2023-05-29,3,1329.32,582.0,3,1,1,311,Hibernating
7575.0,2024-01-28,6,7268.65,338.0,3,2,2,322,Hibernating
7576.0,2024-12-20,5,5322.89,11.0,3,1,1,311,Hibernating
7577.0,2024-09-04,5,9005.029999999999,118.0,3,1,2,312,Hibernating
7578.0,2023-12-10,7,10971.279999999999,387.0,3,3,3,333,Potential Loyalists
7579.0,2024-11-18,7,8555.75,43.0,3,3,2,332,Potential Loyalists
7580.0,2024-05-08,5,11387.01,237.0,3,1,3,313,Hibernating
7581.0,2024-10-09,13,26698.19,83.0,3,5,5,355,Loyal Customers
7582.0,2024-04-05,10,14759.03,270.0,3,5,4,354,Loyal Customers
7583.0,2024-10-28,9,14499.3,64.0,3,4,4,344,Loyal Customers
7584.0,2024-11-03,8,11577.56,58.0,3,3,3,333,Potential Loyalists
7585.0,2023-12-17,7,14888.09,380.0,3,3,4,334,Loyal Customers
7586.0,2024-10-18,7,7255.37,74.0,3,3,2,332,Potential Loyalists
7587.0,2024-08-21,8,21745.350000000002,132.0,3,3,4,334,Loyal Customers
7588.0,2024-06-13,9,11828.29,201.0,3,4,3,343,Potential Loyalists
7589.0,2024-11-29,7,17890.69,32.0,3,3,4,334,Loyal Customers
7590.0,2024-09-17,13,22358.88,105.0,3,5,5,355,Loyal Customers
7591.0,2024-11-24,13,14971.210000000001,37.0,3,5,4,354,Loyal Customers
7592.0,2024-09-21,12,17021.54,101.0,3,5,4,354,Loyal Customers
7593.0,2024-05-25,5,11334.18,220.0,3,1,3,313,Hibernating
7594.0,2024-12-11,7,8667.24,20.0,3,3,2,332,Potential Loyalists
7595.0,2024-03-27,8,14623.55,279.0,3,3,4,334,Loyal Customers
7596.0,2024-08-09,6,8728.79,144.0,3,2,2,322,Hibernating
7597.0,2024-10-28,8,15914.7,64.0,3,3,4,334,Loyal Customers
7598.0,2024-10-21,10,10236.08,71.0,3,5,3,353,Potential Loyalists
7599.0,2024-07-03,4,6204.7,181.0,3,1,1,311,Hibernating
7600.0,2024-12-12,6,8268.16,19.0,3,2,2,322,Hibernating
7601.0,2024-12-22,6,6841.400000000001,9.0,3,2,2,322,Hibernating
7602.0,2024-09-20,5,35394.0,102.0,3,1,5,315,Promising
7603.0,2024-07-20,5,7333.16,164.0,3,1,2,312,Hibernating
7604.0,2023-08-05,4,10435.39,514.0,3,1,3,313,Hibernating
7605.0,2024-10-23,6,8853.06,69.0,3,2,2,322,Hibernating
7606.0,2024-09-06,7,17316.84,116.0,3,3,4,334,Loyal Customers
7607.0,2024-12-12,6,14482.6,19.0,3,2,4,324,Promising
7608.0,2023-07-21,4,3853.41,529.0,3,1,1,311,Hibernating
7609.0,2024-11-04,3,17069.3,57.0,3,1,4,314,Hibernating
7610.0,2022-09-19,2,2792.2700000000004,834.0,3,1,1,311,Hibernating
7611.0,2024-04-22,7,9133.19,253.0,3,3,2,332,Potential Loyalists
7612.0,2022-03-27,1,3123.13,1010.0,3,1,1,311,Hibernating
7613.0,2024-12-02,8,5498.26,29.0,3,3,1,331,Potential Loyalists
7614.0,2023-10-03,6,15379.0,455.0,3,2,4,324,Promising
7615.0,2024-10-28,8,277076.58,64.0,3,3,5,335,Loyal Customers
7616.0,2024-11-05,6,6174.4,56.0,3,2,1,321,Hibernating
7617.0,2024-01-03,2,10022.18,363.0,3,1,2,312,Hibernating
7618.0,2024-09-28,4,6676.849999999999,94.0,3,1,2,312,Hibernating
7619.0,2024-10-20,5,214912.95,72.0,3,1,5,315,Promising
7620.0,2024-04-02,8,10931.46,273.0,3,3,3,333,Potential Loyalists
7621.0,2024-10-10,9,13806.7,82.0,3,4,3,343,Potential Loyalists
7622.0,2023-03-08,7,511818.61000000004,664.0,3,3,5,335,Loyal Customers
7623.0,2024-12-23,12,19782.760000000002,8.0,3,5,4,354,Loyal Customers
7624.0,2024-08-11,6,6737.46,142.0,3,2,2,322,Hibernating
7625.0,2024-12-12,9,9288.39,19.0,3,4,2,342,Potential Loyalists
7626.0,2024-08-25,9,9951.86,128.0,3,4,2,342,Potential Loyalists
7627.0,2024-05-06,5,11355.150000000001,239.0,3,1,3,313,Hibernating
7628.0,2024-12-10,8,14890.039999999999,21.0,3,3,4,334,Loyal Customers
7629.0,2024-05-08,7,12341.62,237.0,3,3,3,333,Potential Loyalists
7630.0,2023-07-13,3,3918.83,537.0,3,1,1,311,Hibernating
7631.0,2024-06-20,8,11175.01,194.0,3,3,3,333,Potential Loyalists
7632.0,2024-10-24,13,20200.1,68.0,3,5,4,354,Loyal Customers
7633.0,2024-12-01,11,14948.15,30.0,3,5,4,354,Loyal Customers
7634.0,2024-01-08,6,9275.92,358.0,3,2,2,322,Hibernating
7635.0,2024-12-27,4,11921.34,4.0,3,1,3,313,Hibernating
7636.0,2024-11-26,9,12063.39,35.0,3,4,3,343,Potential Loyalists
7637.0,2024-07-12,7,64100.43,172.0,3,3,5,335,Loyal Customers
7638.0,2024-11-18,5,8533.68,43.0,3,1,2,312,Hibernating
7639.0,2024-01-02,7,408132.82,364.0,3,3,5,335,Loyal Customers
7640.0,2024-06-22,4,2406.59,192.0,3,1,1,311,Hibernating
7641.0,2024-11-29,6,2153.79,32.0,3,2,1,321,Hibernating
7642.0,2023-12-17,7,14289.26,380.0,3,3,3,333,Potential Loyalists
7643.0,2024-12-30,7,4511.66,1.0,3,3,1,331,Potential Loyalists
7644.0,2024-05-30,6,8795.08,215.0,3,2,2,322,Hibernating
7645.0,2024-10-28,13,699750.86,64.0,3,5,5,355,Loyal Customers
7646.0,2024-02-23,6,17550.78,312.0,3,2,4,324,Promising
7647.0,2024-06-17,5,10758.92,197.0,3,1,3,313,Hibernating
7648.0,2024-10-02,9,48008.670000000006,90.0,3,4,5,345,Loyal Customers
7649.0,2023-08-01,4,3596.28,518.0,3,1,1,311,Hibernating
7650.0,2024-06-25,6,5047.1900000000005,189.0,3,2,1,321,Hibernating
7651.0,2024-12-14,9,14140.72,17.0,3,4,3,343,Potential Loyalists
7652.0,2023-02-24,6,4261.5599999999995,676.0,3,2,1,321,Hibernating
7653.0,2024-02-01,6,5970.2,334.0,3,2,1,321,Hibernating
7654.0,2024-09-01,4,6238.75,121.0,3,1,1,311,Hibernating
7655.0,2024-12-16,10,24166.31,15.0,3,5,5,355,Loyal Customers
7656.0,2024-10-17,9,9312.89,75.0,3,4,2,342,Potential Loyalists
7657.0,2024-02-09,5,10970.86,326.0,3,1,3,313,Hibernating
7658.0,2024-11-14,7,6794.599999999999,47.0,3,3,2,332,Potential Loyalists
7659.0,2024-08-05,6,6359.17,148.0,3,2,1,321,Hibernating
7660.0,2024-12-23,6,12752.43,8.0,3,2,3,323,Hibernating
7661.0,2024-12-20,12,35942.84,11.0,3,5,5,355,Loyal Customers
7662.0,2024-12-12,9,22758.86,19.0,3,4,5,345,Loyal Customers
7663.0,2024-11-24,7,5482.67,37.0,3,3,1,331,Potential Loyalists
7664.0,2024-12-24,9,15568.61,7.0,3,4,4,344,Loyal Customers
7665.0,2024-08-21,3,6341.74,132.0,3,1,1,311,Hibernating
7666.0,2023-06-22,7,78204.16,558.0,3,3,5,335,Loyal Customers
7667.0,2024-09-05,7,8792.78,117.0,3,3,2,332,Potential Loyalists
7668.0,2024-08-31,6,14457.960000000001,122.0,3,2,4,324,Promising
7669.0,2024-09-11,5,6273.7699999999995,111.0,3,1,1,311,Hibernating
7670.0,2024-09-26,7,11811.53,96.0,3,3,3,333,Potential Loyalists
7671.0,2024-11-18,6,16245.85,43.0,3,2,4,324,Promising
7672.0,2024-11-05,11,13907.62,56.0,3,5,3,353,Potential Loyalists
7673.0,2024-04-18,4,702597.47,257.0,3,1,5,315,Promising
7674.0,2024-05-17,5,6662.02,228.0,3,1,2,312,Hibernating
7675.0,2024-11-17,6,10226.85,44.0,3,2,3,323,Hibernating
7676.0,2024-09-11,9,16011.24,111.0,3,4,4,344,Loyal Customers
7677.0,2024-12-08,7,2064.39,23.0,3,3,1,331,Potential Loyalists
7678.0,2024-09-26,6,12467.369999999999,96.0,3,2,3,323,Hibernating
7679.0,2024-08-23,17,21020.12,130.0,3,5,4,354,Loyal Customers
7680.0,2024-11-11,10,179460.33000000002,50.0,3,5,5,355,Loyal Customers
7681.0,2024-05-15,5,7077.46,230.0,3,1,2,312,Hibernating
7682.0,2024-11-27,11,13137.73,34.0,3,5,3,353,Potential Loyalists
7683.0,2024-11-15,5,9047.02,46.0,3,1,2,312,Hibernating
7684.0,2023-12-04,5,92737.75,393.0,3,1,5,315,Promising
7685.0,2023-10-01,7,10243.630000000001,457.0,3,3,3,333,Potential Loyalists
7686.0,2024-08-06,7,15344.49,147.0,3,3,4,334,Loyal Customers
7687.0,2024-11-15,15,14697.57,46.0,3,5,4,354,Loyal Customers
7688.0,2024-08-01,4,4821.79,152.0,3,1,1,311,Hibernating
7689.0,2024-06-10,9,10410.51,204.0,3,4,3,343,Potential Loyalists
7690.0,2024-12-23,7,9064.6,8.0,3,3,2,332,Potential Loyalists
7691.0,2024-09-29,10,19010.58,93.0,3,5,4,354,Loyal Customers
7692.0,2024-10-05,5,9359.96,87.0,3,1,2,312,Hibernating
7693.0,2024-04-29,7,4900.54,246.0,3,3,1,331,Potential Loyalists
7694.0,2024-05-10,5,23988.48,235.0,3,1,5,315,Promising
7695.0,2024-04-07,9,27881.989999999998,268.0,3,4,5,345,Loyal Customers
7696.0,2024-10-16,9,12509.93,76.0,3,4,3,343,Potential Loyalists
7697.0,2024-12-22,10,25019.87,9.0,3,5,5,355,Loyal Customers
7698.0,2024-05-19,5,7779.89,226.0,3,1,2,312,Hibernating
7699.0,2024-10-22,15,611396.86,70.0,3,5,5,355,Loyal Customers
7700.0,2024-12-01,7,10234.08,30.0,3,3,3,333,Potential Loyalists
7701.0,2024-12-03,13,60488.630000000005,28.0,3,5,5,355,Loyal Customers
7702.0,2024-06-20,7,510407.87,194.0,3,3,5,335,Loyal Customers
7703.0,2024-12-21,6,293482.88,10.0,3,2,5,325,Promising
7704.0,2024-11-04,12,12139.800000000001,57.0,3,5,3,353,Potential Loyalists
7705.0,2024-12-08,8,14695.94,23.0,3,3,4,334,Loyal Customers
7706.0,2024-11-04,6,16093.97,57.0,3,2,4,324,Promising
7707.0,2024-12-25,9,9625.35,6.0,3,4,2,342,Potential Loyalists
7708.0,2024-08-16,9,11731.35,137.0,3,4,3,343,Potential Loyalists
7709.0,2023-10-31,5,13320.31,427.0,3,1,3,313,Hibernating
7710.0,2024-12-08,7,184514.4,23.0,3,3,5,335,Loyal Customers
7711.0,2024-05-02,7,22262.18,243.0,3,3,5,335,Loyal Customers
7712.0,2024-12-06,5,9763.34,25.0,3,1,2,312,Hibernating
7713.0,2024-12-25,11,16943.27,6.0,3,5,4,354,Loyal Customers
7714.0,2024-12-08,5,2285.86,23.0,3,1,1,311,Hibernating
7715.0,2024-10-13,6,12606.84,79.0,3,2,3,323,Hibernating
7716.0,2024-12-25,9,20298.54,6.0,3,4,4,344,Loyal Customers
7717.0,2024-11-21,7,9402.4,40.0,3,3,2,332,Potential Loyalists
7718.0,2024-06-12,13,20232.14,202.0,3,5,4,354,Loyal Customers
7719.0,2024-12-25,5,9953.58,6.0,3,1,2,312,Hibernating
7720.0,2024-09-20,6,9570.91,102.0,3,2,2,322,Hibernating
7721.0,2024-12-14,4,5702.030000000001,17.0,3,1,1,311,Hibernating
7722.0,2024-10-28,12,13055.42,64.0,3,5,3,353,Potential Loyalists
7723.0,2024-11-30,3,7624.22,31.0,3,1,2,312,Hibernating
7724.0,2024-03-27,4,9603.47,279.0,3,1,2,312,Hibernating
7725.0,2024-10-23,5,9013.02,69.0,3,1,2,312,Hibernating
7726.0,2024-05-03,5,10786.26,242.0,3,1,3,313,Hibernating
7727.0,2024-11-04,9,5151.92,57.0,3,4,1,341,Potential Loyalists
7728.0,2024-12-11,7,11434.24,20.0,3,3,3,333,Potential Loyalists
7729.0,2023-05-14,3,5635.360000000001,597.0,3,1,1,311,Hibernating
7730.0,2024-06-23,5,8103.849999999999,191.0,3,1,2,312,Hibernating
7731.0,2024-04-01,8,16607.74,274.0,3,3,4,334,Loyal Customers
7732.0,2024-09-09,8,10299.94,113.0,3,3,3,333,Potential Loyalists
7733.0,2024-12-26,8,19332.71,5.0,3,3,4,334,Loyal Customers
7734.0,2024-11-15,10,20245.92,46.0,3,5,4,354,Loyal Customers
7735.0,2024-12-05,7,17607.05,26.0,3,3,4,334,Loyal Customers
7736.0,2024-12-26,11,12477.98,5.0,3,5,3,353,Potential Loyalists
7737.0,2024-09-13,5,162349.97,109.0,3,1,5,315,Promising
7738.0,2024-04-30,8,11036.57,245.0,3,3,3,333,Potential Loyalists
7739.0,2024-12-29,6,5871.18,2.0,3,2,1,321,Hibernating
7740.0,2024-12-23,15,36038.31,8.0,3,5,5,355,Loyal Customers
7741.0,2024-06-18,7,9579.57,196.0,3,3,2,332,Potential Loyalists
7742.0,2024-05-12,8,10616.29,233.0,3,3,3,333,Potential Loyalists
7743.0,2024-11-08,10,12388.67,53.0,3,5,3,353,Potential Loyalists
7744.0,2024-10-09,8,339731.61,83.0,3,3,5,335,Loyal Customers
7745.0,2024-02-24,6,13601.44,311.0,3,2,3,323,Hibernating
7746.0,2024-12-24,6,5184.650000000001,7.0,3,2,1,321,Hibernating
7747.0,2024-09-23,6,9621.55,99.0,3,2,2,322,Hibernating
7748.0,2024-07-26,8,9595.43,158.0,3,3,2,332,Potential Loyalists
7749.0,2024-06-29,9,13644.45,185.0,3,4,3,343,Potential Loyalists
7750.0,2023-11-01,6,590627.59,426.0,3,2,5,325,Promising
7751.0,2024-10-08,10,10991.01,84.0,3,5,3,353,Potential Loyalists
7752.0,2024-09-24,6,14860.94,98.0,3,2,4,324,Promising
7753.0,2024-09-24,6,5496.28,98.0,3,2,1,321,Hibernating
7754.0,2024-07-04,6,17305.440000000002,180.0,3,2,4,324,Promising
7755.0,2024-09-14,3,170585.2,108.0,3,1,5,315,Promising
7756.0,2024-12-27,7,10792.28,4.0,3,3,3,333,Potential Loyalists
7757.0,2024-11-21,7,10215.91,40.0,3,3,2,332,Potential Loyalists
7758.0,2024-10-09,6,377009.01999999996,83.0,3,2,5,325,Promising
7759.0,2024-10-12,11,30447.58,80.0,3,5,5,355,Loyal Customers
7760.0,2024-09-25,10,867336.78,97.0,3,5,5,355,Loyal Customers
7761.0,2024-01-09,6,5700.74,357.0,3,2,1,321,Hibernating
7762.0,2024-06-07,10,9379.06,207.0,3,5,2,352,Potential Loyalists
7763.0,2024-11-02,6,11755.71,59.0,3,2,3,323,Hibernating
7764.0,2024-09-27,4,20742.03,95.0,3,1,4,314,Hibernating
7765.0,2024-09-05,10,29711.9,117.0,3,5,5,355,Loyal Customers
7766.0,2024-05-18,5,7462.36,227.0,3,1,2,312,Hibernating
7767.0,2024-10-18,8,11815.67,74.0,3,3,3,333,Potential Loyalists
7768.0,2024-10-10,6,7860.51,82.0,3,2,2,322,Hibernating
7769.0,2024-07-23,11,17797.8,161.0,3,5,4,354,Loyal Customers
7770.0,2024-12-12,10,27464.870000000003,19.0,3,5,5,355,Loyal Customers
7771.0,2024-12-06,10,12740.68,25.0,3,5,3,353,Potential Loyalists
7772.0,2024-05-30,4,3906.83,215.0,3,1,1,311,Hibernating
7773.0,2024-10-25,6,207754.53,67.0,3,2,5,325,Promising
7774.0,2024-01-17,9,12363.72,349.0,3,4,3,343,Potential Loyalists
7775.0,2024-08-24,10,14023.98,129.0,3,5,3,353,Potential Loyalists
7776.0,2024-10-23,8,15726.34,69.0,3,3,4,334,Loyal Customers
7777.0,2024-08-18,5,145719.39,135.0,3,1,5,315,Promising
7778.0,2023-12-07,8,8585.44,390.0,3,3,2,332,Potential Loyalists
7779.0,2024-09-14,6,181268.44,108.0,3,2,5,325,Promising
7780.0,2024-08-14,10,13044.96,139.0,3,5,3,353,Potential Loyalists
7781.0,2024-09-01,5,6665.99,121.0,3,1,2,312,Hibernating
7782.0,2024-10-26,4,2976.71,66.0,3,1,1,311,Hibernating
7783.0,2024-12-20,12,21818.24,11.0,3,5,4,354,Loyal Customers
7784.0,2024-12-23,10,23916.54,8.0,3,5,5,355,Loyal Customers
7785.0,2024-12-08,10,13505.98,23.0,3,5,3,353,Potential Loyalists
7786.0,2024-11-07,8,10113.98,54.0,3,3,2,332,Potential Loyalists
7787.0,2024-11-20,7,18249.05,41.0,3,3,4,334,Loyal Customers
7788.0,2024-11-12,7,16102.5,49.0,3,3,4,334,Loyal Customers
7789.0,2024-09-25,7,29233.620000000003,97.0,3,3,5,335,Loyal Customers
7790.0,2024-12-06,8,14932.73,25.0,3,3,4,334,Loyal Customers
7791.0,2023-11-25,7,18224.28,402.0,3,3,4,334,Loyal Customers
7792.0,2024-11-09,8,14476.05,52.0,3,3,4,334,Loyal Customers
7793.0,2024-11-19,4,5364.62,42.0,3,1,1,311,Hibernating
7794.0,2024-10-14,6,16992.28,78.0,3,2,4,324,Promising
7795.0,2024-09-02,9,20742.34,120.0,3,4,4,344,Loyal Customers
7796.0,2024-12-01,14,29364.559999999998,30.0,3,5,5,355,Loyal Customers
7797.0,2024-12-28,11,29676.4,3.0,3,5,5,355,Loyal Customers
7798.0,2023-05-18,2,1968.2800000000002,593.0,3,1,1,311,Hibernating
7799.0,2024-08-14,12,31993.45,139.0,3,5,5,355,Loyal Customers
7800.0,2024-11-06,4,8937.11,55.0,3,1,2,312,Hibernating
7801.0,2024-04-14,8,10224.550000000001,261.0,3,3,3,333,Potential Loyalists
7802.0,2024-01-24,7,6677.17,342.0,3,3,2,332,Potential Loyalists
7803.0,2024-08-22,7,17407.42,131.0,3,3,4,334,Loyal Customers
7804.0,2024-01-26,6,10909.49,340.0,3,2,3,323,Hibernating
7805.0,2024-12-21,11,19189.5,10.0,3,5,4,354,Loyal Customers
7806.0,2024-02-10,5,10120.52,325.0,3,1,2,312,Hibernating
7807.0,2024-01-08,4,1792.21,358.0,3,1,1,311,Hibernating
7808.0,2024-11-06,6,4303.98,55.0,3,2,1,321,Hibernating
7809.0,2024-05-29,7,16989.15,216.0,3,3,4,334,Loyal Customers
7810.0,2024-01-14,6,4963.7,352.0,3,2,1,321,Hibernating
7811.0,2024-08-01,5,335625.22,152.0,3,1,5,315,Promising
7812.0,2024-05-29,4,3860.59,216.0,3,1,1,311,Hibernating
7813.0,2024-10-01,8,17592.96,91.0,3,3,4,334,Loyal Customers
7814.0,2024-12-13,2,3237.04,18.0,3,1,1,311,Hibernating
7815.0,2024-04-09,5,10184.86,266.0,3,1,2,312,Hibernating
7816.0,2024-05-04,9,215340.05,241.0,3,4,5,345,Loyal Customers
7817.0,2024-12-28,13,193878.24,3.0,3,5,5,355,Loyal Customers
7818.0,2024-03-16,4,2880.92,290.0,3,1,1,311,Hibernating
7819.0,2024-11-28,7,11962.84,33.0,3,3,3,333,Potential Loyalists
7820.0,2024-05-01,4,6103.99,244.0,3,1,1,311,Hibernating
7821.0,2024-08-30,9,14314.08,123.0,3,4,3,343,Potential Loyalists
7822.0,2024-11-26,8,8083.530000000001,35.0,3,3,2,332,Potential Loyalists
7823.0,2024-12-26,13,522421.63,5.0,3,5,5,355,Loyal Customers
7824.0,2024-06-27,7,13491.6,187.0,3,3,3,333,Potential Loyalists
7825.0,2023-11-14,4,2782.09,413.0,3,1,1,311,Hibernating
7826.0,2023-11-11,6,5759.4800000000005,416.0,3,2,1,321,Hibernating
7827.0,2022-10-09,4,2876.4700000000003,814.0,3,1,1,311,Hibernating
7828.0,2023-09-18,6,15720.31,470.0,3,2,4,324,Promising
7829.0,2024-03-13,1,227.74,293.0,3,1,1,311,Hibernating
7830.0,2024-11-01,8,207109.13,60.0,3,3,5,335,Loyal Customers
7831.0,2024-02-14,3,6004.31,321.0,3,1,1,311,Hibernating
7832.0,2024-12-09,4,70092.47,22.0,3,1,5,315,Promising
7833.0,2024-08-16,6,1908.31,137.0,3,2,1,321,Hibernating
7834.0,2024-09-15,12,24915.62,107.0,3,5,5,355,Loyal Customers
7835.0,2024-06-27,7,10281.25,187.0,3,3,3,333,Potential Loyalists
7836.0,2024-11-18,9,7498.75,43.0,3,4,2,342,Potential Loyalists
7837.0,2024-04-10,3,6277.84,265.0,3,1,1,311,Hibernating
7838.0,2024-10-26,9,8878.43,66.0,3,4,2,342,Potential Loyalists
7839.0,2024-11-26,13,15575.22,35.0,3,5,4,354,Loyal Customers
7840.0,2024-11-05,9,25132.3,56.0,3,4,5,345,Loyal Customers
7841.0,2023-10-17,6,4664.07,441.0,3,2,1,321,Hibernating
7842.0,2023-03-19,5,8157.51,653.0,3,1,2,312,Hibernating
7843.0,2023-11-24,5,10889.57,403.0,3,1,3,313,Hibernating
7844.0,2023-09-20,6,2973.78,468.0,3,2,1,321,Hibernating
7845.0,2024-11-08,10,15353.5,53.0,3,5,4,354,Loyal Customers
7846.0,2023-12-04,4,5044.14,393.0,3,1,1,311,Hibernating
7847.0,2024-09-19,7,18985.23,103.0,3,3,4,334,Loyal Customers
7848.0,2024-11-21,10,6749.96,40.0,3,5,2,352,Potential Loyalists
7849.0,2024-11-23,9,21017.73,38.0,3,4,4,344,Loyal Customers
7850.0,2024-12-10,11,19287.75,21.0,3,5,4,354,Loyal Customers
7851.0,2024-08-24,12,185570.97999999998,129.0,3,5,5,355,Loyal Customers
7852.0,2024-08-23,7,55654.8,130.0,3,3,5,335,Loyal Customers
7853.0,2024-06-14,7,7571.09,200.0,3,3,2,332,Potential Loyalists
7854.0,2024-12-29,4,3105.93,2.0,3,1,1,311,Hibernating
7855.0,2024-08-06,6,172884.95,147.0,3,2,5,325,Promising
7856.0,2024-07-04,5,8213.52,180.0,3,1,2,312,Hibernating
7857.0,2024-12-30,10,13456.53,1.0,3,5,3,353,Potential Loyalists
7858.0,2024-11-25,7,13407.16,36.0,3,3,3,333,Potential Loyalists
7859.0,2023-07-15,2,1112.88,535.0,3,1,1,311,Hibernating
7860.0,2023-12-19,5,15319.51,378.0,3,1,4,314,Hibernating
7861.0,2024-04-10,3,5606.33,265.0,3,1,1,311,Hibernating
7862.0,2024-11-21,11,33985.99,40.0,3,5,5,355,Loyal Customers
7863.0,2024-09-01,13,20960.96,121.0,3,5,4,354,Loyal Customers
7864.0,2024-11-03,2,3992.75,58.0,3,1,1,311,Hibernating
7865.0,2024-08-10,10,14667.429999999998,143.0,3,5,4,354,Loyal Customers
7866.0,2024-11-25,6,7818.62,36.0,3,2,2,322,Hibernating
7867.0,2024-06-30,9,27423.45,184.0,3,4,5,345,Loyal Customers
7868.0,2024-12-16,5,11148.77,15.0,3,1,3,313,Hibernating
7869.0,2024-12-23,10,30872.43,8.0,3,5,5,355,Loyal Customers
7870.0,2023-08-21,6,12392.199999999999,498.0,3,2,3,323,Hibernating
7871.0,2024-12-25,5,9570.12,6.0,3,1,2,312,Hibernating
7872.0,2024-05-29,8,18680.42,216.0,3,3,4,334,Loyal Customers
7873.0,2024-01-19,3,857.77,347.0,3,1,1,311,Hibernating
7874.0,2024-05-20,4,9308.34,225.0,3,1,2,312,Hibernating
7875.0,2024-08-05,5,19591.41,148.0,3,1,4,314,Hibernating
7876.0,2024-07-20,5,5035.6,164.0,3,1,1,311,Hibernating
7877.0,2024-04-22,2,21876.989999999998,253.0,3,1,4,314,Hibernating
7878.0,2024-02-19,7,7173.17,316.0,3,3,2,332,Potential Loyalists
7879.0,2024-06-10,8,13118.66,204.0,3,3,3,333,Potential Loyalists
7880.0,2024-09-07,10,13036.4,115.0,3,5,3,353,Potential Loyalists
7881.0,2023-02-22,3,7048.04,678.0,3,1,2,312,Hibernating
7882.0,2024-01-31,5,7258.37,335.0,3,1,2,312,Hibernating
7883.0,2023-02-28,3,4630.3099999999995,672.0,3,1,1,311,Hibernating
7884.0,2024-09-27,8,8340.46,95.0,3,3,2,332,Potential Loyalists
7885.0,2024-11-08,5,16222.89,53.0,3,1,4,314,Hibernating
7886.0,2024-11-13,12,16826.53,48.0,3,5,4,354,Loyal Customers
7887.0,2023-08-31,5,156347.76,488.0,3,1,5,315,Promising
7888.0,2024-09-03,10,159318.62999999998,119.0,3,5,5,355,Loyal Customers
7889.0,2024-10-02,6,6001.9,90.0,3,2,1,321,Hibernating
7890.0,2024-01-08,8,23204.38,358.0,3,3,5,335,Loyal Customers
7891.0,2024-01-10,5,11710.75,356.0,3,1,3,313,Hibernating
7892.0,2024-09-07,9,14553.97,115.0,3,4,4,344,Loyal Customers
7893.0,2024-09-21,5,5260.05,101.0,3,1,1,311,Hibernating
7894.0,2023-11-04,5,4609.66,423.0,3,1,1,311,Hibernating
7895.0,2024-12-09,4,4158.99,22.0,3,1,1,311,Hibernating
7896.0,2024-11-29,8,8132.17,32.0,3,3,2,332,Potential Loyalists
7897.0,2024-02-12,7,8465.96,323.0,3,3,2,332,Potential Loyalists
7898.0,2024-12-06,12,415133.3,25.0,3,5,5,355,Loyal Customers
7899.0,2024-10-09,8,10738.18,83.0,3,3,3,333,Potential Loyalists
7900.0,2024-12-30,8,12131.39,1.0,3,3,3,333,Potential Loyalists
7901.0,2024-09-04,7,165847.26,118.0,3,3,5,335,Loyal Customers
7902.0,2024-11-03,6,4851.21,58.0,3,2,1,321,Hibernating
7903.0,2024-05-05,7,14872.619999999999,240.0,3,3,4,334,Loyal Customers
7904.0,2024-05-25,6,12529.26,220.0,3,2,3,323,Hibernating
7905.0,2024-10-06,3,8643.16,86.0,3,1,2,312,Hibernating
7906.0,2024-08-13,10,12361.74,140.0,3,5,3,353,Potential Loyalists
7907.0,2024-08-15,8,10893.36,138.0,3,3,3,333,Potential Loyalists
7908.0,2024-11-22,10,13534.48,39.0,3,5,3,353,Potential Loyalists
7909.0,2024-12-09,7,12469.42,22.0,3,3,3,333,Potential Loyalists
7910.0,2024-06-02,9,20833.11,212.0,3,4,4,344,Loyal Customers
7911.0,2023-11-08,10,21171.16,419.0,3,5,4,354,Loyal Customers
7912.0,2024-09-24,7,13537.22,98.0,3,3,3,333,Potential Loyalists
7913.0,2024-07-14,5,6738.88,170.0,3,1,2,312,Hibernating
7914.0,2024-12-13,6,13044.53,18.0,3,2,3,323,Hibernating
7915.0,2024-12-10,4,5327.71,21.0,3,1,1,311,Hibernating
7916.0,2024-11-10,8,12834.08,51.0,3,3,3,333,Potential Loyalists
7917.0,2024-12-25,11,21431.37,6.0,3,5,4,354,Loyal Customers
7918.0,2024-08-12,3,799.27,141.0,3,1,1,311,Hibernating
7919.0,2024-12-31,6,13968.6,0.0,3,2,3,323,Hibernating
7920.0,2024-01-19,4,11866.06,347.0,3,1,3,313,Hibernating
7921.0,2024-10-06,6,15692.63,86.0,3,2,4,324,Promising
7922.0,2024-11-30,10,186150.86,31.0,3,5,5,355,Loyal Customers
7923.0,2024-02-14,5,15228.74,321.0,3,1,4,314,Hibernating
7924.0,2023-04-24,4,11780.8,617.0,3,1,3,313,Hibernating
7925.0,2024-07-10,6,14831.61,174.0,3,2,4,324,Promising
7926.0,2024-12-15,9,496683.04000000004,16.0,3,4,5,345,Loyal Customers
7927.0,2023-02-10,4,2092.79,690.0,3,1,1,311,Hibernating
7928.0,2023-12-20,5,5744.21,377.0,3,1,1,311,Hibernating
7929.0,2024-05-25,5,16839.109999999997,220.0,3,1,4,314,Hibernating
7930.0,2024-01-17,8,16089.130000000001,349.0,3,3,4,334,Loyal Customers
7931.0,2024-09-13,12,23084.47,109.0,3,5,5,355,Loyal Customers
7932.0,2024-11-27,7,12515.35,34.0,3,3,3,333,Potential Loyalists
7933.0,2024-11-23,11,415931.54,38.0,3,5,5,355,Loyal Customers
7934.0,2024-10-23,4,7622.41,69.0,3,1,2,312,Hibernating
7935.0,2024-10-31,6,14377.98,61.0,3,2,3,323,Hibernating
7936.0,2024-08-23,7,2639.53,130.0,3,3,1,331,Potential Loyalists
7937.0,2024-07-13,5,6412.07,171.0,3,1,1,311,Hibernating
7938.0,2024-02-08,5,9517.0,327.0,3,1,2,312,Hibernating
7939.0,2024-08-20,8,10657.54,133.0,3,3,3,333,Potential Loyalists
7940.0,2024-05-04,8,19002.62,241.0,3,3,4,334,Loyal Customers
7941.0,2024-10-03,6,21720.15,89.0,3,2,4,324,Promising
7942.0,2024-10-05,8,15482.49,87.0,3,3,4,334,Loyal Customers
7943.0,2024-11-27,7,9276.64,34.0,3,3,2,332,Potential Loyalists
7944.0,2023-12-30,4,7649.67,367.0,3,1,2,312,Hibernating
7945.0,2024-12-27,7,6793.69,4.0,3,3,2,332,Potential Loyalists
7946.0,2024-12-21,8,13339.97,10.0,3,3,3,333,Potential Loyalists
7947.0,2024-12-24,5,7523.35,7.0,3,1,2,312,Hibernating
7948.0,2024-11-05,8,12542.64,56.0,3,3,3,333,Potential Loyalists
7949.0,2024-11-18,9,209578.55,43.0,3,4,5,345,Loyal Customers
7950.0,2024-09-16,9,522140.76999999996,106.0,3,4,5,345,Loyal Customers
7951.0,2024-11-21,6,6422.46,40.0,3,2,1,321,Hibernating
7952.0,2024-06-04,10,17676.71,210.0,3,5,4,354,Loyal Customers
7953.0,2024-11-06,4,675089.75,55.0,3,1,5,315,Promising
7954.0,2024-05-11,2,5736.389999999999,234.0,3,1,1,311,Hibernating
7955.0,2024-08-08,6,10006.32,145.0,3,2,2,322,Hibernating
7956.0,2024-12-30,2,4228.21,1.0,3,1,1,311,Hibernating
7957.0,2024-09-20,8,5106.99,102.0,3,3,1,331,Potential Loyalists
7958.0,2024-07-26,5,3530.2,158.0,3,1,1,311,Hibernating
7959.0,2024-12-28,9,8148.2,3.0,3,4,2,342,Potential Loyalists
7960.0,2024-11-09,6,5569.969999999999,52.0,3,2,1,321,Hibernating
7961.0,2024-12-21,12,19966.4,10.0,3,5,4,354,Loyal Customers
7962.0,2024-08-16,11,60813.36,137.0,3,5,5,355,Loyal Customers
7963.0,2023-09-04,6,20898.74,484.0,3,2,4,324,Promising
7964.0,2024-09-18,6,3843.9500000000003,104.0,3,2,1,321,Hibernating
7965.0,2024-10-31,7,9996.65,61.0,3,3,2,332,Potential Loyalists
7966.0,2024-10-22,10,12780.0,70.0,3,5,3,353,Potential Loyalists
7967.0,2024-11-21,6,8297.43,40.0,3,2,2,322,Hibernating
7968.0,2024-11-12,3,3160.24,49.0,3,1,1,311,Hibernating
7969.0,2024-12-16,3,4227.889999999999,15.0,3,1,1,311,Hibernating
7970.0,2024-08-20,5,16602.88,133.0,3,1,4,314,Hibernating
7971.0,2024-07-23,10,21653.190000000002,161.0,3,5,4,354,Loyal Customers
7972.0,2024-08-14,8,13567.06,139.0,3,3,3,333,Potential Loyalists
7973.0,2024-05-13,3,2491.71,232.0,3,1,1,311,Hibernating
7974.0,2024-12-19,7,9962.88,12.0,3,3,2,332,Potential Loyalists
7975.0,2024-12-06,7,10642.54,25.0,3,3,3,333,Potential Loyalists
7976.0,2024-07-30,6,8972.710000000001,154.0,3,2,2,322,Hibernating
7977.0,2024-12-09,10,11073.57,22.0,3,5,3,353,Potential Loyalists
7978.0,2024-07-15,10,17782.77,169.0,3,5,4,354,Loyal Customers
7979.0,2024-06-27,7,6873.87,187.0,3,3,2,332,Potential Loyalists
7980.0,2024-09-29,5,6465.92,93.0,3,1,1,311,Hibernating
7981.0,2024-10-12,9,24026.52,80.0,3,4,5,345,Loyal Customers
7982.0,2024-12-23,10,341981.85,8.0,3,5,5,355,Loyal Customers
7983.0,2024-08-25,8,8553.61,128.0,3,3,2,332,Potential Loyalists
7984.0,2024-09-17,11,20068.02,105.0,3,5,4,354,Loyal Customers
7985.0,2024-09-30,9,7508.95,92.0,3,4,2,342,Potential Loyalists
7986.0,2024-09-06,11,16103.32,116.0,3,5,4,354,Loyal Customers
7987.0,2024-12-26,11,17596.260000000002,5.0,3,5,4,354,Loyal Customers
7988.0,2024-10-08,6,9149.59,84.0,3,2,2,322,Hibernating
7989.0,2024-04-16,6,10391.93,259.0,3,2,3,323,Hibernating
7990.0,2024-09-21,6,21906.36,101.0,3,2,4,324,Promising
7991.0,2024-12-22,8,12368.73,9.0,3,3,3,333,Potential Loyalists
7992.0,2024-08-20,10,27598.51,133.0,3,5,5,355,Loyal Customers
7993.0,2024-12-26,6,4746.55,5.0,3,2,1,321,Hibernating
7994.0,2024-12-02,9,14938.75,29.0,3,4,4,344,Loyal Customers
7995.0,2024-12-10,5,5874.7,21.0,3,1,1,311,Hibernating
7996.0,2024-07-21,7,19524.72,163.0,3,3,4,334,Loyal Customers
7997.0,2024-07-25,6,24542.57,159.0,3,2,5,325,Promising
7998.0,2024-10-31,10,24509.0,61.0,3,5,5,355,Loyal Customers
7999.0,2024-05-17,5,7462.8,228.0,3,1,2,312,Hibernating
8000.0,2024-04-11,11,12524.33,264.0,3,5,3,353,Potential Loyalists
8001.0,2024-10-21,7,8744.66,71.0,3,3,2,332,Potential Loyalists
8002.0,2024-08-17,6,7747.92,136.0,3,2,2,322,Hibernating
8003.0,2024-10-12,8,50066.57,80.0,3,3,5,335,Loyal Customers
8004.0,2024-05-22,7,16991.11,223.0,3,3,4,334,Loyal Customers
8005.0,2024-11-25,7,14670.15,36.0,3,3,4,334,Loyal Customers
8006.0,2024-07-16,6,5408.95,168.0,3,2,1,321,Hibernating
8007.0,2024-08-22,4,2665.32,131.0,3,1,1,311,Hibernating
8008.0,2024-12-03,10,14379.0,28.0,3,5,3,353,Potential Loyalists
8009.0,2024-12-03,8,66892.75,28.0,3,3,5,335,Loyal Customers
8010.0,2024-11-23,6,11145.75,38.0,3,2,3,323,Hibernating
8011.0,2024-06-06,5,7210.08,208.0,3,1,2,312,Hibernating
8012.0,2024-10-23,7,13213.57,69.0,3,3,3,333,Potential Loyalists
8013.0,2024-12-11,7,12590.490000000002,20.0,3,3,3,333,Potential Loyalists
8014.0,2024-08-08,12,15929.75,145.0,3,5,4,354,Loyal Customers
8015.0,2024-06-15,4,6637.37,199.0,3,1,2,312,Hibernating
8016.0,2024-12-06,9,31011.42,25.0,3,4,5,345,Loyal Customers
8017.0,2024-06-10,9,12406.49,204.0,3,4,3,343,Potential Loyalists
8018.0,2024-11-25,8,23477.86,36.0,3,3,5,335,Loyal Customers
8019.0,2024-05-23,10,19581.96,222.0,3,5,4,354,Loyal Customers
8020.0,2024-06-10,10,23174.8,204.0,3,5,5,355,Loyal Customers
8021.0,2022-05-31,1,2976.2000000000003,945.0,3,1,1,311,Hibernating
8022.0,2024-11-24,4,4483.59,37.0,3,1,1,311,Hibernating
8023.0,2024-10-16,6,15761.2,76.0,3,2,4,324,Promising
8024.0,2024-12-04,7,5979.83,27.0,3,3,1,331,Potential Loyalists
8025.0,2024-10-14,5,6604.44,78.0,3,1,2,312,Hibernating
8026.0,2024-12-31,7,408586.83,0.0,3,3,5,335,Loyal Customers
8027.0,2024-11-29,7,12934.75,32.0,3,3,3,333,Potential Loyalists
8028.0,2024-09-25,8,6874.69,97.0,3,3,2,332,Potential Loyalists
8029.0,2024-04-21,5,4320.69,254.0,3,1,1,311,Hibernating
8030.0,2024-12-30,4,3308.85,1.0,3,1,1,311,Hibernating
8031.0,2024-02-28,7,9056.82,307.0,3,3,2,332,Potential Loyalists
8032.0,2024-10-16,7,8787.06,76.0,3,3,2,332,Potential Loyalists
8033.0,2023-08-05,3,6915.7699999999995,514.0,3,1,2,312,Hibernating
8034.0,2024-10-11,3,4621.49,81.0,3,1,1,311,Hibernating
8035.0,2024-08-14,7,3342.34,139.0,3,3,1,331,Potential Loyalists
8036.0,2024-11-14,9,25563.94,47.0,3,4,5,345,Loyal Customers
8037.0,2024-10-14,5,5344.95,78.0,3,1,1,311,Hibernating
8038.0,2024-01-23,6,12339.06,343.0,3,2,3,323,Hibernating
8039.0,2024-12-26,8,10502.66,5.0,3,3,3,333,Potential Loyalists
8040.0,2024-11-09,5,7112.28,52.0,3,1,2,312,Hibernating
8041.0,2024-11-29,7,9403.33,32.0,3,3,2,332,Potential Loyalists
8042.0,2024-12-03,5,12034.15,28.0,3,1,3,313,Hibernating
8043.0,2024-08-25,6,22560.94,128.0,3,2,5,325,Promising
8044.0,2024-08-09,6,8392.039999999999,144.0,3,2,2,322,Hibernating
8045.0,2024-09-10,11,12083.9,112.0,3,5,3,353,Potential Loyalists
8046.0,2024-12-31,8,20042.7,0.0,3,3,4,334,Loyal Customers
8047.0,2024-09-18,10,17684.94,104.0,3,5,4,354,Loyal Customers
8048.0,2024-11-13,7,13061.53,48.0,3,3,3,333,Potential Loyalists
8049.0,2024-08-26,4,4195.92,127.0,3,1,1,311,Hibernating
8050.0,2024-07-22,6,15934.880000000001,162.0,3,2,4,324,Promising
8051.0,2024-07-04,6,6952.1900000000005,180.0,3,2,2,322,Hibernating
8052.0,2024-05-03,9,15546.92,242.0,3,4,4,344,Loyal Customers
8053.0,2024-08-15,6,4130.06,138.0,3,2,1,321,Hibernating
8054.0,2024-12-27,8,11874.26,4.0,3,3,3,333,Potential Loyalists
8055.0,2024-02-25,7,6237.66,310.0,3,3,1,331,Potential Loyalists
8056.0,2024-09-25,10,28374.84,97.0,3,5,5,355,Loyal Customers
8057.0,2024-11-28,10,22034.03,33.0,3,5,4,354,Loyal Customers
8058.0,2024-12-02,7,3310.2999999999997,29.0,3,3,1,331,Potential Loyalists
8059.0,2024-09-15,6,6085.23,107.0,3,2,1,321,Hibernating
8060.0,2024-09-16,9,7120.07,106.0,3,4,2,342,Potential Loyalists
8061.0,2024-08-28,9,6426.86,125.0,3,4,1,341,Potential Loyalists
8062.0,2024-09-03,5,10113.11,119.0,3,1,2,312,Hibernating
8063.0,2024-12-05,11,17150.81,26.0,3,5,4,354,Loyal Customers
8064.0,2024-10-21,11,20878.2,71.0,3,5,4,354,Loyal Customers
8065.0,2024-10-17,7,9882.35,75.0,3,3,2,332,Potential Loyalists
8066.0,2024-12-12,9,16228.67,19.0,3,4,4,344,Loyal Customers
8067.0,2024-08-01,7,13506.949999999999,152.0,3,3,3,333,Potential Loyalists
8068.0,2024-02-23,3,8994.59,312.0,3,1,2,312,Hibernating
8069.0,2024-12-27,5,2016.3899999999999,4.0,3,1,1,311,Hibernating
8070.0,2024-07-16,7,19287.64,168.0,3,3,4,334,Loyal Customers
8071.0,2024-09-05,8,12172.31,117.0,3,3,3,333,Potential Loyalists
8072.0,2024-08-29,5,20976.54,124.0,3,1,4,314,Hibernating
8073.0,2024-07-26,6,14272.37,158.0,3,2,3,323,Hibernating
8074.0,2024-10-26,7,10955.51,66.0,3,3,3,333,Potential Loyalists
8075.0,2024-10-03,11,28967.49,89.0,3,5,5,355,Loyal Customers
8076.0,2024-10-31,4,5083.969999999999,61.0,3,1,1,311,Hibernating
8077.0,2024-10-13,7,11598.98,79.0,3,3,3,333,Potential Loyalists
8078.0,2024-12-03,7,4886.41,28.0,3,3,1,331,Potential Loyalists
8079.0,2024-07-02,8,21657.899999999998,182.0,3,3,4,334,Loyal Customers
8080.0,2023-10-07,5,4943.71,451.0,3,1,1,311,Hibernating
8081.0,2024-09-17,5,7321.09,105.0,3,1,2,312,Hibernating
8082.0,2024-05-05,5,11730.46,240.0,3,1,3,313,Hibernating
8083.0,2024-07-05,5,12833.87,179.0,3,1,3,313,Hibernating
8084.0,2024-07-06,12,23948.88,178.0,3,5,5,355,Loyal Customers
8085.0,2024-02-10,3,1883.5,325.0,3,1,1,311,Hibernating
8086.0,2024-03-16,5,5785.95,290.0,3,1,1,311,Hibernating
8087.0,2023-03-25,4,61091.66,647.0,3,1,5,315,Promising
8088.0,2024-07-18,6,5050.389999999999,166.0,3,2,1,321,Hibernating
8089.0,2024-09-02,7,8733.67,120.0,3,3,2,332,Potential Loyalists
8090.0,2024-11-29,6,16030.14,32.0,3,2,4,324,Promising
8091.0,2024-06-13,10,11378.29,201.0,3,5,3,353,Potential Loyalists
8092.0,2024-03-04,7,9981.17,302.0,3,3,2,332,Potential Loyalists
8093.0,2024-08-28,5,18406.859999999997,125.0,3,1,4,314,Hibernating
8094.0,2024-05-14,7,31748.639999999996,231.0,3,3,5,335,Loyal Customers
8095.0,2024-06-06,5,3392.77,208.0,3,1,1,311,Hibernating
8096.0,2024-12-27,11,21515.670000000002,4.0,3,5,4,354,Loyal Customers
8097.0,2024-05-17,12,12395.84,228.0,3,5,3,353,Potential Loyalists
8098.0,2024-12-19,11,19423.35,12.0,3,5,4,354,Loyal Customers
8099.0,2024-07-14,7,5551.16,170.0,3,3,1,331,Potential Loyalists
8100.0,2024-09-24,4,2435.73,98.0,3,1,1,311,Hibernating
8101.0,2024-11-07,12,36276.67,54.0,3,5,5,355,Loyal Customers
8102.0,2023-12-04,8,13162.47,393.0,3,3,3,333,Potential Loyalists
8103.0,2024-10-19,11,20691.44,73.0,3,5,4,354,Loyal Customers
8104.0,2023-12-30,11,28362.25,367.0,3,5,5,355,Loyal Customers
8105.0,2024-08-23,7,25181.47,130.0,3,3,5,335,Loyal Customers
8106.0,2024-03-09,9,28370.160000000003,297.0,3,4,5,345,Loyal Customers
8107.0,2023-04-28,5,7110.5599999999995,613.0,3,1,2,312,Hibernating
8108.0,2023-08-31,5,12886.84,488.0,3,1,3,313,Hibernating
8109.0,2024-11-03,5,4461.16,58.0,3,1,1,311,Hibernating
8110.0,2024-03-18,5,8300.05,288.0,3,1,2,312,Hibernating
8111.0,2024-12-23,4,10795.58,8.0,3,1,3,313,Hibernating
8112.0,2024-10-20,7,18222.4,72.0,3,3,4,334,Loyal Customers
8113.0,2024-12-27,9,19661.61,4.0,3,4,4,344,Loyal Customers
8114.0,2024-11-21,10,9956.710000000001,40.0,3,5,2,352,Potential Loyalists
8115.0,2024-02-22,11,22198.21,313.0,3,5,5,355,Loyal Customers
8116.0,2023-10-28,7,349693.99,430.0,3,3,5,335,Loyal Customers
8117.0,2024-06-26,6,10258.9,188.0,3,2,3,323,Hibernating
8118.0,2024-10-28,11,51165.91,64.0,3,5,5,355,Loyal Customers
8119.0,2024-12-12,4,3447.28,19.0,3,1,1,311,Hibernating
8120.0,2024-12-22,12,20642.05,9.0,3,5,4,354,Loyal Customers
8121.0,2024-10-11,3,3992.09,81.0,3,1,1,311,Hibernating
8122.0,2024-12-08,6,11334.53,23.0,3,2,3,323,Hibernating
8123.0,2024-12-01,9,18921.28,30.0,3,4,4,344,Loyal Customers
8124.0,2024-10-10,6,7455.68,82.0,3,2,2,322,Hibernating
8125.0,2024-12-28,7,318876.60000000003,3.0,3,3,5,335,Loyal Customers
8126.0,2024-11-20,9,146566.56,41.0,3,4,5,345,Loyal Customers
8127.0,2024-01-16,7,11036.19,350.0,3,3,3,333,Potential Loyalists
8128.0,2024-11-26,6,11737.77,35.0,3,2,3,323,Hibernating
8129.0,2024-11-20,3,9320.97,41.0,3,1,2,312,Hibernating
8130.0,2024-12-10,12,30025.4,21.0,3,5,5,355,Loyal Customers
8131.0,2024-09-23,6,5450.57,99.0,3,2,1,321,Hibernating
8132.0,2023-09-28,3,3046.27,460.0,3,1,1,311,Hibernating
8133.0,2024-05-01,8,14738.210000000001,244.0,3,3,4,334,Loyal Customers
8134.0,2024-11-07,8,22693.920000000002,54.0,3,3,5,335,Loyal Customers
8135.0,2024-11-19,8,20415.27,42.0,3,3,4,334,Loyal Customers
8136.0,2024-09-09,5,7934.43,113.0,3,1,2,312,Hibernating
8137.0,2024-07-09,4,6031.849999999999,175.0,3,1,1,311,Hibernating
8138.0,2023-08-08,5,13733.46,511.0,3,1,3,313,Hibernating
8139.0,2024-11-05,9,10119.93,56.0,3,4,2,342,Potential Loyalists
8140.0,2024-05-26,8,13054.12,219.0,3,3,3,333,Potential Loyalists
8141.0,2023-05-15,6,7540.98,596.0,3,2,2,322,Hibernating
8142.0,2024-07-06,8,18815.32,178.0,3,3,4,334,Loyal Customers
8143.0,2024-04-07,6,7350.56,268.0,3,2,2,322,Hibernating
8144.0,2024-12-14,9,116626.25,17.0,3,4,5,345,Loyal Customers
8145.0,2023-12-06,3,6994.84,391.0,3,1,2,312,Hibernating
8146.0,2024-03-31,7,8037.2,275.0,3,3,2,332,Potential Loyalists
8147.0,2024-08-29,5,7861.11,124.0,3,1,2,312,Hibernating
8148.0,2023-10-01,4,4502.92,457.0,3,1,1,311,Hibernating
8149.0,2024-09-29,9,17584.89,93.0,3,4,4,344,Loyal Customers
8150.0,2024-09-11,7,177516.71000000002,111.0,3,3,5,335,Loyal Customers
8151.0,2024-10-01,5,3285.48,91.0,3,1,1,311,Hibernating
8152.0,2023-11-07,3,5437.37,420.0,3,1,1,311,Hibernating
8153.0,2024-02-23,4,3776.86,312.0,3,1,1,311,Hibernating
8154.0,2024-09-29,10,9509.98,93.0,3,5,2,352,Potential Loyalists
8155.0,2024-05-04,8,93354.77,241.0,3,3,5,335,Loyal Customers
8156.0,2024-10-20,6,7692.29,72.0,3,2,2,322,Hibernating
8157.0,2024-08-09,12,25385.739999999998,144.0,3,5,5,355,Loyal Customers
8158.0,2024-07-10,10,13668.5,174.0,3,5,3,353,Potential Loyalists
8159.0,2024-11-25,5,7987.76,36.0,3,1,2,312,Hibernating
8160.0,2024-04-20,10,13528.02,255.0,3,5,3,353,Potential Loyalists
8161.0,2024-12-12,7,20663.7,19.0,3,3,4,334,Loyal Customers
8162.0,2023-11-19,5,12890.69,408.0,3,1,3,313,Hibernating
8163.0,2024-09-07,6,6134.39,115.0,3,2,1,321,Hibernating
8164.0,2024-03-11,5,7431.91,295.0,3,1,2,312,Hibernating
8165.0,2024-03-20,5,44194.84,286.0,3,1,5,315,Promising
8166.0,2024-11-28,11,348437.83,33.0,3,5,5,355,Loyal Customers
8167.0,2024-10-15,8,137531.62,77.0,3,3,5,335,Loyal Customers
8168.0,2024-10-20,8,18503.079999999998,72.0,3,3,4,334,Loyal Customers
8169.0,2024-08-16,5,23515.88,137.0,3,1,5,315,Promising
8170.0,2023-04-17,2,693.11,624.0,3,1,1,311,Hibernating
8171.0,2024-08-17,8,25654.48,136.0,3,3,5,335,Loyal Customers
8172.0,2024-10-10,10,29997.05,82.0,3,5,5,355,Loyal Customers
8173.0,2024-11-27,8,38126.21,34.0,3,3,5,335,Loyal Customers
8174.0,2024-10-02,7,10251.09,90.0,3,3,3,333,Potential Loyalists
8175.0,2023-07-01,2,6575.8,549.0,3,1,1,311,Hibernating
8176.0,2024-05-14,8,24725.52,231.0,3,3,5,335,Loyal Customers
8177.0,2024-06-06,2,5860.24,208.0,3,1,1,311,Hibernating
8178.0,2024-01-01,4,2785.69,365.0,3,1,1,311,Hibernating
8179.0,2024-12-05,8,13227.57,26.0,3,3,3,333,Potential Loyalists
8180.0,2024-07-30,8,14915.630000000001,154.0,3,3,4,334,Loyal Customers
8181.0,2024-11-10,6,5077.12,51.0,3,2,1,321,Hibernating
8182.0,2024-10-22,12,15936.64,70.0,3,5,4,354,Loyal Customers
8183.0,2024-05-02,7,10826.66,243.0,3,3,3,333,Potential Loyalists
8184.0,2024-03-30,6,8369.81,276.0,3,2,2,322,Hibernating
8185.0,2024-10-17,9,47219.19,75.0,3,4,5,345,Loyal Customers
8186.0,2024-10-17,10,15976.39,75.0,3,5,4,354,Loyal Customers
8187.0,2024-11-06,10,28316.96,55.0,3,5,5,355,Loyal Customers
8188.0,2024-12-17,15,40364.82,14.0,3,5,5,355,Loyal Customers
8189.0,2023-05-06,3,2249.5699999999997,605.0,3,1,1,311,Hibernating
8190.0,2024-08-14,6,6113.679999999999,139.0,3,2,1,321,Hibernating
8191.0,2024-12-06,5,3220.52,25.0,3,1,1,311,Hibernating
8192.0,2024-10-20,6,4745.37,72.0,3,2,1,321,Hibernating
8193.0,2023-09-23,5,8876.76,465.0,3,1,2,312,Hibernating
8194.0,2024-10-24,7,12986.78,68.0,3,3,3,333,Potential Loyalists
8195.0,2024-12-29,4,8687.19,2.0,3,1,2,312,Hibernating
8196.0,2024-06-08,7,33744.54,206.0,3,3,5,335,Loyal Customers
8197.0,2024-05-24,12,13799.24,221.0,3,5,3,353,Potential Loyalists
8198.0,2024-05-17,3,3672.5,228.0,3,1,1,311,Hibernating
8199.0,2024-09-12,7,12161.189999999999,110.0,3,3,3,333,Potential Loyalists
8200.0,2024-06-16,6,10843.21,198.0,3,2,3,323,Hibernating
8201.0,2024-07-31,7,599205.69,153.0,3,3,5,335,Loyal Customers
8202.0,2024-12-24,9,11881.17,7.0,3,4,3,343,Potential Loyalists
8203.0,2024-10-22,7,13285.09,70.0,3,3,3,333,Potential Loyalists
8204.0,2024-08-15,12,25523.78,138.0,3,5,5,355,Loyal Customers
8205.0,2024-12-27,8,21459.7,4.0,3,3,4,334,Loyal Customers
8206.0,2023-10-06,8,20120.27,452.0,3,3,4,334,Loyal Customers
8207.0,2024-10-30,7,7037.59,62.0,3,3,2,332,Potential Loyalists
8208.0,2024-12-19,6,7576.17,12.0,3,2,2,322,Hibernating
8209.0,2024-03-14,5,8380.48,292.0,3,1,2,312,Hibernating
8210.0,2024-11-27,6,5255.33,34.0,3,2,1,321,Hibernating
8211.0,2023-04-06,4,2667.84,635.0,3,1,1,311,Hibernating
8212.0,2024-10-11,11,19740.92,81.0,3,5,4,354,Loyal Customers
8213.0,2024-10-04,8,22057.760000000002,88.0,3,3,4,334,Loyal Customers
8214.0,2024-11-27,9,21223.87,34.0,3,4,4,344,Loyal Customers
8215.0,2024-08-18,6,8219.97,135.0,3,2,2,322,Hibernating
8216.0,2024-06-01,11,23302.8,213.0,3,5,5,355,Loyal Customers
8217.0,2024-09-27,6,9090.69,95.0,3,2,2,322,Hibernating
8218.0,2024-06-20,7,4600.32,194.0,3,3,1,331,Potential Loyalists
8219.0,2024-03-12,8,7983.12,294.0,3,3,2,332,Potential Loyalists
8220.0,2024-05-07,10,14126.35,238.0,3,5,3,353,Potential Loyalists
8221.0,2024-07-29,7,8020.86,155.0,3,3,2,332,Potential Loyalists
8222.0,2024-08-13,6,17848.54,140.0,3,2,4,324,Promising
8223.0,2024-08-03,11,34945.409999999996,150.0,3,5,5,355,Loyal Customers
8224.0,2023-10-05,6,7358.07,453.0,3,2,2,322,Hibernating
8225.0,2023-12-02,2,1613.14,395.0,3,1,1,311,Hibernating
8226.0,2024-05-15,7,9412.08,230.0,3,3,2,332,Potential Loyalists
8227.0,2024-11-20,9,513150.81,41.0,3,4,5,345,Loyal Customers
8228.0,2024-12-27,11,9851.39,4.0,3,5,2,352,Potential Loyalists
8229.0,2024-12-10,13,157527.06,21.0,3,5,5,355,Loyal Customers
8230.0,2024-12-24,4,8334.119999999999,7.0,3,1,2,312,Hibernating
8231.0,2024-12-24,9,813774.28,7.0,3,4,5,345,Loyal Customers
8232.0,2024-12-25,7,6675.2,6.0,3,3,2,332,Potential Loyalists
8233.0,2024-04-08,9,311772.62,267.0,3,4,5,345,Loyal Customers
8234.0,2024-09-26,3,4231.71,96.0,3,1,1,311,Hibernating
8235.0,2024-08-18,7,7495.37,135.0,3,3,2,332,Potential Loyalists
8236.0,2024-07-10,4,6619.96,174.0,3,1,2,312,Hibernating
8237.0,2024-11-03,11,31936.05,58.0,3,5,5,355,Loyal Customers
8238.0,2024-12-01,4,17834.0,30.0,3,1,4,314,Hibernating
8239.0,2024-10-04,11,17925.23,88.0,3,5,4,354,Loyal Customers
8240.0,2024-08-12,6,4895.4800000000005,141.0,3,2,1,321,Hibernating
8241.0,2024-11-18,10,197004.15000000002,43.0,3,5,5,355,Loyal Customers
8242.0,2024-10-01,7,19223.54,91.0,3,3,4,334,Loyal Customers
8243.0,2024-10-03,5,391060.8,89.0,3,1,5,315,Promising
8244.0,2024-07-25,4,3258.1000000000004,159.0,3,1,1,311,Hibernating
8245.0,2024-12-13,6,16270.98,18.0,3,2,4,324,Promising
8246.0,2024-12-27,7,19604.61,4.0,3,3,4,334,Loyal Customers
8247.0,2024-02-14,9,26291.67,321.0,3,4,5,345,Loyal Customers
8248.0,2024-11-25,11,22215.91,36.0,3,5,5,355,Loyal Customers
8249.0,2024-12-31,8,12572.75,0.0,3,3,3,333,Potential Loyalists
8250.0,2024-07-28,7,10711.27,156.0,3,3,3,333,Potential Loyalists
8251.0,2024-12-07,9,21444.59,24.0,3,4,4,344,Loyal Customers
8252.0,2024-01-22,8,341573.28,344.0,3,3,5,335,Loyal Customers
8253.0,2024-08-15,9,9940.37,138.0,3,4,2,342,Potential Loyalists
8254.0,2024-03-13,6,6926.86,293.0,3,2,2,322,Hibernating
8255.0,2024-08-09,11,12088.699999999999,144.0,3,5,3,353,Potential Loyalists
8256.0,2024-10-14,5,8507.03,78.0,3,1,2,312,Hibernating
8257.0,2024-02-27,4,1010222.42,308.0,3,1,5,315,Promising
8258.0,2024-07-29,6,21388.02,155.0,3,2,4,324,Promising
8259.0,2024-08-04,7,17915.7,149.0,3,3,4,334,Loyal Customers
8260.0,2024-11-01,13,15707.88,60.0,3,5,4,354,Loyal Customers
8261.0,2024-04-03,8,9308.7,272.0,3,3,2,332,Potential Loyalists
8262.0,2024-04-11,6,16190.499999999998,264.0,3,2,4,324,Promising
8263.0,2024-09-08,7,42639.81,114.0,3,3,5,335,Loyal Customers
8264.0,2024-10-05,7,16868.97,87.0,3,3,4,334,Loyal Customers
8265.0,2024-01-30,7,20748.78,336.0,3,3,4,334,Loyal Customers
8266.0,2024-12-25,7,14779.3,6.0,3,3,4,334,Loyal Customers
8267.0,2024-09-23,4,3226.99,99.0,3,1,1,311,Hibernating
8268.0,2024-11-27,11,9838.78,34.0,3,5,2,352,Potential Loyalists
8269.0,2024-12-27,11,33865.15,4.0,3,5,5,355,Loyal Customers
8270.0,2024-10-29,5,9572.06,63.0,3,1,2,312,Hibernating
8271.0,2024-07-08,8,8699.880000000001,176.0,3,3,2,332,Potential Loyalists
8272.0,2024-11-07,7,18383.940000000002,54.0,3,3,4,334,Loyal Customers
8273.0,2024-03-20,5,6030.97,286.0,3,1,1,311,Hibernating
8274.0,2024-09-23,7,13644.77,99.0,3,3,3,333,Potential Loyalists
8275.0,2024-09-05,8,5568.22,117.0,3,3,1,331,Potential Loyalists
8276.0,2024-11-24,4,2648.26,37.0,3,1,1,311,Hibernating
8277.0,2024-12-20,10,38099.09,11.0,3,5,5,355,Loyal Customers
8278.0,2024-11-24,5,9353.87,37.0,3,1,2,312,Hibernating
8279.0,2024-04-17,6,10878.210000000001,258.0,3,2,3,323,Hibernating
8280.0,2024-12-09,5,20799.81,22.0,3,1,4,314,Hibernating
8281.0,2024-08-01,9,22314.38,152.0,3,4,5,345,Loyal Customers
8282.0,2024-02-13,10,9650.63,322.0,3,5,2,352,Potential Loyalists
8283.0,2024-12-02,8,842730.56,29.0,3,3,5,335,Loyal Customers
8284.0,2024-07-19,7,6333.54,165.0,3,3,1,331,Potential Loyalists
8285.0,2024-07-30,8,21372.23,154.0,3,3,4,334,Loyal Customers
8286.0,2024-12-01,7,3772.22,30.0,3,3,1,331,Potential Loyalists
8287.0,2024-05-26,5,13360.61,219.0,3,1,3,313,Hibernating
8288.0,2024-04-24,14,16184.55,251.0,3,5,4,354,Loyal Customers
8289.0,2024-11-02,7,15847.03,59.0,3,3,4,334,Loyal Customers
8290.0,2024-06-07,5,23060.52,207.0,3,1,5,315,Promising
8291.0,2024-04-08,6,9669.03,267.0,3,2,2,322,Hibernating
8292.0,2023-09-16,6,10569.65,472.0,3,2,3,323,Hibernating
8293.0,2024-10-24,4,3362.24,68.0,3,1,1,311,Hibernating
8294.0,2024-10-09,11,17773.57,83.0,3,5,4,354,Loyal Customers
8295.0,2024-07-02,4,5294.59,182.0,3,1,1,311,Hibernating
8296.0,2024-10-20,6,3490.89,72.0,3,2,1,321,Hibernating
8297.0,2024-01-09,7,16758.25,357.0,3,3,4,334,Loyal Customers
8298.0,2024-02-05,6,6111.77,330.0,3,2,1,321,Hibernating
8299.0,2024-12-07,5,12987.89,24.0,3,1,3,313,Hibernating
8300.0,2024-12-20,3,10287.380000000001,11.0,3,1,3,313,Hibernating
8301.0,2024-12-13,6,110703.75,18.0,3,2,5,325,Promising
8302.0,2024-11-21,9,211826.71000000002,40.0,3,4,5,345,Loyal Customers
8303.0,2023-03-03,6,388240.42,669.0,3,2,5,325,Promising
8304.0,2024-06-23,3,4019.9300000000003,191.0,3,1,1,311,Hibernating
8305.0,2023-08-23,6,4259.39,496.0,3,2,1,321,Hibernating
8306.0,2024-12-26,12,21914.45,5.0,3,5,4,354,Loyal Customers
8307.0,2024-10-02,11,16538.18,90.0,3,5,4,354,Loyal Customers
8308.0,2024-11-12,7,20271.77,49.0,3,3,4,334,Loyal Customers
8309.0,2024-10-10,8,5892.35,82.0,3,3,1,331,Potential Loyalists
8310.0,2024-11-06,6,4031.65,55.0,3,2,1,321,Hibernating
8311.0,2024-04-28,9,16040.59,247.0,3,4,4,344,Loyal Customers
8312.0,2024-10-01,6,6478.42,91.0,3,2,1,321,Hibernating
8313.0,2024-10-03,7,7635.93,89.0,3,3,2,332,Potential Loyalists
8314.0,2024-04-19,5,11810.55,256.0,3,1,3,313,Hibernating
8315.0,2024-08-14,5,4986.75,139.0,3,1,1,311,Hibernating
8316.0,2024-08-01,16,78934.17,152.0,3,5,5,355,Loyal Customers
8317.0,2024-11-04,13,18613.88,57.0,3,5,4,354,Loyal Customers
8318.0,2024-07-15,8,13363.82,169.0,3,3,3,333,Potential Loyalists
8319.0,2024-06-16,7,9475.5,198.0,3,3,2,332,Potential Loyalists
8320.0,2024-10-31,11,15918.339999999998,61.0,3,5,4,354,Loyal Customers
8321.0,2024-12-25,5,9732.77,6.0,3,1,2,312,Hibernating
8322.0,2023-10-01,9,208644.87,457.0,3,4,5,345,Loyal Customers
8323.0,2024-11-12,7,7411.72,49.0,3,3,2,332,Potential Loyalists
8324.0,2024-12-26,8,25839.23,5.0,3,3,5,335,Loyal Customers
8325.0,2024-10-24,5,5359.78,68.0,3,1,1,311,Hibernating
8326.0,2024-08-07,7,6001.72,146.0,3,3,1,331,Potential Loyalists
8327.0,2024-10-23,11,25537.32,69.0,3,5,5,355,Loyal Customers
8328.0,2023-10-08,3,3948.4100000000003,450.0,3,1,1,311,Hibernating
8329.0,2024-07-09,6,3928.64,175.0,3,2,1,321,Hibernating
8330.0,2024-06-18,4,4916.9400000000005,196.0,3,1,1,311,Hibernating
8331.0,2024-05-31,7,11800.71,214.0,3,3,3,333,Potential Loyalists
8332.0,2022-11-03,3,6999.81,789.0,3,1,2,312,Hibernating
8333.0,2024-03-03,4,6464.29,303.0,3,1,1,311,Hibernating
8334.0,2024-12-30,11,15323.12,1.0,3,5,4,354,Loyal Customers
8335.0,2024-10-06,9,11114.8,86.0,3,4,3,343,Potential Loyalists
8336.0,2024-10-29,8,19883.7,63.0,3,3,4,334,Loyal Customers
8337.0,2024-12-17,11,23216.28,14.0,3,5,5,355,Loyal Customers
8338.0,2024-03-16,4,10673.01,290.0,3,1,3,313,Hibernating
8339.0,2024-12-12,5,10279.2,19.0,3,1,3,313,Hibernating
8340.0,2024-11-18,9,11134.54,43.0,3,4,3,343,Potential Loyalists
8341.0,2024-07-15,8,7552.41,169.0,3,3,2,332,Potential Loyalists
8342.0,2024-12-29,9,14435.880000000001,2.0,3,4,4,344,Loyal Customers
8343.0,2023-10-14,6,11218.12,444.0,3,2,3,323,Hibernating
8344.0,2024-11-25,4,2941.5999999999995,36.0,3,1,1,311,Hibernating
8345.0,2024-02-02,7,15108.46,333.0,3,3,4,334,Loyal Customers
8346.0,2024-11-04,4,14113.51,57.0,3,1,3,313,Hibernating
8347.0,2024-09-09,9,43910.52,113.0,3,4,5,345,Loyal Customers
8348.0,2024-12-17,9,11619.56,14.0,3,4,3,343,Potential Loyalists
8349.0,2024-06-07,9,8521.81,207.0,3,4,2,342,Potential Loyalists
8350.0,2024-12-31,9,11519.67,0.0,3,4,3,343,Potential Loyalists
8351.0,2024-08-25,6,7997.59,128.0,3,2,2,322,Hibernating
8352.0,2023-12-20,6,6414.32,377.0,3,2,1,321,Hibernating
8353.0,2024-06-03,5,9442.0,211.0,3,1,2,312,Hibernating
8354.0,2024-05-15,7,210812.63,230.0,3,3,5,335,Loyal Customers
8355.0,2024-11-22,11,811201.63,39.0,3,5,5,355,Loyal Customers
8356.0,2024-12-07,7,8626.18,24.0,3,3,2,332,Potential Loyalists
8357.0,2024-10-23,6,14225.95,69.0,3,2,3,323,Hibernating
8358.0,2024-11-14,4,6968.44,47.0,3,1,2,312,Hibernating
8359.0,2024-10-19,10,14447.33,73.0,3,5,4,354,Loyal Customers
8360.0,2024-11-18,7,7420.990000000001,43.0,3,3,2,332,Potential Loyalists
8361.0,2024-11-09,11,35449.38,52.0,3,5,5,355,Loyal Customers
8362.0,2024-01-07,5,4350.21,359.0,3,1,1,311,Hibernating
8363.0,2024-08-09,2,1020.9300000000001,144.0,3,1,1,311,Hibernating
8364.0,2024-08-23,8,16331.86,130.0,3,3,4,334,Loyal Customers
8365.0,2024-07-12,3,1379.7,172.0,3,1,1,311,Hibernating
8366.0,2024-06-13,10,11388.34,201.0,3,5,3,353,Potential Loyalists
8367.0,2024-08-01,11,20588.74,152.0,3,5,4,354,Loyal Customers
8368.0,2024-05-17,7,13707.37,228.0,3,3,3,333,Potential Loyalists
8369.0,2024-12-12,4,2034.22,19.0,3,1,1,311,Hibernating
8370.0,2024-07-10,5,11424.42,174.0,3,1,3,313,Hibernating
8371.0,2024-10-22,4,4491.57,70.0,3,1,1,311,Hibernating
8372.0,2024-12-04,6,12239.33,27.0,3,2,3,323,Hibernating
8373.0,2024-07-17,7,12580.81,167.0,3,3,3,333,Potential Loyalists
8374.0,2024-11-12,3,15079.09,49.0,3,1,4,314,Hibernating
8375.0,2024-09-08,10,17062.58,114.0,3,5,4,354,Loyal Customers
8376.0,2024-12-07,8,14845.23,24.0,3,3,4,334,Loyal Customers
8377.0,2024-07-16,6,13445.15,168.0,3,2,3,323,Hibernating
8378.0,2024-09-01,7,13646.68,121.0,3,3,3,333,Potential Loyalists
8379.0,2024-11-26,7,623639.21,35.0,3,3,5,335,Loyal Customers
8380.0,2024-11-07,7,43987.47,54.0,3,3,5,335,Loyal Customers
8381.0,2024-09-14,9,16586.69,108.0,3,4,4,344,Loyal Customers
8382.0,2024-08-23,5,14089.41,130.0,3,1,3,313,Hibernating
8383.0,2024-10-14,7,16459.18,78.0,3,3,4,334,Loyal Customers
8384.0,2024-05-29,7,10592.96,216.0,3,3,3,333,Potential Loyalists
8385.0,2024-03-18,9,17722.41,288.0,3,4,4,344,Loyal Customers
8386.0,2024-11-07,9,17162.809999999998,54.0,3,4,4,344,Loyal Customers
8387.0,2024-11-12,9,20507.9,49.0,3,4,4,344,Loyal Customers
8388.0,2024-06-18,8,998231.43,196.0,3,3,5,335,Loyal Customers
8389.0,2024-10-25,5,6408.700000000001,67.0,3,1,1,311,Hibernating
8390.0,2024-12-26,12,22545.34,5.0,3,5,5,355,Loyal Customers
8391.0,2024-11-07,10,11591.130000000001,54.0,3,5,3,353,Potential Loyalists
8392.0,2024-09-24,8,14440.939999999999,98.0,3,3,4,334,Loyal Customers
8393.0,2024-05-24,3,2609.7,221.0,3,1,1,311,Hibernating
8394.0,2024-10-19,5,5829.320000000001,73.0,3,1,1,311,Hibernating
8395.0,2024-12-06,10,13587.15,25.0,3,5,3,353,Potential Loyalists
8396.0,2024-10-06,5,95929.40000000001,86.0,3,1,5,315,Promising
8397.0,2024-10-17,6,35156.07,75.0,3,2,5,325,Promising
8398.0,2024-06-02,7,25242.420000000002,212.0,3,3,5,335,Loyal Customers
8399.0,2024-12-03,7,11416.4,28.0,3,3,3,333,Potential Loyalists
8400.0,2024-08-18,7,11137.21,135.0,3,3,3,333,Potential Loyalists
8401.0,2024-12-24,10,16286.81,7.0,3,5,4,354,Loyal Customers
8402.0,2024-10-15,11,103480.06,77.0,3,5,5,355,Loyal Customers
8403.0,2024-08-27,9,23873.42,126.0,3,4,5,345,Loyal Customers
8404.0,2023-11-13,7,102905.68999999999,414.0,3,3,5,335,Loyal Customers
8405.0,2024-03-27,12,17439.12,279.0,3,5,4,354,Loyal Customers
8406.0,2024-06-17,5,15385.02,197.0,3,1,4,314,Hibernating
8407.0,2024-12-18,7,7684.53,13.0,3,3,2,332,Potential Loyalists
8408.0,2024-09-30,7,16854.55,92.0,3,3,4,334,Loyal Customers
8409.0,2024-11-06,7,6404.06,55.0,3,3,1,331,Potential Loyalists
8410.0,2024-08-11,5,6762.08,142.0,3,1,2,312,Hibernating
8411.0,2024-10-11,10,11056.220000000001,81.0,3,5,3,353,Potential Loyalists
8412.0,2024-08-09,9,10260.02,144.0,3,4,3,343,Potential Loyalists
8413.0,2024-12-23,6,14406.71,8.0,3,2,3,323,Hibernating
8414.0,2024-05-27,5,12388.8,218.0,3,1,3,313,Hibernating
8415.0,2024-03-20,8,15383.53,286.0,3,3,4,334,Loyal Customers
8416.0,2024-05-09,6,136730.49,236.0,3,2,5,325,Promising
8417.0,2024-09-07,5,10205.880000000001,115.0,3,1,2,312,Hibernating
8418.0,2024-11-24,6,12931.6,37.0,3,2,3,323,Hibernating
8419.0,2024-12-09,6,13953.11,22.0,3,2,3,323,Hibernating
8420.0,2024-11-14,8,211405.08000000002,47.0,3,3,5,335,Loyal Customers
8421.0,2024-09-10,5,5685.57,112.0,3,1,1,311,Hibernating
8422.0,2024-11-27,3,3023.3399999999997,34.0,3,1,1,311,Hibernating
8423.0,2024-07-13,7,674014.27,171.0,3,3,5,335,Loyal Customers
8424.0,2024-06-27,11,28033.66,187.0,3,5,5,355,Loyal Customers
8425.0,2024-05-18,6,11571.32,227.0,3,2,3,323,Hibernating
8426.0,2024-03-16,4,12353.95,290.0,3,1,3,313,Hibernating
8427.0,2024-01-13,3,4390.2699999999995,353.0,3,1,1,311,Hibernating
8428.0,2024-11-29,6,12968.5,32.0,3,2,3,323,Hibernating
8429.0,2024-12-30,6,11284.09,1.0,3,2,3,323,Hibernating
8430.0,2024-09-03,6,2786.7200000000003,119.0,3,2,1,321,Hibernating
8431.0,2024-09-10,8,23010.88,112.0,3,3,5,335,Loyal Customers
8432.0,2024-04-21,5,10425.85,254.0,3,1,3,313,Hibernating
8433.0,2024-06-16,5,18158.58,198.0,3,1,4,314,Hibernating
8434.0,2024-01-30,4,2150.74,336.0,3,1,1,311,Hibernating
8435.0,2023-08-12,5,5520.45,507.0,3,1,1,311,Hibernating
8436.0,2024-12-20,8,18076.72,11.0,3,3,4,334,Loyal Customers
8437.0,2024-09-29,9,18256.73,93.0,3,4,4,344,Loyal Customers
8438.0,2024-09-17,8,12536.94,105.0,3,3,3,333,Potential Loyalists
8439.0,2024-09-25,13,23168.579999999998,97.0,3,5,5,355,Loyal Customers
8440.0,2024-09-08,6,14028.23,114.0,3,2,3,323,Hibernating
8441.0,2024-01-30,4,6116.09,336.0,3,1,1,311,Hibernating
8442.0,2024-10-21,13,28614.01,71.0,3,5,5,355,Loyal Customers
8443.0,2024-11-09,10,20894.49,52.0,3,5,4,354,Loyal Customers
8444.0,2024-04-15,11,31628.43,260.0,3,5,5,355,Loyal Customers
8445.0,2024-10-22,7,10133.73,70.0,3,3,2,332,Potential Loyalists
8446.0,2024-12-25,11,15575.87,6.0,3,5,4,354,Loyal Customers
8447.0,2023-10-04,2,3224.0699999999997,454.0,3,1,1,311,Hibernating
8448.0,2024-11-27,7,8955.130000000001,34.0,3,3,2,332,Potential Loyalists
8449.0,2024-06-08,4,11969.7,206.0,3,1,3,313,Hibernating
8450.0,2024-05-02,10,17294.07,243.0,3,5,4,354,Loyal Customers
8451.0,2024-03-30,4,3076.5699999999997,276.0,3,1,1,311,Hibernating
8452.0,2024-12-17,11,7611.63,14.0,3,5,2,352,Potential Loyalists
8453.0,2024-08-03,13,20884.22,150.0,3,5,4,354,Loyal Customers
8454.0,2024-05-12,6,6260.63,233.0,3,2,1,321,Hibernating
8455.0,2024-11-27,9,7028.75,34.0,3,4,2,342,Potential Loyalists
8456.0,2024-05-27,5,10882.539999999999,218.0,3,1,3,313,Hibernating
8457.0,2024-12-22,7,15436.03,9.0,3,3,4,334,Loyal Customers
8458.0,2024-10-20,7,63635.86,72.0,3,3,5,335,Loyal Customers
8459.0,2024-05-17,7,5849.94,228.0,3,3,1,331,Potential Loyalists
8460.0,2024-12-28,4,6787.88,3.0,3,1,2,312,Hibernating
8461.0,2024-12-23,6,9205.49,8.0,3,2,2,322,Hibernating
8462.0,2024-12-18,4,5240.900000000001,13.0,3,1,1,311,Hibernating
8463.0,2024-06-26,6,11840.27,188.0,3,2,3,323,Hibernating
8464.0,2024-03-18,9,23325.91,288.0,3,4,5,345,Loyal Customers
8465.0,2024-12-04,14,15222.25,27.0,3,5,4,354,Loyal Customers
8466.0,2024-05-11,6,22382.15,234.0,3,2,5,325,Promising
8467.0,2024-10-25,10,12852.31,67.0,3,5,3,353,Potential Loyalists
8468.0,2024-01-06,7,406756.09,360.0,3,3,5,335,Loyal Customers
8469.0,2024-10-31,6,5145.04,61.0,3,2,1,321,Hibernating
8470.0,2024-03-17,9,11167.76,289.0,3,4,3,343,Potential Loyalists
8471.0,2024-06-08,3,3881.68,206.0,3,1,1,311,Hibernating
8472.0,2024-12-04,9,23918.24,27.0,3,4,5,345,Loyal Customers
8473.0,2024-12-03,9,7397.02,28.0,3,4,2,342,Potential Loyalists
8474.0,2024-11-10,3,9418.51,51.0,3,1,2,312,Hibernating
8475.0,2024-12-03,5,5940.36,28.0,3,1,1,311,Hibernating
8476.0,2024-04-07,8,10278.28,268.0,3,3,3,333,Potential Loyalists
8477.0,2024-06-05,9,16201.19,209.0,3,4,4,344,Loyal Customers
8478.0,2024-09-05,7,14403.7,117.0,3,3,3,333,Potential Loyalists
8479.0,2024-08-25,8,11691.630000000001,128.0,3,3,3,333,Potential Loyalists
8480.0,2024-12-01,9,14201.49,30.0,3,4,3,343,Potential Loyalists
8481.0,2024-04-15,7,14773.939999999999,260.0,3,3,4,334,Loyal Customers
8482.0,2024-07-11,5,9627.25,173.0,3,1,2,312,Hibernating
8483.0,2024-11-22,7,20723.6,39.0,3,3,4,334,Loyal Customers
8484.0,2024-12-30,8,10216.11,1.0,3,3,2,332,Potential Loyalists
8485.0,2024-07-20,8,9991.08,164.0,3,3,2,332,Potential Loyalists
8486.0,2024-10-20,8,18097.22,72.0,3,3,4,334,Loyal Customers
8487.0,2024-08-25,6,11576.06,128.0,3,2,3,323,Hibernating
8488.0,2024-10-17,8,12269.35,75.0,3,3,3,333,Potential Loyalists
8489.0,2024-03-22,5,15797.18,284.0,3,1,4,314,Hibernating
8490.0,2024-02-09,5,14596.44,326.0,3,1,4,314,Hibernating
8491.0,2024-12-25,6,10587.88,6.0,3,2,3,323,Hibernating
8492.0,2023-10-18,8,12142.23,440.0,3,3,3,333,Potential Loyalists
8493.0,2023-11-06,4,5880.11,421.0,3,1,1,311,Hibernating
8494.0,2024-05-24,6,12561.22,221.0,3,2,3,323,Hibernating
8495.0,2024-12-04,10,14614.95,27.0,3,5,4,354,Loyal Customers
8496.0,2024-12-20,6,10572.49,11.0,3,2,3,323,Hibernating
8497.0,2024-09-05,5,6013.56,117.0,3,1,1,311,Hibernating
8498.0,2024-03-20,6,3621.46,286.0,3,2,1,321,Hibernating
8499.0,2024-10-06,4,4431.16,86.0,3,1,1,311,Hibernating
8500.0,2024-07-30,5,15803.550000000001,154.0,3,1,4,314,Hibernating
8501.0,2024-12-28,9,10742.79,3.0,3,4,3,343,Potential Loyalists
8502.0,2024-12-25,8,24393.96,6.0,3,3,5,335,Loyal Customers
8503.0,2024-04-08,5,3866.96,267.0,3,1,1,311,Hibernating
8504.0,2024-12-18,4,4042.62,13.0,3,1,1,311,Hibernating
8505.0,2024-02-03,7,6767.87,332.0,3,3,2,332,Potential Loyalists
8506.0,2024-12-08,8,16041.93,23.0,3,3,4,334,Loyal Customers
8507.0,2024-09-09,6,3280.42,113.0,3,2,1,321,Hibernating
8508.0,2024-10-19,5,1019798.34,73.0,3,1,5,315,Promising
8509.0,2024-03-08,7,9858.33,298.0,3,3,2,332,Potential Loyalists
8510.0,2024-12-02,11,13251.06,29.0,3,5,3,353,Potential Loyalists
8511.0,2024-11-11,8,7504.56,50.0,3,3,2,332,Potential Loyalists
8512.0,2024-10-10,9,12781.17,82.0,3,4,3,343,Potential Loyalists
8513.0,2024-12-28,9,21136.129999999997,3.0,3,4,4,344,Loyal Customers
8514.0,2024-12-23,6,14271.759999999998,8.0,3,2,3,323,Hibernating
8515.0,2024-09-09,11,14512.86,113.0,3,5,4,354,Loyal Customers
8516.0,2024-06-26,7,9006.18,188.0,3,3,2,332,Potential Loyalists
8517.0,2024-09-04,12,26937.73,118.0,3,5,5,355,Loyal Customers
8518.0,2024-10-25,8,13423.69,67.0,3,3,3,333,Potential Loyalists
8519.0,2024-11-25,12,23525.21,36.0,3,5,5,355,Loyal Customers
8520.0,2024-12-24,10,15247.52,7.0,3,5,4,354,Loyal Customers
8521.0,2024-12-15,9,19435.21,16.0,3,4,4,344,Loyal Customers
8522.0,2024-11-28,9,13648.91,33.0,3,4,3,343,Potential Loyalists
8523.0,2024-11-07,7,20979.61,54.0,3,3,4,334,Loyal Customers
8524.0,2023-06-23,3,3777.52,557.0,3,1,1,311,Hibernating
8525.0,2024-09-06,9,6683.2300000000005,116.0,3,4,2,342,Potential Loyalists
8526.0,2024-10-09,6,10305.86,83.0,3,2,3,323,Hibernating
8527.0,2024-05-03,6,11211.02,242.0,3,2,3,323,Hibernating
8528.0,2024-05-18,7,23002.51,227.0,3,3,5,335,Loyal Customers
8529.0,2024-04-24,7,11124.7,251.0,3,3,3,333,Potential Loyalists
8530.0,2024-10-09,8,11687.3,83.0,3,3,3,333,Potential Loyalists
8531.0,2024-09-18,6,9227.23,104.0,3,2,2,322,Hibernating
8532.0,2023-09-07,6,5745.62,481.0,3,2,1,321,Hibernating
8533.0,2024-12-28,10,7618.39,3.0,3,5,2,352,Potential Loyalists
8534.0,2023-12-22,5,10487.2,375.0,3,1,3,313,Hibernating
8535.0,2024-05-06,6,10244.64,239.0,3,2,3,323,Hibernating
8536.0,2024-02-10,5,8677.84,325.0,3,1,2,312,Hibernating
8537.0,2024-05-01,10,26498.59,244.0,3,5,5,355,Loyal Customers
8538.0,2024-10-29,7,339458.05,63.0,3,3,5,335,Loyal Customers
8539.0,2024-03-30,9,30571.79,276.0,3,4,5,345,Loyal Customers
8540.0,2024-07-07,7,3793.33,177.0,3,3,1,331,Potential Loyalists
8541.0,2024-01-14,2,15996.24,352.0,3,1,4,314,Hibernating
8542.0,2024-01-03,2,5115.4,363.0,3,1,1,311,Hibernating
8543.0,2024-10-27,11,18006.45,65.0,3,5,4,354,Loyal Customers
8544.0,2024-04-27,8,10326.76,248.0,3,3,3,333,Potential Loyalists
8545.0,2024-04-25,6,8064.46,250.0,3,2,2,322,Hibernating
8546.0,2024-12-28,14,22193.84,3.0,3,5,5,355,Loyal Customers
8547.0,2024-04-17,5,4454.89,258.0,3,1,1,311,Hibernating
8548.0,2024-06-11,4,7991.0,203.0,3,1,2,312,Hibernating
8549.0,2024-12-17,6,10872.54,14.0,3,2,3,323,Hibernating
8550.0,2024-06-04,5,5507.24,210.0,3,1,1,311,Hibernating
8551.0,2024-11-21,6,11787.95,40.0,3,2,3,323,Hibernating
8552.0,2024-09-01,7,8224.79,121.0,3,3,2,332,Potential Loyalists
8553.0,2024-10-17,8,12550.029999999999,75.0,3,3,3,333,Potential Loyalists
8554.0,2024-10-04,5,200714.05,88.0,3,1,5,315,Promising
8555.0,2024-12-16,5,13872.73,15.0,3,1,3,313,Hibernating
8556.0,2024-10-21,9,16083.03,71.0,3,4,4,344,Loyal Customers
8557.0,2024-07-12,10,222223.38999999998,172.0,3,5,5,355,Loyal Customers
8558.0,2024-07-28,11,10529.800000000001,156.0,3,5,3,353,Potential Loyalists
8559.0,2024-10-26,3,4663.5,66.0,3,1,1,311,Hibernating
8560.0,2024-06-25,8,10335.15,189.0,3,3,3,333,Potential Loyalists
8561.0,2024-10-24,4,5014.08,68.0,3,1,1,311,Hibernating
8562.0,2024-05-01,9,23225.62,244.0,3,4,5,345,Loyal Customers
8563.0,2024-03-21,4,14887.77,285.0,3,1,4,314,Hibernating
8564.0,2024-11-27,7,12133.71,34.0,3,3,3,333,Potential Loyalists
8565.0,2024-04-05,9,12226.6,270.0,3,4,3,343,Potential Loyalists
8566.0,2023-07-04,4,118909.1,546.0,3,1,5,315,Promising
8567.0,2023-12-11,4,7633.0,386.0,3,1,2,312,Hibernating
8568.0,2024-03-13,11,13062.43,293.0,3,5,3,353,Potential Loyalists
8569.0,2024-11-11,12,193662.33,50.0,3,5,5,355,Loyal Customers
8570.0,2023-12-24,9,117231.52,373.0,3,4,5,345,Loyal Customers
8571.0,2023-07-05,6,5685.07,545.0,3,2,1,321,Hibernating
8572.0,2024-12-03,6,11226.61,28.0,3,2,3,323,Hibernating
8573.0,2024-09-07,9,10891.13,115.0,3,4,3,343,Potential Loyalists
8574.0,2024-09-12,11,16568.73,110.0,3,5,4,354,Loyal Customers
8575.0,2024-03-14,7,9131.439999999999,292.0,3,3,2,332,Potential Loyalists
8576.0,2024-11-03,9,8432.54,58.0,3,4,2,342,Potential Loyalists
8577.0,2024-09-14,8,11724.01,108.0,3,3,3,333,Potential Loyalists
8578.0,2024-03-02,6,4014.47,304.0,3,2,1,321,Hibernating
8579.0,2024-12-23,10,843247.22,8.0,3,5,5,355,Loyal Customers
8580.0,2024-08-14,9,10480.15,139.0,3,4,3,343,Potential Loyalists
8581.0,2024-09-23,5,4260.38,99.0,3,1,1,311,Hibernating
8582.0,2024-07-31,7,14005.720000000001,153.0,3,3,3,333,Potential Loyalists
8583.0,2024-11-30,8,12950.89,31.0,3,3,3,333,Potential Loyalists
8584.0,2024-03-30,6,7924.47,276.0,3,2,2,322,Hibernating
8585.0,2024-12-27,7,5400.41,4.0,3,3,1,331,Potential Loyalists
8586.0,2024-06-22,8,166634.00000000003,192.0,3,3,5,335,Loyal Customers
8587.0,2023-12-28,3,4617.55,369.0,3,1,1,311,Hibernating
8588.0,2024-09-28,13,16975.49,94.0,3,5,4,354,Loyal Customers
8589.0,2024-02-07,7,29951.949999999997,328.0,3,3,5,335,Loyal Customers
8590.0,2024-11-10,8,6700.47,51.0,3,3,2,332,Potential Loyalists
8591.0,2024-09-20,8,19270.59,102.0,3,3,4,334,Loyal Customers
8592.0,2024-12-15,13,33856.06,16.0,3,5,5,355,Loyal Customers
8593.0,2024-09-15,6,6787.55,107.0,3,2,2,322,Hibernating
8594.0,2024-10-07,10,14568.94,85.0,3,5,4,354,Loyal Customers
8595.0,2024-07-22,7,7014.129999999999,162.0,3,3,2,332,Potential Loyalists
8596.0,2024-06-10,8,9129.529999999999,204.0,3,3,2,332,Potential Loyalists
8597.0,2024-12-18,15,23422.92,13.0,3,5,5,355,Loyal Customers
8598.0,2024-03-24,6,3828.4,282.0,3,2,1,321,Hibernating
8599.0,2023-10-29,4,406278.38,429.0,3,1,5,315,Promising
8600.0,2024-11-14,7,5614.7300000000005,47.0,3,3,1,331,Potential Loyalists
8601.0,2024-11-18,8,18065.62,43.0,3,3,4,334,Loyal Customers
8602.0,2023-09-02,8,11193.09,486.0,3,3,3,333,Potential Loyalists
8603.0,2024-05-31,9,17565.23,214.0,3,4,4,344,Loyal Customers
8604.0,2024-11-29,6,16322.310000000001,32.0,3,2,4,324,Promising
8605.0,2024-09-24,10,32763.29,98.0,3,5,5,355,Loyal Customers
8606.0,2024-12-09,7,177627.65,22.0,3,3,5,335,Loyal Customers
8607.0,2024-11-20,7,60028.59,41.0,3,3,5,335,Loyal Customers
8608.0,2024-07-20,6,5353.95,164.0,3,2,1,321,Hibernating
8609.0,2024-12-30,8,5330.35,1.0,3,3,1,331,Potential Loyalists
8610.0,2023-11-10,6,12901.72,417.0,3,2,3,323,Hibernating
8611.0,2024-10-16,10,20561.08,76.0,3,5,4,354,Loyal Customers
8612.0,2024-06-02,6,34945.18,212.0,3,2,5,325,Promising
8613.0,2024-09-26,11,15222.6,96.0,3,5,4,354,Loyal Customers
8614.0,2023-08-19,10,15332.35,500.0,3,5,4,354,Loyal Customers
8615.0,2024-08-06,11,21790.2,147.0,3,5,4,354,Loyal Customers
8616.0,2024-10-14,9,10332.0,78.0,3,4,3,343,Potential Loyalists
8617.0,2024-10-06,7,12642.41,86.0,3,3,3,333,Potential Loyalists
8618.0,2024-10-27,7,9558.79,65.0,3,3,2,332,Potential Loyalists
8619.0,2024-11-30,6,4014.5,31.0,3,2,1,321,Hibernating
8620.0,2024-07-01,10,6842.68,183.0,3,5,2,352,Potential Loyalists
8621.0,2024-10-22,7,6925.82,70.0,3,3,2,332,Potential Loyalists
8622.0,2024-09-15,5,15663.0,107.0,3,1,4,314,Hibernating
8623.0,2023-06-14,5,9361.56,566.0,3,1,2,312,Hibernating
8624.0,2024-12-07,7,6952.62,24.0,3,3,2,332,Potential Loyalists
8625.0,2024-07-15,7,21646.13,169.0,3,3,4,334,Loyal Customers
8626.0,2024-04-04,5,6087.29,271.0,3,1,1,311,Hibernating
8627.0,2024-04-25,7,10154.04,250.0,3,3,2,332,Potential Loyalists
8628.0,2024-12-12,7,12459.78,19.0,3,3,3,333,Potential Loyalists
8629.0,2024-11-23,7,13998.24,38.0,3,3,3,333,Potential Loyalists
8630.0,2024-12-11,6,11985.68,20.0,3,2,3,323,Hibernating
8631.0,2024-10-25,5,10506.56,67.0,3,1,3,313,Hibernating
8632.0,2024-12-05,8,11252.12,26.0,3,3,3,333,Potential Loyalists
8633.0,2024-09-30,6,13907.55,92.0,3,2,3,323,Hibernating
8634.0,2024-11-21,7,4430.09,40.0,3,3,1,331,Potential Loyalists
8635.0,2023-04-04,5,1714.22,637.0,3,1,1,311,Hibernating
8636.0,2024-12-29,8,16191.67,2.0,3,3,4,334,Loyal Customers
8637.0,2024-11-24,6,13004.48,37.0,3,2,3,323,Hibernating
8638.0,2024-07-11,4,6066.42,173.0,3,1,1,311,Hibernating
8639.0,2024-02-18,6,11635.72,317.0,3,2,3,323,Hibernating
8640.0,2024-12-09,12,19606.010000000002,22.0,3,5,4,354,Loyal Customers
8641.0,2024-11-06,6,11175.3,55.0,3,2,3,323,Hibernating
8642.0,2024-10-30,8,20006.17,62.0,3,3,4,334,Loyal Customers
8643.0,2024-06-16,9,8931.71,198.0,3,4,2,342,Potential Loyalists
8644.0,2024-12-01,5,7564.1900000000005,30.0,3,1,2,312,Hibernating
8645.0,2024-07-05,6,6129.8099999999995,179.0,3,2,1,321,Hibernating
8646.0,2024-10-02,4,3555.86,90.0,3,1,1,311,Hibernating
8647.0,2024-08-02,8,17309.93,151.0,3,3,4,334,Loyal Customers
8648.0,2024-11-08,13,421805.67,53.0,3,5,5,355,Loyal Customers
8649.0,2024-08-12,6,4492.44,141.0,3,2,1,321,Hibernating
8650.0,2024-04-23,5,5755.5,252.0,3,1,1,311,Hibernating
8651.0,2024-10-02,7,12770.19,90.0,3,3,3,333,Potential Loyalists
8652.0,2024-12-22,10,11385.14,9.0,3,5,3,353,Potential Loyalists
8653.0,2024-11-10,13,17985.39,51.0,3,5,4,354,Loyal Customers
8654.0,2024-08-01,9,20008.1,152.0,3,4,4,344,Loyal Customers
8655.0,2024-07-04,9,220218.44,180.0,3,4,5,345,Loyal Customers
8656.0,2024-10-10,5,353361.60000000003,82.0,3,1,5,315,Promising
8657.0,2024-06-30,9,16046.56,184.0,3,4,4,344,Loyal Customers
8658.0,2024-12-15,14,19191.75,16.0,3,5,4,354,Loyal Customers
8659.0,2024-04-19,8,15655.36,256.0,3,3,4,334,Loyal Customers
8660.0,2024-09-16,7,6864.21,106.0,3,3,2,332,Potential Loyalists
8661.0,2024-11-03,9,14870.39,58.0,3,4,4,344,Loyal Customers
8662.0,2024-09-20,6,12456.74,102.0,3,2,3,323,Hibernating
8663.0,2023-12-14,4,927.21,383.0,3,1,1,311,Hibernating
8664.0,2024-04-28,8,192253.82,247.0,3,3,5,335,Loyal Customers
8665.0,2024-11-04,8,8280.8,57.0,3,3,2,332,Potential Loyalists
8666.0,2024-12-28,12,21698.98,3.0,3,5,4,354,Loyal Customers
8667.0,2024-09-19,10,6177.71,103.0,3,5,1,351,Potential Loyalists
8668.0,2024-12-13,9,22314.99,18.0,3,4,5,345,Loyal Customers
8669.0,2024-06-06,4,2930.7000000000003,208.0,3,1,1,311,Hibernating
8670.0,2024-06-01,9,10129.98,213.0,3,4,2,342,Potential Loyalists
8671.0,2024-08-03,9,18000.92,150.0,3,4,4,344,Loyal Customers
8672.0,2024-11-18,8,12719.59,43.0,3,3,3,333,Potential Loyalists
8673.0,2024-12-10,9,14470.44,21.0,3,4,4,344,Loyal Customers
8674.0,2024-10-10,7,51639.3,82.0,3,3,5,335,Loyal Customers
8675.0,2024-12-12,6,10756.65,19.0,3,2,3,323,Hibernating
8676.0,2024-03-27,7,26043.22,279.0,3,3,5,335,Loyal Customers
8677.0,2024-03-22,6,4499.0599999999995,284.0,3,2,1,321,Hibernating
8678.0,2024-10-22,7,7716.48,70.0,3,3,2,332,Potential Loyalists
8679.0,2024-06-20,8,19917.18,194.0,3,3,4,334,Loyal Customers
8680.0,2024-12-30,3,1917.5099999999998,1.0,3,1,1,311,Hibernating
8681.0,2024-10-11,10,567704.7,81.0,3,5,5,355,Loyal Customers
8682.0,2024-11-29,6,5888.6,32.0,3,2,1,321,Hibernating
8683.0,2024-12-15,4,4802.71,16.0,3,1,1,311,Hibernating
8684.0,2024-02-12,8,176829.35,323.0,3,3,5,335,Loyal Customers
8685.0,2024-12-15,3,5321.13,16.0,3,1,1,311,Hibernating
8686.0,2024-10-31,5,22699.48,61.0,3,1,5,315,Promising
8687.0,2024-12-10,4,7548.15,21.0,3,1,2,312,Hibernating
8688.0,2024-06-29,9,388365.62,185.0,3,4,5,345,Loyal Customers
8689.0,2024-10-08,12,22693.5,84.0,3,5,5,355,Loyal Customers
8690.0,2024-11-10,7,16515.25,51.0,3,3,4,334,Loyal Customers
8691.0,2023-10-05,2,4711.03,453.0,3,1,1,311,Hibernating
8692.0,2024-10-01,8,14281.56,91.0,3,3,3,333,Potential Loyalists
8693.0,2023-07-15,5,6595.7,535.0,3,1,2,312,Hibernating
8694.0,2024-08-14,12,38305.85,139.0,3,5,5,355,Loyal Customers
8695.0,2024-11-11,8,6787.02,50.0,3,3,2,332,Potential Loyalists
8696.0,2023-10-22,6,9639.220000000001,436.0,3,2,2,322,Hibernating
8697.0,2024-03-16,10,23556.75,290.0,3,5,5,355,Loyal Customers
8698.0,2024-05-02,6,10605.02,243.0,3,2,3,323,Hibernating
8699.0,2024-08-13,8,7984.16,140.0,3,3,2,332,Potential Loyalists
8700.0,2024-10-05,6,352378.72,87.0,3,2,5,325,Promising
8701.0,2024-12-24,11,184326.74,7.0,3,5,5,355,Loyal Customers
8702.0,2024-06-26,4,814.09,188.0,3,1,1,311,Hibernating
8703.0,2023-12-31,6,11519.4,366.0,3,2,3,323,Hibernating
8704.0,2024-10-14,5,9793.650000000001,78.0,3,1,2,312,Hibernating
8705.0,2024-11-02,7,47801.45,59.0,3,3,5,335,Loyal Customers
8706.0,2024-12-07,7,10447.46,24.0,3,3,3,333,Potential Loyalists
8707.0,2024-02-22,5,5883.7,313.0,3,1,1,311,Hibernating
8708.0,2024-08-16,8,18654.42,137.0,3,3,4,334,Loyal Customers
8709.0,2024-09-18,8,23377.61,104.0,3,3,5,335,Loyal Customers
8710.0,2024-03-08,8,17740.42,298.0,3,3,4,334,Loyal Customers
8711.0,2023-12-30,4,5927.09,367.0,3,1,1,311,Hibernating
8712.0,2024-10-09,9,18427.9,83.0,3,4,4,344,Loyal Customers
8713.0,2024-10-26,8,9464.4,66.0,3,3,2,332,Potential Loyalists
8714.0,2024-04-06,6,5388.4,269.0,3,2,1,321,Hibernating
8715.0,2024-11-18,5,11495.289999999999,43.0,3,1,3,313,Hibernating
8716.0,2023-09-28,7,8539.0,460.0,3,3,2,332,Potential Loyalists
8717.0,2024-12-31,6,46401.36,0.0,3,2,5,325,Promising
8718.0,2024-09-15,7,10018.49,107.0,3,3,2,332,Potential Loyalists
8719.0,2024-08-27,16,20228.28,126.0,3,5,4,354,Loyal Customers
8720.0,2024-12-22,8,7008.66,9.0,3,3,2,332,Potential Loyalists
8721.0,2024-12-25,9,5706.0,6.0,3,4,1,341,Potential Loyalists
8722.0,2024-05-15,11,190314.94,230.0,3,5,5,355,Loyal Customers
8723.0,2024-10-20,2,2533.5200000000004,72.0,3,1,1,311,Hibernating
8724.0,2024-10-31,5,13318.15,61.0,3,1,3,313,Hibernating
8725.0,2024-12-15,8,12701.6,16.0,3,3,3,333,Potential Loyalists
8726.0,2024-05-13,5,16894.68,232.0,3,1,4,314,Hibernating
8727.0,2024-11-10,3,3850.73,51.0,3,1,1,311,Hibernating
8728.0,2024-07-19,12,31143.71,165.0,3,5,5,355,Loyal Customers
8729.0,2024-05-02,12,28298.15,243.0,3,5,5,355,Loyal Customers
8730.0,2024-03-25,12,217878.65,281.0,3,5,5,355,Loyal Customers
8731.0,2024-11-11,11,24164.88,50.0,3,5,5,355,Loyal Customers
8732.0,2024-01-04,4,14841.82,362.0,3,1,4,314,Hibernating
8733.0,2024-08-19,9,23178.579999999998,134.0,3,4,5,345,Loyal Customers
8734.0,2024-12-31,9,14858.699999999999,0.0,3,4,4,344,Loyal Customers
8735.0,2024-07-06,8,8957.26,178.0,3,3,2,332,Potential Loyalists
8736.0,2024-12-15,6,4832.240000000001,16.0,3,2,1,321,Hibernating
8737.0,2024-04-09,7,14423.54,266.0,3,3,3,333,Potential Loyalists
8738.0,2024-02-01,5,6814.25,334.0,3,1,2,312,Hibernating
8739.0,2024-12-07,12,18804.33,24.0,3,5,4,354,Loyal Customers
8740.0,2024-10-23,8,10701.49,69.0,3,3,3,333,Potential Loyalists
8741.0,2024-11-30,11,9080.81,31.0,3,5,2,352,Potential Loyalists
8742.0,2024-05-21,6,12199.21,224.0,3,2,3,323,Hibernating
8743.0,2024-09-12,7,8552.82,110.0,3,3,2,332,Potential Loyalists
8744.0,2024-11-17,12,25135.399999999998,44.0,3,5,5,355,Loyal Customers
8745.0,2024-12-19,11,344674.93,12.0,3,5,5,355,Loyal Customers
8746.0,2024-07-28,8,20600.5,156.0,3,3,4,334,Loyal Customers
8747.0,2024-12-19,10,14578.47,12.0,3,5,4,354,Loyal Customers
8748.0,2024-09-03,6,9956.369999999999,119.0,3,2,2,322,Hibernating
8749.0,2024-12-20,8,8010.17,11.0,3,3,2,332,Potential Loyalists
8750.0,2024-05-26,5,4003.2000000000003,219.0,3,1,1,311,Hibernating
8751.0,2024-12-29,11,413433.74,2.0,3,5,5,355,Loyal Customers
8752.0,2024-12-06,3,1972.7199999999998,25.0,3,1,1,311,Hibernating
8753.0,2024-02-28,4,341749.22,307.0,3,1,5,315,Promising
8754.0,2023-07-07,2,1277.65,543.0,3,1,1,311,Hibernating
8755.0,2024-08-01,5,7965.5599999999995,152.0,3,1,2,312,Hibernating
8756.0,2024-12-16,9,7952.24,15.0,3,4,2,342,Potential Loyalists
8757.0,2024-07-20,9,61547.03,164.0,3,4,5,345,Loyal Customers
8758.0,2024-12-19,7,213293.22,12.0,3,3,5,335,Loyal Customers
8759.0,2024-07-12,6,3996.1,172.0,3,2,1,321,Hibernating
8760.0,2024-12-02,10,20193.84,29.0,3,5,4,354,Loyal Customers
8761.0,2024-05-24,4,5869.97,221.0,3,1,1,311,Hibernating
8762.0,2023-12-24,5,10145.9,373.0,3,1,2,312,Hibernating
8763.0,2024-11-11,6,8671.51,50.0,3,2,2,322,Hibernating
8764.0,2024-06-13,6,11893.220000000001,201.0,3,2,3,323,Hibernating
8765.0,2024-07-12,12,18269.97,172.0,3,5,4,354,Loyal Customers
8766.0,2024-12-10,10,16459.4,21.0,3,5,4,354,Loyal Customers
8767.0,2024-09-20,4,5145.08,102.0,3,1,1,311,Hibernating
8768.0,2024-07-27,7,10635.99,157.0,3,3,3,333,Potential Loyalists
8769.0,2024-07-12,6,18348.18,172.0,3,2,4,324,Promising
8770.0,2024-05-02,7,10105.25,243.0,3,3,2,332,Potential Loyalists
8771.0,2023-11-05,5,10662.98,422.0,3,1,3,313,Hibernating
8772.0,2023-01-01,4,6329.070000000001,730.0,3,1,1,311,Hibernating
8773.0,2024-07-31,7,8634.92,153.0,3,3,2,332,Potential Loyalists
8774.0,2024-12-31,9,10173.66,0.0,3,4,2,342,Potential Loyalists
8775.0,2024-06-30,6,17152.49,184.0,3,2,4,324,Promising
8776.0,2024-05-08,4,7032.12,237.0,3,1,2,312,Hibernating
8777.0,2023-08-31,5,4762.0,488.0,3,1,1,311,Hibernating
8778.0,2024-07-07,7,8512.119999999999,177.0,3,3,2,332,Potential Loyalists
8779.0,2023-10-17,5,7556.79,441.0,3,1,2,312,Hibernating
8780.0,2024-06-12,11,26289.31,202.0,3,5,5,355,Loyal Customers
8781.0,2024-07-08,10,20507.52,176.0,3,5,4,354,Loyal Customers
8782.0,2024-10-30,5,5805.05,62.0,3,1,1,311,Hibernating
8783.0,2024-10-05,7,126618.06999999999,87.0,3,3,5,335,Loyal Customers
8784.0,2024-05-15,5,6427.13,230.0,3,1,1,311,Hibernating
8785.0,2024-10-09,5,5095.51,83.0,3,1,1,311,Hibernating
8786.0,2024-10-12,6,13392.130000000001,80.0,3,2,3,323,Hibernating
8787.0,2024-12-03,4,8047.32,28.0,3,1,2,312,Hibernating
8788.0,2024-09-07,16,23242.649999999998,115.0,3,5,5,355,Loyal Customers
8789.0,2024-11-04,7,7534.09,57.0,3,3,2,332,Potential Loyalists
8790.0,2024-08-07,8,6641.05,146.0,3,3,2,332,Potential Loyalists
8791.0,2022-01-07,1,391488.83,1089.0,3,1,5,315,Promising
8792.0,2024-12-16,6,10605.99,15.0,3,2,3,323,Hibernating
8793.0,2024-04-26,2,724.4399999999999,249.0,3,1,1,311,Hibernating
8794.0,2024-12-15,10,15090.560000000001,16.0,3,5,4,354,Loyal Customers
8795.0,2024-11-30,8,222614.77,31.0,3,3,5,335,Loyal Customers
8796.0,2024-11-17,8,205029.74,44.0,3,3,5,335,Loyal Customers
8797.0,2024-12-26,9,779581.69,5.0,3,4,5,345,Loyal Customers
8798.0,2024-11-09,10,11956.289999999999,52.0,3,5,3,353,Potential Loyalists
8799.0,2024-08-29,6,10935.79,124.0,3,2,3,323,Hibernating
8800.0,2024-07-03,6,3256.27,181.0,3,2,1,321,Hibernating
8801.0,2024-12-14,10,35934.73,17.0,3,5,5,355,Loyal Customers
8802.0,2024-05-14,6,9061.94,231.0,3,2,2,322,Hibernating
8803.0,2023-03-23,2,8174.3099999999995,649.0,3,1,2,312,Hibernating
8804.0,2024-11-07,6,9001.539999999999,54.0,3,2,2,322,Hibernating
8805.0,2024-11-02,7,10816.5,59.0,3,3,3,333,Potential Loyalists
8806.0,2024-10-14,5,334696.13,78.0,3,1,5,315,Promising
8807.0,2024-11-11,9,7460.0,50.0,3,4,2,342,Potential Loyalists
8808.0,2024-12-29,8,20343.78,2.0,3,3,4,334,Loyal Customers
8809.0,2024-03-16,5,613814.3099999999,290.0,3,1,5,315,Promising
8810.0,2024-10-09,5,11042.7,83.0,3,1,3,313,Hibernating
8811.0,2024-12-29,5,11620.48,2.0,3,1,3,313,Hibernating
8812.0,2023-12-16,5,5102.55,381.0,3,1,1,311,Hibernating
8813.0,2024-09-07,7,11462.64,115.0,3,3,3,333,Potential Loyalists
8814.0,2024-01-24,13,16334.65,342.0,3,5,4,354,Loyal Customers
8815.0,2024-12-16,7,5819.389999999999,15.0,3,3,1,331,Potential Loyalists
8816.0,2023-10-05,3,1186.1,453.0,3,1,1,311,Hibernating
8817.0,2024-12-22,9,8134.42,9.0,3,4,2,342,Potential Loyalists
8818.0,2024-04-06,8,21381.55,269.0,3,3,4,334,Loyal Customers
8819.0,2024-07-09,9,302298.66,175.0,3,4,5,345,Loyal Customers
8820.0,2024-05-25,11,20307.88,220.0,3,5,4,354,Loyal Customers
8821.0,2024-07-14,9,14788.2,170.0,3,4,4,344,Loyal Customers
8822.0,2023-10-22,6,6091.75,436.0,3,2,1,321,Hibernating
8823.0,2024-12-19,4,6118.55,12.0,3,1,1,311,Hibernating
8824.0,2024-11-01,7,17011.75,60.0,3,3,4,334,Loyal Customers
8825.0,2024-06-19,8,10809.630000000001,195.0,3,3,3,333,Potential Loyalists
8826.0,2024-08-30,6,3478.99,123.0,3,2,1,321,Hibernating
8827.0,2023-04-28,2,2558.54,613.0,3,1,1,311,Hibernating
8828.0,2024-09-04,9,507583.37,118.0,3,4,5,345,Loyal Customers
8829.0,2024-12-28,4,4694.89,3.0,3,1,1,311,Hibernating
8830.0,2024-02-03,6,9955.47,332.0,3,2,2,322,Hibernating
8831.0,2023-12-17,5,9337.54,380.0,3,1,2,312,Hibernating
8832.0,2024-10-14,4,10296.3,78.0,3,1,3,313,Hibernating
8833.0,2024-11-17,6,12701.72,44.0,3,2,3,323,Hibernating
8834.0,2024-11-10,10,24777.33,51.0,3,5,5,355,Loyal Customers
8835.0,2023-12-19,9,12384.61,378.0,3,4,3,343,Potential Loyalists
8836.0,2024-08-30,4,5999.37,123.0,3,1,1,311,Hibernating
8837.0,2024-05-30,7,9254.32,215.0,3,3,2,332,Potential Loyalists
8838.0,2024-12-06,9,13749.89,25.0,3,4,3,343,Potential Loyalists
8839.0,2024-07-11,9,13348.75,173.0,3,4,3,343,Potential Loyalists
8840.0,2024-12-02,7,7004.960000000001,29.0,3,3,2,332,Potential Loyalists
8841.0,2024-12-22,5,597512.9700000001,9.0,3,1,5,315,Promising
8842.0,2024-12-20,10,42817.11,11.0,3,5,5,355,Loyal Customers
8843.0,2024-10-28,3,4526.65,64.0,3,1,1,311,Hibernating
8844.0,2024-09-10,12,17011.0,112.0,3,5,4,354,Loyal Customers
8845.0,2024-11-24,5,213556.87999999998,37.0,3,1,5,315,Promising
8846.0,2024-08-20,8,9791.699999999999,133.0,3,3,2,332,Potential Loyalists
8847.0,2024-09-24,10,28123.8,98.0,3,5,5,355,Loyal Customers
8848.0,2024-12-17,8,9148.39,14.0,3,3,2,332,Potential Loyalists
8849.0,2024-09-13,10,11480.24,109.0,3,5,3,353,Potential Loyalists
8850.0,2024-11-07,8,17584.27,54.0,3,3,4,334,Loyal Customers
8851.0,2024-10-19,7,6152.23,73.0,3,3,1,331,Potential Loyalists
8852.0,2024-08-22,7,15726.51,131.0,3,3,4,334,Loyal Customers
8853.0,2024-11-26,6,7347.1900000000005,35.0,3,2,2,322,Hibernating
8854.0,2024-05-05,8,6863.57,240.0,3,3,2,332,Potential Loyalists
8855.0,2024-07-12,9,30628.260000000002,172.0,3,4,5,345,Loyal Customers
8856.0,2024-12-13,5,14239.34,18.0,3,1,3,313,Hibernating
8857.0,2024-07-09,7,7658.22,175.0,3,3,2,332,Potential Loyalists
8858.0,2024-10-22,8,234719.90999999997,70.0,3,3,5,335,Loyal Customers
8859.0,2024-10-31,13,20985.82,61.0,3,5,4,354,Loyal Customers
8860.0,2024-12-29,11,34764.72,2.0,3,5,5,355,Loyal Customers
8861.0,2024-07-05,6,13356.55,179.0,3,2,3,323,Hibernating
8862.0,2024-12-28,5,160697.37000000002,3.0,3,1,5,315,Promising
8863.0,2024-08-23,5,13479.89,130.0,3,1,3,313,Hibernating
8864.0,2024-07-22,3,977.75,162.0,3,1,1,311,Hibernating
8865.0,2024-05-27,5,6311.150000000001,218.0,3,1,1,311,Hibernating
8866.0,2024-11-14,7,14087.58,47.0,3,3,3,333,Potential Loyalists
8867.0,2024-01-14,8,11832.67,352.0,3,3,3,333,Potential Loyalists
8868.0,2024-06-11,5,4666.95,203.0,3,1,1,311,Hibernating
8869.0,2024-11-11,12,54052.4,50.0,3,5,5,355,Loyal Customers
8870.0,2024-10-24,3,2037.71,68.0,3,1,1,311,Hibernating
8871.0,2024-12-24,10,19421.17,7.0,3,5,4,354,Loyal Customers
8872.0,2024-06-20,10,17500.66,194.0,3,5,4,354,Loyal Customers
8873.0,2024-05-21,6,7083.72,224.0,3,2,2,322,Hibernating
8874.0,2023-10-25,6,4302.59,433.0,3,2,1,321,Hibernating
8875.0,2024-10-21,8,11613.91,71.0,3,3,3,333,Potential Loyalists
8876.0,2024-01-27,4,6836.52,339.0,3,1,2,312,Hibernating
8877.0,2024-06-08,7,5859.71,206.0,3,3,1,331,Potential Loyalists
8878.0,2024-02-14,9,6968.46,321.0,3,4,2,342,Potential Loyalists
8879.0,2024-09-16,7,9501.18,106.0,3,3,2,332,Potential Loyalists
8880.0,2024-11-06,11,15720.22,55.0,3,5,4,354,Loyal Customers
8881.0,2024-12-10,8,14437.16,21.0,3,3,4,334,Loyal Customers
8882.0,2024-11-17,11,15134.67,44.0,3,5,4,354,Loyal Customers
8883.0,2024-01-09,3,3079.25,357.0,3,1,1,311,Hibernating
8884.0,2024-02-23,3,3731.59,312.0,3,1,1,311,Hibernating
8885.0,2024-11-26,8,16893.48,35.0,3,3,4,334,Loyal Customers
8886.0,2024-09-17,7,20975.98,105.0,3,3,4,334,Loyal Customers
8887.0,2024-09-30,7,13119.65,92.0,3,3,3,333,Potential Loyalists
8888.0,2024-09-05,5,7756.62,117.0,3,1,2,312,Hibernating
8889.0,2024-09-23,4,12775.070000000002,99.0,3,1,3,313,Hibernating
8890.0,2024-11-10,8,26347.73,51.0,3,3,5,335,Loyal Customers
8891.0,2024-07-07,6,12046.349999999999,177.0,3,2,3,323,Hibernating
8892.0,2024-07-16,6,5621.0,168.0,3,2,1,321,Hibernating
8893.0,2024-06-04,5,11051.56,210.0,3,1,3,313,Hibernating
8894.0,2023-09-25,6,9352.13,463.0,3,2,2,322,Hibernating
8895.0,2024-10-15,5,6047.75,77.0,3,1,1,311,Hibernating
8896.0,2024-09-20,9,13388.31,102.0,3,4,3,343,Potential Loyalists
8897.0,2024-08-27,2,4514.8,126.0,3,1,1,311,Hibernating
8898.0,2024-10-04,12,15963.32,88.0,3,5,4,354,Loyal Customers
8899.0,2024-04-07,3,3941.9999999999995,268.0,3,1,1,311,Hibernating
8900.0,2024-04-28,4,4315.3099999999995,247.0,3,1,1,311,Hibernating
8901.0,2024-02-03,5,46300.87,332.0,3,1,5,315,Promising
8902.0,2024-06-12,2,5156.49,202.0,3,1,1,311,Hibernating
8903.0,2024-07-20,3,9128.94,164.0,3,1,2,312,Hibernating
8904.0,2024-12-31,7,3172.94,0.0,3,3,1,331,Potential Loyalists
8905.0,2024-09-21,8,8205.869999999999,101.0,3,3,2,332,Potential Loyalists
8906.0,2024-10-05,7,14278.02,87.0,3,3,3,333,Potential Loyalists
8907.0,2024-09-06,4,5445.92,116.0,3,1,1,311,Hibernating
8908.0,2024-05-19,10,35299.5,226.0,3,5,5,355,Loyal Customers
8909.0,2023-12-11,9,19400.15,386.0,3,4,4,344,Loyal Customers
8910.0,2024-04-03,6,13633.11,272.0,3,2,3,323,Hibernating
8911.0,2022-10-03,1,438.07,820.0,3,1,1,311,Hibernating
8912.0,2024-09-23,9,8064.23,99.0,3,4,2,342,Potential Loyalists
8913.0,2024-11-24,9,21640.190000000002,37.0,3,4,4,344,Loyal Customers
8914.0,2024-05-22,7,20039.88,223.0,3,3,4,334,Loyal Customers
8915.0,2024-11-18,5,10909.61,43.0,3,1,3,313,Hibernating
8916.0,2024-10-23,4,7661.43,69.0,3,1,2,312,Hibernating
8917.0,2024-11-14,7,10462.92,47.0,3,3,3,333,Potential Loyalists
8918.0,2024-11-15,10,20973.170000000002,46.0,3,5,4,354,Loyal Customers
8919.0,2023-08-11,7,12163.76,508.0,3,3,3,333,Potential Loyalists
8920.0,2024-12-31,6,6622.68,0.0,3,2,2,322,Hibernating
8921.0,2024-12-22,9,12983.1,9.0,3,4,3,343,Potential Loyalists
8922.0,2023-08-02,11,18201.579999999998,517.0,3,5,4,354,Loyal Customers
8923.0,2024-10-20,12,21563.8,72.0,3,5,4,354,Loyal Customers
8924.0,2024-12-30,5,7076.3,1.0,3,1,2,312,Hibernating
8925.0,2024-04-23,6,10880.1,252.0,3,2,3,323,Hibernating
8926.0,2024-02-19,8,6584.59,316.0,3,3,1,331,Potential Loyalists
8927.0,2024-12-09,4,4069.75,22.0,3,1,1,311,Hibernating
8928.0,2024-10-08,5,13431.67,84.0,3,1,3,313,Hibernating
8929.0,2024-10-10,8,8149.7699999999995,82.0,3,3,2,332,Potential Loyalists
8930.0,2024-12-28,8,11427.85,3.0,3,3,3,333,Potential Loyalists
8931.0,2024-07-13,8,370378.58,171.0,3,3,5,335,Loyal Customers
8932.0,2024-11-05,10,15443.84,56.0,3,5,4,354,Loyal Customers
8933.0,2024-12-20,7,15755.99,11.0,3,3,4,334,Loyal Customers
8934.0,2024-11-10,8,21036.170000000002,51.0,3,3,4,334,Loyal Customers
8935.0,2024-11-28,7,6055.59,33.0,3,3,1,331,Potential Loyalists
8936.0,2024-08-13,6,8211.68,140.0,3,2,2,322,Hibernating
8937.0,2024-12-08,6,11063.5,23.0,3,2,3,323,Hibernating
8938.0,2024-10-06,8,15028.59,86.0,3,3,4,334,Loyal Customers
8939.0,2024-10-22,9,9382.56,70.0,3,4,2,342,Potential Loyalists
8940.0,2024-09-24,6,7086.06,98.0,3,2,2,322,Hibernating
8941.0,2024-09-22,9,361567.82,100.0,3,4,5,345,Loyal Customers
8942.0,2024-12-14,5,8789.0,17.0,3,1,2,312,Hibernating
8943.0,2024-12-21,7,15612.52,10.0,3,3,4,334,Loyal Customers
8944.0,2024-09-29,10,15810.36,93.0,3,5,4,354,Loyal Customers
8945.0,2023-02-12,2,2539.56,688.0,3,1,1,311,Hibernating
8946.0,2024-07-03,5,6413.05,181.0,3,1,1,311,Hibernating
8947.0,2024-11-20,11,27514.07,41.0,3,5,5,355,Loyal Customers
8948.0,2024-06-15,8,9236.58,199.0,3,3,2,332,Potential Loyalists
8949.0,2024-12-20,8,11441.42,11.0,3,3,3,333,Potential Loyalists
8950.0,2024-06-18,7,10416.779999999999,196.0,3,3,3,333,Potential Loyalists
8951.0,2024-03-21,6,13679.189999999999,285.0,3,2,3,323,Hibernating
8952.0,2024-10-30,9,15146.630000000001,62.0,3,4,4,344,Loyal Customers
8953.0,2023-12-14,6,9546.62,383.0,3,2,2,322,Hibernating
8954.0,2024-10-23,4,7348.17,69.0,3,1,2,312,Hibernating
8955.0,2024-12-09,8,14991.99,22.0,3,3,4,334,Loyal Customers
8956.0,2024-04-09,5,7779.2699999999995,266.0,3,1,2,312,Hibernating
8957.0,2024-02-10,4,1360.06,325.0,3,1,1,311,Hibernating
8958.0,2024-05-14,9,10324.33,231.0,3,4,3,343,Potential Loyalists
8959.0,2023-08-03,3,3105.79,516.0,3,1,1,311,Hibernating
8960.0,2024-10-09,6,18663.32,83.0,3,2,4,324,Promising
8961.0,2024-05-18,8,9606.36,227.0,3,3,2,332,Potential Loyalists
8962.0,2024-03-08,4,11082.33,298.0,3,1,3,313,Hibernating
8963.0,2024-09-24,3,10266.960000000001,98.0,3,1,3,313,Hibernating
8964.0,2023-05-05,6,6521.5,606.0,3,2,1,321,Hibernating
8965.0,2024-08-07,9,10540.07,146.0,3,4,3,343,Potential Loyalists
8966.0,2024-08-17,8,6584.15,136.0,3,3,1,331,Potential Loyalists
8967.0,2023-12-31,8,13510.61,366.0,3,3,3,333,Potential Loyalists
8968.0,2024-02-12,5,7501.52,323.0,3,1,2,312,Hibernating
8969.0,2024-08-07,8,35716.06,146.0,3,3,5,335,Loyal Customers
8970.0,2024-05-01,5,112816.1,244.0,3,1,5,315,Promising
8971.0,2024-05-25,8,16565.72,220.0,3,3,4,334,Loyal Customers
8972.0,2024-07-09,8,78171.87000000001,175.0,3,3,5,335,Loyal Customers
8973.0,2024-06-24,9,17477.559999999998,190.0,3,4,4,344,Loyal Customers
8974.0,2024-10-25,8,13319.869999999999,67.0,3,3,3,333,Potential Loyalists
8975.0,2024-05-03,5,1852.49,242.0,3,1,1,311,Hibernating
8976.0,2024-07-14,8,8609.65,170.0,3,3,2,332,Potential Loyalists
8977.0,2024-03-10,2,3704.82,296.0,3,1,1,311,Hibernating
8978.0,2024-12-22,5,788949.46,9.0,3,1,5,315,Promising
8979.0,2024-12-30,9,16411.59,1.0,3,4,4,344,Loyal Customers
8980.0,2024-03-11,15,21731.42,295.0,3,5,4,354,Loyal Customers
8981.0,2024-12-21,9,11908.23,10.0,3,4,3,343,Potential Loyalists
8982.0,2024-08-31,6,16775.45,122.0,3,2,4,324,Promising
8983.0,2024-12-20,6,6337.25,11.0,3,2,1,321,Hibernating
8984.0,2024-11-25,9,19866.05,36.0,3,4,4,344,Loyal Customers
8985.0,2024-08-10,13,23489.63,143.0,3,5,5,355,Loyal Customers
8986.0,2024-09-20,11,17064.22,102.0,3,5,4,354,Loyal Customers
8987.0,2024-11-30,10,15808.710000000001,31.0,3,5,4,354,Loyal Customers
8988.0,2024-08-07,9,15848.27,146.0,3,4,4,344,Loyal Customers
8989.0,2024-03-19,4,4769.57,287.0,3,1,1,311,Hibernating
8990.0,2024-07-15,2,1068.26,169.0,3,1,1,311,Hibernating
8991.0,2024-12-16,9,22442.68,15.0,3,4,5,345,Loyal Customers
8992.0,2024-08-11,9,8436.36,142.0,3,4,2,342,Potential Loyalists
8993.0,2024-12-30,9,17857.28,1.0,3,4,4,344,Loyal Customers
8994.0,2024-12-11,10,17383.0,20.0,3,5,4,354,Loyal Customers
8995.0,2024-09-10,4,3142.35,112.0,3,1,1,311,Hibernating
8996.0,2024-10-31,6,15235.67,61.0,3,2,4,324,Promising
8997.0,2024-12-01,8,7885.37,30.0,3,3,2,332,Potential Loyalists
8998.0,2024-05-25,6,23864.99,220.0,3,2,5,325,Promising
8999.0,2024-06-22,7,10788.44,192.0,3,3,3,333,Potential Loyalists
9000.0,2024-07-25,4,4003.5600000000004,159.0,3,1,1,311,Hibernating
9001.0,2024-09-08,4,7709.860000000001,114.0,3,1,2,312,Hibernating
9002.0,2024-05-03,4,7066.34,242.0,3,1,2,312,Hibernating
9003.0,2024-12-23,7,506324.81,8.0,3,3,5,335,Loyal Customers
9004.0,2024-10-27,8,8386.289999999999,65.0,3,3,2,332,Potential Loyalists
9005.0,2024-11-25,7,36316.95,36.0,3,3,5,335,Loyal Customers
9006.0,2024-06-25,7,9388.98,189.0,3,3,2,332,Potential Loyalists
9007.0,2024-02-15,7,10830.189999999999,320.0,3,3,3,333,Potential Loyalists
9008.0,2024-09-27,7,9286.31,95.0,3,3,2,332,Potential Loyalists
9009.0,2023-12-30,5,11399.0,367.0,3,1,3,313,Hibernating
9010.0,2024-06-11,6,29405.23,203.0,3,2,5,325,Promising
9011.0,2024-08-24,10,19230.41,129.0,3,5,4,354,Loyal Customers
9012.0,2024-04-08,8,20542.04,267.0,3,3,4,334,Loyal Customers
9013.0,2023-12-16,11,187956.14,381.0,3,5,5,355,Loyal Customers
9014.0,2023-01-06,3,3952.88,725.0,3,1,1,311,Hibernating
9015.0,2024-12-14,8,8531.69,17.0,3,3,2,332,Potential Loyalists
9016.0,2024-12-29,6,7244.81,2.0,3,2,2,322,Hibernating
9017.0,2024-05-20,9,17975.68,225.0,3,4,4,344,Loyal Customers
9018.0,2024-01-10,6,13414.34,356.0,3,2,3,323,Hibernating
9019.0,2024-10-14,9,17836.670000000002,78.0,3,4,4,344,Loyal Customers
9020.0,2024-12-29,4,7810.099999999999,2.0,3,1,2,312,Hibernating
9021.0,2023-09-20,6,9125.32,468.0,3,2,2,322,Hibernating
9022.0,2023-12-16,5,9488.8,381.0,3,1,2,312,Hibernating
9023.0,2024-06-13,7,12671.66,201.0,3,3,3,333,Potential Loyalists
9024.0,2024-05-25,8,24803.829999999998,220.0,3,3,5,335,Loyal Customers
9025.0,2024-09-21,7,14075.09,101.0,3,3,3,333,Potential Loyalists
9026.0,2024-08-06,7,8034.68,147.0,3,3,2,332,Potential Loyalists
9027.0,2023-07-23,6,8278.289999999999,527.0,3,2,2,322,Hibernating
9028.0,2024-10-18,9,18443.1,74.0,3,4,4,344,Loyal Customers
9029.0,2024-10-28,6,144247.42999999996,64.0,3,2,5,325,Promising
9030.0,2024-03-04,10,26954.24,302.0,3,5,5,355,Loyal Customers
9031.0,2024-09-18,6,9195.4,104.0,3,2,2,322,Hibernating
9032.0,2024-09-19,5,4678.08,103.0,3,1,1,311,Hibernating
9033.0,2024-12-18,6,178907.82,13.0,3,2,5,325,Promising
9034.0,2024-10-22,11,27736.04,70.0,3,5,5,355,Loyal Customers
9035.0,2024-01-17,5,28171.17,349.0,3,1,5,315,Promising
9036.0,2024-06-13,8,7556.18,201.0,3,3,2,332,Potential Loyalists
9037.0,2024-10-04,6,207415.44,88.0,3,2,5,325,Promising
9038.0,2024-03-19,6,4717.76,287.0,3,2,1,321,Hibernating
9039.0,2024-10-15,9,10336.12,77.0,3,4,3,343,Potential Loyalists
9040.0,2023-11-18,8,9196.25,409.0,3,3,2,332,Potential Loyalists
9041.0,2024-09-23,6,5115.56,99.0,3,2,1,321,Hibernating
9042.0,2024-04-15,5,9840.25,260.0,3,1,2,312,Hibernating
9043.0,2024-03-10,7,10611.119999999999,296.0,3,3,3,333,Potential Loyalists
9044.0,2024-11-29,14,26883.42,32.0,3,5,5,355,Loyal Customers
9045.0,2024-12-20,12,24212.97,11.0,3,5,5,355,Loyal Customers
9046.0,2024-10-25,12,49285.83,67.0,3,5,5,355,Loyal Customers
9047.0,2024-11-14,16,23589.54,47.0,3,5,5,355,Loyal Customers
9048.0,2024-11-11,7,8523.31,50.0,3,3,2,332,Potential Loyalists
9049.0,2024-11-25,8,4722.65,36.0,3,3,1,331,Potential Loyalists
9050.0,2024-12-12,13,21354.36,19.0,3,5,4,354,Loyal Customers
9051.0,2023-11-29,2,7377.07,398.0,3,1,2,312,Hibernating
9052.0,2024-07-06,3,2986.64,178.0,3,1,1,311,Hibernating
9053.0,2024-12-07,3,5985.68,24.0,3,1,1,311,Hibernating
9054.0,2024-04-16,7,12623.47,259.0,3,3,3,333,Potential Loyalists
9055.0,2024-08-22,7,2922.63,131.0,3,3,1,331,Potential Loyalists
9056.0,2024-06-27,5,8176.25,187.0,3,1,2,312,Hibernating
9057.0,2023-11-01,5,4911.87,426.0,3,1,1,311,Hibernating
9058.0,2024-08-31,13,26531.329999999998,122.0,3,5,5,355,Loyal Customers
9059.0,2024-11-02,5,6780.46,59.0,3,1,2,312,Hibernating
9060.0,2024-08-13,8,8756.01,140.0,3,3,2,332,Potential Loyalists
9061.0,2024-11-13,9,20096.85,48.0,3,4,4,344,Loyal Customers
9062.0,2024-12-16,8,28348.32,15.0,3,3,5,335,Loyal Customers
9063.0,2024-09-22,14,21797.260000000002,100.0,3,5,4,354,Loyal Customers
9064.0,2024-12-15,10,18781.23,16.0,3,5,4,354,Loyal Customers
9065.0,2024-12-29,11,17082.06,2.0,3,5,4,354,Loyal Customers
9066.0,2024-01-19,6,16209.52,347.0,3,2,4,324,Promising
9067.0,2024-10-24,11,21830.68,68.0,3,5,4,354,Loyal Customers
9068.0,2024-12-26,7,10791.630000000001,5.0,3,3,3,333,Potential Loyalists
9069.0,2024-11-01,6,3744.01,60.0,3,2,1,321,Hibernating
9070.0,2024-03-05,4,1562.36,301.0,3,1,1,311,Hibernating
9071.0,2024-03-14,4,7586.09,292.0,3,1,2,312,Hibernating
9072.0,2024-12-23,8,10344.57,8.0,3,3,3,333,Potential Loyalists
9073.0,2024-08-22,7,12773.22,131.0,3,3,3,333,Potential Loyalists
9074.0,2024-11-02,5,11460.4,59.0,3,1,3,313,Hibernating
9075.0,2024-02-21,7,14380.21,314.0,3,3,3,333,Potential Loyalists
9076.0,2024-12-25,2,3573.17,6.0,3,1,1,311,Hibernating
9077.0,2024-11-28,14,27132.920000000002,33.0,3,5,5,355,Loyal Customers
9078.0,2023-09-11,5,13646.82,477.0,3,1,3,313,Hibernating
9079.0,2024-11-28,5,7320.5,33.0,3,1,2,312,Hibernating
9080.0,2024-12-18,10,11474.12,13.0,3,5,3,353,Potential Loyalists
9081.0,2024-09-28,5,8166.0199999999995,94.0,3,1,2,312,Hibernating
9082.0,2024-10-13,8,11924.81,79.0,3,3,3,333,Potential Loyalists
9083.0,2024-06-08,8,10364.97,206.0,3,3,3,333,Potential Loyalists
9084.0,2024-11-10,5,5795.85,51.0,3,1,1,311,Hibernating
9085.0,2024-11-30,8,11372.36,31.0,3,3,3,333,Potential Loyalists
9086.0,2024-11-05,8,22112.06,56.0,3,3,5,335,Loyal Customers
9087.0,2023-07-23,6,12415.77,527.0,3,2,3,323,Hibernating
9088.0,2024-09-17,8,18000.62,105.0,3,3,4,334,Loyal Customers
9089.0,2024-08-17,12,24483.02,136.0,3,5,5,355,Loyal Customers
9090.0,2024-12-14,9,11688.24,17.0,3,4,3,343,Potential Loyalists
9091.0,2024-10-02,4,9596.17,90.0,3,1,2,312,Hibernating
9092.0,2024-11-07,10,13935.74,54.0,3,5,3,353,Potential Loyalists
9093.0,2024-07-08,8,9138.710000000001,176.0,3,3,2,332,Potential Loyalists
9094.0,2024-11-18,6,9895.07,43.0,3,2,2,322,Hibernating
9095.0,2024-03-01,4,5293.29,305.0,3,1,1,311,Hibernating
9096.0,2024-08-29,11,8295.69,124.0,3,5,2,352,Potential Loyalists
9097.0,2024-10-24,13,25677.399999999998,68.0,3,5,5,355,Loyal Customers
9098.0,2024-12-05,7,50821.17,26.0,3,3,5,335,Loyal Customers
9099.0,2023-10-17,2,150.78,441.0,3,1,1,311,Hibernating
9100.0,2024-09-15,7,13386.74,107.0,3,3,3,333,Potential Loyalists
9101.0,2023-10-21,7,11045.6,437.0,3,3,3,333,Potential Loyalists
9102.0,2024-07-30,5,5600.07,154.0,3,1,1,311,Hibernating
9103.0,2023-05-05,5,8766.57,606.0,3,1,2,312,Hibernating
9104.0,2024-10-31,12,24690.670000000002,61.0,3,5,5,355,Loyal Customers
9105.0,2024-12-26,9,17172.88,5.0,3,4,4,344,Loyal Customers
9106.0,2024-05-29,8,8456.43,216.0,3,3,2,332,Potential Loyalists
9107.0,2024-11-30,4,6371.51,31.0,3,1,1,311,Hibernating
9108.0,2024-12-24,7,21992.600000000002,7.0,3,3,4,334,Loyal Customers
9109.0,2024-06-19,7,15608.859999999999,195.0,3,3,4,334,Loyal Customers
9110.0,2024-11-16,6,11862.57,45.0,3,2,3,323,Hibernating
9111.0,2024-05-23,7,12178.9,222.0,3,3,3,333,Potential Loyalists
9112.0,2023-01-12,2,4179.280000000001,719.0,3,1,1,311,Hibernating
9113.0,2024-06-23,10,14770.39,191.0,3,5,4,354,Loyal Customers
9114.0,2024-02-26,4,4412.31,309.0,3,1,1,311,Hibernating
9115.0,2024-05-02,5,576128.39,243.0,3,1,5,315,Promising
9116.0,2024-09-25,7,6717.1900000000005,97.0,3,3,2,332,Potential Loyalists
9117.0,2022-09-22,1,17.57,831.0,3,1,1,311,Hibernating
9118.0,2024-06-28,12,14664.86,186.0,3,5,4,354,Loyal Customers
9119.0,2024-05-29,6,7373.490000000001,216.0,3,2,2,322,Hibernating
9120.0,2024-09-24,10,7589.849999999999,98.0,3,5,2,352,Potential Loyalists
9121.0,2023-07-31,2,3049.39,519.0,3,1,1,311,Hibernating
9122.0,2024-12-24,12,22515.3,7.0,3,5,5,355,Loyal Customers
9123.0,2024-12-30,8,21869.260000000002,1.0,3,3,4,334,Loyal Customers
9124.0,2024-07-19,8,21496.44,165.0,3,3,4,334,Loyal Customers
9125.0,2024-12-30,6,3517.4700000000003,1.0,3,2,1,321,Hibernating
9126.0,2024-12-09,7,19148.18,22.0,3,3,4,334,Loyal Customers
9127.0,2024-09-12,9,11169.83,110.0,3,4,3,343,Potential Loyalists
9128.0,2024-08-28,12,12348.97,125.0,3,5,3,353,Potential Loyalists
9129.0,2024-06-02,6,6350.63,212.0,3,2,1,321,Hibernating
9130.0,2024-10-28,8,8605.94,64.0,3,3,2,332,Potential Loyalists
9131.0,2024-08-11,8,13990.81,142.0,3,3,3,333,Potential Loyalists
9132.0,2023-12-11,9,25551.2,386.0,3,4,5,345,Loyal Customers
9133.0,2024-11-27,7,7656.09,34.0,3,3,2,332,Potential Loyalists
9134.0,2024-04-23,3,3170.7200000000003,252.0,3,1,1,311,Hibernating
9135.0,2024-09-03,13,23130.0,119.0,3,5,5,355,Loyal Customers
9136.0,2024-09-26,10,25422.09,96.0,3,5,5,355,Loyal Customers
9137.0,2024-07-14,5,11123.02,170.0,3,1,3,313,Hibernating
9138.0,2024-08-24,6,21155.559999999998,129.0,3,2,4,324,Promising
9139.0,2024-12-12,4,7216.210000000001,19.0,3,1,2,312,Hibernating
9140.0,2024-08-08,7,16539.25,145.0,3,3,4,334,Loyal Customers
9141.0,2024-12-02,6,8518.73,29.0,3,2,2,322,Hibernating
9142.0,2023-06-26,5,172454.21,554.0,3,1,5,315,Promising
9143.0,2024-12-25,6,27288.73,6.0,3,2,5,325,Promising
9144.0,2024-01-01,8,13033.73,365.0,3,3,3,333,Potential Loyalists
9145.0,2023-12-21,4,2056.67,376.0,3,1,1,311,Hibernating
9146.0,2023-10-28,7,10968.550000000001,430.0,3,3,3,333,Potential Loyalists
9147.0,2023-11-30,4,8087.37,397.0,3,1,2,312,Hibernating
9148.0,2024-09-05,10,12783.53,117.0,3,5,3,353,Potential Loyalists
9149.0,2024-05-19,7,12882.41,226.0,3,3,3,333,Potential Loyalists
9150.0,2024-11-05,10,381827.19,56.0,3,5,5,355,Loyal Customers
9151.0,2024-10-16,10,16983.43,76.0,3,5,4,354,Loyal Customers
9152.0,2024-12-07,4,3163.71,24.0,3,1,1,311,Hibernating
9153.0,2024-08-27,4,9703.76,126.0,3,1,2,312,Hibernating
9154.0,2024-04-03,3,2134.36,272.0,3,1,1,311,Hibernating
9155.0,2024-09-17,7,6351.46,105.0,3,3,1,331,Potential Loyalists
9156.0,2024-12-19,5,5184.62,12.0,3,1,1,311,Hibernating
9157.0,2024-05-26,5,9972.869999999999,219.0,3,1,2,312,Hibernating
9158.0,2024-10-06,7,9920.51,86.0,3,3,2,332,Potential Loyalists
9159.0,2022-10-03,4,3985.4900000000002,820.0,3,1,1,311,Hibernating
9160.0,2024-09-08,7,10347.03,114.0,3,3,3,333,Potential Loyalists
9161.0,2024-02-23,6,7866.66,312.0,3,2,2,322,Hibernating
9162.0,2024-11-17,6,10130.47,44.0,3,2,2,322,Hibernating
9163.0,2024-12-02,9,18696.3,29.0,3,4,4,344,Loyal Customers
9164.0,2024-07-18,4,9539.24,166.0,3,1,2,312,Hibernating
9165.0,2024-10-24,12,18141.43,68.0,3,5,4,354,Loyal Customers
9166.0,2024-10-28,1,925.6,64.0,3,1,1,311,Hibernating
9167.0,2024-12-21,6,9809.05,10.0,3,2,2,322,Hibernating
9168.0,2024-10-17,7,10752.470000000001,75.0,3,3,3,333,Potential Loyalists
9169.0,2024-07-26,15,27271.98,158.0,3,5,5,355,Loyal Customers
9170.0,2024-06-29,6,137997.97,185.0,3,2,5,325,Promising
9171.0,2024-09-15,7,11846.3,107.0,3,3,3,333,Potential Loyalists
9172.0,2024-12-15,3,16492.23,16.0,3,1,4,314,Hibernating
9173.0,2024-05-19,5,7769.09,226.0,3,1,2,312,Hibernating
9174.0,2024-01-29,6,5831.53,337.0,3,2,1,321,Hibernating
9175.0,,1,524.85,,3,1,1,311,Hibernating
9176.0,2024-05-16,5,6463.43,229.0,3,1,1,311,Hibernating
9177.0,2024-09-13,3,2465.17,109.0,3,1,1,311,Hibernating
9178.0,2024-12-10,6,7451.48,21.0,3,2,2,322,Hibernating
9179.0,2024-10-25,11,411313.62,67.0,3,5,5,355,Loyal Customers
9180.0,2024-10-09,7,18776.28,83.0,3,3,4,334,Loyal Customers
9181.0,2024-03-18,5,9184.11,288.0,3,1,2,312,Hibernating
9182.0,2024-10-17,11,12343.16,75.0,3,5,3,353,Potential Loyalists
9183.0,2024-05-09,10,16635.41,236.0,3,5,4,354,Loyal Customers
9184.0,2024-08-09,6,7103.59,144.0,3,2,2,322,Hibernating
9185.0,2024-10-08,12,35999.23,84.0,3,5,5,355,Loyal Customers
9186.0,2024-04-30,5,2347.27,245.0,3,1,1,311,Hibernating
9187.0,2024-12-28,12,11973.04,3.0,3,5,3,353,Potential Loyalists
9188.0,2024-11-09,7,11025.59,52.0,3,3,3,333,Potential Loyalists
9189.0,2024-12-28,7,5912.42,3.0,3,3,1,331,Potential Loyalists
9190.0,2024-07-30,7,7713.46,154.0,3,3,2,332,Potential Loyalists
9191.0,2024-08-27,7,174008.55,126.0,3,3,5,335,Loyal Customers
9192.0,2024-03-26,4,3047.15,280.0,3,1,1,311,Hibernating
9193.0,2024-11-25,9,16971.97,36.0,3,4,4,344,Loyal Customers
9194.0,2024-09-13,7,11388.9,109.0,3,3,3,333,Potential Loyalists
9195.0,2024-12-22,7,10349.92,9.0,3,3,3,333,Potential Loyalists
9196.0,2024-09-14,10,19439.5,108.0,3,5,4,354,Loyal Customers
9197.0,2024-12-18,14,13148.47,13.0,3,5,3,353,Potential Loyalists
9198.0,2024-11-30,8,10332.68,31.0,3,3,3,333,Potential Loyalists
9199.0,2024-11-11,8,26027.81,50.0,3,3,5,335,Loyal Customers
9200.0,2024-12-29,11,20053.35,2.0,3,5,4,354,Loyal Customers
9201.0,2024-10-07,9,10618.96,85.0,3,4,3,343,Potential Loyalists
9202.0,2024-11-11,9,12707.6,50.0,3,4,3,343,Potential Loyalists
9203.0,2022-09-01,2,1711.2799999999997,852.0,3,1,1,311,Hibernating
9204.0,2024-09-29,7,11678.949999999999,93.0,3,3,3,333,Potential Loyalists
9205.0,2023-12-11,4,6509.19,386.0,3,1,1,311,Hibernating
9206.0,2023-10-15,7,11142.17,443.0,3,3,3,333,Potential Loyalists
9207.0,2024-01-09,7,7052.14,357.0,3,3,2,332,Potential Loyalists
9208.0,2024-01-30,7,6744.7,336.0,3,3,2,332,Potential Loyalists
9209.0,2023-12-13,4,4359.2300000000005,384.0,3,1,1,311,Hibernating
9210.0,2024-11-29,7,11840.99,32.0,3,3,3,333,Potential Loyalists
9211.0,2024-11-07,11,14717.150000000001,54.0,3,5,4,354,Loyal Customers
9212.0,2024-09-15,8,13255.81,107.0,3,3,3,333,Potential Loyalists
9213.0,2024-11-18,12,170824.75,43.0,3,5,5,355,Loyal Customers
9214.0,2024-11-06,7,13175.380000000001,55.0,3,3,3,333,Potential Loyalists
9215.0,2024-03-06,2,5127.93,300.0,3,1,1,311,Hibernating
9216.0,2024-10-19,6,4966.42,73.0,3,2,1,321,Hibernating
9217.0,2024-10-07,8,6067.76,85.0,3,3,1,331,Potential Loyalists
9218.0,2024-09-16,7,6468.93,106.0,3,3,1,331,Potential Loyalists
9219.0,2024-12-22,9,15452.25,9.0,3,4,4,344,Loyal Customers
9220.0,2024-06-06,2,196.08,208.0,3,1,1,311,Hibernating
9221.0,2024-11-20,9,9349.42,41.0,3,4,2,342,Potential Loyalists
9222.0,2024-11-27,7,13206.32,34.0,3,3,3,333,Potential Loyalists
9223.0,2024-02-21,5,7784.33,314.0,3,1,2,312,Hibernating
9224.0,2024-10-10,6,8561.36,82.0,3,2,2,322,Hibernating
9225.0,2024-08-08,6,17090.3,145.0,3,2,4,324,Promising
9226.0,2024-01-25,7,404963.32999999996,341.0,3,3,5,335,Loyal Customers
9227.0,2024-12-02,5,5131.9,29.0,3,1,1,311,Hibernating
9228.0,2024-11-24,10,19798.28,37.0,3,5,4,354,Loyal Customers
9229.0,2023-04-04,3,10839.95,637.0,3,1,3,313,Hibernating
9230.0,2024-04-16,11,13352.8,259.0,3,5,3,353,Potential Loyalists
9231.0,2024-09-18,8,14142.0,104.0,3,3,3,333,Potential Loyalists
9232.0,2024-12-23,4,10064.07,8.0,3,1,2,312,Hibernating
9233.0,2024-12-08,6,7505.63,23.0,3,2,2,322,Hibernating
9234.0,2024-10-31,19,212583.99000000002,61.0,3,5,5,355,Loyal Customers
9235.0,2024-11-01,16,19958.34,60.0,3,5,4,354,Loyal Customers
9236.0,2024-05-22,9,13372.28,223.0,3,4,3,343,Potential Loyalists
9237.0,2024-01-31,7,13074.03,335.0,3,3,3,333,Potential Loyalists
9238.0,2023-10-31,4,6348.25,427.0,3,1,1,311,Hibernating
9239.0,2024-12-19,11,410873.07,12.0,3,5,5,355,Loyal Customers
9240.0,2024-11-22,9,17626.33,39.0,3,4,4,344,Loyal Customers
9241.0,2024-11-01,6,9157.43,60.0,3,2,2,322,Hibernating
9242.0,2024-09-28,8,26190.27,94.0,3,3,5,335,Loyal Customers
9243.0,2024-12-15,11,27788.74,16.0,3,5,5,355,Loyal Customers
9244.0,2024-09-14,7,10684.51,108.0,3,3,3,333,Potential Loyalists
9245.0,2024-02-05,6,2819.63,330.0,3,2,1,321,Hibernating
9246.0,2024-11-06,3,4648.08,55.0,3,1,1,311,Hibernating
9247.0,2024-05-31,14,27204.04,214.0,3,5,5,355,Loyal Customers
9248.0,2024-06-22,4,5969.53,192.0,3,1,1,311,Hibernating
9249.0,2024-10-24,9,14099.91,68.0,3,4,3,343,Potential Loyalists
9250.0,2022-09-01,1,92.57,852.0,3,1,1,311,Hibernating
9251.0,2024-11-25,7,10465.84,36.0,3,3,3,333,Potential Loyalists
9252.0,2024-04-06,5,7858.83,269.0,3,1,2,312,Hibernating
9253.0,2024-09-18,6,15902.68,104.0,3,2,4,324,Promising
9254.0,2024-06-26,11,17903.8,188.0,3,5,4,354,Loyal Customers
9255.0,2024-11-01,6,7460.51,60.0,3,2,2,322,Hibernating
9256.0,2023-07-21,4,14901.619999999999,529.0,3,1,4,314,Hibernating
9257.0,2024-12-27,8,4503.75,4.0,3,3,1,331,Potential Loyalists
9258.0,2024-12-31,5,5258.88,0.0,3,1,1,311,Hibernating
9259.0,2024-12-06,8,9556.96,25.0,3,3,2,332,Potential Loyalists
9260.0,2024-11-08,5,1900.61,53.0,3,1,1,311,Hibernating
9261.0,2024-08-03,6,172180.12,150.0,3,2,5,325,Promising
9262.0,2024-08-10,8,23910.2,143.0,3,3,5,335,Loyal Customers
9263.0,2024-09-30,6,411346.64,92.0,3,2,5,325,Promising
9264.0,2024-06-12,10,494615.17,202.0,3,5,5,355,Loyal Customers
9265.0,2024-09-20,9,211245.33000000002,102.0,3,4,5,345,Loyal Customers
9266.0,2024-10-29,9,32281.41,63.0,3,4,5,345,Loyal Customers
9267.0,2023-09-11,4,5801.91,477.0,3,1,1,311,Hibernating
9268.0,2024-04-13,5,10787.22,262.0,3,1,3,313,Hibernating
9269.0,2024-09-02,11,12600.6,120.0,3,5,3,353,Potential Loyalists
9270.0,2024-07-20,10,23330.92,164.0,3,5,5,355,Loyal Customers
9271.0,2024-12-02,12,211969.00999999998,29.0,3,5,5,355,Loyal Customers
9272.0,2024-05-02,7,5994.54,243.0,3,3,1,331,Potential Loyalists
9273.0,2024-03-29,8,62041.97,277.0,3,3,5,335,Loyal Customers
9274.0,2024-04-07,5,14915.02,268.0,3,1,4,314,Hibernating
9275.0,2024-12-15,10,18080.49,16.0,3,5,4,354,Loyal Customers
9276.0,2023-01-16,9,28433.07,715.0,3,4,5,345,Loyal Customers
9277.0,2024-11-08,7,10417.48,53.0,3,3,3,333,Potential Loyalists
9278.0,2024-11-29,5,1409.6,32.0,3,1,1,311,Hibernating
9279.0,2024-11-26,10,16618.579999999998,35.0,3,5,4,354,Loyal Customers
9280.0,2024-09-14,7,21561.16,108.0,3,3,4,334,Loyal Customers
9281.0,2024-10-31,9,16321.18,61.0,3,4,4,344,Loyal Customers
9282.0,2024-05-20,7,17958.62,225.0,3,3,4,334,Loyal Customers
9283.0,2023-08-02,7,16279.87,517.0,3,3,4,334,Loyal Customers
9284.0,2024-12-24,7,26676.62,7.0,3,3,5,335,Loyal Customers
9285.0,2024-11-13,6,25341.74,48.0,3,2,5,325,Promising
9286.0,2024-11-05,10,18420.07,56.0,3,5,4,354,Loyal Customers
9287.0,2024-11-30,6,17936.33,31.0,3,2,4,324,Promising
9288.0,2024-10-12,7,14932.2,80.0,3,3,4,334,Loyal Customers
9289.0,2023-10-07,4,3207.73,451.0,3,1,1,311,Hibernating
9290.0,2024-12-22,5,14844.36,9.0,3,1,4,314,Hibernating
9291.0,2024-09-10,4,7124.54,112.0,3,1,2,312,Hibernating
9292.0,2024-09-21,4,11059.86,101.0,3,1,3,313,Hibernating
9293.0,2023-12-14,6,11227.1,383.0,3,2,3,323,Hibernating
9294.0,2024-06-22,7,5521.26,192.0,3,3,1,331,Potential Loyalists
9295.0,2024-12-14,13,26015.93,17.0,3,5,5,355,Loyal Customers
9296.0,2024-11-08,7,14696.97,53.0,3,3,4,334,Loyal Customers
9297.0,2024-09-05,4,3556.8900000000003,117.0,3,1,1,311,Hibernating
9298.0,2024-12-10,2,1107.75,21.0,3,1,1,311,Hibernating
9299.0,2024-08-02,6,211967.91,151.0,3,2,5,325,Promising
9300.0,2024-04-28,7,9266.31,247.0,3,3,2,332,Potential Loyalists
9301.0,2024-02-23,7,11428.99,312.0,3,3,3,333,Potential Loyalists
9302.0,2024-11-03,5,4521.73,58.0,3,1,1,311,Hibernating
9303.0,2024-10-10,9,27379.11,82.0,3,4,5,345,Loyal Customers
9304.0,2024-11-22,9,4361.34,39.0,3,4,1,341,Potential Loyalists
9305.0,2024-09-01,6,17957.91,121.0,3,2,4,324,Promising
9306.0,2024-08-24,3,2024.71,129.0,3,1,1,311,Hibernating
9307.0,2024-10-30,11,21851.55,62.0,3,5,4,354,Loyal Customers
9308.0,2024-12-10,10,207368.18,21.0,3,5,5,355,Loyal Customers
9309.0,2024-08-07,8,10753.6,146.0,3,3,3,333,Potential Loyalists
9310.0,2024-11-07,9,15319.65,54.0,3,4,4,344,Loyal Customers
9311.0,2024-04-30,3,1844.69,245.0,3,1,1,311,Hibernating
9312.0,2024-07-26,7,13840.43,158.0,3,3,3,333,Potential Loyalists
9313.0,2024-10-02,5,8489.8,90.0,3,1,2,312,Hibernating
9314.0,2022-12-07,4,15123.57,755.0,3,1,4,314,Hibernating
9315.0,2024-09-14,8,4775.34,108.0,3,3,1,331,Potential Loyalists
9316.0,2024-08-19,3,9023.09,134.0,3,1,2,312,Hibernating
9317.0,2024-02-06,6,4951.21,329.0,3,2,1,321,Hibernating
9318.0,2024-12-02,7,18834.39,29.0,3,3,4,334,Loyal Customers
9319.0,2024-02-23,6,11663.59,312.0,3,2,3,323,Hibernating
9320.0,2024-10-29,13,24359.95,63.0,3,5,5,355,Loyal Customers
9321.0,2023-01-04,4,8202.0,727.0,3,1,2,312,Hibernating
9322.0,2024-02-12,7,12614.5,323.0,3,3,3,333,Potential Loyalists
9323.0,2024-12-12,12,22652.42,19.0,3,5,5,355,Loyal Customers
9324.0,2024-09-10,12,177766.43,112.0,3,5,5,355,Loyal Customers
9325.0,2024-12-06,8,795292.24,25.0,3,3,5,335,Loyal Customers
9326.0,2024-06-09,8,16242.25,205.0,3,3,4,334,Loyal Customers
9327.0,2024-06-25,12,23372.24,189.0,3,5,5,355,Loyal Customers
9328.0,2024-12-24,12,610213.75,7.0,3,5,5,355,Loyal Customers
9329.0,2022-10-12,2,178.47,811.0,3,1,1,311,Hibernating
9330.0,2024-01-31,7,7605.610000000001,335.0,3,3,2,332,Potential Loyalists
9331.0,2024-12-12,7,7509.96,19.0,3,3,2,332,Potential Loyalists
9332.0,2024-07-04,9,10201.31,180.0,3,4,2,342,Potential Loyalists
9333.0,2024-12-03,9,13763.26,28.0,3,4,3,343,Potential Loyalists
9334.0,2024-02-19,2,2440.6400000000003,316.0,3,1,1,311,Hibernating
9335.0,2024-08-09,2,220.59,144.0,3,1,1,311,Hibernating
9336.0,2023-09-26,5,9656.86,462.0,3,1,2,312,Hibernating
9337.0,2024-10-29,9,17133.54,63.0,3,4,4,344,Loyal Customers
9338.0,2024-04-30,10,15937.6,245.0,3,5,4,354,Loyal Customers
9339.0,2024-11-27,6,683081.72,34.0,3,2,5,325,Promising
9340.0,2024-07-14,9,17533.65,170.0,3,4,4,344,Loyal Customers
9341.0,2024-12-15,14,21817.62,16.0,3,5,4,354,Loyal Customers
9342.0,2024-09-03,6,3714.9300000000003,119.0,3,2,1,321,Hibernating
9343.0,2024-12-03,8,14299.84,28.0,3,3,3,333,Potential Loyalists
9344.0,2024-01-22,9,255039.18,344.0,3,4,5,345,Loyal Customers
9345.0,2024-12-13,4,5073.97,18.0,3,1,1,311,Hibernating
9346.0,2024-08-22,4,5146.8,131.0,3,1,1,311,Hibernating
9347.0,2024-12-01,10,362107.64999999997,30.0,3,5,5,355,Loyal Customers
9348.0,2023-07-15,4,205587.3,535.0,3,1,5,315,Promising
9349.0,2024-03-15,6,8164.31,291.0,3,2,2,322,Hibernating
9350.0,2024-12-06,8,17973.32,25.0,3,3,4,334,Loyal Customers
9351.0,2024-09-25,13,23629.07,97.0,3,5,5,355,Loyal Customers
9352.0,2024-09-01,9,9382.92,121.0,3,4,2,342,Potential Loyalists
9353.0,2024-06-16,7,10868.52,198.0,3,3,3,333,Potential Loyalists
9354.0,2024-04-30,6,22864.649999999998,245.0,3,2,5,325,Promising
9355.0,2024-09-06,10,24911.69,116.0,3,5,5,355,Loyal Customers
9356.0,2024-12-30,8,13254.92,1.0,3,3,3,333,Potential Loyalists
9357.0,2024-12-19,8,20833.61,12.0,3,3,4,334,Loyal Customers
9358.0,2024-02-20,3,9200.99,315.0,3,1,2,312,Hibernating
9359.0,2024-09-30,9,18572.94,92.0,3,4,4,344,Loyal Customers
9360.0,2024-02-01,2,5579.0199999999995,334.0,3,1,1,311,Hibernating
9361.0,2024-12-16,8,10613.92,15.0,3,3,3,333,Potential Loyalists
9362.0,2024-08-02,8,4813.26,151.0,3,3,1,331,Potential Loyalists
9363.0,2024-04-15,2,5698.63,260.0,3,1,1,311,Hibernating
9364.0,2024-10-13,8,3890.9700000000003,79.0,3,3,1,331,Potential Loyalists
9365.0,2024-12-28,12,30123.31,3.0,3,5,5,355,Loyal Customers
9366.0,2024-06-03,6,4871.35,211.0,3,2,1,321,Hibernating
9367.0,2024-11-20,4,2930.61,41.0,3,1,1,311,Hibernating
9368.0,2024-07-19,8,497855.48,165.0,3,3,5,335,Loyal Customers
9369.0,2024-09-13,11,21431.38,109.0,3,5,4,354,Loyal Customers
9370.0,2023-08-02,4,11358.02,517.0,3,1,3,313,Hibernating
9371.0,2024-11-03,7,10495.88,58.0,3,3,3,333,Potential Loyalists
9372.0,2024-12-25,10,6554.56,6.0,3,5,1,351,Potential Loyalists
9373.0,2023-12-10,4,16203.94,387.0,3,1,4,314,Hibernating
9374.0,2022-07-31,2,5051.93,884.0,3,1,1,311,Hibernating
9375.0,2023-08-19,4,7363.2699999999995,500.0,3,1,2,312,Hibernating
9376.0,2024-12-05,13,21869.11,26.0,3,5,4,354,Loyal Customers
9377.0,2024-09-22,7,29473.65,100.0,3,3,5,335,Loyal Customers
9378.0,2023-02-11,5,5846.08,689.0,3,1,1,311,Hibernating
9379.0,2024-09-18,6,8795.03,104.0,3,2,2,322,Hibernating
9380.0,2024-12-31,12,32932.38,0.0,3,5,5,355,Loyal Customers
9381.0,2024-11-04,11,13380.7,57.0,3,5,3,353,Potential Loyalists
9382.0,2024-12-12,7,8670.38,19.0,3,3,2,332,Potential Loyalists
9383.0,2024-11-18,7,11921.470000000001,43.0,3,3,3,333,Potential Loyalists
9384.0,2024-11-14,8,20530.04,47.0,3,3,4,334,Loyal Customers
9385.0,2023-12-22,4,4183.78,375.0,3,1,1,311,Hibernating
9386.0,2024-09-09,10,327867.04,113.0,3,5,5,355,Loyal Customers
9387.0,2024-11-25,7,1015682.2899999999,36.0,3,3,5,335,Loyal Customers
9388.0,2024-04-04,13,28432.2,271.0,3,5,5,355,Loyal Customers
9389.0,2024-04-18,11,16329.289999999999,257.0,3,5,4,354,Loyal Customers
9390.0,2024-07-12,7,1196986.4800000002,172.0,3,3,5,335,Loyal Customers
9391.0,2024-06-22,11,27226.74,192.0,3,5,5,355,Loyal Customers
9392.0,2024-11-05,6,12481.66,56.0,3,2,3,323,Hibernating
9393.0,2023-10-29,5,10118.21,429.0,3,1,2,312,Hibernating
9394.0,2024-11-23,9,265276.53,38.0,3,4,5,345,Loyal Customers
9395.0,2024-12-26,8,7282.64,5.0,3,3,2,332,Potential Loyalists
9396.0,2024-08-07,7,12964.25,146.0,3,3,3,333,Potential Loyalists
9397.0,2023-08-18,8,14505.15,501.0,3,3,4,334,Loyal Customers
9398.0,2023-07-29,3,7032.26,521.0,3,1,2,312,Hibernating
9399.0,2024-10-23,7,11085.58,69.0,3,3,3,333,Potential Loyalists
9400.0,2024-10-15,5,9925.43,77.0,3,1,2,312,Hibernating
9401.0,2024-10-02,3,506250.65,90.0,3,1,5,315,Promising
9402.0,2024-10-03,8,12423.37,89.0,3,3,3,333,Potential Loyalists
9403.0,2024-08-25,11,18197.09,128.0,3,5,4,354,Loyal Customers
9404.0,2024-08-30,7,9797.01,123.0,3,3,2,332,Potential Loyalists
9405.0,2024-06-14,7,9644.59,200.0,3,3,2,332,Potential Loyalists
9406.0,2024-10-19,8,342443.68,73.0,3,3,5,335,Loyal Customers
9407.0,2024-06-11,7,18423.72,203.0,3,3,4,334,Loyal Customers
9408.0,2024-06-18,10,17723.48,196.0,3,5,4,354,Loyal Customers
9409.0,2024-11-12,5,11251.46,49.0,3,1,3,313,Hibernating
9410.0,2024-05-23,6,60484.65,222.0,3,2,5,325,Promising
9411.0,2024-11-17,11,13519.08,44.0,3,5,3,353,Potential Loyalists
9412.0,2023-11-27,5,707373.0199999999,400.0,3,1,5,315,Promising
9413.0,2024-12-21,9,22889.47,10.0,3,4,5,345,Loyal Customers
9414.0,2024-10-11,5,2544.87,81.0,3,1,1,311,Hibernating
9415.0,2024-12-31,8,12114.07,0.0,3,3,3,333,Potential Loyalists
9416.0,2024-08-29,3,3124.89,124.0,3,1,1,311,Hibernating
9417.0,2022-11-23,4,3932.35,769.0,3,1,1,311,Hibernating
9418.0,2024-09-10,8,18867.97,112.0,3,3,4,334,Loyal Customers
9419.0,2024-06-18,4,3889.9,196.0,3,1,1,311,Hibernating
9420.0,2024-12-02,10,15565.8,29.0,3,5,4,354,Loyal Customers
9421.0,2024-06-01,7,10564.77,213.0,3,3,3,333,Potential Loyalists
9422.0,2024-12-10,9,8805.539999999999,21.0,3,4,2,342,Potential Loyalists
9423.0,2024-08-02,6,129521.72,151.0,3,2,5,325,Promising
9424.0,2024-01-25,6,6749.4,341.0,3,2,2,322,Hibernating
9425.0,2024-12-12,11,26766.07,19.0,3,5,5,355,Loyal Customers
9426.0,2024-08-25,7,9396.01,128.0,3,3,2,332,Potential Loyalists
9427.0,2024-11-27,7,342090.01,34.0,3,3,5,335,Loyal Customers
9428.0,2024-09-08,2,2371.68,114.0,3,1,1,311,Hibernating
9429.0,2024-09-28,8,9635.51,94.0,3,3,2,332,Potential Loyalists
9430.0,2024-09-08,8,11153.33,114.0,3,3,3,333,Potential Loyalists
9431.0,2024-09-12,4,4444.54,110.0,3,1,1,311,Hibernating
9432.0,2023-11-10,2,1681.07,417.0,3,1,1,311,Hibernating
9433.0,2024-03-18,4,5290.03,288.0,3,1,1,311,Hibernating
9434.0,2024-10-04,11,25660.54,88.0,3,5,5,355,Loyal Customers
9435.0,2024-12-01,4,9635.46,30.0,3,1,2,312,Hibernating
9436.0,2024-09-02,7,11886.33,120.0,3,3,3,333,Potential Loyalists
9437.0,2024-09-15,9,16977.05,107.0,3,4,4,344,Loyal Customers
9438.0,2024-10-29,7,18268.1,63.0,3,3,4,334,Loyal Customers
9439.0,2024-11-13,5,19715.12,48.0,3,1,4,314,Hibernating
9440.0,2024-07-14,9,17111.63,170.0,3,4,4,344,Loyal Customers
9441.0,2024-09-04,8,9232.55,118.0,3,3,2,332,Potential Loyalists
9442.0,2024-11-26,11,20352.170000000002,35.0,3,5,4,354,Loyal Customers
9443.0,2024-07-30,9,15789.13,154.0,3,4,4,344,Loyal Customers
9444.0,2024-10-17,6,7577.51,75.0,3,2,2,322,Hibernating
9445.0,2024-11-02,10,22133.74,59.0,3,5,5,355,Loyal Customers
9446.0,2024-10-23,4,5207.77,69.0,3,1,1,311,Hibernating
9447.0,2024-06-28,3,3024.87,186.0,3,1,1,311,Hibernating
9448.0,2024-12-30,12,23077.1,1.0,3,5,5,355,Loyal Customers
9449.0,2024-11-11,8,18328.87,50.0,3,3,4,334,Loyal Customers
9450.0,2024-08-24,6,14918.91,129.0,3,2,4,324,Promising
9451.0,2024-08-29,6,142030.07,124.0,3,2,5,325,Promising
9452.0,2024-11-30,4,9748.75,31.0,3,1,2,312,Hibernating
9453.0,2024-10-02,9,6181.950000000001,90.0,3,4,1,341,Potential Loyalists
9454.0,2024-11-30,9,33469.54,31.0,3,4,5,345,Loyal Customers
9455.0,2024-05-09,10,18248.23,236.0,3,5,4,354,Loyal Customers
9456.0,2024-05-27,5,10694.33,218.0,3,1,3,313,Hibernating
9457.0,2024-11-28,4,10022.41,33.0,3,1,2,312,Hibernating
9458.0,2024-10-22,8,24382.91,70.0,3,3,5,335,Loyal Customers
9459.0,2024-10-20,7,13759.19,72.0,3,3,3,333,Potential Loyalists
9460.0,2024-02-24,7,17347.97,311.0,3,3,4,334,Loyal Customers
9461.0,2024-06-05,4,14308.220000000001,209.0,3,1,3,313,Hibernating
9462.0,2024-11-19,8,10780.13,42.0,3,3,3,333,Potential Loyalists
9463.0,2024-07-20,14,25416.23,164.0,3,5,5,355,Loyal Customers
9464.0,2023-03-02,3,9877.7,670.0,3,1,2,312,Hibernating
9465.0,2023-10-12,6,4523.46,446.0,3,2,1,321,Hibernating
9466.0,2024-04-18,9,12245.58,257.0,3,4,3,343,Potential Loyalists
9467.0,2024-04-24,8,11534.05,251.0,3,3,3,333,Potential Loyalists
9468.0,2024-12-12,11,22952.38,19.0,3,5,5,355,Loyal Customers
9469.0,2024-11-29,6,219485.66,32.0,3,2,5,325,Promising
9470.0,2024-12-27,8,14316.97,4.0,3,3,3,333,Potential Loyalists
9471.0,2024-10-09,5,6937.85,83.0,3,1,2,312,Hibernating
9472.0,2024-06-11,6,10362.0,203.0,3,2,3,323,Hibernating
9473.0,2024-10-20,4,2394.06,72.0,3,1,1,311,Hibernating
9474.0,2024-11-15,10,14003.460000000001,46.0,3,5,3,353,Potential Loyalists
9475.0,2024-05-14,7,10790.619999999999,231.0,3,3,3,333,Potential Loyalists
9476.0,2024-11-14,5,4661.92,47.0,3,1,1,311,Hibernating
9477.0,2024-07-27,12,31565.18,157.0,3,5,5,355,Loyal Customers
9478.0,2023-05-30,3,5281.13,581.0,3,1,1,311,Hibernating
9479.0,2023-09-24,4,6072.21,464.0,3,1,1,311,Hibernating
9480.0,2024-12-06,7,10670.859999999999,25.0,3,3,3,333,Potential Loyalists
9481.0,2024-06-19,4,17542.03,195.0,3,1,4,314,Hibernating
9482.0,2024-07-05,9,609912.6900000001,179.0,3,4,5,345,Loyal Customers
9483.0,2024-09-13,10,12947.48,109.0,3,5,3,353,Potential Loyalists
9484.0,2024-12-03,11,9227.19,28.0,3,5,2,352,Potential Loyalists
9485.0,2024-06-12,4,6125.52,202.0,3,1,1,311,Hibernating
9486.0,2024-10-08,9,10793.36,84.0,3,4,3,343,Potential Loyalists
9487.0,2024-04-10,7,7422.62,265.0,3,3,2,332,Potential Loyalists
9488.0,2024-01-08,3,2098.27,358.0,3,1,1,311,Hibernating
9489.0,2024-12-02,3,5995.1,29.0,3,1,1,311,Hibernating
9490.0,2024-11-21,8,148693.62000000002,40.0,3,3,5,335,Loyal Customers
9491.0,2024-03-01,5,7894.6900000000005,305.0,3,1,2,312,Hibernating
9492.0,2024-09-20,8,12169.56,102.0,3,3,3,333,Potential Loyalists
9493.0,2024-03-10,6,12331.19,296.0,3,2,3,323,Hibernating
9494.0,2023-06-13,5,9425.09,567.0,3,1,2,312,Hibernating
9495.0,2024-09-25,5,17997.81,97.0,3,1,4,314,Hibernating
9496.0,2024-11-13,7,7344.85,48.0,3,3,2,332,Potential Loyalists
9497.0,2024-09-02,5,8394.789999999999,120.0,3,1,2,312,Hibernating
9498.0,2024-09-26,7,15702.960000000001,96.0,3,3,4,334,Loyal Customers
9499.0,2024-01-22,3,2519.18,344.0,3,1,1,311,Hibernating
9500.0,2024-08-07,7,15534.44,146.0,3,3,4,334,Loyal Customers
9501.0,2024-10-21,4,8962.48,71.0,3,1,2,312,Hibernating
9502.0,2024-12-23,10,29307.49,8.0,3,5,5,355,Loyal Customers
9503.0,2024-07-12,7,14518.31,172.0,3,3,4,334,Loyal Customers
9504.0,2024-12-23,11,26531.760000000002,8.0,3,5,5,355,Loyal Customers
9505.0,2023-07-01,4,5197.13,549.0,3,1,1,311,Hibernating
9506.0,2024-08-17,5,7947.84,136.0,3,1,2,312,Hibernating
9507.0,2024-09-20,8,11323.85,102.0,3,3,3,333,Potential Loyalists
9508.0,2024-11-15,6,11584.75,46.0,3,2,3,323,Hibernating
9509.0,2024-08-03,4,2018.8799999999999,150.0,3,1,1,311,Hibernating
9510.0,2024-12-30,4,15114.32,1.0,3,1,4,314,Hibernating
9511.0,2024-09-28,10,20538.78,94.0,3,5,4,354,Loyal Customers
9512.0,2024-12-26,9,10155.61,5.0,3,4,2,342,Potential Loyalists
9513.0,2024-10-28,12,32432.3,64.0,3,5,5,355,Loyal Customers
9514.0,2024-09-10,6,11474.25,112.0,3,2,3,323,Hibernating
9515.0,2024-12-03,11,18679.760000000002,28.0,3,5,4,354,Loyal Customers
9516.0,2024-08-20,5,14407.35,133.0,3,1,3,313,Hibernating
9517.0,2024-12-31,7,15052.0,0.0,3,3,4,334,Loyal Customers
9518.0,2024-10-02,10,14775.03,90.0,3,5,4,354,Loyal Customers
9519.0,2024-12-10,5,1534.44,21.0,3,1,1,311,Hibernating
9520.0,2024-12-16,11,34090.73,15.0,3,5,5,355,Loyal Customers
9521.0,2024-05-02,3,2021.07,243.0,3,1,1,311,Hibernating
9522.0,2024-06-07,3,5626.45,207.0,3,1,1,311,Hibernating
9523.0,2024-12-26,7,20634.629999999997,5.0,3,3,4,334,Loyal Customers
9524.0,2024-07-15,9,13982.570000000002,169.0,3,4,3,343,Potential Loyalists
9525.0,2024-08-04,7,12499.96,149.0,3,3,3,333,Potential Loyalists
9526.0,2024-11-01,16,176379.25999999998,60.0,3,5,5,355,Loyal Customers
9527.0,2024-10-01,7,1199882.67,91.0,3,3,5,335,Loyal Customers
9528.0,2024-07-26,5,5647.5599999999995,158.0,3,1,1,311,Hibernating
9529.0,2024-05-09,6,5082.03,236.0,3,2,1,321,Hibernating
9530.0,2024-10-31,9,66652.3,61.0,3,4,5,345,Loyal Customers
9531.0,2023-11-24,7,13103.92,403.0,3,3,3,333,Potential Loyalists
9532.0,2024-09-30,3,12538.58,92.0,3,1,3,313,Hibernating
9533.0,2024-03-08,4,11605.46,298.0,3,1,3,313,Hibernating
9534.0,2024-10-17,11,193750.02000000002,75.0,3,5,5,355,Loyal Customers
9535.0,2024-08-02,8,14096.72,151.0,3,3,3,333,Potential Loyalists
9536.0,2024-01-16,5,9633.95,350.0,3,1,2,312,Hibernating
9537.0,2024-11-08,12,23850.35,53.0,3,5,5,355,Loyal Customers
9538.0,2024-11-05,3,3018.65,56.0,3,1,1,311,Hibernating
9539.0,2024-05-10,8,18778.18,235.0,3,3,4,334,Loyal Customers
9540.0,2024-12-13,5,10583.390000000001,18.0,3,1,3,313,Hibernating
9541.0,2024-10-26,10,16873.92,66.0,3,5,4,354,Loyal Customers
9542.0,2024-08-04,7,177574.46,149.0,3,3,5,335,Loyal Customers
9543.0,2024-03-19,3,10523.59,287.0,3,1,3,313,Hibernating
9544.0,2024-10-05,10,18085.01,87.0,3,5,4,354,Loyal Customers
9545.0,2024-08-10,4,6979.16,143.0,3,1,2,312,Hibernating
9546.0,2024-09-15,10,15162.03,107.0,3,5,4,354,Loyal Customers
9547.0,2024-11-25,9,12161.24,36.0,3,4,3,343,Potential Loyalists
9548.0,2024-12-14,7,9176.87,17.0,3,3,2,332,Potential Loyalists
9549.0,2024-07-12,6,5247.84,172.0,3,2,1,321,Hibernating
9550.0,2024-12-24,9,10892.58,7.0,3,4,3,343,Potential Loyalists
9551.0,2024-03-30,9,23512.760000000002,276.0,3,4,5,345,Loyal Customers
9552.0,2024-07-06,6,12822.89,178.0,3,2,3,323,Hibernating
9553.0,2024-06-21,6,12377.53,193.0,3,2,3,323,Hibernating
9554.0,2024-11-22,3,887.24,39.0,3,1,1,311,Hibernating
9555.0,2024-12-14,9,10806.51,17.0,3,4,3,343,Potential Loyalists
9556.0,2024-12-29,8,17299.9,2.0,3,3,4,334,Loyal Customers
9557.0,2024-06-12,5,13384.01,202.0,3,1,3,313,Hibernating
9558.0,2024-11-01,6,10797.8,60.0,3,2,3,323,Hibernating
9559.0,2024-12-18,13,23659.14,13.0,3,5,5,355,Loyal Customers
9560.0,2024-04-30,5,3853.63,245.0,3,1,1,311,Hibernating
9561.0,2024-12-24,7,16211.94,7.0,3,3,4,334,Loyal Customers
9562.0,2024-09-10,7,7972.65,112.0,3,3,2,332,Potential Loyalists
9563.0,2024-03-17,4,8621.44,289.0,3,1,2,312,Hibernating
9564.0,2024-01-16,7,5745.89,350.0,3,3,1,331,Potential Loyalists
9565.0,2024-08-24,4,6605.92,129.0,3,1,2,312,Hibernating
9566.0,2024-04-19,5,3743.21,256.0,3,1,1,311,Hibernating
9567.0,2024-12-28,9,12805.86,3.0,3,4,3,343,Potential Loyalists
9568.0,2024-11-16,9,10828.33,45.0,3,4,3,343,Potential Loyalists
9569.0,2024-09-09,9,8373.12,113.0,3,4,2,342,Potential Loyalists
9570.0,2024-06-13,4,3803.96,201.0,3,1,1,311,Hibernating
9571.0,2024-11-24,6,802063.48,37.0,3,2,5,325,Promising
9572.0,2024-03-03,4,3272.18,303.0,3,1,1,311,Hibernating
9573.0,2024-12-28,10,24043.9,3.0,3,5,5,355,Loyal Customers
9574.0,2024-09-23,11,43560.8,99.0,3,5,5,355,Loyal Customers
9575.0,2024-08-26,6,9656.82,127.0,3,2,2,322,Hibernating
9576.0,2024-09-13,13,423063.01,109.0,3,5,5,355,Loyal Customers
9577.0,2024-12-10,9,15817.44,21.0,3,4,4,344,Loyal Customers
9578.0,2024-04-18,8,30088.84,257.0,3,3,5,335,Loyal Customers
9579.0,2024-06-16,11,17353.52,198.0,3,5,4,354,Loyal Customers
9580.0,2024-12-13,8,37156.05,18.0,3,3,5,335,Loyal Customers
9581.0,2023-08-26,5,7709.75,493.0,3,1,2,312,Hibernating
9582.0,2023-03-06,2,5170.75,666.0,3,1,1,311,Hibernating
9583.0,2024-12-20,11,22077.75,11.0,3,5,4,354,Loyal Customers
9584.0,2024-11-26,11,23783.12,35.0,3,5,5,355,Loyal Customers
9585.0,2024-07-22,12,9923.92,162.0,3,5,2,352,Potential Loyalists
9586.0,2024-12-02,6,7642.34,29.0,3,2,2,322,Hibernating
9587.0,2024-06-12,8,11090.36,202.0,3,3,3,333,Potential Loyalists
9588.0,2024-10-15,5,10061.23,77.0,3,1,2,312,Hibernating
9589.0,2024-09-25,7,12393.14,97.0,3,3,3,333,Potential Loyalists
9590.0,2024-12-11,5,12607.550000000001,20.0,3,1,3,313,Hibernating
9591.0,2024-11-26,11,7769.66,35.0,3,5,2,352,Potential Loyalists
9592.0,2024-02-10,7,7397.82,325.0,3,3,2,332,Potential Loyalists
9593.0,2024-10-30,10,20398.94,62.0,3,5,4,354,Loyal Customers
9594.0,2024-11-29,11,13397.109999999999,32.0,3,5,3,353,Potential Loyalists
9595.0,2024-04-25,7,17069.81,250.0,3,3,4,334,Loyal Customers
9596.0,2024-07-27,3,10907.63,157.0,3,1,3,313,Hibernating
9597.0,2024-12-23,10,10102.03,8.0,3,5,2,352,Potential Loyalists
9598.0,2024-03-26,6,6985.95,280.0,3,2,2,322,Hibernating
9599.0,2024-12-16,10,21590.14,15.0,3,5,4,354,Loyal Customers
9600.0,2023-12-06,6,6998.11,391.0,3,2,2,322,Hibernating
9601.0,2024-11-18,11,13595.9,43.0,3,5,3,353,Potential Loyalists
9602.0,2024-04-03,9,16457.7,272.0,3,4,4,344,Loyal Customers
9603.0,2024-12-28,11,26124.01,3.0,3,5,5,355,Loyal Customers
9604.0,2024-10-29,4,5869.04,63.0,3,1,1,311,Hibernating
9605.0,2024-05-13,6,41782.82,232.0,3,2,5,325,Promising
9606.0,2024-11-26,7,13099.98,35.0,3,3,3,333,Potential Loyalists
9607.0,2024-12-18,7,20764.98,13.0,3,3,4,334,Loyal Customers
9608.0,2024-11-04,5,3593.65,57.0,3,1,1,311,Hibernating
9609.0,2024-09-12,10,502109.69999999995,110.0,3,5,5,355,Loyal Customers
9610.0,2024-08-08,7,10708.69,145.0,3,3,3,333,Potential Loyalists
9611.0,2024-05-28,6,12643.97,217.0,3,2,3,323,Hibernating
9612.0,2024-07-25,7,22410.04,159.0,3,3,5,335,Loyal Customers
9613.0,2024-11-29,8,15461.880000000001,32.0,3,3,4,334,Loyal Customers
9614.0,2023-07-02,5,17485.3,548.0,3,1,4,314,Hibernating
9615.0,2024-12-21,5,15799.460000000001,10.0,3,1,4,314,Hibernating
9616.0,2024-10-24,8,3392.23,68.0,3,3,1,331,Potential Loyalists
9617.0,2024-12-15,10,27234.88,16.0,3,5,5,355,Loyal Customers
9618.0,2024-10-12,3,8163.1900000000005,80.0,3,1,2,312,Hibernating
9619.0,2024-06-06,5,3993.1400000000003,208.0,3,1,1,311,Hibernating
9620.0,2024-06-26,4,4200.5,188.0,3,1,1,311,Hibernating
9621.0,2024-12-28,12,10311.32,3.0,3,5,3,353,Potential Loyalists
9622.0,2024-09-05,13,15119.67,117.0,3,5,4,354,Loyal Customers
9623.0,2024-08-14,13,208435.96,139.0,3,5,5,355,Loyal Customers
9624.0,2024-03-23,10,12293.7,283.0,3,5,3,353,Potential Loyalists
9625.0,2024-08-19,10,20405.6,134.0,3,5,4,354,Loyal Customers
9626.0,2024-02-04,6,8939.52,331.0,3,2,2,322,Hibernating
9627.0,2024-11-25,8,23862.43,36.0,3,3,5,335,Loyal Customers
9628.0,2024-03-28,9,79547.24,278.0,3,4,5,345,Loyal Customers
9629.0,2024-10-29,9,25879.98,63.0,3,4,5,345,Loyal Customers
9630.0,2024-10-23,7,12114.02,69.0,3,3,3,333,Potential Loyalists
9631.0,2024-11-13,3,3154.04,48.0,3,1,1,311,Hibernating
9632.0,2024-04-23,8,18863.61,252.0,3,3,4,334,Loyal Customers
9633.0,2024-10-22,8,343955.3,70.0,3,3,5,335,Loyal Customers
9634.0,2024-09-01,11,21447.12,121.0,3,5,4,354,Loyal Customers
9635.0,2024-11-16,4,6667.59,45.0,3,1,2,312,Hibernating
9636.0,2024-12-10,4,3838.19,21.0,3,1,1,311,Hibernating
9637.0,2024-10-22,7,20022.52,70.0,3,3,4,334,Loyal Customers
9638.0,2024-12-21,11,17542.43,10.0,3,5,4,354,Loyal Customers
9639.0,2024-11-21,7,11788.41,40.0,3,3,3,333,Potential Loyalists
9640.0,2024-08-15,7,17631.32,138.0,3,3,4,334,Loyal Customers
9641.0,2024-11-02,9,12132.53,59.0,3,4,3,343,Potential Loyalists
9642.0,2023-11-03,8,34698.36,424.0,3,3,5,335,Loyal Customers
9643.0,2023-06-30,6,14279.25,550.0,3,2,3,323,Hibernating
9644.0,2023-10-02,6,9180.54,456.0,3,2,2,322,Hibernating
9645.0,2024-09-02,9,20640.25,120.0,3,4,4,344,Loyal Customers
9646.0,2024-09-09,6,7424.110000000001,113.0,3,2,2,322,Hibernating
9647.0,2024-12-25,8,26437.989999999998,6.0,3,3,5,335,Loyal Customers
9648.0,2024-08-26,6,12302.32,127.0,3,2,3,323,Hibernating
9649.0,2023-11-29,8,12893.23,398.0,3,3,3,333,Potential Loyalists
9650.0,2024-10-06,4,9382.42,86.0,3,1,2,312,Hibernating
9651.0,2023-04-03,4,6265.82,638.0,3,1,1,311,Hibernating
9652.0,2024-08-09,10,13986.79,144.0,3,5,3,353,Potential Loyalists
9653.0,2024-06-05,9,9681.279999999999,209.0,3,4,2,342,Potential Loyalists
9654.0,2024-10-14,5,5313.59,78.0,3,1,1,311,Hibernating
9655.0,2024-07-11,10,337905.12,173.0,3,5,5,355,Loyal Customers
9656.0,2024-12-15,8,19344.48,16.0,3,3,4,334,Loyal Customers
9657.0,2024-11-09,9,13743.42,52.0,3,4,3,343,Potential Loyalists
9658.0,2024-04-01,6,406830.60000000003,274.0,3,2,5,325,Promising
9659.0,2024-06-06,6,4003.67,208.0,3,2,1,321,Hibernating
9660.0,2024-11-01,9,14704.8,60.0,3,4,4,344,Loyal Customers
9661.0,2024-04-27,5,6287.2,248.0,3,1,1,311,Hibernating
9662.0,2024-11-13,11,26706.14,48.0,3,5,5,355,Loyal Customers
9663.0,2024-12-10,9,609466.88,21.0,3,4,5,345,Loyal Customers
9664.0,2024-09-20,12,22094.75,102.0,3,5,5,355,Loyal Customers
9665.0,2024-08-11,8,65831.2,142.0,3,3,5,335,Loyal Customers
9666.0,2024-12-01,8,12369.06,30.0,3,3,3,333,Potential Loyalists
9667.0,2024-07-06,6,3452.52,178.0,3,2,1,321,Hibernating
9668.0,2024-09-18,5,10787.99,104.0,3,1,3,313,Hibernating
9669.0,2024-11-29,4,3691.77,32.0,3,1,1,311,Hibernating
9670.0,2024-07-30,9,10669.68,154.0,3,4,3,343,Potential Loyalists
9671.0,2024-10-05,5,7740.03,87.0,3,1,2,312,Hibernating
9672.0,2024-06-10,5,5238.049999999999,204.0,3,1,1,311,Hibernating
9673.0,2024-04-21,10,12353.69,254.0,3,5,3,353,Potential Loyalists
9674.0,2024-09-02,11,15473.220000000001,120.0,3,5,4,354,Loyal Customers
9675.0,2024-09-19,5,46968.270000000004,103.0,3,1,5,315,Promising
9676.0,2024-04-05,2,5257.53,270.0,3,1,1,311,Hibernating
9677.0,2024-09-09,11,22229.73,113.0,3,5,5,355,Loyal Customers
9678.0,2024-09-11,11,22428.24,111.0,3,5,5,355,Loyal Customers
9679.0,2024-10-23,10,17968.39,69.0,3,5,4,354,Loyal Customers
9680.0,2024-08-17,5,8082.66,136.0,3,1,2,312,Hibernating
9681.0,2024-05-02,6,8061.53,243.0,3,2,2,322,Hibernating
9682.0,2024-11-15,4,4249.26,46.0,3,1,1,311,Hibernating
9683.0,2024-12-05,7,450609.76,26.0,3,3,5,335,Loyal Customers
9684.0,2024-09-23,6,9360.11,99.0,3,2,2,322,Hibernating
9685.0,2024-09-13,7,9196.08,109.0,3,3,2,332,Potential Loyalists
9686.0,2024-06-27,13,18176.46,187.0,3,5,4,354,Loyal Customers
9687.0,2023-02-03,6,10374.12,697.0,3,2,3,323,Hibernating
9688.0,2024-11-30,13,24256.89,31.0,3,5,5,355,Loyal Customers
9689.0,2024-03-04,7,7370.73,302.0,3,3,2,332,Potential Loyalists
9690.0,2024-11-20,6,9918.5,41.0,3,2,2,322,Hibernating
9691.0,2024-09-02,10,21586.63,120.0,3,5,4,354,Loyal Customers
9692.0,2024-09-13,5,9304.36,109.0,3,1,2,312,Hibernating
9693.0,2024-05-21,6,7322.74,224.0,3,2,2,322,Hibernating
9694.0,2024-11-16,7,5407.49,45.0,3,3,1,331,Potential Loyalists
9695.0,2024-06-23,5,7279.39,191.0,3,1,2,312,Hibernating
9696.0,2024-06-12,5,4117.62,202.0,3,1,1,311,Hibernating
9697.0,2024-12-08,8,15616.69,23.0,3,3,4,334,Loyal Customers
9698.0,2024-11-28,8,19874.48,33.0,3,3,4,334,Loyal Customers
9699.0,2024-12-09,13,10813.72,22.0,3,5,3,353,Potential Loyalists
9700.0,2024-12-21,11,53961.91,10.0,3,5,5,355,Loyal Customers
9701.0,2024-08-13,9,18486.379999999997,140.0,3,4,4,344,Loyal Customers
9702.0,2024-12-21,7,11411.869999999999,10.0,3,3,3,333,Potential Loyalists
9703.0,2024-03-09,10,23057.64,297.0,3,5,5,355,Loyal Customers
9704.0,2024-12-22,10,8376.550000000001,9.0,3,5,2,352,Potential Loyalists
9705.0,2024-12-23,5,5362.889999999999,8.0,3,1,1,311,Hibernating
9706.0,2024-07-16,6,997618.72,168.0,3,2,5,325,Promising
9707.0,2024-12-02,7,5771.01,29.0,3,3,1,331,Potential Loyalists
9708.0,2024-03-19,7,15919.289999999999,287.0,3,3,4,334,Loyal Customers
9709.0,2024-12-15,9,12100.35,16.0,3,4,3,343,Potential Loyalists
9710.0,2024-10-31,8,9877.96,61.0,3,3,2,332,Potential Loyalists
9711.0,2023-02-01,1,360.68,699.0,3,1,1,311,Hibernating
9712.0,2024-11-30,11,11829.97,31.0,3,5,3,353,Potential Loyalists
9713.0,2024-12-16,4,1926.14,15.0,3,1,1,311,Hibernating
9714.0,2023-01-30,3,4135.87,701.0,3,1,1,311,Hibernating
9715.0,2024-09-15,12,18551.78,107.0,3,5,4,354,Loyal Customers
9716.0,2023-09-06,10,24544.28,482.0,3,5,5,355,Loyal Customers
9717.0,2023-08-15,2,1319.51,504.0,3,1,1,311,Hibernating
9718.0,2024-11-18,8,10240.51,43.0,3,3,3,333,Potential Loyalists
9719.0,2024-11-25,17,30329.17,36.0,3,5,5,355,Loyal Customers
9720.0,2024-03-13,5,40150.649999999994,293.0,3,1,5,315,Promising
9721.0,2024-02-04,5,740966.9299999999,331.0,3,1,5,315,Promising
9722.0,2024-10-03,10,121514.11,89.0,3,5,5,355,Loyal Customers
9723.0,2023-09-24,8,8994.53,464.0,3,3,2,332,Potential Loyalists
9724.0,2024-08-29,6,7069.63,124.0,3,2,2,322,Hibernating
9725.0,2024-09-30,9,12545.04,92.0,3,4,3,343,Potential Loyalists
9726.0,2024-08-04,12,10830.77,149.0,3,5,3,353,Potential Loyalists
9727.0,2024-07-30,10,21086.92,154.0,3,5,4,354,Loyal Customers
9728.0,2024-10-06,6,12485.25,86.0,3,2,3,323,Hibernating
9729.0,2024-11-20,13,27609.12,41.0,3,5,5,355,Loyal Customers
9730.0,2024-09-08,4,5337.2300000000005,114.0,3,1,1,311,Hibernating
9731.0,2024-04-28,8,18483.32,247.0,3,3,4,334,Loyal Customers
9732.0,2024-07-03,8,27115.04,181.0,3,3,5,335,Loyal Customers
9733.0,2024-12-15,9,844167.76,16.0,3,4,5,345,Loyal Customers
9734.0,2024-12-14,7,9594.7,17.0,3,3,2,332,Potential Loyalists
9735.0,2024-01-28,6,9490.27,338.0,3,2,2,322,Hibernating
9736.0,2024-06-29,7,10276.33,185.0,3,3,3,333,Potential Loyalists
9737.0,2024-12-14,11,20463.3,17.0,3,5,4,354,Loyal Customers
9738.0,2024-09-30,11,22305.2,92.0,3,5,5,355,Loyal Customers
9739.0,2024-12-13,7,9061.07,18.0,3,3,2,332,Potential Loyalists
9740.0,2024-11-27,9,21929.02,34.0,3,4,4,344,Loyal Customers
9741.0,2024-08-01,8,10476.94,152.0,3,3,3,333,Potential Loyalists
9742.0,2024-05-15,9,11505.57,230.0,3,4,3,343,Potential Loyalists
9743.0,2024-03-09,9,15044.09,297.0,3,4,4,344,Loyal Customers
9744.0,2024-03-03,8,5104.280000000001,303.0,3,3,1,331,Potential Loyalists
9745.0,2024-11-22,5,2555.8,39.0,3,1,1,311,Hibernating
9746.0,2024-11-10,5,10786.85,51.0,3,1,3,313,Hibernating
9747.0,2024-07-13,10,92265.72,171.0,3,5,5,355,Loyal Customers
9748.0,2024-08-07,9,23669.65,146.0,3,4,5,345,Loyal Customers
9749.0,2024-06-30,4,8249.45,184.0,3,1,2,312,Hibernating
9750.0,2024-11-02,8,9733.24,59.0,3,3,2,332,Potential Loyalists
9751.0,2024-09-30,12,11864.42,92.0,3,5,3,353,Potential Loyalists
9752.0,2024-12-26,13,22499.71,5.0,3,5,5,355,Loyal Customers
9753.0,2024-08-16,8,13650.529999999999,137.0,3,3,3,333,Potential Loyalists
9754.0,2024-10-26,8,15076.12,66.0,3,3,4,334,Loyal Customers
9755.0,2024-09-01,5,174548.95,121.0,3,1,5,315,Promising
9756.0,2024-11-27,9,14943.64,34.0,3,4,4,344,Loyal Customers
9757.0,2024-08-20,8,21080.52,133.0,3,3,4,334,Loyal Customers
9758.0,2024-03-18,7,18752.75,288.0,3,3,4,334,Loyal Customers
9759.0,2024-10-28,5,7884.48,64.0,3,1,2,312,Hibernating
9760.0,2024-12-14,8,18283.88,17.0,3,3,4,334,Loyal Customers
9761.0,2024-08-17,10,10945.18,136.0,3,5,3,353,Potential Loyalists
9762.0,2024-07-03,10,17206.84,181.0,3,5,4,354,Loyal Customers
9763.0,2024-05-08,6,6160.259999999999,237.0,3,2,1,321,Hibernating
9764.0,2024-05-10,12,177706.66999999998,235.0,3,5,5,355,Loyal Customers
9765.0,2024-11-30,9,14589.630000000001,31.0,3,4,4,344,Loyal Customers
9766.0,2024-10-02,8,14384.59,90.0,3,3,3,333,Potential Loyalists
9767.0,2024-08-15,6,17757.15,138.0,3,2,4,324,Promising
9768.0,2024-11-04,9,24806.85,57.0,3,4,5,345,Loyal Customers
9769.0,2024-12-07,5,15985.050000000001,24.0,3,1,4,314,Hibernating
9770.0,2024-06-06,9,17719.92,208.0,3,4,4,344,Loyal Customers
9771.0,2024-10-23,10,11779.86,69.0,3,5,3,353,Potential Loyalists
9772.0,2024-09-09,9,21490.09,113.0,3,4,4,344,Loyal Customers
9773.0,2023-10-17,6,5480.01,441.0,3,2,1,321,Hibernating
9774.0,2022-09-26,3,3250.0499999999997,827.0,3,1,1,311,Hibernating
9775.0,2024-06-18,6,13062.140000000001,196.0,3,2,3,323,Hibernating
9776.0,2024-02-29,4,13953.289999999999,306.0,3,1,3,313,Hibernating
9777.0,2024-10-23,7,6523.19,69.0,3,3,1,331,Potential Loyalists
9778.0,2024-09-20,9,20002.06,102.0,3,4,4,344,Loyal Customers
9779.0,2024-07-11,8,11511.19,173.0,3,3,3,333,Potential Loyalists
9780.0,2023-09-11,8,12390.5,477.0,3,3,3,333,Potential Loyalists
9781.0,2024-05-07,3,6602.86,238.0,3,1,2,312,Hibernating
9782.0,2024-12-12,12,18365.09,19.0,3,5,4,354,Loyal Customers
9783.0,2024-12-19,13,26110.809999999998,12.0,3,5,5,355,Loyal Customers
9784.0,2024-10-29,19,25061.45,63.0,3,5,5,355,Loyal Customers
9785.0,2024-09-23,7,7890.1900000000005,99.0,3,3,2,332,Potential Loyalists
9786.0,2024-11-02,13,13494.55,59.0,3,5,3,353,Potential Loyalists
9787.0,2024-10-09,9,10459.949999999999,83.0,3,4,3,343,Potential Loyalists
9788.0,2024-08-05,8,17984.97,148.0,3,3,4,334,Loyal Customers
9789.0,2024-06-22,9,23895.079999999998,192.0,3,4,5,345,Loyal Customers
9790.0,2024-07-05,9,17015.190000000002,179.0,3,4,4,344,Loyal Customers
9791.0,2024-11-16,8,9468.07,45.0,3,3,2,332,Potential Loyalists
9792.0,2024-07-16,6,10604.61,168.0,3,2,3,323,Hibernating
9793.0,2024-05-17,6,9231.869999999999,228.0,3,2,2,322,Hibernating
9794.0,2024-12-12,5,7791.96,19.0,3,1,2,312,Hibernating
9795.0,2024-12-26,13,32521.83,5.0,3,5,5,355,Loyal Customers
9796.0,2024-06-13,5,8760.41,201.0,3,1,2,312,Hibernating
9797.0,2024-11-02,6,7307.72,59.0,3,2,2,322,Hibernating
9798.0,2024-07-22,7,14956.24,162.0,3,3,4,334,Loyal Customers
9799.0,2024-05-12,10,14996.65,233.0,3,5,4,354,Loyal Customers
9800.0,2024-09-24,9,21088.88,98.0,3,4,4,344,Loyal Customers
9801.0,2024-09-22,7,14724.009999999998,100.0,3,3,4,334,Loyal Customers
9802.0,2023-10-07,5,19160.11,451.0,3,1,4,314,Hibernating
9803.0,2024-12-23,7,11658.18,8.0,3,3,3,333,Potential Loyalists
9804.0,2024-05-10,7,19074.11,235.0,3,3,4,334,Loyal Customers
9805.0,2024-11-15,8,9972.48,46.0,3,3,2,332,Potential Loyalists
9806.0,2024-02-12,4,7850.45,323.0,3,1,2,312,Hibernating
9807.0,2024-12-07,6,39655.56,24.0,3,2,5,325,Promising
9808.0,2023-10-11,6,8294.63,447.0,3,2,2,322,Hibernating
9809.0,2024-11-02,7,14372.0,59.0,3,3,3,333,Potential Loyalists
9810.0,2024-12-25,11,16274.08,6.0,3,5,4,354,Loyal Customers
9811.0,2024-10-23,5,12060.65,69.0,3,1,3,313,Hibernating
9812.0,2024-11-27,7,8915.23,34.0,3,3,2,332,Potential Loyalists
9813.0,2024-07-03,14,16235.31,181.0,3,5,4,354,Loyal Customers
9814.0,2024-08-07,2,2722.0899999999997,146.0,3,1,1,311,Hibernating
9815.0,2024-08-05,6,17175.54,148.0,3,2,4,324,Promising
9816.0,2024-11-16,14,31785.71,45.0,3,5,5,355,Loyal Customers
9817.0,2024-07-29,10,14631.23,155.0,3,5,4,354,Loyal Customers
9818.0,2024-07-24,8,13825.869999999999,160.0,3,3,3,333,Potential Loyalists
9819.0,2024-07-09,9,8145.16,175.0,3,4,2,342,Potential Loyalists
9820.0,2024-02-18,7,4085.94,317.0,3,3,1,331,Potential Loyalists
9821.0,2024-11-13,7,16246.87,48.0,3,3,4,334,Loyal Customers
9822.0,2023-07-05,6,13437.83,545.0,3,2,3,323,Hibernating
9823.0,2024-09-03,6,47173.23,119.0,3,2,5,325,Promising
9824.0,2024-05-28,7,5616.47,217.0,3,3,1,331,Potential Loyalists
9825.0,2023-10-22,10,22889.03,436.0,3,5,5,355,Loyal Customers
9826.0,2024-12-22,6,19306.42,9.0,3,2,4,324,Promising
9827.0,2024-08-23,5,4944.17,130.0,3,1,1,311,Hibernating
9828.0,2024-12-03,6,2423.85,28.0,3,2,1,321,Hibernating
9829.0,2024-12-24,7,15238.130000000001,7.0,3,3,4,334,Loyal Customers
9830.0,2024-12-04,15,20293.760000000002,27.0,3,5,4,354,Loyal Customers
9831.0,2024-11-15,13,61631.23,46.0,3,5,5,355,Loyal Customers
9832.0,2023-07-10,5,15373.869999999999,540.0,3,1,4,314,Hibernating
9833.0,2024-09-18,9,58365.28,104.0,3,4,5,345,Loyal Customers
9834.0,2024-06-23,2,3495.24,191.0,3,1,1,311,Hibernating
9835.0,2024-03-10,2,791.78,296.0,3,1,1,311,Hibernating
9836.0,2024-10-25,6,19721.5,67.0,3,2,4,324,Promising
9837.0,2024-10-14,9,12868.1,78.0,3,4,3,343,Potential Loyalists
9838.0,2024-11-15,9,13403.23,46.0,3,4,3,343,Potential Loyalists
9839.0,2024-09-28,4,2090.13,94.0,3,1,1,311,Hibernating
9840.0,2024-12-03,11,19368.82,28.0,3,5,4,354,Loyal Customers
9841.0,2024-02-02,5,804552.6599999999,333.0,3,1,5,315,Promising
9842.0,2024-05-11,6,4719.19,234.0,3,2,1,321,Hibernating
9843.0,2024-11-02,4,17542.85,59.0,3,1,4,314,Hibernating
9844.0,2024-11-02,11,372266.86,59.0,3,5,5,355,Loyal Customers
9845.0,2024-05-02,5,10259.66,243.0,3,1,3,313,Hibernating
9846.0,2024-11-28,7,5541.31,33.0,3,3,1,331,Potential Loyalists
9847.0,2024-09-20,7,24968.27,102.0,3,3,5,335,Loyal Customers
9848.0,2024-03-25,10,17417.65,281.0,3,5,4,354,Loyal Customers
9849.0,2024-12-20,11,29076.64,11.0,3,5,5,355,Loyal Customers
9850.0,2024-08-08,5,9760.92,145.0,3,1,2,312,Hibernating
9851.0,2024-10-07,7,21295.15,85.0,3,3,4,334,Loyal Customers
9852.0,2023-09-13,5,676641.26,475.0,3,1,5,315,Promising
9853.0,2023-12-30,4,6254.9,367.0,3,1,1,311,Hibernating
9854.0,2024-12-08,3,116.41000000000001,23.0,3,1,1,311,Hibernating
9855.0,2024-10-20,7,9687.5,72.0,3,3,2,332,Potential Loyalists
9856.0,2023-10-22,6,8433.720000000001,436.0,3,2,2,322,Hibernating
9857.0,2024-08-31,7,15077.710000000001,122.0,3,3,4,334,Loyal Customers
9858.0,2024-11-27,8,11205.34,34.0,3,3,3,333,Potential Loyalists
9859.0,2023-06-25,2,5217.889999999999,555.0,3,1,1,311,Hibernating
9860.0,2024-09-15,5,180104.79,107.0,3,1,5,315,Promising
9861.0,2024-10-20,9,16063.65,72.0,3,4,4,344,Loyal Customers
9862.0,2024-12-05,7,6605.349999999999,26.0,3,3,2,332,Potential Loyalists
9863.0,2024-08-18,6,9389.33,135.0,3,2,2,322,Hibernating
9864.0,2024-09-30,6,10035.85,92.0,3,2,2,322,Hibernating
9865.0,2024-12-30,5,8351.710000000001,1.0,3,1,2,312,Hibernating
9866.0,2024-04-14,6,10054.42,261.0,3,2,2,322,Hibernating
9867.0,2024-06-06,5,7403.18,208.0,3,1,2,312,Hibernating
9868.0,2024-12-05,11,27083.74,26.0,3,5,5,355,Loyal Customers
9869.0,2023-11-04,4,6603.25,423.0,3,1,2,312,Hibernating
9870.0,2023-07-05,3,4519.86,545.0,3,1,1,311,Hibernating
9871.0,2024-12-28,8,10421.03,3.0,3,3,3,333,Potential Loyalists
9872.0,2024-05-28,7,10404.960000000001,217.0,3,3,3,333,Potential Loyalists
9873.0,2024-11-24,10,14902.53,37.0,3,5,4,354,Loyal Customers
9874.0,2024-11-05,6,7539.5599999999995,56.0,3,2,2,322,Hibernating
9875.0,2024-07-01,6,9470.61,183.0,3,2,2,322,Hibernating
9876.0,2024-12-28,8,6887.62,3.0,3,3,2,332,Potential Loyalists
9877.0,2024-12-16,7,15299.050000000001,15.0,3,3,4,334,Loyal Customers
9878.0,2024-08-24,5,4366.22,129.0,3,1,1,311,Hibernating
9879.0,2023-03-16,4,9603.9,656.0,3,1,2,312,Hibernating
9880.0,2024-05-23,5,11560.78,222.0,3,1,3,313,Hibernating
9881.0,2024-08-08,6,16597.23,145.0,3,2,4,324,Promising
9882.0,2023-07-24,4,6247.8,526.0,3,1,1,311,Hibernating
9883.0,2024-11-22,8,21564.48,39.0,3,3,4,334,Loyal Customers
9884.0,2024-12-23,8,7508.759999999999,8.0,3,3,2,332,Potential Loyalists
9885.0,2024-07-11,10,12832.97,173.0,3,5,3,353,Potential Loyalists
9886.0,2024-10-24,7,37276.6,68.0,3,3,5,335,Loyal Customers
9887.0,2024-10-05,9,17063.46,87.0,3,4,4,344,Loyal Customers
9888.0,2024-04-28,7,6863.65,247.0,3,3,2,332,Potential Loyalists
9889.0,2024-08-24,6,8475.98,129.0,3,2,2,322,Hibernating
9890.0,2024-12-13,9,12603.91,18.0,3,4,3,343,Potential Loyalists
9891.0,2024-11-07,8,18786.82,54.0,3,3,4,334,Loyal Customers
9892.0,2024-11-13,10,17456.51,48.0,3,5,4,354,Loyal Customers
9893.0,2024-06-27,6,8918.99,187.0,3,2,2,322,Hibernating
9894.0,2024-12-15,13,26082.3,16.0,3,5,5,355,Loyal Customers
9895.0,2024-04-28,6,11739.31,247.0,3,2,3,323,Hibernating
9896.0,2024-07-11,8,13587.27,173.0,3,3,3,333,Potential Loyalists
9897.0,2024-12-28,8,8530.33,3.0,3,3,2,332,Potential Loyalists
9898.0,2024-01-10,5,8849.82,356.0,3,1,2,312,Hibernating
9899.0,2024-11-24,9,22509.31,37.0,3,4,5,345,Loyal Customers
9900.0,2024-09-21,9,9868.9,101.0,3,4,2,342,Potential Loyalists
9901.0,2024-11-22,8,18415.100000000002,39.0,3,3,4,334,Loyal Customers
9902.0,2024-12-31,4,3858.96,0.0,3,1,1,311,Hibernating
9903.0,2024-11-25,5,400099.54,36.0,3,1,5,315,Promising
9904.0,2023-04-06,3,5904.88,635.0,3,1,1,311,Hibernating
9905.0,2024-12-17,5,12219.77,14.0,3,1,3,313,Hibernating
9906.0,2024-07-25,7,18475.09,159.0,3,3,4,334,Loyal Customers
9907.0,2024-10-09,7,15243.41,83.0,3,3,4,334,Loyal Customers
9908.0,2024-08-08,8,10454.41,145.0,3,3,3,333,Potential Loyalists
9909.0,2024-07-04,10,29471.890000000003,180.0,3,5,5,355,Loyal Customers
9910.0,2024-10-14,7,6795.63,78.0,3,3,2,332,Potential Loyalists
9911.0,2024-10-30,7,56517.899999999994,62.0,3,3,5,335,Loyal Customers
9912.0,2024-04-03,5,6433.04,272.0,3,1,1,311,Hibernating
9913.0,2024-10-29,10,12311.18,63.0,3,5,3,353,Potential Loyalists
9914.0,2024-07-05,8,5105.2699999999995,179.0,3,3,1,331,Potential Loyalists
9915.0,2024-12-08,11,21397.62,23.0,3,5,4,354,Loyal Customers
9916.0,2024-04-19,9,5912.61,256.0,3,4,1,341,Potential Loyalists
9917.0,2024-12-01,14,16423.32,30.0,3,5,4,354,Loyal Customers
9918.0,2023-11-11,8,9365.36,416.0,3,3,2,332,Potential Loyalists
9919.0,2024-06-26,10,15321.36,188.0,3,5,4,354,Loyal Customers
9920.0,2023-01-06,2,12154.59,725.0,3,1,3,313,Hibernating
9921.0,2024-04-18,7,9695.18,257.0,3,3,2,332,Potential Loyalists
9922.0,2024-12-28,11,12951.19,3.0,3,5,3,353,Potential Loyalists
9923.0,2024-03-05,8,7220.28,301.0,3,3,2,332,Potential Loyalists
9924.0,2024-09-06,9,15831.0,116.0,3,4,4,344,Loyal Customers
9925.0,2024-06-07,10,20689.93,207.0,3,5,4,354,Loyal Customers
9926.0,2024-07-08,7,7779.55,176.0,3,3,2,332,Potential Loyalists
9927.0,2024-05-03,3,784.78,242.0,3,1,1,311,Hibernating
9928.0,2024-11-19,12,9834.93,42.0,3,5,2,352,Potential Loyalists
9929.0,2024-11-07,4,3116.83,54.0,3,1,1,311,Hibernating
9930.0,2024-11-20,9,14753.76,41.0,3,4,4,344,Loyal Customers
9931.0,2024-12-14,14,34175.229999999996,17.0,3,5,5,355,Loyal Customers
9932.0,2024-10-05,12,11718.54,87.0,3,5,3,353,Potential Loyalists
9933.0,2024-02-12,5,7195.21,323.0,3,1,2,312,Hibernating
9934.0,2024-05-06,14,405698.3,239.0,3,5,5,355,Loyal Customers
9935.0,2024-05-31,3,3613.5,214.0,3,1,1,311,Hibernating
9936.0,2023-09-25,7,26864.72,463.0,3,3,5,335,Loyal Customers
9937.0,2024-12-27,4,1623.64,4.0,3,1,1,311,Hibernating
9938.0,2024-07-07,4,10310.99,177.0,3,1,3,313,Hibernating
9939.0,2024-05-03,7,10082.88,242.0,3,3,2,332,Potential Loyalists
9940.0,2023-11-28,4,4812.349999999999,399.0,3,1,1,311,Hibernating
9941.0,2024-02-08,9,15312.88,327.0,3,4,4,344,Loyal Customers
9942.0,2024-12-04,8,513044.65,27.0,3,3,5,335,Loyal Customers
9943.0,2024-10-06,6,10357.98,86.0,3,2,3,323,Hibernating
9944.0,2024-12-17,8,15384.88,14.0,3,3,4,334,Loyal Customers
9945.0,2024-02-17,7,5274.08,318.0,3,3,1,331,Potential Loyalists
9946.0,2022-09-20,1,2651.1000000000004,833.0,3,1,1,311,Hibernating
9947.0,2024-12-31,9,15569.51,0.0,3,4,4,344,Loyal Customers
9948.0,2024-07-04,9,14986.84,180.0,3,4,4,344,Loyal Customers
9949.0,2024-12-26,11,160452.22,5.0,3,5,5,355,Loyal Customers
9950.0,2024-12-17,6,6686.13,14.0,3,2,2,322,Hibernating
9951.0,2024-02-23,3,9963.64,312.0,3,1,2,312,Hibernating
9952.0,2024-11-20,6,26679.0,41.0,3,2,5,325,Promising
9953.0,2024-12-14,9,11216.88,17.0,3,4,3,343,Potential Loyalists
9954.0,2024-12-25,9,16312.560000000001,6.0,3,4,4,344,Loyal Customers
9955.0,2024-07-13,5,201780.78,171.0,3,1,5,315,Promising
9956.0,2024-09-12,5,12887.099999999999,110.0,3,1,3,313,Hibernating
9957.0,2024-10-03,5,18686.56,89.0,3,1,4,314,Hibernating
9958.0,2024-11-05,8,13408.88,56.0,3,3,3,333,Potential Loyalists
9959.0,2024-07-23,11,25708.45,161.0,3,5,5,355,Loyal Customers
9960.0,2024-11-18,6,4543.74,43.0,3,2,1,321,Hibernating
9961.0,2024-10-01,6,10307.02,91.0,3,2,3,323,Hibernating
9962.0,2024-10-22,3,5304.47,70.0,3,1,1,311,Hibernating
9963.0,2024-10-12,10,17314.43,80.0,3,5,4,354,Loyal Customers
9964.0,2024-11-02,9,15273.76,59.0,3,4,4,344,Loyal Customers
9965.0,2024-07-03,11,1292293.71,181.0,3,5,5,355,Loyal Customers
9966.0,2024-12-22,8,7491.79,9.0,3,3,2,332,Potential Loyalists
9967.0,2024-07-31,6,17869.04,153.0,3,2,4,324,Promising
9968.0,2023-12-17,4,6058.94,380.0,3,1,1,311,Hibernating
9969.0,2024-02-18,6,13979.07,317.0,3,2,3,323,Hibernating
9970.0,2024-08-27,5,2418.81,126.0,3,1,1,311,Hibernating
9971.0,2024-11-30,9,14561.56,31.0,3,4,4,344,Loyal Customers
9972.0,2023-10-22,7,5709.85,436.0,3,3,1,331,Potential Loyalists
9973.0,2024-10-18,6,4125.02,74.0,3,2,1,321,Hibernating
9974.0,2024-09-21,8,679591.1900000001,101.0,3,3,5,335,Loyal Customers
9975.0,2024-04-16,4,1595.77,259.0,3,1,1,311,Hibernating
9976.0,2024-08-08,9,20043.06,145.0,3,4,4,344,Loyal Customers
9977.0,2024-10-01,5,6688.09,91.0,3,1,2,312,Hibernating
9978.0,2024-11-25,5,4632.16,36.0,3,1,1,311,Hibernating
9979.0,2024-12-11,7,11904.26,20.0,3,3,3,333,Potential Loyalists
9980.0,2024-12-05,10,14273.75,26.0,3,5,3,353,Potential Loyalists
9981.0,2024-09-01,8,15702.48,121.0,3,3,4,334,Loyal Customers
9982.0,2024-09-09,5,4497.48,113.0,3,1,1,311,Hibernating
9983.0,2023-12-03,6,4224.21,394.0,3,2,1,321,Hibernating
9984.0,2024-10-26,8,17793.51,66.0,3,3,4,334,Loyal Customers
9985.0,2024-07-23,12,17963.03,161.0,3,5,4,354,Loyal Customers
9986.0,2024-11-08,9,14902.060000000001,53.0,3,4,4,344,Loyal Customers
9987.0,2024-01-02,6,18422.08,364.0,3,2,4,324,Promising
9988.0,2024-10-15,11,21936.16,77.0,3,5,4,354,Loyal Customers
9989.0,2024-09-15,5,10285.22,107.0,3,1,3,313,Hibernating
9990.0,2023-11-20,6,20575.010000000002,407.0,3,2,4,324,Promising
9991.0,2024-11-15,6,6959.61,46.0,3,2,2,322,Hibernating
9992.0,2024-12-28,11,23266.68,3.0,3,5,5,355,Loyal Customers
9993.0,2024-05-31,9,672927.41,214.0,3,4,5,345,Loyal Customers
9994.0,2024-12-10,5,12796.83,21.0,3,1,3,313,Hibernating
9995.0,2024-09-16,6,12022.5,106.0,3,2,3,323,Hibernating
9996.0,2024-12-20,8,20043.33,11.0,3,3,4,334,Loyal Customers
9997.0,2024-08-30,12,16164.81,123.0,3,5,4,354,Loyal Customers
9998.0,2024-02-17,8,8458.13,318.0,3,3,2,332,Potential Loyalists
9999.0,2024-09-23,5,15348.46,99.0,3,1,4,314,Hibernating
10000.0,2024-05-14,10,6770.360000000001,231.0,3,5,2,352,Potential Loyalists
